gene_name,read_count
IL9R:NM_002186,0
VAMP7:NM_001145149,0
CDY1:NM_004680,0
BPY2C:NM_001002761,0
DAZ4:NM_020420,0
DAZ3:NM_020364,0
BPY2B:NM_001002760,0
CDY1B:NM_001003895,0
DAZ2:NM_001005786,0
DAZ1:NM_001388496,0
BPY2:NM_004678,0
PRY:NM_004676,0
RBMY1J:NM_001006117,0
RBMY1F:NM_001382382,0
PRY2:NM_001002758,0
RBMY1E:NM_001006118,0
RBMY1D:NM_001320950,0
RBMY1A1:NM_001320945,0
RBMY1B:NM_001320948,0
RPS4Y2:NM_001039567,0
EIF1AY:NM_001278612,0
KDM5D:NM_001146705,0
HSFY2:NM_001001877,0
HSFY1:NM_152584,0
CDY2A:NM_004825,0
CDY2B:NM_001001722,0
NLGN4Y:NM_001206850,0
VCY1B:NM_181880,0
VCY:NM_004679,0
TMSB4Y:NM_004202,0
UTY:NM_001400170,0
DDX3Y:NM_001122665,0
USP9Y:NM_004654,0
TTTY15:NR_174086,0
TSPY10:NM_001282469.3_2,0
TSPY9:NM_001396063.1_2,0
TSPY1:NM_001320964.2_2,0
TSPY3:NM_001077697.2_2,0
TSPY8:NM_001243721.2_2,0
TSPY4:NM_001164471.2_2,0
NMTRQ-TTG8-1:NMTRQ-TTG8-1,0
TBL1Y:NM_134258,0
AMELY:NM_001143,0
TSPY2:NM_022573.4_2,0
PCDH11Y:NM_001395587,0
TGIF2LY:NM_139214,0
ZFY:NM_001369708,0
RPS4Y1:NM_001008,0
SRY:NM_003140,0
CD99:NM_001321369,0
ZBED1:NM_001171136,0
DHRSX:NM_145177,0
ASMT:NM_004043,0
AKAP17A:NM_005088,0
P2RY8:NM_178129,0
ASMTL:NM_001173473,0
SLC25A6:NM_001636,0
IL3RA:NM_001267713,0
CSF2RA:NM_001379162,0
CRLF2:NM_022148,0
SHOX:NM_006883,0
PPP2R3B:NM_013239,0
GTPBP6:NM_012227,0
PLCXD1:NM_001370371,0
SPRY3:NM_001304990,25
TMLHE:NM_018196,25
H2AB3:NM_080720,0
F8A3:NM_001007524,0
F8A2:NM_001007523,0
H2AB2:NM_001017991,0
CLIC2:NM_001289,25
RAB39B:NM_171998,0
VBP1:NM_001303544,0
BRCC3:NM_001018055,44
MTCP1:NM_001018025,44
CMC4:NM_001018024,44
FUNDC2:NM_023934,31
F8A1:NM_012151,0
H2AB1:NM_001017990,0
F8:NM_000132,3
SMIM9:NM_001162936,2
MPP1:NM_001166462,39
DKC1:NM_001142463,46
GAB3:NR_104114,23
CTAG2:NM_020994,0
CTAG1B:NM_001327,0
CTAG1A:NM_139250,0
IKBKG:NM_001377313,5
G6PD:NM_001042351,51
FAM3A:NM_001282311,23
SLC10A3:NM_019848,29
UBL4A:NM_014235,32
LAGE3:NM_006014,16
PLXNA3:NM_017514,19
FAM50A:NM_004699,20
GDI1:NM_001493,7
ATP6AP1:NM_001183,22
TAFAZZIN:NM_181313,20
DNASE1L1:NM_001009932,18
RPL10:NM_001256580,62
EMD:NM_000117,38
FLNA:NM_001110556,2
TKTL1:NM_001145933,0
TEX28:NM_001205201,0
OPN1MW3:NM_001330067,0
OPN1MW2:NM_001048181,0
OPN1MW:NM_000513,0
OPN1LW:NM_020061,0
MECP2:NM_001316337,30
IRAK1:NM_001569,36
TMEM187:NM_003492,74
HCFC1:NM_005334,87
RENBP:NM_002910,7
NAA10:NM_003491,19
ARHGAP4:NM_001164741,22
AVPR2:NR_027419,1
L1CAM:NM_001278116,3
PDZD4:NM_001303513,1
SSR4:NM_001204527,49
IDH3G:NM_174869,49
SRPK3:NM_001170761,0
PLXNB3:NM_005393,24
ABCD1:NM_000033,41
BCAP31:NM_005745,40
SLC6A8:NM_001142805,20
PNCK:NM_001366975,19
DUSP9:NM_001395,3
CCNQ:NM_152274,20
ATP2B3:NM_001388361,1
BGN:NM_001711,0
HAUS7:NM_001385483,0
TREX2:NM_080701,1
ZFP92:NM_001386943,7
PNMA6E:NM_001367770,2
ZNF275:NM_001080485,17
PNMA6F:NM_001354980,0
PWWP4:NM_001395996,0
MAGEA1:NM_004988,5
PNMA6A:NM_032882,0
PNMA3:NM_001282535,2
PNMA5:NM_001184924.2_2,0
ZNF185:NM_001388432.2_2,0
NSDHL:NM_015922.3_2,26
CETN2:NM_004344.3_2,25
MAGEA6:NM_175868.4_2,0
MAGEA2:NM_005361.3_2,0
MAGEA12:NM_005367.7_2,50
CSAG1:NM_153478.3_2,50
MAGEA2B:NM_001321404.1_2,0
CSAG2:NM_001395334.1_2,0
MAGEA3:NM_005362.4_2,2
GABRQ:NM_018558.4_2,4
GABRA3:NM_000808,0
MAGEA10:NM_001011543,1
GABRE:NM_004961,68
MAGEA4:NM_001386196,2
CNGA2:NM_005140,1
FATE1:NM_033085,3
PRRG3:NM_001372165,0
PASD1:NM_173493,10
VMA21:NM_001363810,43
GPR50:NM_004224,1
HMGB3:NM_001301231,0
CD99L2:NM_001242614,22
MTMR1:NM_001353993,16
MTM1:NM_001376907,16
MAMLD1:NM_001400514,2
HSFX4:NM_001351114,0
EOLA2:NM_001013845,45
MAGEA8:NM_005364,8
MAGEA9:NM_005365,0
HSFX1:NM_016153,0
MAGEA11:NM_001011544,1
TMEM185A:NM_032508,15
HSFX2:NM_001164415,0
MAGEA9B:NM_001080790,0
HSFX3:NM_001323079,0
EOLA1:NM_001324279,29
IDS:NM_000202,6
AFF2:NM_001169125,1
FMR1NB:NM_152578,2
FMR1:NM_001185081,25
CXorf51A:NM_001144064,0
CXorf51B:NM_001244892,0
SLITRK2:NM_001144003,2
SPANXN1:NM_001009614,2
SPANXN2:NM_001009615.3_2,0
SLITRK4:NM_001184749,0
SPANXN3:NM_001009609,0
SPANXN4:NM_001009613,1
MAGEC2:NM_016249,12
MAGEC1:NM_005462,4
MAGEC3:NM_138702,1
SPANXD:NM_032417,0
SPANXA2:NM_145662,0
SPANXA1:NM_013453,0
SPANXC:NM_022661,0
LDOC1:NM_012317,3
SPANXB1:NM_032461,1
SOX3:NM_005634,0
CXorf66:NM_001013403,0
ATP11C:NM_001353811,28
MCF2:NM_001171876,0
F9:NM_001313913,0
FGF13:NM_001139501,20
ZIC3:NM_001330661,1
GPR101:NM_054021,4
RBMX:NM_001164803,55
ARHGEF6:NM_004840,3
CD40LG:NM_000074,0
VGLL1:NM_016267,0
HTATSF1:NM_001163280,35
BRS3:NM_001727,1
ADGRG4:NM_153834,3
MAP7D3:NM_001173516,0
FHL1:NR_027621,3
SLC9A6:NM_001400909,26
MMGT1:NM_173470,27
SAGE1:NM_001381902,31
CT45A10:NM_001291530,31
CT45A9:NM_001291540,0
CT45A8:NM_001291535,0
CT45A7:NM_001394668,0
CT45A2:NM_152582,0
CT45A6:NM_001017438,0
CT45A5:NM_001007551,0
CT45A3:NM_001370148,0
CT45A1:NM_001017417,1
INTS6L:NM_001351606,37
SMIM10L2A:NM_203306,6
ZNF449:NM_152695,48
ETDC:NM_001358449,1
ETDA:NM_001355522,0
ZNF75D:NR_110381,49
CT55:NM_017863,18
ETDB:NM_001355519,0
SMIM10L2B:NM_001348255,6
RTL8A:NM_001078172,14
RTL8C:NM_001078171,12
RTL8B:NM_001078173,2
SMIM10:NM_001163438,16
MOSPD1:NM_019556,13
PABIR3:NM_001388449,22
PABIR2:NM_001387469,21
PLAC1:NM_001316887,0
HPRT1:NM_000194,28
PHF6:NM_001015877,39
CCDC160:NM_001353453,3
GPC3:NM_001164617,1
GPC4:NM_001448,0
TFDP3:NM_016521,1
USP26:NM_031907,0
HS6ST2:NM_001077188,0
MBNL3:NM_001386892,0
RAP2C:NM_001271186,30
FRMD7:NM_194277,0
STK26:NM_001042453,61
OR13H1:NM_001004486,3
IGSF1:NM_001170961,2
ARHGAP36:NM_001282607,2
ENOX2:NM_001382516,13
RBMX2:NM_016024,30
GPR119:NM_178471,1
SLC25A14:NM_001282198,20
ZNF280C:NM_017666,27
AIFM1:NM_001130847,24
RAB33A:NM_004794,1
ELF4:NM_001421,40
BCORL1:NM_001184772,18
UTP14A:NM_001166221,23
ZDHHC9:NM_016032,34
SASH3:NM_018990,1
XPNPEP2:NM_003399,2
APLN:NM_017413,7
OCRL:NM_001587,16
SMARCA1:NM_003069,11
ACTRT1:NM_138289,2
PRR32:NM_001122716,2
DCAF12L1:NM_178470,1
DCAF12L2:NM_001013628,1
TEX13C:NM_001195272,0
TENM1:NM_001163278,3
SH2D1A:NM_001114937,2
TEX13D:NM_001355534,0
STAG2:NM_001042749,58
XIAP:NM_001378592,46
THOC2:NM_001081550,29
GRIA3:NM_007325,1
GLUD2:NM_012084.4_2,6
CT47A1:NM_001080146.3_2,0
CT47A2:NM_001080145.2_2,0
CT47A3:NM_001080144.2_2,0
CT47A4:NM_001080143.2_2,0
CT47A5:NM_001080142.2_2,0
CT47A6:NM_001080141,0
CT47A7:NM_001080140,0
CT47A8:NM_001080139,0
CT47A9:NM_001080138,0
CT47A10:NM_001080137,0
CT47A11:NM_173571.2_2,0
CT47A12:NM_001242922,0
CT47B1:NM_001145718.3_2,1
C1GALT1C1:NM_152692.5_2,21
MCTS1:NM_014060.3_2,37
CUL4B:NM_003588,0
LAMP2:NM_001122606,22
ATP1B4:NM_012069,3
TMEM255A:NM_017938,1
ZBTB33:NM_006777,28
RHOXF2:NM_032498,6
LINC01402:NR_126557,4
RHOXF1:NM_139282,0
RHOXF2B:NM_001099685,0
NKAP:NM_024528,25
AKAP14:NM_001008534,2
NDUFA1:NM_004541,57
RNF113A:NM_006978,57
UPF3B:NM_080632,36
RPL39:NM_001000,60
SOWAHD:NM_001105576,15
SEPTIN6:NM_145800.4_2,36
NKRF:NM_017544.5_2,28
UBE2A:NM_001282161.2_2,45
STEEP1:NM_001170569.1_2,17
SLC25A5:NM_001152,29
SLC25A43:NM_145305,7
PGRMC1:NM_001282621,34
KIAA1210:NM_020721,0
LONRF3:NM_024778,31
ZCCHC12:NM_001312891,3
IL13RA1:NM_001560,21
DOCK11:NM_144658,35
WDR44:NM_001184966,46
KLHL13:NM_001168301,10
CT83:NM_001017978,0
SLC6A14:NM_007231,0
AGTR2:NM_001385624,3
PLS3:NM_005032,1
LUZP4:NM_001318840,2
RBMXL3:NM_001145346,1
LRCH2:NM_020871,1
IL13RA2:NM_000640,0
HTR2C:NM_001256761,1
AMOT:NM_001386999,2
LHFPL1:NM_178175,2
RTL4:NM_001004308,0
TRPC5OS:NM_001195576,1
TRPC5:NM_012471,0
ALG13:NM_001257230,27
SERTM2:NM_001354473,2
DCX:NM_178151,0
CAPN6:NM_014289,0
PAK3:NM_001128167,0
CHRDL1:NM_001367204,2
TDGF1P3:NM_001397362,0
RTL9:NM_001385449,2
GNG5P2:NM_001396022,1
AMMECR1:NM_001171689,1
TMEM164:NM_001353849,30
ACSL4:NM_022977,51
KCNE5:NM_012282,1
NXT2:NM_018698,21
GUCY2F:NM_001522,0
IRS4:NM_001379150,0
COL4A5:NM_000495,7
COL4A6:NM_001847,7
ATG4A:NM_178270,27
PSMD10:NM_002814,27
VSIG1:NM_182607,0
TEX13B:NM_031273,0
MID2:NM_001382752,0
NCBP2L:NM_001348372,4
TSC22D3:NM_001318468,4
PRPS1:NM_001204402,24
FRMPD3:NM_001388462,1
DNAAF6:NM_173494,31
NUP62CL:NM_017681,31
RBM41:NM_001394122,11
MORC4:NM_024657,1
CLDN2:NM_001171092,2
RIPPLY1:NM_138382,1
TBC1D8B:NM_017752,3
RNF128:NM_024539,0
RADX:NM_001184782,0
PWWP3B:NM_001171020,1
SERPINA7:NM_000354,1
NRK:NM_198465,0
TEX13A:NM_031274,0
IL1RAPL2:NM_017416,0
ESX1:NM_153448,0
FAM199X:NM_207318,40
ZCCHC18:NM_001143978,4
SLC25A53:NM_001012755,31
H2BW2:NM_001388464,1
H2BW1:NM_001002916,1
TMSB15B:NM_001350213,3
PLP1:NM_001128834,0
TMEM31:NM_182541,2
MORF4L2:NM_001142422,30
TCEAL1:NM_001006640,3
TCEAL3:NM_032926,0
TCEAL4:NM_001300901,1
RAB40A:NM_080879,2
BEX3:NM_001282674,0
TCEAL9:NM_001006614,10
TCEAL7:NM_001348258,2
BEX2:NM_001168399,9
TCEAL5:NM_001012979,6
TCEAL8:NM_153333,17
BEX4:NM_001080425,30
NXF3:NM_022052,0
BEX1:NM_018476,1
RAB40AL:NM_001031834,0
BHLHB9:NM_001142528,3
GPRASP2:NM_138437,11
GPRASP1:NM_001099411,1
ARMCX5:NM_001168485,16
TMSB15A:NM_021992,6
TCP11X2:NM_001277423,0
NXF2B:NM_001099686,1
NXF2:NM_022053,0
TCP11X1:NM_001368158,0
BEX5:NM_001012978.3_2,5
TCEAL6:NM_001006938,0
TCEAL2:NM_080390.4_2,1
ZMAT1:NM_001011657,3
ARMCX2:NM_177949,2
ARMCX3:NM_177947,19
ARMCX6:NM_001184768,15
ARMCX1:NM_016608,4
ARMCX4:NR_028407,2
HNRNPH2:NM_001032393,46
GLA:NM_000169,45
RPL36A:NM_021029,60
RPL36A-HNRNPH2:NM_001199974,60
BTK:NM_001287344,59
TIMM8A:NM_001145951,29
TAF7L:NM_024885,3
DRP2:NM_001171184,1
CENPI:NM_001386188,17
TMEM35A:NM_021637,1
TRMT2B:NM_001167972,18
ARL13A:NM_001162491,1
XKRX:NM_212559,1
NOX1:NM_007052,1
CSTF2:NM_001306209,25
SYTL4:NM_001370167,3
SRPX2:NM_014467,4
TSPAN6:NM_001278741,0
TNMD:NM_022144,1
PCDH19:NM_001184880,0
RPA4:NM_013347,0
DIAPH2:NM_006729,0
FAM133A:NM_173698,2
NAP1L3:NM_004538,2
PCDH11X:NM_032968,1
PABPC5:NM_080832,0
TGIF2LX:NM_138960,0
CPXCR1:NM_001184771,0
KLHL4:NM_057162,4
DACH2:NM_001139514,2
CHM:NM_000390,23
POF1B:NM_024921,1
ZNF711:NM_001375431,12
SATL1:NM_001367858,12
APOOL:NM_198450,18
HDX:NM_001177479,1
RPS6KA6:NM_014496,2
CYLC1:NM_001271680,1
POU3F4:NM_000307,1
SH3BGRL:NM_003022,11
HMGN5:NM_030763,11
BRWD3:NM_153252,24
TENT5D:NM_001170574,2
TBX22:NM_001109879.2_2,1
ITM2A:NM_004867,22
GPR174:NM_032553,1
P2RY10:NM_198333,1
LPAR4:NM_001278000,1
RTL3:NM_152694,1
CYSLTR1:NM_001282188,1
TAF9B:NM_015975,14
PGK1:NM_000291,43
PGAM4:NM_001029891,0
ATP7A:NM_001282224,13
COX7B:NM_001866,32
MAGT1:NM_001367916,16
ATRX:NM_000489,11
FGF16:NM_003868,0
MAGEE1:NM_020932,1
PBDC1:NM_001300888,16
MAGEE2:NM_138703,1
ZDHHC15:NM_144969,1
UPRT:NM_001363821,25
ABCB7:NM_004299,25
NEXMIF:NM_001008537,0
RLIM:NM_183353,25
SLC16A2:NM_006517,0
ZCCHC13:NM_203303,0
CHIC1:NM_001300884,10
CDX4:NM_005193,0
NAP1L2:NM_021963,2
PABPC1L2A:NM_001012977,0
PABPC1L2B:NM_001042506,0
FAM236A:NM_001348071,0
FAM236C:NM_001351112,0
DMRTC1:NM_033053,0
FAM236D:NM_001348203,0
FAM236B:NM_001348072,0
DMRTC1B:NM_001386972,0
PHKA1:NM_002637,10
HDAC8:NM_018486,21
CITED1:NM_001144886,8
RPS4X:NM_001007,46
ERCC6L:NM_001009954,7
PIN4:NM_001170747,30
RTL5:NM_001024455,1
NHSL2:NM_001013627,2
CXorf49B:NM_001145139,0
CXorf49:NM_001145140,0
CXCR3:NM_001142797,0
GCNA:NM_052957,3
OGT:NM_181673,50
TAF1:NR_104394,46
ITGB1BP2:NM_001303277,4
NONO:NM_001145410,34
ZMYM3:NM_001171162,30
GJB1:NM_001097642,0
NLGN3:NM_001321276,2
MED12:NM_005120,17
IL2RG:NM_000206,4
CXorf65:NM_001025265,3
FOXO4:NM_001170931,23
SNX12:NM_001256185,4
SLC7A3:NM_032803,1
TEX11:NM_001003811,2
DLG3:NM_021120,0
GDPD2:NM_001171191,1
KIF4A:NM_012310,41
PDZD11:NM_001370176,41
RAB41:NM_001032726,1
ARR3:NM_004312,1
P2RY4:NM_002565,2
AWAT1:NM_001013579,1
DGAT2L6:NM_198512,1
IGBP1:NM_001370193,30
OTUD6A:NM_207320,1
AWAT2:NM_001002254,1
EDA:NM_001005612,1
NALF2:NM_015686,0
PJA1:NM_145119,9
EFNB1:NM_004429,7
STARD8:NM_014725,5
YIPF6:NM_001195214,37
OPHN1:NM_002547,11
AR:NM_000044,2
EDA2R:NM_001199687,1
HEPH:NM_138737,36
VSIG4:NM_001184830,0
MSN:NM_002444,47
LAS1L:NM_031206,19
ZC3H12B:NM_001010888,11
ZC4H2:NM_001178032,11
MTMR8:NM_017677,9
ASB12:NM_130388,0
AMER1:NM_152424,12
ARHGEF9:NM_001330495,2
SPIN4:NM_001012968,25
ZXDA:NM_007156,2
NLRP2B:NM_001319967,1
ZXDB:NM_007157,11
SPIN2A:NM_019003,0
FAAH2:NM_001353841,0
SPIN2B:NM_001006681,20
SPIN3:NR_027139,8
NBDY:NM_001348129,10
UBQLN2:NM_013444,20
KLF8:NM_001324105,4
RRAGB:NM_001354013,11
FOXR2:NM_198451,0
USP51:NM_201286,12
MAGEH1:NM_014061,15
PAGE3:NM_001171252,0
PAGE5:NM_001013435,10
NMTRQ-TTG1-1:NMTRQ-TTG1-1,2
FAM104B:NM_001166699,17
PAGE2:NM_207339,1
PAGE2B:NM_001015038,2
ALAS2:NM_001037968,1
APEX2:NM_001271748,28
PFKFB1:NM_001271805,25
TRO:NM_001271183,3
MAGED2:NM_177433,13
ITIH6:NM_198510,1
GNL3L:NM_019067,35
FGD1:NM_004463,1
TSR2:NM_001346792,22
WNK3:NM_020922,0
FAM120C:NM_017848,21
PHF8:NM_001184896,31
HUWE1:NM_031407,33
HSD17B10:NM_001037811,26
RIBC1:NM_001267053,37
SMC1A:NM_001281463,37
IQSEC2:NM_001111125,0
KDM5C:NM_001353981,50
TSPYL2:NM_022117,7
GPR173:NM_018969,1
FAM156A:NM_001242492,17
FAM156B:NM_001321186,0
XAGE3:NM_133179,1
XAGE5:NM_001386970,1
SPANXN5:NM_001009616,0
SSX2B:NM_001164417,0
SSX2:NM_003147,0
SSX7:NM_173358,1
XAGE1B:NM_001097605,0
XAGE1A:NM_001097594,0
XAGE2:NM_130777,2
MAGED4:NM_001272062,0
MAGED4B:NM_001242362,0
MAGED1:NM_001005332,9
GSPT2:NM_018094,7
CENPVL1:NM_001355277,0
CENPVL2:NM_001355278,0
CENPVL3:NM_001355276,1
NUDT11:NM_018159,5
EZHIP:NM_203407,1
NUDT10:NM_153183,1
BMP15:NM_005448,0
SHROOM4:NM_020717,3
DGKK:NM_001013742,1
CCNB3:NM_033031.3_2,1
AKAP4:NM_003886,1
CLCN5:NM_001127898,13
USP27X:NM_001145073,16
PAGE4:NM_001318877,2
PAGE1:NM_003785,1
GAGE1:NR_102272,0
GAGE2A:NM_001127212,4
GAGE12H:NM_001098410,0
GAGE12G:NM_001354422,0
GAGE12F:NM_001098405,0
GAGE12E:NM_001098418,0
GAGE12D:NM_001127199,0
GAGE12C:NM_001098408,0
GAGE12B:NM_001127345,3
GAGE13:NM_001098412,0
GAGE12J:NM_001098406,0
GAGE10:NM_001098413,1
PPP1R3F:NM_001184745,20
FOXP3:NM_014009,0
CCDC22:NM_014008,13
CACNA1F:NM_001256790,5
SYP:NM_003179,4
PRICKLE3:NM_006150,33
PLP2:NM_002668,12
MAGIX:NM_001395401.1_2,5
GPKOW:NM_015698.6_2,22
WDR45:NM_007075.4_2,23
PRAF2:NM_007213.3_2,1
CCDC120:NM_001271836.2_2,2
TFE3:NM_006521.6_2,24
GRIPAP1:NM_020137.5_2,26
KCND1:NM_004979.6_2,2
OTUD5:NM_001136159.2_2,44
PIM2:NM_006875.4_2,44
SLC35A2:NM_001282650.2_2,27
PQBP1:NM_001167990.2_2,45
TIMM17B:NM_001167947.2_2,44
PCSK1N:NM_013271,0
ERAS:NM_181532,0
HDAC6:NM_001321225,32
GATA1:NM_002049,59
GLOD5:NM_001080489,0
SUV39H1:NM_001282166,26
WAS:NM_000377,4
WDR13:NM_001347219,17
RBM3:NM_006743,50
TBC1D25:NM_002536,16
EBP:NM_006579,30
PORCN:NM_022825,17
FTSJ1:NM_001282157,38
SLC38A5:NM_033518,33
SSX4B:NM_001034832,0
SSX4:NM_175729,0
SSX3:NM_021014,3
SSX1:NM_005635,18
SSX5:NM_021015,1
SPACA5B:NM_001079900,0
ZNF630:NM_001282201,6
SPACA5:NM_205856,6
ZNF182:NM_001178099,6
ZNF81:NM_007137,33
UXT:NM_153477,15
ELK1:NM_001257168,23
CFP:NM_001145252,1
TIMP1:NM_003254,19
SYN1:NM_006950,2
ARAF:NM_001654,20
ZNF41:NM_001324150,31
ZNF157:NM_003446,0
USP11:NM_001371072,14
CDK16:NM_033018,44
UBA1:NM_153280,13
RBM10:NM_152856,46
NDUFB11:NM_019056,46
RGN:NM_004683,1
JADE3:NM_001077445,14
RP2:NM_006915,21
SLC9A7:NM_001257291,5
CHST7:NM_019886,1
ZNF674:NM_001039891,42
KRBOX4:NM_017776,9
DIPK2B:NM_176819,2
KDM6A:NM_001291421,74
DUSP21:NM_022076,3
FUNDC1:NM_173794,26
EFHC2:NM_025184,15
NDP:NM_000266,0
MAOB:NM_000898,1
MAOA:NM_001270458,3
PPP1R2C:NM_025210,1
GPR82:NM_080817,1
GPR34:NM_005300,0
CASK:NM_001367721,11
NYX:NM_001378477,0
DDX3X:NR_126093,64
USP9X:NM_001039591,70
MED14:NM_004229,41
CXorf38:NM_001330455,31
MPC1L:NM_001195522,1
ATP6AP2:NM_005765,15
BCOR:NM_001123383,13
MID1IP1:NM_001098791,39
TSPAN7:NM_004615,6
OTC:NM_000531,0
RPGR:NM_000328,21
SRPX:NM_006307,2
H2AL3:NM_001395555,2
H2AP:NM_012274,0
SYTL5:NM_138780,1
DYNLT3:NM_006520,14
CYBB:NM_000397,0
XK:NM_021083,14
LANCL3:NM_001170331,11
PRRG1:NM_001142395,15
FAM47C:NM_001013736,0
CFAP47:NM_001304548,1
MAGEB16:NM_001370158,0
FAM47B:NM_152631,1
TMEM47:NM_031442,3
FAM47A:NM_203408,1
DMD:NM_000109,0
FTHL17:NM_031894,0
TAB3:NM_152787,24
GK:NM_000167,25
TASL:NM_025159,1
NR0B1:NM_000475,1
MAGEB1:NM_177415,0
MAGEB4:NM_002367,0
MAGEB3:NM_001386865,1
MAGEB2:NM_002364,15
IL1RAPL1:NM_014271,1
DCAF8L1:NM_001017930,0
MAGEB10:NM_182506,3
DCAF8L2:NM_001353450,0
PPP4R3C:NM_207319,1
MAGEB5:NM_001271752,3
MAGEB6:NM_173523,2
MAGEB6B:NM_001396029,0
MAGEB18:NM_173699,2
ARX:NM_139058,1
POLA1:NM_016937,15
PCYT1B:NM_001163264,3
PDK3:NM_001142386,8
SUPT20HL1:NM_001136234,0
SUPT20HL2:NM_001136233,1
ZFX:NM_001330327,29
EIF2S3:NM_001415,66
KLHL15:NM_030624,13
CXorf58:NM_001169574,22
APOO:NM_024122,22
SAT1:NM_002970,24
ACOT9:NM_001037171,23
PRDX4:NM_006406,29
PTCHD1:NM_173495,0
DDX53:NM_182699,4
CBLL2:NM_152577,2
PHEX:NM_001282754,0
SMS:NM_001258423,23
YY2:NM_206923,1
MBTPS2:NM_015884,23
SMPX:NM_014332,1
KLHL34:NM_153270,2
CNKSR2:NM_001330772,0
RPS6KA3:NM_004586,39
EIF1AX:NM_001412,34
MAP7D2:NM_001168465,0
BCLAF3:NM_001367774,5
SH3KBP1:NM_001353891,8
MAP3K15:NM_001001671,1
PDHA1:NM_000284,35
ADGRG2:NM_001079858,2
PHKA2:NM_000292,43
PPEF1:NM_001377986,9
RS1:NM_000330,1
CDKL5:NM_003159,14
SCML2:NM_006089,21
BEND2:NM_153346,0
RAI2:NM_001172743,1
SCML1:NM_001037536,3
NHS:NM_198270,1
REPS2:NM_001080975,10
RBBP7:NM_002893,36
TXLNG:NM_001168683,35
SYAP1:NM_032796,31
S100G:NM_004057,0
CTPS2:NM_019857,25
MAGEB17:NM_001277307,1
GRPR:NM_005314,0
AP1S2:NM_001272071,42
ZRSR2:NM_005089,17
CA5B:NM_007220,6
CLTRN:NM_020665,1
ACE2:NM_001386259,2
BMX:NM_001320866,1
PIR:NM_003662,8
VEGFD:NM_004469,2
PIGA:NM_020473,36
ASB11:NM_080873,2
ASB9:NM_001168531,6
MOSPD2:NM_152581,27
FANCB:NM_001018113,27
GLRA2:NM_001118885,2
GEMIN8:NM_017856,33
GPM6B:NM_001001994,0
OFD1:NM_001330209,46
TRAPPC2:NM_001011658,46
RAB9A:NM_001195328,31
TCEANC:NM_001297564,21
EGFL6:NM_015507,0
ATXN3L:NM_001135995,1
FAM9C:NM_174901,2
TMSB4X:NM_021109,43
TLR8:NM_138636,1
TLR7:NM_016562,0
PRPS2:NM_002765,31
FRMPD4:NM_001368395,3
MSL3:NM_001282174,42
AMELX:NM_182681,0
ARHGAP6:NM_013427,1
HCCS:NM_001171991,29
MID1:NM_033290,0
CLCN4:NM_001256944,1
WWC3:NM_015691,3
CLDN34:NM_001195081,2
SHROOM2:NM_001649,0
GPR143:NM_000273,0
TBL1X:NM_001139467,11
FAM9B:NM_205849,1
FAM9A:NM_174951,0
ANOS1:NM_000216,0
VCX3B:NM_001001888,0
VCX2:NM_016378,1
PNPLA4:NM_001142389,21
VCX:NM_013452,0
STS:NM_001320750,22
PUDP:NM_001135565,21
VCX3A:NM_016379,1
NLGN4X:NM_001282145,1
PRKX:NM_005044,32
MXRA5:NM_015419,0
ARSF:NM_001201538,1
ARSH:NM_001011719,0
ARSL:NM_001369080,1
ARSD:NM_001669,1
GYG2:NM_001184704,3
XG:NM_175569,1
RABL2B:NM_001350004,7
ACR:NM_001097.3_2,1
SHANK3:NM_001372044.2_2,2
ARSA:NM_000487,13
MAPK8IP2:NM_012324,1
CHKB:NM_005198,24
CPT1B:NM_152245,1
CHKB-CPT1B:NR_027928,24
SYCE3:NM_001123225,8
KLHDC7B:NM_138433,1
ODF3B:NM_001014440,2
TYMP:NM_001257988,1
SCO2:NM_001169109,33
NCAPH2:NM_152299,49
LMF2:NM_001363816,48
MIOX:NM_017584,0
ADM2:NM_001253845,4
SBF1:NM_001365819,19
PPP6R2:NM_001351648,9
DENND6B:NM_001001794,16
PLXNB2:NM_001376879,13
MAPK11:NM_002751,23
MAPK12:NM_002969,20
HDAC10:NM_032019,10
TUBGCP6:NM_020461,50
SELENOO:NM_031454,24
TRABD:NM_001320485,7
PANX2:NM_001160300,7
MOV10L1:NM_001164104,1
MLC1:NM_001376473,2
TTLL8:NM_001350317,0
IL17REL:NM_001001694,3
PIM3:NM_001001852,45
CRELD2:NM_001284317,19
ALG12:NM_024105,19
ZBED4:NM_014838,26
BRD1:NM_001349942,32
TAFA5:NM_001082967,0
TBC1D22A:NM_001284303,44
CERK:NM_022766,14
GRAMD4:NM_001366660,18
CELSR1:NM_001378328,1
TRMU:NM_001282784,29
GTSE1:NM_016426,30
TTC38:NM_017931,18
PKDREJ:NM_006071,3
CDPF1:NM_207327,37
PPARA:NM_001393941,13
WNT7B:NM_058238,2
ATXN10:NM_001167621,23
FBLN1:NM_006486,0
RIBC2:NM_015653,0
SMC1B:NM_148674,0
FAM118A:NM_001104595,26
UPK3A:NM_001167574,0
KIAA0930:NM_001009880,2
NUP50:NM_007172,35
PHF21B:NM_138415,1
ARHGAP8:NM_001198726,3
PRR5-ARHGAP8:NM_181334,11
PRR5:NM_001017529,4
RTL6:NM_032287,15
SHISAL1:NM_001099294,0
PARVG:NM_001137605,1
PARVB:NM_001003828,1
SAMM50:NM_015380,41
PNPLA3:NM_025225,3
PNPLA5:NM_001371410,1
SULT4A1:NM_014351,0
EFCAB6:NM_022785,2
MPPED1:NM_001044370,1
SCUBE1:NM_173050,1
TTLL12:NM_015140,36
TSPO:NM_000714,16
MCAT:NM_014507,15
BIK:NM_001197,5
TTLL1:NM_012263,9
PACSIN2:NM_001349969,17
ARFGAP3:NM_014570,23
A4GALT:NM_001318038,0
ATP5MGL:NM_001165877,0
CYB5R3:NM_000398,20
POLDIP3:NM_001278657,31
SERHL2:NM_001284334,8
RRP7A:NM_015703,15
NFAM1:NM_001371362,1
TCF20:NM_005650.4_8,1
CYP2D6:NM_000106.6_6,0
NDUFA6:NM_002490.6_5,50
SMDT1:NM_033318.5_4,23
PHETA2:NM_001002034.3_4,1
NAGA:NM_001362848,21
WBP2NL:NM_152613,1
SEPTIN3:NM_001389672,0
SMIM45:NM_001395946,39
CENPM:NM_024053,39
TNFRSF13C:NM_052945,1
SHISA8:NM_001353438,4
SREBF2:NM_004599,35
CCDC134:NM_001304797,32
MEI1:NM_152513,2
SNU13:NM_005008,41
XRCC6:NM_001288978,56
DESI1:NM_015704,56
PMM1:NM_002676,19
CSDC2:NM_014460,0
POLR3H:NM_001282884,30
ACO2:NM_001098,48
PHF5A:NM_032758,47
TOB2:NM_016272,87
TEF:NM_001145398,2
ZC3H7B:NM_017590,36
RANGAP1:NM_001317930,36
CHADL:NM_138481,0
L3MBTL2:NM_031488,20
EP300:NM_001362843,55
RBX1:NM_014248,38
DNAJB7:NM_145174,3
XPNPEP3:NM_022098,51
ST13:NM_003932,53
SLC25A17:NM_001282726,24
MCHR1:NM_005297,1
MRTFA:NM_001282662,26
SGSM3:NM_001301849,17
ADSL:NM_001363840,54
TNRC6B:NM_001024843,26
FAM83F:NM_138435,1
GRAP2:NM_004810,5
ENTHD1:NM_152512,1
CACNA1I:NM_001003406,0
RPS19BP1:NM_194326,27
ATF4:NM_001675,57
MIEF1:NM_001304564,2
MGAT3:NM_002409,14
TAB1:NM_153497,17
SYNGR1:NM_004711,8
RPL3:NM_000967,88
PDGFB:NM_002608,6
CBX7:NM_175709,7
APOBEC3H:NM_001166002,0
APOBEC3G:NM_001349436,4
APOBEC3F:NM_145298,8
APOBEC3D:NM_152426,21
APOBEC3C:NM_014508,22
APOBEC3B:NM_001270411,10
APOBEC3A:NM_001270406,4
CBX6:NM_014292,22
NPTXR:NM_014293,11
DNAL4:NM_005740,12
SUN2:NM_001394429,21
GTPBP1:NM_004286,40
JOSD1:NM_001360235,33
TOMM22:NM_020243,36
CBY1:NM_015373,25
FAM227A:NM_001384270,25
DMC1:NM_007068,24
DDX17:NM_001098504,49
KDELR3:NM_006855,18
KCNJ4:NM_152868,11
CSNK1E:NM_001894,26
TPTEP2-CSNK1E:NM_001289912,30
TMEM184B:NM_001195072,25
MAFF:NM_001161574,21
PLA2G6:NM_003560,7
BAIAP2L2:NM_025045,0
SLC16A8:NM_013356,3
PICK1:NM_001039584,15
SOX10:NM_006941,0
POLR2F:NM_001363825,34
C22orf23:NM_001207062,34
MICALL1:NM_033386,9
EIF3L:NM_001363785,64
ANKRD54:NM_001349853,64
GALR3:NM_003614,0
GCAT:NM_001171690,27
H1-0:NM_005318,7
TRIOBP:NM_001039141,4
NOL12:NM_024313,24
LGALS1:NM_002305,31
PDXP:NM_020315,38
SH3BP1:NM_001350055,22
GGA1:NM_001001560,42
LGALS2:NM_006498,0
CDC42EP1:NM_152243,24
CARD10:NM_014550,9
MFNG:NM_001166343,2
CYTH4:NM_013385,1
RAC2:NM_002872,35
SSTR3:NM_001051,0
C1QTNF6:NM_001365878,14
IL2RB:NM_001346222,3
TMPRSS6:NM_001289000,1
KCTD17:NM_001282686,1
MPST:NM_001013436,35
TST:NM_001270483,34
TEX33:NM_001163857,3
CSF2RB:NM_000395,1
NCF4:NM_000631.5_2,1
PVALB:NM_002854.3_2,1
IFT27:NM_001177701,4
CACNG2:NM_006078,2
EIF3D:NM_003753,42
FOXRED2:NM_024955,17
TXN2:NM_012473,14
MYH9:NM_002473,37
APOL1:NM_001136541,15
APOL2:NM_145637,12
APOL4:NM_030643,1
APOL3:NM_145641,1
RBFOX2:NM_001082578.4_2,27
APOL5:NM_030642.1_2,1
APOL6:NM_030641,1
MB:NM_001382809,3
RASD2:NM_001376515,0
MCM5:NM_006739,28
HMOX1:NM_002133,1
TOM1:NM_001135729,28
HMGXB4:NM_001362972,34
ISX:NM_001303508,1
LARGE1:NM_001362949,4
TIMP3:NM_000362,1
SYN3:NM_003490,0
FBXO7:NM_012179,38
BPIFC:NM_174932,0
RTCB:NM_014306,28
RFPL3:NM_006604,0
SLC5A4:NM_014227,2
RFPL2:NM_001364986,0
C22orf42:NM_001010859,1
SLC5A1:NM_000343,1
YWHAH:NM_003405,40
DEPDC5:NM_014662,23
PRR14L:NM_173566,28
PISD:NM_001326421,27
SFI1:NM_001258325,22
EIF4ENIF1:NM_019843,37
DRG1:NM_004147,31
PATZ1:NM_014323,9
PIK3IP1:NM_001135911,11
LIMK2:NM_005569,23
RNF185:NM_001135825,18
PLA2G3:NM_015715,1
INPP5J:NM_001284287,0
SELENOM:NM_080430,7
SMTN:NM_001382640,17
TUG1:NM_001398478,49
MORC2:NM_001303256,50
OSBP2:NM_001282738,3
DUSP18:NM_001304795,9
SLC35E4:NM_001318371,7
TCN2:NM_001184726,9
PES1:NM_001282328,9
GAL3ST1:NM_001318104,1
SEC14L6:NM_001193336,1
SEC14L4:NM_174977,1
SEC14L3:NM_001376914,2
MTFP1:NM_001003704,27
SEC14L2:NM_001291932,2
RNF215:NM_001017981,5
CCDC157:NM_001318334,31
SF3A1:NM_005877,31
TBC1D10A:NM_001204240,15
CASTOR1:NM_001037666,11
OSM:NM_020530,1
LIF:NM_002309,5
HORMAD2:NM_001329458,0
MTMR3:NM_153051,24
ASCC2:NM_001369922,25
UQCR10:NM_013387,43
ZMAT5:NM_019103,43
CABP7:NM_182527,1
NF2:NM_016418,39
NIPSNAP1:NM_003634,20
THOC5:NM_001002877,24
NEFH:NM_021076,20
RFPL1:NM_001393612,28
AP1B1:NM_001127,28
RASL10A:NM_006477,1
GAS2L1:NM_001362985,19
EWSR1:NM_001163286,83
RHBDD3:NM_001329536,83
EMID1:NM_001267895,17
KREMEN1:NM_032045,5
C22orf31:NM_001386866,5
ZNRF3:NM_001206998,14
XBP1:NM_005080,51
CCDC117:NM_001284263,23
HSCB:NM_001318314,29
CHEK2:NM_145862,29
TTC28:NM_001145418,9
PITPNB:NM_001284278,38
MN1:NM_002430,1
CRYBB1:NM_001887,2
CRYBA4:NM_001886,2
TPST2:NM_001362923,44
TFIP11:NM_001346858,31
SRRD:NM_001013694,47
HPS4:NM_001349905,47
ASPHD2:NM_020437,5
SEZ6L:NM_001184776,1
MYO18B:NM_032608,19
GRK3:NM_001362778,17
CRYBB2:NM_000496,0
CRYBB3:NM_004076,0
KIAA1671:NM_001145206,5
LHFPL7:NM_001388199,1
SGSM1:NM_001098498,6
PIWIL3:NM_001008496,1
LRRC75B:NM_207644,2
GGT1:NM_013430,0
GUCD1:NM_001284251,80
UPB1:NM_016327,0
ADORA2A:NM_001278500,3
SPECC1L:NM_001254732,23
SPECC1L-ADORA2A:NR_103546,23
GGT5:NM_001099781,1
SUSD2:NM_019601,0
CABIN1:NM_001201429,27
GSTT4:NM_001358664.2_2,0
GSTT2:NR_126445,0
DDT:NM_001397485.1_2,0
DDTL:NM_001084393.2_2,0
GSTT2B:NM_001363804.1_2,0
MIF:NM_002415.2_2,48
SLC2A11:NM_001024938.4_2,16
DERL3:NM_198440.4_2,13
SMARCB1:NM_001007468.3_2,20
MMP11:NM_005940.5_2,8
CHCHD10:NM_001301339.2_2,32
C22orf15:NM_182520.3_2,1
VPREB3:NM_013378,0
ZNF70:NM_021916,31
RGL4:NM_153615,2
DRICH1:NM_016449,0
IGLL1:NM_001369906,1
BCR:NM_021574,96
RAB36:NM_001349878,17
GNAZ:NM_002073,25
RSPH14:NM_014433,13
IGLL5:NM_001256296,6
GGTLC2:NM_001282879,0
PRAME:NM_206955.3_2,87
ZNF280A:NM_080740.5_2,80
ZNF280B:NM_080764.4_2,80
VPREB1:NM_001303509,1
TOP3B:NM_003935,96
PPM1F:NM_014634,33
MAPK1:NM_002745,184
YPEL1:NM_013313,44
PPIL2:NM_148175,82
SDF2L1:NM_022044,115
CCDC116:NM_152612,22
YDJC:NM_001017964,135
UBE2L3:NM_001256355,0
RIMBP3C:NM_001128633,1
TMEM191C:NM_001388354,5
HIC2:NM_015094,9
RIMBP3B:NM_001128635,0
FAM246A:NM_001396025,0
LRRC74B:NM_001291006,2
SLC7A4:NM_004173,3
P2RX6:NM_001394694,57
TUBA3FP:NR_003608,57
THAP7:NM_030573,150
LZTR1:NM_006767,90
AIFM3:NM_001018060,3
CRKL:NM_005207,145
SNAP29:NM_004782,142
SERPIND1:NM_000185,5
PI4KA:NM_058004,142
MED15:NM_001293235,120
KLHL22:NM_032775,77
SCARF2:NM_153334,4
ZNF74:NM_001256525,68
DGCR6L:NM_033257,85
RTN4R:NM_023004,13
CCDC188:NM_001365892,2
ZDHHC8:NM_001185024,45
RANBP1:NM_001278639,131
TRMT2A:NM_001331039,173
DGCR8:NM_001190326,108
TANGO2:NM_001283179,82
ARVCF:NM_001670,83
COMT:NM_000754,152
TXNRD2:NM_006440,152
RTL10:NM_024627,147
GNB1L:NM_053004,147
TBX1:NM_005992,8
GP1BB:NM_000407,46
SEPT5-GP1BB:NR_037611,54
SEPTIN5:NM_002688,20
CLDN5:NM_001130861,0
CDC45:NM_001369291,163
UFD1:NM_001362910,164
C22orf39:NM_173793,98
MRPL40:NM_003776,179
HIRA:NM_003325,188
CLTCL1:NM_007098,69
SLC25A1:NM_005984,89
GSC2:NM_005315,0
TSSK2:NM_053006,5
ESS2:NM_022719,60
DGCR2:NM_005137,73
FAM246C:NM_001396027,3
PRODH:NM_001195226,0
DGCR6:NM_005675,0
FAM246B:NM_001396026,0
RIMBP3:NM_015672,0
TMEM191B:NM_001242313,3
GGTLC3:NM_001355479,0
USP18:NM_017414,5
TUBA8:NM_001193414,0
PEX26:NM_001199319,62
MICAL3:NM_015241,1
BID:NM_001244567,22
BCL2L13:NM_001270727,83
ATP6V1E1:NM_001039367,79
SLC25A18:NM_001303484,0
CECR2:NM_001290046,3
ADA2:NM_001282227,0
HDHD5:NM_017829,2
TMEM121B:NM_031890,4
IL17RA:NM_001289905,31
GAB4:NM_001037814,3
XKR3:NM_001386955,1
CCT8L2:NM_014406,7
POTEH:NM_001136213,0
OR11H1:NM_001005239,1
PRMT2:NM_001286678,43
S100B:NM_006272,1
DIP2A:NM_001353943,66
PCNT:NM_006031,90
C21orf58:NM_001286476,92
YBEY:NM_001314024,58
MCM3AP:NM_003906,62
LSS:NM_001145437.2_2,75
SPATC1L:NM_001142854.2_2,35
FTCD:NM_006657.3_2,3
COL6A2:NM_001849,1
COL6A1:NM_001848,3
PCBP3:NM_001382281,5
SLC19A1:NM_001352511.3_2,2
COL18A1:NM_001379500.1_2,14
POFUT2:NM_015227,27
ADARB1:NR_027673,18
SLX9:NM_001316988,59
ITGB2:NM_001127491,3
PTTG1IP:NM_004339,39
SUMO3:NM_001286416,24
UBE2G2:NM_182688,89
KRTAP10-12:NM_198699,0
KRTAP12-1:NM_181686,1
KRTAP12-2:NM_181684,3
KRTAP12-3:NM_198697,1
KRTAP12-4:NM_198698,4
KRTAP10-11:NM_198692,0
KRTAP10-10:NM_181688,1
KRTAP10-9:NM_198690,0
KRTAP10-8:NM_198695,0
KRTAP10-7:NM_198689,2
KRTAP10-6:NM_198688,2
KRTAP10-5:NM_198694,3
KRTAP10-4:NM_198687,2
KRTAP10-3:NM_198696,2
KRTAP10-2:NM_198693,1
KRTAP10-1:NM_198691,0
TSPEAR:NM_001272037,1
LRRC3:NM_030891,2
TRPM2:NM_001320351,0
CFAP410:NM_004928,43
PFKL:NM_002626,34
AIRE:NM_000383,1
DNMT3L:NM_013369,1
ICOSLG:NM_001365759,0
GATD3:NM_198155,4
PWP2:NM_005049,0
TRAPPC10:NM_003274,41
AGPAT3:NM_001369878,42
RRP1:NM_003683,73
CSTB:NM_000100,43
PDXK:NM_003681,51
RRP1B:NM_015056,47
H2BC12L:NM_017445,0
HSF2BP:NM_007031,47
SIK1:NM_173354,0
CRYAA:NM_000394,0
U2AF1:NM_001025203,3
CBS:NM_001320298,0
PKNOX1:NM_001286258,51
ERVH48-1:NM_001308491,3
NDUFV3:NM_001001503,57
WDR4:NM_033661,74
PDE9A:NM_001001580,1
SLC37A1:NM_018964,2
RSPH1:NM_080860,7
UBASH3A:NM_001243467,6
TMPRSS3:NM_024022,4
TFF1:NM_003225,1
TFF2:NM_005423,2
TFF3:NM_003226,3
ABCG1:NM_207627,0
UMODL1:NM_001199528,0
ZBTB21:NM_001320731,55
C2CD2:NM_015500,20
PRDM15:NM_022115,34
RIPK4:NM_020639,1
TMPRSS2:NM_005656,0
MX1:NM_001144925,6
MX2:NM_002463,2
FAM3B:NM_206964,3
BACE2:NM_138991,2
DSCAM:NM_001389.5_2,0
PCP4:NM_006198.3_2,0
IGSF5:NM_001080444,1
B3GALT5:NM_001278650,3
SH3BGR:NM_001317742,37
LCA5L:NM_001384288,38
GET1-SH3BGR:NM_001350300,24
HMGN1:NM_004965,105
BRWD1:NM_018963,70
PSMG1:NM_003720,102
ETS2:NM_001256295,60
ERG:NM_001243432,1
KCNJ15:NM_001276438,3
KCNJ6:NM_002240,4
DYRK1A:NM_001396,60
VPS26C:NM_001331022,53
TTC3:NM_001330681,87
PIGP:NM_001320480,87
RIPPLY3:NM_001317768,1
HLCS:NM_000411,11
SIM2:NM_005069,0
CLDN14:NM_001146077,2
CHAF1B:NM_005441,24
MORC3:NM_001320445,63
DOP1B:NM_001320714,24
CBR3:NM_001236,2
CBR1:NM_001757,7
SETD4:NM_001286752,39
RUNX1:NM_001754,14
CLIC6:NM_053277,0
RCAN1:NM_004414,33
KCNE1:NM_000219,1
SMIM34:NM_001367348,0
C21orf140:NM_001282537,0
SMIM11:NM_058182,0
KCNE2:NM_172201,2
SLC5A3:NM_006933,22
MRPS6:NM_032476,22
ATP5PO:NM_001697,68
ITSN1:NM_001331010,50
CRYZL1:NM_145858,48
DONSON:NM_017613,49
SON:NM_001291412,150
GART:NM_001136006.1_2,150
DNAJC28:NM_001040192.3_2,29
IFNGR2:NM_001329128.2_2,33
IFNAR1:NM_001384504,64
IL10RB:NM_000628,36
IFNAR2:NM_001289126,40
OLIG1:NM_138983,1
OLIG2:NM_005806,0
C21orf62:NM_001162495.3_2,1
PAXBP1:NM_016631.4_2,80
SYNJ1:NM_003895,55
CFAP298:NM_021254,80
TCP10L:NM_144659,4
CFAP298-TCP10L:NR_146639,80
EVA1C:NM_001320745,1
URB1:NM_014825,72
MRAP:NM_206898,2
MIS18A:NM_018944,55
HUNK:NM_014586,1
SCAF4:NM_020706,83
SOD1:NM_000454,62
TIAM1:NM_001353693,2
KRTAP19-8:NM_001099219,0
KRTAP11-1:NM_175858,1
KRTAP7-1:NM_181606,1
KRTAP8-1:NM_175857,3
KRTAP21-1:NM_181619,3
KRTAP21-2:NM_181617,1
KRTAP21-3:NM_001164435,0
KRTAP20-3:NM_001128077,3
KRTAP20-2:NM_181616,0
KRTAP20-4:NM_001350977,0
KRTAP20-1:NM_181615,2
KRTAP6-1:NM_181602,2
KRTAP22-1:NM_181620,1
KRTAP6-2:NM_181604,1
KRTAP6-3:NM_181605,4
KRTAP22-2:NM_001164434,3
KRTAP19-7:NM_181614,1
KRTAP19-6:NM_181612,3
KRTAP19-5:NM_181611,2
KRTAP19-4:NM_181610,3
KRTAP19-3:NM_181609,4
KRTAP19-2:NM_181608,1
KRTAP19-1:NM_181607,2
KRTAP15-1:NM_181623,2
KRTAP13-4:NM_181600,1
KRTAP13-3:NM_181622,2
KRTAP13-1:NM_181599,0
KRTAP13-2:NM_181621,1
KRTAP23-1:NM_181624,1
KRTAP27-1:NM_001077711,1
KRTAP26-1:NM_203405,0
KRTAP25-1:NM_001128598,0
KRTAP24-1:NM_001085455,2
CLDN8:NM_199328,2
CLDN17:NM_012131,2
GRIK1-AS2:NR_033368,4
GRIK1:NM_001330994,8
MAP3K7CL:NM_001286634.2_2,2
CCT8:NM_001282907.2_2,71
USP16:NM_001001992.2_2,48
RWDD2B:NM_001320724.2_2,50
LTN1:NM_015565.3_2,52
N6AMT1:NM_013240,22
ADAMTS5:NM_007038,1
ADAMTS1:NM_006988,1
CYYR1:NM_001320768,1
APP:NM_001136131,3
GABPA:NM_001197297,92
ATP5PF:NM_001003696,88
JAM2:NM_001270407,2
MRPL39:NM_080794,41
NCAM2:NM_001352595,14
TMPRSS15:NM_002772,4
CHODL:NM_001204177,1
C21orf91:NM_001100420,49
BTG3:NM_001130914.2_2,43
CXADR:NM_001207066,4
USP25:NM_001388299,42
NRIP1:NM_003489,51
SAMSN1:NM_001395858,0
HSPA13:NM_006948,37
RBM11:NM_144770,20
LIPI:NM_001302998,1
POTED:NM_174981,0
TPTE:NM_001290224,0
PCMTD2:NM_001104925.2_2,23
MYT1:NM_004535.3_2,3
NPBWR2:NM_005286.4_2,1
LKAAEAR1:NM_001386971,9
OPRL1:NM_000913.6_2,19
RGS19:NM_001039467,19
TCEA2:NM_198723,2
SOX18:NM_018419,10
C20orf204:NM_001348090,1
PRPF6:NM_012469,50
SAMD10:NM_080621,46
ZNF512B:NM_020713,22
UCKL1:NM_017859,26
DNAJC5:NM_025219,32
TPD52L2:NM_001243892,56
ABHD16B:NM_080622,1
ZBTB46:NM_001369741,10
SLC2A4RG:NM_020062,37
LIME1:NM_001305654,1
ZGPAT:NM_001083113,56
ARFRP1:NM_001267549,56
TNFRSF6B:NM_003823,0
RTEL1:NM_001283010,40
RTEL1-TNFRSF6B:NR_037882,40
STMN3:NM_015894,29
GMEB2:NM_012384,54
HELZ2:NM_001037335,4
FNDC11:NM_024059,8
SRMS:NM_080823,2
PTK6:NM_005975,6
PPDPF:NM_024299,32
EEF1A2:NM_001958,6
KCNQ2:NM_172107.4_2,0
CHRNA4:NM_000744,0
COL20A1:NM_020882,1
ARFGAP1:NM_001281483,32
NKAIN4:NM_152864,1
BIRC7:NM_022161,2
YTHDF1:NM_017798,30
BHLHE23:NM_080606,1
SLC17A9:NM_022082,0
GID8:NM_017896,67
DIDO1:NM_033081,68
TCFL5:NM_006602,22
COL9A3:NM_001853,4
OGFR:NM_007346,32
MRGBP:NM_018270,24
NTSR1:NM_002531,2
SLCO4A1:NM_016354,35
GATA5:NM_080473,2
RBBP8NL:NM_080833,2
CABLES2:NM_031215,10
RPS21:NM_001024,67
LAMA5:NM_005560,34
ADRM1:NM_001281437,56
OSBPL2:NM_001278649,11
HRH3:NM_007232,2
MTG2:NM_001384348,46
SS18L1:NM_198935,45
PSMA7:NM_002792,46
LSM14B:NM_144703,42
TAF4:NM_003185.4_2,16
CDH4:NM_001794.5_2,0
CDH26:NM_177980,3
PPP1R3D:NM_006242,33
FAM217B:NM_001190826,7
SYCP2:NM_014258,7
PHACTR3:NM_001199505,0
EDN3:NM_001302456,2
ZNF831:NM_001384354,3
PRELID3B:NM_016045,28
ATP5F1E:NM_006886,39
TUBB1:NM_030773,9
CTSZ:NM_001336,17
NELFCD:NM_198976,39
GNAS:NM_016592,1
NPEPL1:NM_001204873,2
STX16:NM_001204868,63
STX16-NPEPL1:NR_037945,63
APCDD1L:NM_001304787,1
VAPB:NM_001195677,33
RAB22A:NM_020673,47
ANKRD60:NM_001304369,4
C20orf85:NM_178456,2
PMEPA1:NM_199171,4
ZBP1:NM_030776,1
PCK1:NM_002591,0
CTCFL:NM_001269043,36
RBM38:NM_183425,38
NMTRL-TAA5-1:NMTRL-TAA5-1,5
RAE1:NM_003610,41
SPO11:NM_198265,2
BMP7:NM_001719,1
TFAP2C:NM_003222,2
FAM209B:NM_001013646,1
FAM209A:NM_001012971,2
GCNT7:NR_160308,2
RTF2:NM_001283037,37
CASS4:NM_001164116,41
CSTF1:NM_001033521,78
AURKA:NM_198433,79
FAM210B:NM_080821,44
MC3R:NM_019888,2
CBLN4:NM_080617,0
DOK5:NM_177959,1
PFDN4:NM_002623,44
CYP24A1:NM_000782,5
BCAS1:NM_001366298,2
ZNF217:NM_006526,45
TSHZ2:NM_173485,2
ZFP64:NM_199427,37
SALL4:NM_020436,2
ATP9A:NM_006045,3
NFATC2:NM_001136021,10
KCNG1:NM_002237,3
MOCS3:NM_014484,63
DPM1:NM_001317034,64
ADNP:NM_001282531,42
BCAS4:NM_001010974,6
PARD6B:NM_032521,58
RIPOR3:NM_001290268,35
PTPN1:NM_001278618,49
CEBPB:NM_001285879,34
PEDS1:NM_199129,32
UBE2V1:NM_001282575,25
PEDS1-UBE2V1:NM_199203,32
SNAI1:NM_005985,31
RNF114:NM_018683,51
SPATA2:NM_006038,61
SLC9A8:NM_015266,34
B4GALT5:NM_004776,43
PTGIS:NM_000961,2
KCNB1:NM_004975,3
ZNFX1:NM_021035,108
DDX27:NM_017895,33
STAU1:NM_001319135,33
CSE1L:NM_001256135,52
ARFGEF2:NM_006420,53
PREX1:NM_020820,10
SULF2:NM_001387052,1
NCOA3:NM_006534,60
ZMYND8:NM_001281772,84
EYA2:NM_172110,1
SLC2A10:NM_030777,7
TP53RK:NM_033550,51
SLC13A3:NM_001011554,28
OCSTAMP:NM_080721,0
ZNF334:NM_001353819,4
ELMO2:NM_001318253,18
SLC35C2:NM_001281460,32
CDH22:NM_021248,3
CD40:NM_001322422,5
NCOA5:NM_001348149,34
SLC12A5:NM_001134771,16
MMP9:NM_004994,2
ZNF335:NM_022095,58
PCIF1:NM_022104,36
PLTP:NM_006227,10
CTSA:NM_001167594,31
NEURL2:NM_001278535,31
SPATA25:NM_080608,0
ZSWIM1:NM_080603,18
ZSWIM3:NM_080752,38
ACOT8:NM_005469,38
SNX21:NM_001042632,4
TNNC2:NM_003279,2
UBE2C:NM_181800,3
DNTTIP1:NM_052951,56
WFDC3:NM_080614,56
SPINT4:NM_178455,3
WFDC13:NM_172005,0
WFDC10B:NM_172006,0
WFDC11:NM_147197,3
WFDC10A:NM_080753,1
WFDC9:NM_147198,1
WFDC8:NM_181510,2
EPPIN:NM_001302861,5
EPPIN-WFDC6:NM_001198986,5
WFDC6:NM_080827,1
SPINT3:NM_006652,3
WFDC2:NM_006103,1
PIGT:NM_001184730,35
DBNDD2:NM_001197139,25
TP53TG5:NM_014477,1
SYS1-DBNDD2:NR_003189,30
SYS1:NM_001099791,30
SDC4:NM_002999,14
RBPJL:NM_001281449,3
MATN4:NM_003833,4
SLPI:NM_003064,0
SEMG2:NM_003008,2
SEMG1:NM_003007,1
PI3:NM_002638,7
WFDC12:NM_080869,3
WFDC5:NM_001395506,0
KCNS1:NM_002251,4
STK4:NM_006282,37
TOMM34:NM_006809,36
PABPC1L:NM_001372179,37
YWHAB:NM_139323,42
RIMS4:NM_001205317,0
KCNK15:NM_022358,6
CCN5:NM_001323370,0
ADA:NM_000022,7
PKIG:NM_007066,14
SERINC3:NM_198941,31
TTPAL:NM_001261839,33
HNF4A:NM_001030003,1
R3HDML:NM_178491,0
FITM2:NM_001080472,25
GDAP1L1:NM_001256738,0
OSER1:NM_016470,52
JPH2:NM_020433,0
TOX2:NM_001098797,4
GTSF1L:NM_176791,3
MYBL2:NM_001278610,27
IFT52:NM_001303459,21
SGK2:NM_170693,0
L3MBTL1:NM_001377311,9
SRSF6:NM_006275,50
PTPRT:NM_133170,1
CHD6:NM_032221,35
EMILIN3:NM_052846,2
LPIN3:NM_022896,15
ZHX3:NM_001384315,18
PLCG1:NM_182811,39
TOP1:NM_003286,60
MAFB:NM_005461,3
DHX35:NM_001190809,42
FAM83D:NM_030919,65
PPP1R16B:NM_001172735,22
ACTR5:NM_024855,31
SLC32A1:NM_080552,0
ARHGAP40:NM_001164431,0
ADIG:NM_001393817,0
RALGAPB:NM_001282917,29
LBP:NM_004139,0
BPI:NM_001725,0
KIAA1755:NM_001029864,1
TGM2:NM_001323316,21
RPRD1B:NM_021215,66
TTI1:NM_014657,67
VSTM2L:NM_080607,6
CTNNBL1:NM_030877,29
NNAT:NM_181689,2
BLCAP:NM_001167820,32
SRC:NM_005417.5_2,9
MANBAL:NM_001003897.2_2,40
GHRH:NM_021081.6_2,2
RPN2:NM_001324306.2_2,76
MROH8:NM_152503.7_2,76
RBL1:NM_001323282,33
SAMHD1:NM_001363729,30
TLDC2:NM_001304783,0
SOGA1:NM_080627,43
DSN1:NM_001145316,42
NDRG3:NM_032013,14
SLA2:NM_032214,1
RAB5IF:NM_199483,57
TGIF2-RAB5IF:NM_001199535,52
TGIF2:NM_001199513,54
MYL9:NM_181526,4
DLGAP4:NM_001365621,1
AAR2:NM_001271874,24
EPB41L1:NM_001258331,10
CNBD2:NM_001207076,3
SCAND1:NM_001385710,1
PHF20:NM_016436,39
RBM39:NM_001323423,82
ROMO1:NM_080748,61
NFS1:NM_021100,61
RBM12:NM_006047,57
CPNE1:NM_152927,57
SPAG4:NM_003116,33
ERGIC3:NM_015966,15
CEP250:NM_007186,53
GDF5:NM_001319138,53
UQCC1:NM_018244,34
FAM83C:NM_178468,0
EIF6:NM_181466,46
MMP24OS:NM_001355003,8
MMP24:NM_006690,3
PROCR:NM_006404,2
EDEM2:NM_018217,28
MMP24-AS1-EDEM2:NM_001355008,8
TRPC4AP:NM_015638,38
MYH7B:NM_020884,39
GSS:NM_001322494,39
ACSS2:NM_001242393,30
GGT7:NM_178026,19
NCOA6:NM_014071,39
TP53INP2:NM_001329430,27
PIGU:NM_080476,36
MAP1LC3A:NM_181509,3
DYNLRB1:NM_001382365,65
ITCH:NM_001257138,43
AHCY:NM_001161766,1
ASIP:NM_001385218,3
EIF2S2:NM_003908,69
RALY:NM_007367,82
CHMP4B:NM_176812,38
ZNF341:NM_001282935,9
PXMP4:NM_007238,27
E2F1:NM_005225,17
ACTL10:NM_001024675,4
C20orf144:NM_080825,24
NECAB3:NM_031232,33
CBFA2T2:NM_001032999,22
SNTA1:NM_003098,43
CDK5RAP1:NM_001365728,54
BPIFB1:NM_033197,3
BPIFA1:NM_016583,2
BPIFA3:NM_001042439,0
BPIFA2:NM_001319164,2
BPIFB4:NM_182519,1
BPIFB3:NM_001376932,1
BPIFB6:NM_174897,0
BPIFB2:NM_025227,1
SUN5:NM_080675,2
EFCAB8:NM_001143967,2
MAPRE1:NM_012325,51
DNMT3B:NM_001207056,63
COMMD7:NM_053041,25
C20orf203:NM_182584,3
NOL4L:NM_001256798,28
ASXL1:NM_015338,67
KIF3B:NM_004798,24
POFUT1:NM_015352,56
PLAGL2:NM_002657,56
TM9SF4:NM_014742,46
HCK:NM_001172130,0
CCM2L:NM_080625,2
XKR7:NM_001011718,3
PDRG1:NM_030815,36
TTLL9:NM_001008409,3
DUSP15:NM_001320479,3
FOXS1:NM_004118,2
MYLK2:NM_033118,0
TPX2:NM_012112,71
BCL2L1:NM_001322240,69
COX4I2:NM_032609,0
ID1:NM_002165,101
MCTS2:NM_001397496,12
HM13:NM_030789,27
REM1:NM_014012,2
DEFB124:NM_001037500,2
DEFB123:NM_153324,2
DEFB121:NM_001171832,1
DEFB118:NM_054112,1
DEFB116:NM_001037731,3
DEFB115:NM_001037730,3
ZNF337:NM_015655,22
NANP:NM_152667,44
NINL:NM_025176,4
GINS1:NM_021067,22
ABHD12:NM_015600,22
PYGB:NM_002862,20
ENTPD6:NM_001322382,28
VSX1:NM_001256272,1
ACSS1:NM_032501,2
APMAP:NM_020531,28
CST7:NM_003650,0
SYNDIG1:NM_024893,0
GGTLC1:NM_178311,0
CST5:NM_001900,0
CST2:NM_001322,1
CST1:NM_001898,0
CST4:NM_001899,0
CST3:NM_001288614,12
CST9:NM_001008693,1
CST9L:NM_080610,2
CST8:NM_001281730,0
CST11:NM_130794,0
NAPB:NM_001283018,38
GZF1:NM_022482,32
NXT1:NM_013248,38
CD93:NM_012072,0
THBD:NM_000361,3
SSTR4:NM_001052,0
FOXA2:NM_153675,6
PAX1:NM_006192,1
NKX2-2:NM_002509,0
NKX2-4:NM_033176,0
XRN2:NM_012255,45
KIZ:NM_001276389,28
RALGAPA2:NM_020343,18
INSM1:NM_002196,4
CFAP61:NM_015585,22
CRNKL1:NM_016652,2
NAA20:NM_181528,24
RIN2:NM_001378238,0
SLC24A3:NM_020689,2
SCP2D1:NM_178483,1
DTD1:NM_080820,14
SMIM26:NM_001348958,20
SEC23B:NM_032986,35
RBBP9:NM_006606,13
POLR3F:NM_006466,22
DZANK1:NM_001351683,22
ZNF133:NM_001283005,25
PET117:NM_001164811,24
KAT14:NM_001392075,24
OVOL2:NM_001303461,1
MGME1:NM_001363738,85
SNX5:NM_014426,87
BANF2:NM_001159495,1
RRBP1:NM_001365613,22
DSTN:NM_006870,25
BFSP1:NM_001278608,24
PCSK2:NM_001201528,1
OTOR:NM_020157,1
SNRPB2:NM_198220,25
KIF16B:NM_024704,30
FLRT3:NM_198391,1
MACROD2:NM_080676.6_2,0
NDUFAF5:NM_001352403.2_2,48
ESF1:NM_016649,48
ISM1:NM_080826,1
TASP1:NM_001323603,32
SPTLC3:NM_001349945,2
BTBD3:NM_001282552,17
JAG1:NM_000214,18
SLX4IP:NM_001009608,33
MKKS:NM_170784,36
SNAP25:NM_130811,4
ANKEF1:NM_198798,4
PAK5:NM_020341,0
LAMP5:NM_001199897,0
PLCB4:NM_001377134,11
PLCB1:NM_015192,0
TMX4:NM_021156,31
HAO1:NM_017545,1
BMP2:NM_001200,1
FERMT1:NM_017671,0
LRRN4:NM_152611,3
CRLS1:NM_001323562,44
MCM8:NM_001281521,45
TRMT6:NM_015939,45
CHGB:NM_001819,5
SHLD1:NM_152504,14
GPCPD1:NM_019593,27
PROKR2:NM_144773,1
CDS2:NM_003818,33
PCNA:NM_002592,34
TMEM230:NM_001330987,27
SLC23A2:NM_203327,2
RASSF2:NM_014737,2
PRND:NM_012409,2
PRNP:NM_001080122,11
ADRA1D:NM_000678,0
SMOX:NM_175841,13
RNF24:NM_007219,36
PANK2:NM_024960,42
MAVS:NM_001206491,16
AP5S1:NM_001204447,21
CDC25B:NM_001287517,17
CENPB:NM_001810,18
SPEF1:NM_015417,2
HSPA12B:NM_001318322,0
SIGLEC1:NM_023068,0
ADAM33:NM_025220,3
GFRA4:NM_145762,0
ATRN:NM_139321,30
DNAAF9:NM_001009984,29
SLC4A11:NM_001400277,11
ITPA:NM_001324240,38
DDRGK1:NM_023935,26
LZTS3:NM_001365618,27
FASTKD5:NM_021826,39
UBOX5:NM_014948,39
AVP:NM_000490,0
OXT:NM_000915,1
MRPS26:NM_030811,27
GNRH2:NM_001310220,4
PTPRA:NM_002836,1
VPS16:NM_080413,14
PCED1A:NM_001271168,14
TMEM239:NM_001318207,1
C20orf141:NM_001256538,1
CPXM1:NM_019609,0
EBF4:NM_001395168,5
IDH3B:NM_006899,19
NOP56:NM_006392,58
TMC2:NM_080751,1
ZNF343:NM_001282495,23
SNRPB:NM_003091,41
TGM6:NM_001254734,0
TGM3:NM_003245,3
STK35:NM_080836,43
PDYN:NM_001190899,1
SIRPA:NM_080792,0
SIRPG:NM_018556,0
SIRPB1:NM_006065,3
SIRPD:NM_178460,1
SIRPB2:NM_001122962,2
NSFL1C:NM_001206736,26
FKBP1A:NM_000801,36
SDCBP2:NM_080489,2
FKBP1A-SDCBP2:NR_037661,36
SNPH:NM_014723,10
RAD21L1:NM_001384357,15
C20orf202:NM_001394958,0
TMEM74B:NM_001387330,14
PSMF1:NM_001323407,0
RSPO4:NM_001029871,0
ANGPT4:NM_015985,0
FAM110A:NM_001289146,23
SLC52A3:NM_001370086,3
SCRT2:NM_033129,7
SRXN1:NM_080725,28
TCF15:NM_004609,9
CSNK2A1:NM_177559,31
TBC1D20:NM_144628,33
RBCK1:NM_001323958,33
TRIB3:NM_021158,27
NRSN2:NM_024958,21
SOX12:NM_006943,47
ZCCHC3:NM_033089,44
C20orf96:NM_080571,22
DEFB132:NM_207469,0
DEFB129:NM_080831,1
DEFB128:NM_001037732,2
DEFB127:NM_139074,0
DEFB126:NM_030931,4
DEFB125:NM_153325,1
MZF1:NM_003422,50
UBE2M:NM_003969,41
CHMP2A:NM_198426,26
TRIM28:NM_005762,69
ZBTB45:NM_001316980,20
SLC27A5:NM_012254,3
ZNF446:NM_001304453,30
ZNF324:NM_014347,28
ZNF132:NM_003433,1
ZNF324B:NM_207395,19
ZNF584:NM_001363680,66
RNF225:NM_001195135,1
RPS5:NM_001009,57
ZNF837:NM_138466,37
ZNF497:NM_198458,22
A1BG:NM_130786,2
ZSCAN22:NM_001321116,40
ERVK3-1:NM_001396080,37
ZNF8:NM_021089,54
ZNF544:NM_001387421,31
ZNF274:NM_016324,41
ZNF329:NM_024620,18
ZSCAN18:NM_001145542,0
ZNF135:NM_001164529,3
ZSCAN1:NM_182572,0
ZNF606:NM_025027,9
C19orf18:NM_152474,0
ZNF256:NM_005773,3
ZNF418:NM_001317027,3
ZNF417:NM_152475,13
ZNF814:NM_001144989,1
ZNF587:NM_001204817,29
ZNF587B:NM_001204818,1
ZNF552:NM_024762,23
ZNF586:NM_001077426,26
ZNF776:NM_001348007,28
ZNF671:NM_001321376,19
ZNF154:NM_001085384,1
ZNF551:NM_001270938,27
ZSCAN4:NM_001384833,6
ZNF211:NM_001265600,14
ZNF134:NM_003435,30
ZNF530:NM_001387563,19
ZIK1:NM_001321147,3
ZNF416:NM_017879,17
ZNF550:NM_001397372,33
ZNF549:NM_153263,9
ZNF773:NM_001304337,0
ZNF419:NM_001098496,11
ZNF772:NM_001024596,14
VN1R1:NM_020633,3
ZNF749:NM_001321954,34
ZNF17:NM_006959,30
ZNF548:NM_152909,23
TRAPPC2B:NM_001355204,11
ZNF547:NM_173631,11
ZNF304:NM_020657,27
ZNF543:NM_213598,37
ZNF460:NM_001330622,49
ZNF805:NM_001145078,40
AURKC:NM_001015879,2
ZNF264:NM_003417,18
DUXA:NM_001012729,2
ZIM3:NM_052882,0
USP29:NM_001389643,0
PEG3:NM_001369724,3
ZIM2:NM_001369770,3
ZNF835:NM_001005850,1
SMIM17:NM_001193628,0
ZNF71:NM_001370214,3
ZNF71-SMIM17:NR_163263,3
ZNF470:NM_001001668,0
ZFP28:NM_020828,1
ZNF471:NM_001321768,2
ZNF667:NM_001321356,1
ZNF583:NM_001159860,28
ZNF582:NM_001320371,17
EDDM13:NM_001354658,0
ZSCAN5A:NM_001322072,23
ZSCAN5C:NM_001358413,0
ZSCAN5B:NM_001385638,2
GALP:NM_001145546,1
ZNF444:NM_001253792,38
ZNF787:NM_001002836,45
NLRP5:NM_153447,3
NLRP8:NM_001317000,2
NLRP13:NM_001321057,0
NLRP4:NM_134444,1
NLRP11:NM_145007,1
RFPL4AL1:NM_001277397,0
RFPL4A:NM_001145014,1
NLRP9:NM_176820,2
EPN1:NM_013333,41
U2AF2:NM_001012478,91
CCDC106:NM_001370467,26
ZNF580:NM_207115,33
ZNF581:NM_016535,36
ZNF784:NM_203374,14
ZNF865:NM_001195605,26
ZNF524:NM_153219,41
FIZ1:NM_032836,41
ZNF579:NM_152600,23
SBK3:NM_001199824,1
SBK2:NM_001370096,0
SSC5D:NM_001144950,3
NAT14:NM_020378,22
ZNF628:NM_033113,21
C19orf85:NM_001386794,1
ISOC2:NM_024710,32
SHISA7:NM_001145176,5
UBE2S:NM_014501,53
RPL28:NM_001363697,94
TMEM238:NM_001190764,62
TMEM190:NM_139172,0
IL11:NM_000641,3
GARIN5B:NM_001145402,0
COX6B2:NM_001369800,13
KMT5C:NM_032701,33
TMEM150B:NM_001282011,2
BRSK1:NM_032430,1
HSPBP1:NM_001130106,32
PPP6R1:NM_014931,64
TMEM86B:NM_001372013,2
PTPRH:NM_002842,4
SYT5:NM_003180,7
DNAAF3:NM_001256714,24
TNNI3:NM_000363,24
TNNT1:NM_001291774,5
PPP1R12C:NM_017607,53
EPS8L1:NM_133180.3_10,1
RDH13:NM_138412.4_10,2
GP6:NM_001083899.2_10,29
NLRP2:NM_001174081.3_10,5
NLRP7:NM_001127255.1_10,3
NCR1:NM_001242357.3_18,3
FCAR:NM_133277.4_12,2
KIR3DL2:NM_001242867.2_47,1
KIR2DS4:NM_001281972.2_20,0
KIR3DL1:NM_013289.3_10,1
KIR2DL4:NM_001080770.2_15,2
KIR2DL1:NM_014218.3_34,1
KIR2DL3:NM_015868.3_31,0
KIR3DL3:NM_153443.5_47,2
LILRB4:NM_001394937.1_5,1
LILRB1:NM_001388355.1_4,3
LILRA1:NM_001278318.2_4,0
LILRA2:NM_001290271.2_4,0
LAIR2:NM_021270.5_4,1
CDC42EP5:NM_145057.4_4,2
LENG9:NM_001301782.2_2,18
LENG8:NM_001375641.1_4,90
TTYH1:NM_001005367.3_4,2
LAIR1:NM_001289026.3_5,0
LILRA4:NM_012276.5_4,0
LILRA5:NM_021250.4_5,2
LILRB2:NM_005874.5_5,0
LILRB5:NM_001081442.3_5,1
LILRB3:NM_001320960,0
RPS9:NM_001321704.2_10,77
TSEN34:NM_001282333.2_10,71
MBOAT7:NM_024298.5_10,66
TMC4:NM_001145303.3_10,1
LENG1:NM_024316.3_10,40
CNOT3:NM_014516.4_10,36
PRPF31:NM_015629.4_10,52
TFPT:NM_013342.4_10,52
NDUFA3:NM_004542.4_10,34
OSCAR:NM_206818.4_10,14
TARM1:NM_001135686.3_10,0
VSTM1:NM_198481.4_10,1
CACNG8:NM_031895,1
CACNG7:NM_001384801,1
PRKCG:NM_001316329,4
MYADM:NM_001290193,4
NLRP12:NM_001277129,3
DPRX:NM_001012728,0
ZNF331:NM_001317120,2
ZNF813:NM_001004301,13
ZNF761:NM_001289951,27
ZNF765:NR_146721,29
ZNF765-ZNF761:NM_001350496,29
ZNF525:NM_001348157,4
ZNF845:NM_138374,22
VN1R4:NM_173857,1
VN1R2:NM_173856,0
ZNF677:NM_001385611,5
ZNF665:NM_001353457,11
ZNF347:NM_001172674,27
ZNF415:NM_001352151,0
ZNF160:NM_001322130,31
ERVV-2:NM_001191055,2
ERVV-1:NM_152473,2
ZNF816:NM_001202456,47
ZNF816-ZNF321P:NM_001202473,47
ZNF888:NM_001384653,30
ZNF320:NM_001387570,33
ZNF468:NM_001277120,14
ZNF28:NM_001369765,22
ZNF600:NM_001321867,19
ZNF611:NM_001161499,13
ZNF83:NM_001348019,21
ZNF701:NM_018260,21
ZNF808:NM_001363550,30
ZNF578:NM_001099694,5
ZNF534:NM_001291369,2
ZNF528:NM_032423,11
ZNF880:NM_001145434,4
ZNF610:NM_001161426,1
ZNF480:NM_001297625,17
ZNF766:NM_001010851,28
PPP2R1A:NM_014225,43
ZNF836:NM_001102657,14
ZNF616:NM_178523,31
ZNF841:NM_001369829,38
ZNF432:NM_014650,32
ZNF614:NM_025040,37
ZNF615:NM_001199324,14
ZNF350:NM_021632,16
ZNF613:NM_001031721,31
ZNF649:NM_023074,37
FPR3:NM_002030,12
FPR2:NM_001005738,1
FPR1:NM_001193306,2
HAS1:NM_001523,0
SPACA6:NM_001316994,44
SIGLEC14:NM_001098612,0
SIGLEC5:NM_003830,5
ZNF175:NM_007147,54
SIGLEC6:NM_001177548,1
SIGLEC12:NM_053003,0
CEACAM18:NM_001278392,1
SIGLEC8:NM_014442,2
SIGLEC10:NM_033130,2
C19orf84:NM_001193623,9
LIM2:NM_030657,1
NKG7:NM_005601,2
CLDND2:NM_152353,40
ETFB:NM_001985,68
VSIG10L:NM_001163922,11
IGLON5:NM_001101372,2
SIGLECL1:NM_001385466,4
CD33:NM_001082618,15
SIGLEC7:NM_001277201,0
SIGLEC9:NM_001198558,2
CTU1:NM_145232,25
KLK14:NM_001311182,1
KLK13:NM_015596,3
KLK12:NM_145894,0
KLK11:NM_001167605,1
KLK10:NM_001077500,1
KLK9:NM_012315,0
KLK8:NM_144505,5
KLK7:NM_001243126,0
KLK6:NM_002774,2
KLK5:NM_012427,0
KLK4:NM_004917,2
KLK2:NM_001256080,1
KLK3:NM_001030048,0
KLK15:NM_017509,2
KLK1:NM_002257,1
ACP4:NM_033068,0
GPR32:NM_001506,3
CLEC11A:NM_002975,19
SHANK1:NM_016148,5
C19orf81:NM_001195076,4
SYT3:NM_001160328,11
LRRC4B:NM_001080457,4
ASPDH:NM_001024656,2
JOSD2:NM_138334,24
EMC10:NM_206538,26
GARIN5A:NM_001308429,26
MYBPC2:NM_004533,12
SPIB:NM_001243998,0
POLD1:NM_001256849,44
NR1H2:NM_001256647,33
NAPSA:NM_004851,0
KCNC3:NR_110912,18
MYH14:NM_024729,3
IZUMO2:NM_001321449,0
ZNF473:NM_001308424,65
VRK3:NM_016440,67
SIGLEC16:NM_001348364,0
SIGLEC11:NM_052884,0
ATF5:NM_012068,71
NUP62:NM_153719,69
IL4I1:NM_001258018,69
TBC1D17:NM_001168222,81
AKT1S1:NM_001278160,70
PNKP:NM_007254,41
PTOV1:NM_001305108,35
MED25:NM_001378355,56
FUZ:NM_001352262,19
AP2A1:NM_130787,35
TSKS:NM_021733,2
CPT1C:NM_001378485,2
ADM5:NM_001101340,1
PRMT1:NM_001207042,63
BCL2L12:NM_001282520,87
IRF3:NM_001197122,91
SCAF1:NM_021228,60
RRAS:NM_006270,39
PRR12:NM_020719,52
PRRG2:NM_000951,36
NOSIP:NM_001363649,36
RCN3:NM_020650,6
FCGRT:NM_001136019,2
RPS11:NM_001015,63
RPL13A:NM_001270491,101
FLT3LG:NM_001459,9
ALDH16A1:NM_001145396,48
PIH1D1:NM_017916,49
SLC17A7:NM_020309,20
GFY:NM_001385187,3
PTH2:NM_178449,3
KASH5:NM_144688,2
DKKL1:NM_001197302,22
TEAD2:NM_001256658,25
CD37:NM_001040031,3
SLC6A16:NM_014037,1
TRPM4:NM_001321285,43
HRC:NM_002152,11
PPFIA3:NM_003660,19
C19orf73:NM_018111,18
LIN7B:NM_001308419,19
SNRNP70:NM_001301069,55
KCNA7:NM_031886,4
NTF4:NM_001395489,1
CGB7:NM_001385261,10
CGB8:NM_033183,0
CGB5:NM_033043,0
CGB1:NM_001382421,2
CGB2:NM_033378,0
CGB3:NM_000737,0
LHB:NM_000894,4
RUVBL2:NM_001321191,67
GYS1:NM_002103,67
FTL:NM_000146,72
BAX:NM_001291431,21
DHDH:NM_014475,13
NUCB1:NM_006184,42
TULP2:NM_003323,36
PPP1R15A:NM_014330,73
PLEKHA4:NM_020904,4
HSD17B14:NM_016246,2
BCAT2:NM_001284325,36
FGF21:NM_019113,8
FUT1:NM_000148,8
IZUMO1:NM_182575,16
RASIP1:NM_017805,19
MAMSTR:NM_001130915,11
FUT2:NM_001097638,0
NTN5:NM_145807,2
CA11:NM_001217,14
DBP:NM_001352,44
SPHK2:NM_001243876,62
RPL18:NM_000979,63
SPACA4:NM_133498,0
FAM83E:NM_017708,5
SULT2B1:NM_177973,2
LMTK3:NM_001080434,15
CYTH2:NM_004228,37
KCNJ14:NM_013348,2
GRWD1:NM_031485,45
GRIN2D:NM_000836,16
KDELR1:NM_006801,40
SYNGR4:NM_012451,15
TMEM143:NM_018273,15
EMP3:NM_001425,33
ODAD1:NM_001364171,24
ZNF114:NM_001369811,2
ZSWIM9:NM_199341,35
LIG1:NM_000234,35
PLA2G4C:NM_001159323,6
CABP5:NM_019855,2
ELSPBP1:NM_022142,1
BSPH1:NM_001128326,3
SULT2A1:NM_003167,1
TPRX2:NM_001397348,1
CRX:NM_000554,1
TPRX1:NM_198479,4
SELENOW:NM_003009,45
NOP53:NM_015710,40
EHD2:NM_014601,25
BICRA:NM_015711,52
ZNF541:NM_001277075,1
NAPA:NM_003827,44
KPTN:NM_007059,17
SLC8A2:NM_015063,2
MEIS3:NM_001346148,1
DHX34:NM_014681,27
C5AR2:NM_001271749,1
C5AR1:NM_001736,0
CCDC9:NM_015603,43
BBC3:NM_001127240,23
SAE1:NM_001145713,43
ZC3H4:NM_015168,68
TMEM160:NM_017854,26
NPAS1:NM_002517,5
ARHGAP35:NM_004491,49
AP2S1:NM_001301081,33
SLC1A5:NM_005628,76
FKRP:NM_024301,40
STRN4:NM_001039877,40
PRKD2:NM_016457,42
DACT3:NM_145056,25
GNG8:NM_033258,10
PTGIR:NM_000960,0
CALM3:NM_001329921,58
PNMA8B:NM_020709,1
PNMA8A:NM_018215,20
PNMA8C:NM_001386793,4
CCDC8:NM_032040,35
PPP5C:NM_001204284,35
HIF3A:NM_152795,0
IGFL1:NM_198541,1
IGFL3:NM_207393,1
IGFL2:NM_001002915,1
PGLYRP1:NM_005091,0
CCDC61:NM_001267723,31
NOVA2:NM_002516,2
NANOS2:NM_001029861,1
MYPOP:NM_001012643,13
IRF2BP1:NM_015649,48
FOXA3:NM_004497,43
SYMPK:NM_004819,42
RSPH6A:NM_030785,0
DMWD:NM_004943,23
DMPK:NM_001288764,0
SIX5:NM_175875,70
MEIOSIN:NM_001310124,2
FBXO46:NM_001329633,3
QPCTL:NM_001163377,77
SNRPD2:NM_004597,77
GIPR:NM_001308418,41
EML2:NM_001352052,11
GPR4:NM_005282,0
OPA3:NM_001017989,28
VASP:NM_003370,89
PPM1N:NM_001080401,13
RTN2:NM_005619,12
FOSB:NM_001114171,63
ERCC1:NM_001369413,14
POLR1G:NM_012099,69
PPP1R13L:NM_001142502,69
ERCC2:NM_000400,24
KLC3:NM_177417,7
CKM:NM_001824,2
MARK4:NM_001199867,20
EXOC3L2:NM_001382422,6
BLOC1S3:NM_212550,70
TRAPPC6A:NM_024108,69
NKPD1:NM_198478,1
PPP1R37:NM_019121,59
GEMIN7:NM_001319055,27
ZNF296:NM_145288,27
CLASRP:NM_001278439,21
RELB:NM_006509,20
CLPTM1:NM_001282176,65
APOC2:NM_000483,2
APOC4-APOC2:NR_037932,2
APOC4:NM_001646,2
APOC1:NM_001321065,9
APOE:NM_000041,7
TOMM40:NM_006114,52
NECTIN2:NM_001042724,55
BCAM:NM_001013257,7
CBLC:NM_001130852,0
BCL3:NM_005178,19
CEACAM16:NM_001039213,1
CEACAM19:NM_001389722,0
PVR:NM_001135769,26
IGSF23:NM_001205280,0
CEACAM20:NM_001102597,2
ZNF180:NM_001288759,26
ZNF229:NM_001278510,6
ZNF285:NM_001291489,7
ZNF112:NM_001348281,1
ZNF235:NM_004234,22
ZNF233:NM_001207005,5
ZNF227:NM_001289170,32
ZNF226:NM_001388178,21
ZNF234:NM_001144824,6
ZNF225:NM_013362,35
ZNF224:NM_013398,38
ZNF284:NM_001037813,10
ZNF223:NM_013361,15
ZNF222:NM_001129996,18
ZNF230:NM_006300,26
ZNF155:NM_001260487,5
ZNF221:NM_001297588,15
ZNF45:NM_003425,30
ZNF404:NM_001033719,0
ZNF283:NM_181845,22
LYPD5:NM_182573,3
KCNN4:NM_002250,23
SMG9:NM_019108,43
IRGC:NM_019612,4
PLAUR:NM_001005376,18
CADM4:NM_145296,6
SRRM5:NM_001145641,0
ZNF428:NM_182498,30
ZNF576:NM_001145347,62
IRGQ:NM_001007561,61
PINLYP:NM_001193621,24
XRCC1:NM_006297,24
ZNF575:NM_001394237,26
ETHE1:NM_014297,20
PHLDB3:NM_198850,34
LYPD3:NM_014400,15
TEX101:NM_031451,0
CD177:NM_020406,1
PSG9:NM_002784,0
PSG4:NM_002780,0
PSG5:NM_002781,1
PSG2:NM_031246,0
PSG11:NM_002785,0
PSG7:NM_002783,0
PSG6:NM_001031850,1
PSG1:NM_001184825,1
PSG8:NM_001130167,0
PSG3:NM_021016,2
CEACAM8:NM_001816,1
CEACAM1:NM_001712,1
CXCL17:NM_198477,0
LIPE:NM_005357,1
CNFN:NM_032488,1
MEGF8:NM_001410,30
TMEM145:NM_173633,7
PRR19:NM_199285,26
PAFAH1B3:NM_001145940,26
CIC:NM_001304815,62
ERF:NM_006494,68
GSK3A:NM_019884,69
ZNF526:NM_133444,46
DEDD2:NM_001270614,47
POU2F2:NM_001393934,1
ZNF574:NM_001330519,1
GRIK5:NM_002088,1
ATP1A3:NM_001256214,4
RABAC1:NM_006423,29
ERFL:NM_001365103,34
ARHGEF1:NM_001396002,45
CD79A:NM_021601,3
RPS19:NM_001022,63
DMRTC2:NM_001040283,1
LYPD4:NM_173506,2
CEACAM3:NM_001277163,1
CEACAM6:NM_002483,0
CEACAM5:NM_001291484,4
CEACAM7:NM_006890.5_2,1
CEACAM4:NM_001362495.2_2,1
CEACAM21:NM_001288773.3_2,5
ERICH4:NM_001130514,2
DMAC2:NM_018035,16
B3GNT8:NM_198540,2
BCKDHA:NM_001164783,48
EXOSC5:NM_020158,50
TMEM91:NM_001098825,40
B9D2:NM_030578,40
TGFB1:NM_000660,76
CCDC97:NM_052848,49
HNRNPUL1:NM_144732,39
AXL:NM_001699,2
CYP2S1:NM_030622,4
CYP2F1:NM_000774,0
CYP2A13:NM_000766,0
CYP2B6:NM_000767,1
CYP2A7:NM_030589,0
CYP2A6:NM_000762,0
EGLN2:NM_080732,43
RAB4B:NM_016154,28
RAB4B-EGLN2:NR_037791,28
MIA-RAB4B:NR_037775,8
MIA:NM_001202553,6
SNRPA:NM_004596,69
C19orf54:NM_198476,64
ITPKC:NM_025194,66
COQ8B:NM_024876,66
NUMBL:NM_004756,31
LTBP4:NM_003573,0
SHKBP1:NM_138392,20
SPTBN4:NM_020971,20
BLVRB:NM_000713,27
SERTAD3:NM_203344,64
SERTAD1:NM_013376,45
PRX:NM_181882,1
HIPK4:NM_144685,0
PLD3:NM_001031696,40
C19orf47:NR_156465,40
AKT2:NM_001626,36
CCNP:NM_024877,2
TTC9B:NM_152479,3
MAP3K10:NM_002446,29
ZNF780A:NM_001142579.2_2,46
ZNF780B:NM_001005851.3_2,18
ZNF546:NM_001297763.2_2,37
PSMC4:NM_153001.3_2,51
FCGBP:NM_003890.2_2,1
FBL:NM_001436.4_2,47
DYRK1B:NM_004714.3_2,12
LEUTX:NM_001143832.2_2,2
CLC:NM_001828,3
LGALS14:NM_020129,0
LGALS16:NM_001190441,0
LGALS13:NM_013268,1
EID2:NM_153232,25
EID2B:NM_152361,33
SELENOV:NM_001350809,2
DLL3:NM_203486,4
TIMM50:NM_001329559,36
SUPT5H:NM_001319991,45
RPS16:NM_001363860,69
ZFP36:NM_003407,47
PLEKHG2:NM_001351693,54
MED29:NM_001317770,46
PAF1:NM_019088,46
SAMD4B:NM_001384574.2_2,47
GMFG:NM_004877.4_2,14
LRFN1:NM_020862.2_2,16
IFNL1:NM_172140.2_2,2
IFNL2:NM_172138.2_2,0
IFNL4:NR_074079,2
IFNL3:NM_001346937.2_2,1
SYCN:NM_001080468,4
NCCRP1:NM_001001414,1
PAK4:NM_001014834,21
ACP7:NM_001363687,2
FBXO27:NM_178820,23
FBXO17:NM_024907.7_2,23
MRPS12:NM_033362.4_2,71
SARS2:NM_001145901.2_2,71
CCER2:NM_001243212.2_2,0
NFKBIB:NM_001243116.2_2,34
SIRT2:NM_012237.4_2,34
RINL:NM_001195833.2_2,1
HNRNPL:NM_001005335.2_2,33
ECH1:NM_001398.3_2,17
LGALS4:NM_006149.4_2,0
LGALS7B:NM_001042507.4_2,0
LGALS7:NM_002307.4_2,0
CAPN12:NM_144691.4_2,0
ACTN4:NM_001322033.2_2,60
EIF3K:NM_001308393.2_2,48
MAP4K1:NM_007181.6_2,44
RYR1:NM_001042723,9
RASGRP4:NM_170604,3
FAM98C:NM_174905,16
SPRED3:NM_001394338,11
GGN:NM_152657,11
PSMD8:NM_002812,41
CATSPERG:NM_001330496,23
KCNK6:NM_004823,3
C19orf33:NM_033520,3
YIF1B:NM_001039672,32
SPINT2:NM_001166103,2
PPP1R14A:NM_033256,25
DPF1:NM_001363579,1
SIPA1L3:NM_015073,31
WDR87:NM_001291088,31
ZNF573:NM_152360,18
ZNF607:NM_032689,30
ZFP30:NM_001320668,54
ZNF571:NM_001321272,29
ZNF540:NM_152606,5
ZNF793:NM_001013659,5
ZNF570:NM_001300993,31
ZNF569:NM_001330482,31
ZNF527:NM_032453,10
ZNF875:NR_138103,1
ZNF383:NM_001345947,44
ZNF585B:NM_152279,22
ZNF585A:NM_152655,14
ZNF420:NM_001329519,37
ZNF568:NM_001204839,3
ZNF829:NM_001037232,3
ZNF790:NM_001242800,12
ZNF850:NM_001193552,39
ZNF567:NM_001387760,11
ZNF461:NM_001322821,11
ZNF382:NM_001256838,2
ZNF529:NM_001145649,2
ZNF260:NM_001375597,50
ZNF566:NM_001145345,41
ZFP82:NM_001321918,20
ZFP14:NM_001297619,18
ZNF146:NM_001099639,61
ZNF565:NM_001366188,0
COX7A1:NM_001864,0
CAPNS1:NM_001003962,54
TBCB:NR_155756,38
POLR2I:NM_006233,38
OVOL3:NM_001302757,0
WDR62:NM_173636,55
THAP8:NM_001331104,55
CLIP3:NM_015526,1
ALKBH6:NM_198867,39
SYNE4:NM_001039876,1
SDHAF1:NM_001042631,31
LRFN3:NM_024509,0
TYROBP:NM_003332,3
HCST:NM_014266,17
NFKBID:NM_032721,20
APLP1:NM_005166,9
KIRREL2:NM_199179,2
NPHS1:NM_004646,0
PRODH2:NM_021232,3
ARHGAP33:NM_001172630,15
PROSER3:NM_001395454,34
HSPB6:NM_144617,31
LIN37:NM_019104,23
PSENEN:NM_001281532,38
U2AF1L4:NM_001369824,38
IGFLR1:NM_001346006,22
KMT2B:NM_014727,66
ZBTB32:NM_001316903,10
UPK1A:NM_007000,0
COX6B1:NM_001863,39
ETV2:NM_001300974,14
RBM42:NM_001319113,36
HAUS5:NM_015302,22
PMIS2:NM_001395412,0
ATP4A:NM_000704,5
TMEM147:NM_001242598,51
GAPDHS:NM_014364,1
SBSN:NM_001166034,2
DMKN:NM_033317,0
KRTDAP:NM_207392,2
FFAR2:NM_001370087,0
GPR42:NM_001348195,4
FFAR3:NM_005304,0
FFAR1:NM_005303,2
CD22:NM_001278417,1
MAG:NM_001199216,1
HAMP:NM_021175,0
USF2:NM_001321150,39
LSR:NM_001260490,45
FAM187B:NM_152481,0
FXYD5:NM_001320913,74
FXYD7:NM_022006,6
FXYD1:NM_021902,2
LGI4:NM_139284,1
FXYD3:NM_005971,4
HPN:NM_002151,4
SCN1B:NM_001037,7
GRAMD1A:NM_001320036,1
ZNF792:NM_175872,44
ZNF30:NM_194325,24
ZNF599:NM_001007248,13
ZNF181:NM_001145665,36
ZNF302:NM_001289186,2
WTIP:NM_001080436.2_2,1
UBA2:NM_005499.3_2,56
PDCD2L:NM_001353433.2_2,33
GPI:NM_001184722.1_3,45
GARRE1:NM_014686.5_4,26
LSM14A:NM_001384422.1_2,65
KCTD15:NM_001129995,35
CHST8:NM_001127896,1
PEPD:NM_000285,18
CEBPG:NM_001806,29
CEBPA:NM_001287435,9
SLC7A10:NM_019849,0
LRP3:NM_002333,1
WDR88:NM_173479,3
GPATCH1:NM_018025,29
RHPN2:NM_033103,6
FAAP24:NM_001300978,30
CEP89:NM_032816,29
SLC7A9:NM_001243036,0
TDRD12:NM_001366102,1
NUDT19:NM_001105570,45
RGS9BP:NM_207391,34
ANKRD27:NM_032139,36
PDCD5:NM_004708,33
DPY19L3:NM_001172774,67
ZNF507:NM_014910,42
ZNF536:NM_001376110,2
URI1:NM_001252641,0
CCNE1:NM_001322262,30
C19orf12:NM_001256047,44
PLEKHF1:NM_024310,29
POP4:NM_006627,50
VSTM2B:NM_001384642,1
UQCRFS1:NM_006003,48
ZNF254:NM_001278663,34
ZNF726:NM_001348687,35
ZNF681:NM_138286,23
ZNF675:NM_138330,30
ZNF91:NM_003430,13
ZNF724:NM_001355406,7
ZNF730:NM_001277403,7
ZNF728:NM_001267716,2
ZNF723:NM_001349726,1
ZNF99:NM_001080409,0
ZNF492:NM_020855,2
ZNF98:NM_001098626,4
ZNF729:NM_001242680,1
ZNF676:NM_001001411.3_2,0
ZNF257:NM_001316998,13
ZNF208:NM_001329971,4
ZNF43:NM_001256648.2_2,17
ZNF100:NM_173531.4_2,39
ZNF429:NM_001346916,21
ZNF493:NM_175910,21
ZNF738:NM_001355237,16
ZNF708:NM_001297560,34
ZNF431:NM_133473,13
ZNF714:NM_182515,22
ZNF430:NM_001172671.2_2,27
ZNF85:NM_001256173.2_2,2
ZNF66:NM_001355197.2_2,8
ZNF626:NM_001076675,24
ZNF737:NM_001159293,4
ZNF486:NM_052852,7
ZNF90:NM_007138,3
ZNF682:NM_033196,2
ZNF93:NM_031218,22
ZNF253:NM_021047,32
ZNF506:NM_001099269,0
ZNF14:NM_021030,25
ZNF101:NM_001300949,19
ATP13A1:NM_020410,48
GMIP:NM_016573,25
LPAR2:NM_001395660,1
PBX4:NM_025245,7
CILP2:NM_153221,1
YJEFN3:NM_001190328,1
NDUFA13:NM_015965,50
TSSK6:NM_032037,49
GATAD2A:NM_001384540,52
MAU2:NM_015329,62
SUGP1:NM_172231,61
TM6SF2:NM_001001524,1
HAPLN4:NM_023002,2
NCAN:NM_004386,0
NR2C2AP:NM_176880,30
RFXANK:NM_134440,70
BORCS8:NM_001145784,71
MEF2B:NM_001145785,2
BORCS8-MEF2B:NM_005919,71
TMEM161A:NM_017814,42
SLC25A42:NM_001321544,28
ARMC6:NM_033415,47
SUGP2:NM_001352071,47
HOMER3:NM_004838,3
DDX49:NM_019070,69
COPE:NM_001330469,69
GDF1:NM_001492,5
CERS1:NM_001387440,5
UPF1:NM_002911,56
COMP:NM_000095,0
CRTC1:NM_015321,14
KLHL26:NM_018316,38
TMEM59L:NM_012109,2
CRLF1:NM_004750,3
REX1BD:NM_001100419,43
UBA52:NM_001321017,64
KXD1:NM_024069,32
FKBP8:NM_012181,24
ELL:NM_006532,47
ISYNA1:NM_016368,46
SSBP4:NM_001009998,55
LRRC25:NM_145256,6
GDF15:NM_004864,34
PGPEP1:NM_001329477,31
LSM4:NM_012321,40
JUND:NM_001286968,67
IQCN:NM_001145305,2
PDE4C:NM_000923,0
RAB3A:NM_002866,34
MPV17L2:NM_032683,47
IFI30:NM_006332,28
PIK3R2:NM_005027,56
MAST3:NM_001393520,10
IL12RB1:NM_001290024,9
ARRDC2:NM_001025604,29
KCNN1:NM_002248,7
CCDC124:NM_001136203,37
SLC5A5:NM_000453,2
RPL18A:NM_000980,81
JAK3:NM_000215,2
INSL3:NM_001265587,0
B3GNT3:NM_014256,7
FCHO1:NM_001384385,6
MAP1S:NM_018174,25
UNC13A:NM_001080421,2
COLGALT1:NM_024656,47
NIBAN3:NM_173544,1
PGLS:NM_012088,48
SLC27A1:NM_198580,30
NXNL1:NM_138454,0
TMEM221:NM_001190844,5
MVB12A:NM_001304547,39
BST2:NM_004335,38
CCDC194:NM_001395222,1
PLVAP:NM_031310,2
GTPBP3:NM_001195422,56
ANO8:NM_020959,52
DDA1:NM_024050,32
MRPL34:NM_001400072,19
ABHD8:NM_024527,15
ANKLE1:NM_001278443,12
BABAM1:NM_001288756,40
USHBP1:NM_001321417,2
NR2F6:NM_005234,45
OCEL1:NM_024578,30
USE1:NM_018467,37
MYO9B:NM_004145,66
HAUS8:NM_001011699,65
CPAMD8:NM_015692,0
F2RL3:NM_003950,53
SIN3B:NM_001297595,17
NWD1:NM_001007525,1
TMEM38A:NM_024074,45
SMIM7:NM_024104,44
MED26:NM_004831,54
SLC35E1:NM_024881,48
CHERP:NM_006387,67
C19orf44:NM_032207,19
CALR3:NM_145046,19
EPS15L1:NM_001258374,38
KLF2:NM_016270,6
AP1M1:NM_032493,29
FAM32A:NM_014077,23
CIB3:NM_054113,1
HSH2D:NM_032855,1
RAB8A:NM_005370,29
TPM4:NM_001145160,3
OR10H4:NM_001004465,2
CYP4F11:NM_001128932,1
CYP4F2:NM_001082,0
OR10H1:NM_013940,0
OR10H5:NM_001004466,1
OR10H3:NM_013938,1
OR10H2:NM_013939,3
CYP4F12:NM_023944,0
CYP4F3:NM_001199209,1
CYP4F8:NM_007253,1
CYP4F22:NM_173483,2
PGLYRP2:NM_001363546,1
RASAL3:NM_022904,4
WIZ:NM_001371589,6
AKAP8L:NM_014371,46
AKAP8:NM_005858,76
BRD4:NM_001379291,41
EPHX3:NM_001142886,4
NOTCH3:NM_000435,1
ILVBL:NM_006844,16
SYDE1:NM_001300910,1
OR1I1:NM_001004713,0
CASP14:NM_012114,1
CCDC105:NM_173482,0
SLC1A6:NR_073589,0
OR7C2:NM_012377,0
OR7A17:NM_030901,1
OR7A10:NM_001005190,1
OR7A5:NM_001370481,1
OR7C1:NM_001370485,1
ADGRE2:NM_013447,13
ZNF333:NM_001300912,23
ADGRE3:NM_032571,0
CLEC17A:NM_207390,0
NDUFB7:NM_004146,28
TECR:NM_001321170,26
DNAJB1:NM_001313964,26
GIPC1:NM_005716,13
PTGER1:NM_000955,6
PKN1:NM_002741,29
DDX39A:NR_046366,66
ADGRE5:NM_001784,43
ADGRL1:NM_001008701.3_2,16
ASF1B:NM_018154.3_2,43
PRKACA:NM_002730.4_2,17
SAMD1:NM_138352.3_2,39
C19orf67:NM_001277378.2_2,4
MISP3:NM_001393577.1_2,27
PALM3:NM_001145028.2_2,3
IL27RA:NM_004843.4_2,19
RLN3:NM_080864.4_2,1
RFX1:NM_002918.5_2,35
DCAF15:NM_001393640.1_2,22
PODNL1:NM_001146254.2_2,22
CC2D1A:NM_017721.5_2,27
BRME1:NM_001345843.2_2,27
ZSWIM4:NM_001367834.3_2,25
C19orf53:NM_014047,28
MRI1:NM_032285,30
YJU2B:NM_001320567,12
CACNA1A:NM_023035,0
IER2:NM_004907,65
STX10:NM_001271610,65
NACC1:NM_052876,73
TRMT1:NM_017722,76
LYL1:NM_005583,63
NFIX:NM_001365902,23
DAND5:NM_152654,0
GADD45GIP1:NM_052850,29
RAD23A:NM_001270362,43
CALR:NM_004343,47
FARSA:NM_004461,51
SYCE2:NM_001105578,0
GCDH:NR_102316,43
KLF1:NM_006563,48
DNASE2:NM_001375,22
MAST1:NM_014975,16
RTBDN:NM_001270440,11
RNASEH2A:NM_006397,28
THSD8:NM_001386800,38
PRDX2:NM_005809,38
JUNB:NM_002229,71
HOOK2:NM_001400043,72
BEST2:NM_017682,1
GET3:NM_001371488,45
TRIR:NM_024038,69
TNPO2:NM_001382241,62
FBXW9:NM_032301,19
GNG14:NM_001316692,0
DHPS:NR_161468,28
WDR83OS:NM_016145,55
WDR83:NM_001099737,16
MAN2B1:NM_000528,16
ZNF791:NM_153358,57
ZNF490:NM_020714,56
ZNF564:NM_144976,34
ZNF709:NM_152601,18
ZNF443:NM_005815,19
ZNF799:NM_001322498,17
ZNF442:NM_030824,26
ZNF563:NM_145276,14
ZNF44:NM_001353549,19
ZNF136:NM_001348013,34
ZNF625:NM_145233,3
ZNF20:NM_021143,16
ZNF625-ZNF20:NR_037802,3
ZNF844:NM_001136501,6
ZNF878:NM_001080404,17
ZNF433:NM_001308351,17
ZNF763:NM_001367174,0
ZNF700:NM_144566,39
ZNF69:NM_021915,17
ZNF439:NM_001348724,2
ZNF440:NM_152357,37
ZNF491:NM_152356,5
ZNF441:NM_152355,30
ZNF823:NM_001080493,28
ZNF627:NM_001290085,34
ACP5:NM_001111035,3
ELOF1:NM_001363675,57
CNN1:NM_001299,7
ECSIT:NM_016581,22
ZNF653:NM_138783,22
ELAVL3:NM_001420,7
PRKCSH:NM_001001329,29
ODAD3:NM_001302453,29
RGL3:NM_001161616,2
EPOR:NM_000121,30
SWSAP1:NM_175871,31
PLPPR2:NM_001393895,10
CCDC159:NM_001080503,31
TMEM205:NM_198536,31
RAB3D:NM_004283,9
TSPAN16:NM_012466,1
ANGPTL8:NM_018687,0
DOCK6:NM_001367830,14
KANK2:NM_001379563,29
SPC24:NM_182513,39
LDLR:NM_001195799,91
SMARCA4:NM_001374457,51
TIMM29:NM_138358,68
YIPF2:NM_001321439,68
CARM1:NM_001370088,29
C19orf38:NM_001136482,1
TMED1:NM_006858,31
DNM2:NM_001005362,47
QTRT1:NM_031209,31
ILF3:NM_001394817,84
SLC44A2:NM_001145056,20
AP1M2:NM_001300887,3
CDKN2D:NM_001800,22
KRI1:NM_023008,26
ATG4D:NM_032885,42
S1PR5:NM_001166215,7
KEAP1:NM_203500,44
PDE4A:NM_001243121,33
CDC37:NM_007065,73
TYK2:NM_001385204,35
ICAM3:NM_001320606,3
RAVER1:NM_133452,94
FDX2:NM_001397406,28
ZGLP1:NM_001103167,3
ICAM5:NM_003259,94
ICAM4:NM_001039132,35
ICAM1:NM_000201,27
MRPL4:NM_146387,57
S1PR2:NM_004230,24
DNMT1:NM_001130823,53
EIF3G:NM_003755,40
P2RY11:NM_002566,1
PPAN-P2RY11:NM_001040664,38
PPAN:NM_001346139,38
ANGPTL6:NM_001387348,38
SHFL:NM_001308277,22
RDH8:NM_015725,1
COL5A3:NM_015719,1
OLFM2:NM_058164,1
PIN1:NM_006221,35
UBL5:NM_001048241,69
FBXL12:NM_001316938,48
ZNF846:NM_001395830,24
ZNF562:NM_001130031,50
ZNF561:NM_152289,29
ZNF121:NM_001308269,48
ZNF426:NM_001300883,34
ZNF560:NM_152476,0
ZNF266:NM_001370392,31
ZNF177:NM_001384658,3
ZNF559-ZNF177:NM_001384659,20
ZNF559:NM_032497,20
ZNF699:NM_198535,34
OR7D4:NM_001005191,3
OR7E24:NM_001386108,2
OR7D2:NM_001386112,1
ZNF317:NM_001190791,26
OR7G3:NM_001001958,1
OR7G1:NM_001005192,7
OR7G2:NM_001005193,2
OR1M1:NM_001004456,1
MUC16:NM_001401501.1_2,0
MBD3L1:NM_001393532.1_2,31
ZNF558:NM_144693.3_2,31
OR2Z1:NM_001004699,0
ACTL9:NM_178525,2
NFILZ:NM_001378600,0
ADAMTS10:NM_030957,5
MYO1F:NM_012335,5
ZNF414:NM_001146175,10
PRAM1:NM_032152,3
HNRNPM:NM_001297418,48
MARCHF2:NM_001005416,10
RAB11B:NM_004218,34
ANGPTL4:NM_001039667,5
KANK3:NM_198471,4
RPS28:NM_001031,89
NDUFA7:NR_135539,89
CD320:NM_016579,22
CERS4:NM_024552,12
FBN3:NM_032447,3
CCL25:NM_001394634,6
ELAVL1:NM_001419,50
TIMM44:NM_006351,57
CTXN1:NM_206833,13
SNAPC2:NM_003083,38
TGFBR3L:NM_001195259,1
MAP2K7:NM_145185,51
LRRC8E:NM_001268285,11
PRR36:NM_001190467,3
EVI5L:NM_145245,10
CLEC4M:NM_001144904,1
CD209:NM_021155,2
CLEC4G:NM_198492,0
FCER2:NM_001220500,2
TRAPPC5:NM_001042462,25
MCEMP1:NM_174918,1
RETN:NM_001193374,2
STXBP2:NM_001127396,27
PCP2:NM_174895,3
PET100:NM_001171155,58
XAB2:NM_020196,58
CAMSAP3:NM_020902,0
PNPLA6:NM_006702,30
MCOLN1:NM_020533,24
ZNF358:NM_018083,3
TEX45:NM_198534,2
PEX11G:NM_001300881,9
ARHGEF18:NM_001367823,1
INSR:NM_000208,7
ZNF557:NM_001044387,47
MBD3L3:NM_001164425,0
MBD3L2:NM_144614,1
MBD3L4:NM_001164419,0
MBD3L5:NM_001136507,0
MBD3L2B:NM_001364674,0
ADGRE1:NM_001256254,0
VAV1:NM_001258207,8
SH2D3A:NM_005490,27
TRIP10:NM_004240,50
GPR108:NM_001394719,43
C3:NM_000064,1
TNFSF14:NM_003807,0
CD70:NM_001330332,2
TNFSF9:NM_003811,63
TUBB4A:NM_001289123,6
DENND1C:NM_024898,2
CRB3:NM_174882,0
SLC25A23:NM_024103,31
SLC25A41:NM_001321298,2
KHSRP:NM_001366299,43
GTF2F1:NM_002096,52
PSPN:NM_004158,4
ALKBH7:NM_032306,21
CLPP:NM_006012,23
ACER1:NM_133492,2
MLLT1:NM_005934,27
ACSBG2:NM_001289180,1
RFX2:NM_000635,24
RANBP3:NM_007322,51
CAPS:NM_080590.4_2,1
VMAC:NM_001017921.4_2,69
NDUFA11:NM_001193375.3_2,68
FUT5:NM_002034.2_2,2
FUT3:NM_001382748.1_2,1
FUT6:NM_000150.4_2,1
NRTN:NM_004558.5_2,8
DUS3L:NM_020175,38
PRR22:NM_001134316,0
CATSPERD:NM_152784,74
LONP1:NM_001276480,75
RPL36:NM_033643,58
HSD11B1L:NM_198704,43
MICOS13:NM_001308240,42
SAFB:NM_001320571,129
SAFB2:NM_014649,127
TINCR:NM_001396408,1
ZNRF4:NM_181710,2
PTPRS:NM_002850,10
KDM4B:NM_015015,36
UHRF1:NM_001290050,0
ARRDC5:NM_001367189,0
PLIN3:NM_005817,38
TICAM1:NM_182919,29
FEM1A:NM_018708,36
DPP9:NM_001384627,56
MYDGF:NM_019107,31
TNFAIP8L1:NM_152362,16
SEMA6B:NM_032108,2
LRG1:NM_052972,24
PLIN5:NM_001013706,2
PLIN4:NM_001393888,1
HDGFL2:NM_032631,37
UBXN6:NM_025241,24
CHAF1A:NM_005483,50
SH3GL1:NM_003025,40
MPND:NM_001159846,22
STAP2:NM_017720,6
FSD1:NM_001330429,1
TMIGD2:NM_144615,0
SHD:NM_001372011,2
YJU2:NM_018074,25
EBI3:NM_005755,1
ANKRD24:NM_001393555,34
SIRT6:NM_016539,34
CREB3L3:NM_001271995,2
MAP2K2:NM_030662,17
ZBTB7A:NM_015898,50
PIAS4:NM_015897,32
EEF2:NM_001961,92
DAPK3:NM_001348,24
NMRK2:NM_170678,2
ATCAY:NM_033064,1
ZFR2:NM_015174,2
MATK:NM_002378,0
RAX2:NM_001319074,0
MRPL54:NM_172251,38
APBA3:NM_004886,39
TJP3:NM_001267560,0
PIP5K1C:NM_012398,22
CACTIN:NM_001080543,37
TBXA2R:NM_001060,53
GIPC3:NM_133261,5
HMG20B:NM_006339,42
TEKTIP1:NM_001135580,1
MFSD12:NM_174983,36
FZR1:NM_016263,37
DOHH:NM_031304,44
SMIM44:NM_001395954,1
SMIM24:NM_001136503,6
NFIC:NM_001245005,46
CELF5:NM_001172673,0
NCLN:NM_001321463,65
S1PR4:NM_003775,0
GNA15:NM_002068,1
GNA11:NM_002067,31
TLE5:NM_198969,26
TLE2:NM_001144761,3
TLE6:NM_001143986,8
ZNF77:NM_021217,51
ZNF57:NM_173480,37
ZNF556:NM_024967,2
ZNF555:NM_001172775,30
ZNF554:NM_001102651,19
THOP1:NM_003249,30
SGTA:NM_003021,35
SLC39A3:NM_144564,25
DIRAS1:NM_145173,13
GNG7:NM_052847,7
GADD45B:NM_015675,25
LMNB2:NM_032737,52
TIMM13:NM_012458,38
TMPRSS9:NM_001395513,1
SPPL2B:NM_152988,62
LSM7:NM_016199,62
LINGO3:NM_001101391,1
PEAK3:NM_198532,5
OAZ1:NM_001301020,71
JSRP1:NM_144616,0
AMH:NM_000479,1
SF3A2:NM_007165,80
PLEKHJ1:NM_001300836,79
DOT1L:NM_032482,51
AP3D1:NM_001261826,40
IZUMO4:NM_001363588,27
MOB3A:NM_130807,29
MKNK2:NM_199054,31
BTBD2:NM_017797,8
CSNK1G2:NM_001319,63
ADAT3:NM_001329533,19
SCAMP4:NM_001329539,19
ABHD17A:NM_031213,24
KLF16:NM_031918,63
REXO1:NM_020695,45
ATP8B3:NM_001178002,11
ONECUT3:NM_001080488,2
TCF3:NM_003200,30
UQCR11:NM_006830,35
MBD3:NM_001281453,58
MEX3D:NM_203304,16
PLK5:NM_001243079,3
ADAMTSL5:NM_001367197,21
REEP6:NM_138393,33
PCSK4:NM_017573,31
C19orf25:NM_152482,39
APC2:NM_005883,3
RPS15:NM_001018,56
DAZAP1:NM_001352033,53
GAMT:NM_000156,16
NDUFS7:NM_024407,39
PWWP3A:NM_001369794,37
EFNA2:NM_001405,0
FAM174C:NM_017914,37
CIRBP:NR_023313,43
MIDN:NM_001388307,45
ATP5F1D:NM_001001975,48
CBARP:NM_152769,14
STK11:NM_000455,51
SBNO2:NM_014963.3_2,21
GPX4:NM_002085,35
POLR2E:NM_002695,24
ARHGAP45:NM_001258328,10
ABCA7:NM_019112,40
CNN2:NM_001303499,42
TMEM259:NM_001033026,42
GRIN3B:NM_138690,3
WDR18:NM_001372086,36
ARID3A:NM_005224,73
KISS1R:NM_032551,28
R3HDM4:NM_138774,31
MED16:NM_005481.3_2,31
CFD:NM_001928.4_2,21
ELANE:NM_001972.4_2,1
PRTN3:NM_002777.4_2,2
AZU1:NM_001700.5_2,3
PLPPR3:NM_024888,23
PTBP1:NM_031991,73
MISP:NM_173481,0
PALM:NM_001040134,8
PRSS57:NM_214710,2
FSTL3:NM_005860,2
RNF126:NM_194460,51
FGF22:NM_001300812,12
POLRMT:NM_005035,24
HCN2:NM_001194,6
BSG:NM_198590,36
GZMM:NM_001258351,3
CDC34:NM_004359,55
TPGS1:NM_033513,48
MADCAM1:NM_130762,1
ODF3L2:NM_001385599,8
SHC2:NM_012435,9
C2CD4C:NM_001136263,2
THEG:NM_016585,0
MIER2:NM_001387156,30
PLPP2:NM_003712,6
OR4F17:NM_001005240,1
PARD6G:NM_032510,8
ADNP2:NM_014913,20
RBFA:NM_001171967,39
TXNL4A:NM_001305563,38
HSBP1L1:NM_001136180,0
SLC66A2:NM_025078,12
KCNG2:NM_012283,0
CTDP1:NM_048368.4_2,38
NFATC1:NM_172388,7
ATP9B:NM_001306085,26
SALL3:NM_171999.4_3,1
GALR1:NM_001480,0
MBP:NM_001025101,1
ZNF236:NM_001306089,37
ZNF516:NM_014643,2
SMIM21:NM_001037331,1
TSHZ1:NM_005786,37
PTGR3:NM_175907,48
ZNF407:NM_017757,48
CNDP1:NM_032649,1
CNDP2:NM_001370248,26
DIPK1C:NM_001044369,1
C18orf63:NM_001174123,1
CYB5A:NM_001914,8
TIMM21:NM_014177,45
FBXO15:NM_152676,41
NETO1:NM_001354018,0
CBLN2:NM_182511,0
SOCS6:NM_004232,21
RTTN:NM_173630,17
CD226:NM_006566,1
DOK6:NM_152721,1
CCDC102B:NM_001093729,27
TMX3:NM_001350517,27
DSEL:NM_032160.3_2,9
CDH19:NM_021153,0
CDH7:NM_033646,0
SERPINB8:NM_001348367,4
HMSD:NM_001123366,1
SERPINB10:NM_005024,0
SERPINB2:NM_002575,0
SERPINB7:NM_001040147,0
SERPINB11:NM_080475,1
SERPINB3:NM_006919,1
SERPINB4:NM_002974,0
SERPINB13:NM_001348268,0
SERPINB12:NM_001307928,1
SERPINB5:NM_002639,2
VPS4B:NM_004869,28
KDSR:NM_002035,36
BCL2:NM_000633,4
PHLPP1:NM_194449,19
ZCCHC2:NR_126534,36
TNFRSF11A:NM_001278268,7
RELCH:NM_001346233,55
PIGN:NM_176787,56
RNF152:NM_173557,1
CDH20:NM_031891,0
MC4R:NM_005912,2
PMAIP1:NM_021127,28
CCBE1:NM_133459,1
LMAN1:NM_005570,31
CPLX4:NM_181654,2
RAX:NM_013435,3
GRP:NM_001012513,0
SEC11C:NM_001307941,17
ZNF532:NM_001353533,2
MALT1:NM_173844,13
ALPK2:NM_052947,1
NEDD4L:NM_001243960,32
ATP8B1:NM_001374385,4
NARS1:NM_004539,26
FECH:NM_001371095,35
ONECUT2:NM_004852,6
ST8SIA3:NM_015879,0
BOD1L2:NM_001257964,2
WDR7:NM_052834,24
TXNL1:NM_004786,27
TCF4:NM_001243226,3
CCDC68:NM_025214,7
RAB27B:NM_001375327,4
DYNAP:NM_001307955,2
C18orf54:NM_001288981,35
STARD6:NM_001394379,35
POLI:NM_001351621,7
MBD2:NM_003927,17
DCC:NM_005215,0
MEX3C:NM_016626,32
SMAD4:NM_005359,26
ELAC1:NM_018696,19
ME2:NM_001168335,39
MRO:NM_001369508,0
MAPK4:NM_001292039,2
SKA1:NM_145060.4_2,30
CXXC1:NM_001101654,40
MBD1:NM_001323953,29
CFAP53:NM_145020,1
MYO5B:NM_001080467,3
ACAA2:NM_006111,21
LIPG:NM_001308006,5
RPL17:NM_001199342,44
RPL17-C18orf32:NM_001199356,44
C18orf32:NM_001035005,25
DYM:NM_001374428,23
SMAD7:NM_005904,17
CTIF:NM_014772.3_2,18
ZBTB7C:NM_001371287,2
SMAD2:NM_001003652,39
SKOR2:NM_001278063,0
IER3IP1:NM_016097,26
HDHD2:NM_001318765,30
ELOA2:NM_016427,1
KATNAL2:NM_001353903,33
PIAS2:NM_001324049,33
ST8SIA5:NM_001307986,1
LOXHD1:NM_001384474,0
RNF165:NM_152470,2
C18orf25:NM_001008239,46
HAUS1:NM_138443,32
ATP5F1A:NM_001001937,32
PSTPIP2:NM_024430,18
SIGLEC15:NM_213602,0
EPG5:NM_020964,25
SLC14A1:NM_001308279,1
SLC14A2:NM_001371319,1
SETBP1:NM_001379141,4
SYT4:NM_020783,1
RIT2:NM_001272077,1
PIK3C3:NM_001308020,65
CELF4:NM_001353740,1
KIAA1328:NR_136303,69
TPGS2:NM_001271956,69
FHOD3:NM_001281739,4
MOCOS:NM_017947,37
ELP2:NM_001324468,72
SLC39A6:NM_012319,72
RPRD1A:NM_001303411,49
C18orf21:NM_001201476,66
GALNT1:NM_001384438,31
INO80C:NM_001098817,29
ZNF396:NM_001322290,16
ZNF24:NM_006965,44
ZSCAN30:NM_001166012,50
ZNF397:NM_032347,24
MAPRE2:NM_001143826,27
DTNA:NM_001386768,1
NOL4:NM_001384469,2
ASXL3:NM_030632,2
CCDC178:NM_001371120,5
KLHL14:NM_020805,1
GAREM1:NM_001242409,14
MEP1B:NM_001308171,2
RNF138:NM_016271,46
RNF125:NM_017831,2
TRAPPC8:NM_014939,61
SLC25A52:NM_001034172,3
B4GALT6:NM_001378109,7
TTR:NM_000371,4
DSG2:NM_001943,40
DSG3:NM_001944,3
DSG4:NM_001134453,0
DSG1:NM_001942,1
DSC1:NM_004948,1
DSC2:NM_004949,33
DSC3:NM_024423,1
CDH2:NM_001792,1
CHST9:NM_031422,5
AQP4:NM_001364287,0
KCTD1:NM_001258222,1
TAF4B:NM_005640,72
PSMA8:NM_001025097,5
SS18:NM_001308201,71
ZNF521:NM_015461,18
HRH4:NM_001143828,2
IMPACT:NM_018439,23
OSBPL1A:NM_080597,3
CABYR:NM_138643,1
TTC39C:NM_153211,1
LAMA3:NM_001127717,3
ANKRD29:NM_173505,1
NPC1:NM_000271,51
RMC1:NM_001276342,55
RIOK3:NM_001348193,52
TMEM241:NM_001318834,21
CABLES1:NM_001256438,5
RBBP8:NM_002894,68
CTAGE1:NM_172241.3_2,5
GATA6:NM_005257,6
MIB1:NM_020774,56
ABHD3:NM_138340,38
SNRPD1:NM_001291916,54
ESCO1:NM_052911,70
GREB1L:NM_001142966,1
ROCK1:NM_005406,41
ANKRD30B:NM_001367607,0
POTEC:NM_001137671,0
ZNF519:NR_033354,5
MC2R:NM_001291911,1
MC5R:NM_005913,1
RNMT:NM_001378134,70
FAM210A:NM_001098801,70
LDLRAD4:NM_001394666,3
CEP192:NM_032142,45
SEH1L:NM_031216,35
PTPN2:NM_001207013,38
CEP76:NR_073537,96
PSMG2:NM_147163,28
SPIRE1:NM_001394323,4
PRELID3A:NM_006553,16
AFG3L2:NM_006796,45
TUBB6:NM_001303525,32
CIDEA:NM_001279,1
ANKRD62:NM_001277333,1
IMPA2:NM_014214,21
MPPE1:NM_023075,30
CHMP1B:NM_020412,62
GNAL:NM_182978,2
SLC35G4:NM_001282300,0
PIEZO2:NM_001378183,1
NAPG:NM_003826,43
APCDD1:NM_153000,1
VAPA:NM_194434,74
TXNDC2:NM_032243,6
RAB31:NM_006868,57
PPP4R1:NM_001042388,42
RALBP1:NM_006788,80
TWSG1:NM_020648,33
ANKRD12:NM_001083625,79
NDUFV2:NM_021074,73
MTCL1:NM_001378207,21
RAB12:NM_001025300,34
PTPRM:NM_002845,17
LRRC30:NM_001105581,2
LAMA1:NM_005559,3
ARHGAP28:NM_001366230,24
L3MBTL4:NM_001365765,0
TMEM200C:NM_001080209,2
EPB41L3:NM_001384698,2
ZBTB14:NM_001243704,43
AKAIN1:NM_001330553,3
DLGAP1:NM_001398525,4
TGIF1:NM_174886,1
MYL12B:NM_033546,95
MYL12A:NM_001303048,92
MYOM1:NM_003803,2
LPIN2:NM_001375809,44
EMILIN2:NM_032048,23
SMCHD1:NM_015295,91
NDC80:NM_006101,87
METTL4:NM_022840,87
ADCYAP1:NM_001099733,3
YES1:NM_005433,107
ENOSF1:NM_001354067,49
TYMS:NM_001354868,85
CLUL1:NM_014410,8
CETN1:NM_004066,5
COLEC12:NM_130386,6
THOC1:NM_005131,71
USP14:NM_001037334,42
TUBB8B:NM_001389610,3
METRNL:NM_001004431.3_2,20
B3GNTL1:NM_001009905.3_2,16
ZNF750:NM_024702,2
TBCD:NM_005993.5_2,41
FN3K:NM_022158,15
FN3KRP:NM_024619,31
RAB40B:NM_006822,12
WDR45B:NM_019613,43
FOXK2:NM_004514,39
NARF:NM_001038618,39
CYBC1:NM_001193653,23
HEXD:NM_001369488,19
OGFOD3:NM_175902,19
UTS2R:NM_001381897,0
TEX19:NM_207459,1
SECTM1:NM_003004,2
CD7:NM_006137,1
CSNK1D:NM_001363749,33
SLC16A3:NM_001042422,1
CCDC57:NM_001394670,31
FASN:NM_004104,64
DUS1L:NM_022156,37
GPS1:NM_001394769,35
RFNG:NM_002917,35
DCXR:NM_016286,30
RAC3:NM_005052,34
LRRC45:NM_144999,63
CENPX:NM_001330536,63
ASPSCR1:NM_001330528,26
NOTUM:NM_178493,17
MYADML2:NM_001145113,0
PYCR1:NM_006907,37
MAFG:NM_002359,41
SIRT7:NM_016538,41
NPB:NM_148896,5
PCYT2:NM_001256435,20
ANAPC11:NM_001289414,69
ALYREF:NR_158770,68
ARHGDIA:NM_001301243,48
P4HB:NM_000918,61
PPP1R27:NM_001007533.4_2,22
MCRIP1:NM_001288798.2_2,32
GCGR:NM_000160.5_2,2
SLC25A10:NM_001270953,36
MRPL12:NM_002949,79
HGS:NM_004712,56
ARL16:NM_001329608,56
CCDC137:NM_199287,59
OXLD1:NM_001304999,59
PDE6G:NM_001365724,1
TSPAN10:NM_001290212,43
NPLOC4:NM_001369698,43
FAAP100:NM_025161,54
FSCN2:NM_012418.4_2,1
ACTG1:NM_001199954.3_2,70
BAHCC1:NM_001377448.1_2,24
SLC38A10:NM_001037984,51
NDUFAF8:NM_001086521,40
TEPSIN:NM_001363764,40
CEP131:NM_001319228,23
PVALEF:NM_001354639,0
AATK:NM_001080395,0
BAIAP2:NM_001385127,28
CHMP6:NM_024591,27
RPTOR:NM_001163034,66
NPTX1:NM_002522,3
ENDOV:NM_001164637,37
RNF213:NM_001256071,27
SLC26A11:NM_001166349,17
SGSH:NM_001352922.2_2,17
CARD14:NM_001366385.1_2,2
EIF4A3:NM_014740.4_2,65
GAA:NM_001079804.3_2,22
CCDC40:NM_017950.4_2,10
TBC1D16:NM_019020.4_2,10
CBX4:NM_003655,36
CBX8:NM_020649,13
CBX2:NM_005189,29
ENPP7:NM_178543,0
RBFOX3:NM_001385807,0
ENGASE:NM_001396055,20
C1QTNF1:NM_153372,2
CANT1:NM_001159772,24
LGALS3BP:NM_005567,3
CEP295NL:NM_001243541,0
TIMP2:NM_003255,1
USP36:NM_001385169,44
CYTH1:NM_001365039,29
DNAH17:NM_173628,2
PGS1:NM_024419,55
SOCS3:NM_001378933,33
TMEM235:NM_001204212,0
BIRC5:NM_001012270,49
AFMID:NM_001392007,40
TK1:NM_001363848,40
SYNGR2:NM_001320523,34
C17orf99:NM_001163075,22
TMC8:NM_152468,15
TMC6:NM_001127198,67
TNRC6C:NM_001395512,32
SEPTIN9:NM_001293695,8
SEC14L1:NM_001204408,34
MGAT5B:NM_144677,7
MFSD11:NM_001353017,126
SRSF2:NM_003016,115
METTL23:NM_001378351,66
JMJD6:NM_001081461,66
MXRA7:NM_001008528,14
ST6GALNAC1:NM_001289107,32
ST6GALNAC2:NM_006456,2
PRCD:NR_033357,0
CYGB:NM_134268,1
RHBDF2:NM_024599,19
AANAT:NM_001166579,21
UBE2O:NM_022066,21
SPHK1:NM_001355139,43
PRPSAP1:NM_001366236,30
QRICH2:NM_001388453,0
UBALD2:NM_182565,49
RNF157:NM_052916,29
FOXJ1:NM_001454,1
EXOC7:NM_001145297,32
ZACN:NM_180990,2
GALR2:NM_003857,7
SRP68:NM_014230,36
EVPL:NM_001320747,0
CDK3:NM_001258,1
TEN1:NM_001113324,44
TEN1-CDK3:NR_037709,44
ACOX1:NM_001185039,44
FBF1:NM_001319193,28
MRPL38:NM_032478,34
TRIM65:NM_173547,34
TRIM47:NM_033452,8
WBP2:NM_001348170,48
UNC13D:NM_199242,39
UNK:NM_001080419,33
H3-3B:NM_005324,49
GALK1:NM_001381985,19
ITGB4:NM_001321123,1
SAP30BP:NM_001301839,60
SMIM6:NM_001162997,2
SMIM5:NM_001162995,2
RECQL5:NM_004259,60
MYO15B:NM_001395058,6
LLGL2:NM_004524,28
TSEN54:NM_207346,36
CASKIN2:NM_020753,36
TMEM94:NM_001351202,31
GRB2:NM_002086,41
SLC25A19:NM_001126121,34
MIF4GD:NM_001242500,49
MRPS7:NM_015971,70
GGA3:NM_001172703,70
NUP85:NM_001303276,61
SUMO2:NM_006937,69
JPT1:NM_001002033,62
NT5C:NM_014595,28
ARMC7:NM_001304271,28
SLC16A5:NM_001271765,5
ATP5PD:NM_006356,51
KCTD2:NR_110835,20
MRPL58:NM_001303265,37
CDR2L:NM_014603,29
HID1:NM_030630,3
OTOP3:NM_178233,0
OTOP2:NM_178160,10
USH1G:NM_173477,10
FADS6:NM_178128,1
FDXR:NM_001258013,37
GRIN2C:NM_000835,1
TMEM104:NM_001321264,39
NAT9:NM_001305082,39
SLC9A3R1:NM_004252,23
CD300LF:NM_001289086,3
RAB37:NM_175738,1
CD300E:NM_181449,2
CD300LD:NM_001115152.2_2,3
CD300H:NM_001324073.2_2,0
CD300C:NM_006678.5_2,1
CD300LB:NM_174892.4_2,1
CD300A:NM_001330456.1_2,3
GPRC5C:NM_001366261.2_2,10
GPR142:NM_181790,0
BTBD17:NM_001080466,0
KIF19:NM_153209,2
DNAI2:NM_001172810,2
TTYH2:NM_032646,7
RPL38:NM_001035258,49
SDK2:NM_001144952,0
CDC42EP4:NM_012121,45
CPSF4L:NM_001129885,0
C17orf80:NM_001288770,56
FAM104A:NM_001289411,56
COG1:NM_018714,44
SSTR2:NM_001050,0
SLC39A11:NM_001352691,21
SOX9:NM_000346,1
KCNJ2:NM_000891,8
KCNJ16:NM_170741,1
MAP2K6:NM_002758,7
ABCA5:NM_172232,4
ABCA10:NM_080282,1
ABCA6:NM_080284,5
ABCA9:NM_080283,1
ABCA8:NM_001288985,9
FAM20A:NM_001243746,2
WIPI1:NM_017983,11
PRKAR1A:NM_001278433,1
SLC16A6:NM_001174166,25
ARSG:NM_001352904,0
AMZ2:NM_001346480,17
KPNA2:NM_002266,51
C17orf58:NM_001382359,3
BPTF:NM_182641,28
NOL11:NM_001303272,73
PITPNC1:NM_012417,32
PSMD12:NM_001316341,57
HELZ:NM_001330447,61
CACNG1:NM_000727,0
CACNG4:NM_014405,4
CACNG5:NM_001371476,0
PRKCA:NM_002737,41
APOH:NM_000042,0
CEP112:NM_001353129,8
AXIN2:NM_004655,16
RGS9:NM_001081955,0
GNA13:NM_006572,37
LRRC37A3:NM_199340.5_3,27
SMURF2:NM_022739,34
CEP95:NM_001316990,90
DDX5:NM_001320595,91
POLG2:NM_007215,53
MILR1:NM_001369493,2
PECAM1:NM_000442,3
TEX2:NM_018469,41
ERN1:NM_001433,34
ICAM2:NM_001099786,3
PRR29:NM_001191030,6
SCN4A:NM_000334,1
CD79B:NM_001039933,1
GH1:NM_000515,2
CSHL1:NM_022579,1
CSH1:NM_001317,1
GH2:NM_022557,1
CSH2:NM_022644,0
SMARCD2:NM_001098426,70
PSMC5:NM_002805,78
FTSJ3:NM_017647,77
DDX42:NM_203499,103
CCDC47:NM_020198,103
STRADA:NM_001363788,42
LIMD2:NM_030576,3
MAP3K3:NM_001330431,38
TACO1:NM_016360,41
DCAF7:NM_005828,67
KCNH6:NM_173092,1
ACE:NM_001382700,10
CYB561:NM_001017916,15
TANC2:NM_025185,20
MARCHF10:NM_001288779,2
MRC2:NM_006039,7
TLK2:NM_001375271,20
METTL2A:NM_181725,26
EFCAB3:NM_001144933,1
MED13:NM_005121,57
INTS2:NM_001351695,31
BRIP1:NM_032043,53
NACA2:NM_199290,3
TBX4:NM_001321120,1
TBX2:NM_005994,1
BCAS3:NM_017679,35
PPM1D:NM_003620,70
APPBP2:NM_006380,47
C17orf64:NM_181707,1
USP32:NM_032582,73
HEATR6:NM_022070,35
RNFT1:NM_016125,24
RPS6KB1:NM_001369671,54
TUBD1:NM_001193612,54
VMP1:NM_001329402,90
PTRH2:NM_001015509,92
CLTC:NM_004859,83
DHX40:NM_001166301,30
YPEL2:NM_001005404,14
GDPD1:NM_001165993,31
SMG8:NM_018149,38
PRR11:NM_018304,76
SKA2:NM_001100595,75
TRIM37:NM_001005207,52
PPM1E:NM_014906,20
RAD51C:NM_058216,32
IGBP1P2:NM_001395966,30
TEX14:NM_001201457,30
SEPTIN4:NM_001368771,2
MTMR4:NM_001378066,36
HSF5:NM_001080439,2
RNF43:NM_001305544,5
SUPT4H1:NM_003168,44
TSPOAP1:NM_004758,31
MPO:NM_000250,0
LPO:NM_001160102,1
MKS1:NM_017777,17
EPX:NM_000502,2
OR4D2:NM_001004707,1
OR4D1:NM_012374,0
DYNLL2:NM_080677,48
SRSF1:NM_001078166,79
VEZF1:NM_001330393,49
CUEDC1:NM_001271875,10
MRPS23:NM_016070,55
CCDC182:NM_001282544,0
MSI2:NM_001322250,38
AKAP1:NM_003488,46
SCPEP1:NM_021626,12
COIL:NM_004645,20
TRIM25:NM_005082,58
DGKE:NM_003647,42
C17orf67:NM_001085430,42
NOG:NM_005450,2
ANKFN1:NM_001370326,0
PCTP:NM_001330378,34
TMEM100:NM_001099640,5
SMIM36:NM_001395421,0
MMD:NM_012329,35
HLF:NM_002126,5
STXBP4:NM_178509,51
COX11:NR_135677,51
TOM1L1:NM_001321174,32
KIF2B:NM_032559,0
CA10:NM_001082534,1
UTP18:NM_016001,108
MBTD1:NM_017643,109
NME2:NM_001018137,45
NME1:NM_000269,56
NME1-NME2:NM_001018136,56
SPAG9:NM_001130528,61
TOB1:NM_001243877,49
WFIKKN2:NM_001330341,0
ANKRD40CL:NM_001358683,1
LUC7L3:NM_001330330,60
ANKRD40:NM_052855,37
ABCC3:NM_003786,4
CACNA1G:NM_001256332,5
SPATA20:NM_001258372,4
EPN3:NM_017957,1
MYCBPAP:NM_032133,2
RSAD1:NM_018346,28
CHAD:NM_001267,1
ACSF2:NM_001288971,21
LRRC59:NM_018509,58
EME1:NM_152463,43
MRPL27:NM_016504,43
XYLT2:NM_022167,23
TMEM92:NM_001168215,4
COL1A1:NM_000088,5
SGCA:NM_001135697,2
PPP1R9B:NM_032595,53
SAMD14:NM_174920,6
PDK2:NM_001199898,4
ITGA3:NM_002204,7
DLX3:NM_005220,4
DLX4:NM_138281,14
TAC4:NM_170685,3
KAT7:NM_001199158,45
FAM117A:NM_030802,45
SLC35B1:NM_005827,40
SPOP:NM_001007226,36
NXPH3:NM_007225,11
NGFR:NM_002507,3
PHB1:NM_001281496,34
ZNF652:NM_014897,27
PHOSPHO1:NM_001143804,21
ABI3:NM_001135186,1
GNGT2:NM_001198754,1
B4GALNT2:NM_001159388,2
IGF2BP1:NM_001160423,126
GIP:NM_004123,0
SNF8:NM_001317194,43
UBE2Z:NM_023079,40
ATP5MC1:NM_001002027,52
CALCOCO2:NM_001261395,29
TTLL6:NM_001130918,3
HOXB13:NM_006361,5
PRAC1:NM_032391,0
PRAC2:NM_001282275,0
HOXB9:NM_024017,84
HOXB8:NM_024016,1
HOXB7:NM_004502,15
HOXB6:NM_001369397,32
HOXB5:NM_002147,1
HOXB4:NM_024015,80
HOXB3:NM_001384749,0
HOXB2:NM_002145,85
HOXB1:NM_002144,1
SKAP1:NM_003726,2
SNX11:NM_013323,54
CBX1:NM_001127228,35
NFE2L1:NM_001330261,48
COPZ2:NM_016429,2
CDK5RAP3:NM_001278197,13
PRR15L:NM_024320,0
PNPO:NM_018129,23
SP2:NM_003110,61
SP6:NM_199262,1
SCRN2:NM_001145023,25
LRRC46:NM_033413,41
MRPL10:NM_148887,41
OSBPL7:NM_145798,21
TBX21:NM_013351,0
TBKBP1:NM_001394756,19
KPNB1:NM_002265,49
NPEPPS:NM_001330257,1
EFCAB13:NM_152347,13
ITGB3:NM_000212,17
MYL4:NM_001002841,26
CDC27:NM_001114091,44
RPRML:NM_203400,4
GOSR2:NM_001321133,57
WNT9B:NM_001320458.2_2,4
WNT3:NM_030753.5_3,3
NSF:NM_006178.4_3,0
ARL17A:NM_001288812.1_2,1
LRRC37A2:NM_001006607.3_3,0
ARL17B:NM_001103154,3
LRRC37A:NM_014834.4_2,0
KANSL1:NM_001379198.1_3,11
STH:NM_001007532.3_3,0
MAPT:NM_016841.5_3,8
SPPL2C:NM_175882.3_3,0
CRHR1:NM_001303018.2_3,3
LINC02210-CRHR1:NM_001256299.3_3,3
PLEKHM1:NM_014798.3_3,13
ARHGAP27:NM_001282290.2_3,3
MAP3K14:NM_003954,34
SPATA32:NM_152343,4
FMNL1:NM_005892,33
HEXIM2:NM_001303436,44
HEXIM1:NM_006460,93
ACBD4:NM_001321353,29
PLCD3:NM_133373,29
NMT1:NM_021079,71
DCAKD:NM_001288654,71
C1QL1:NM_006688,2
KIF18B:NM_001264573,50
FAM187A:NM_001258400,1
GFAP:NM_002055,2
CCDC103:NM_001258395,44
EFTUD2:NM_004247,45
HIGD1B:NM_001271880,0
GJC1:NM_001080383,5
ADAM11:NM_001318933,2
DBF4B:NM_025104,30
CCDC43:NM_144609,42
MEIOC:NM_001145080,1
FZD2:NM_001466,25
GPATCH8:NM_001304940,42
ITGA2B:NM_000419,4
FAM171A2:NM_198475,24
GRN:NM_002087,24
SLC25A39:NM_001143780,44
RUNDC3A:NM_001144825,3
SLC4A1:NM_000342,3
UBTF:NR_045058,44
ATXN7L3:NM_001382314,44
TMUB2:NM_001353183,57
ASB16:NM_080863,2
HROB:NM_001321310,30
HDAC5:NM_001382393,31
G6PC3:NM_001384168,30
LSM12:NM_152344,41
TMEM101:NM_001304813,0
NAGS:NM_153006,6
PYY:NM_004160,6
PPY:NM_002722,2
MPP2:NM_001278370,5
CD300LG:NM_145273,1
MPP3:NM_001353080,21
CFAP97D1:NM_001353400,20
DUSP3:NM_004090,22
SOST:NM_025237,0
MEOX1:NM_004527,4
ETV4:NM_001079675,40
DHX8:NM_001322219,37
ARL4D:NM_001661,5
CCDC200:NR_047479,0
TMEM106A:NM_001291588,1
NBR1:NM_031862,70
BRCA1:NM_007300,49
RND2:NM_005440,11
VAT1:NM_006373,38
IFI35:NM_001330230,17
RPL27:NM_001349921,73
RUNDC1:NM_173079,54
PTGES3L:NM_001261430,53
AARSD1:NM_001261434,48
PTGES3L-AARSD1:NM_001136042,54
G6PC1:NM_001270397,2
AOC3:NM_001277731,1
AOC2:NM_001158,1
PSME3:NM_005789,44
BECN1:NM_003766,26
CNTD1:NM_001330222,24
COA3:NM_001040431,24
WNK4:NM_001321299,33
VPS25:NM_032353,38
RAMP2:NM_005854,1
EZH1:NM_001991,12
CNTNAP1:NM_003632,10
CCR10:NM_016602,13
PLEKHH3:NM_024927,57
TUBG2:NM_016437,0
TUBG1:NM_001070,51
RETREG3:NR_026697,51
PSMC3IP:NR_045669,38
MLX:NM_198205,42
COASY:NM_001042529,47
HSD17B1:NM_000413,40
NAGLU:NM_000263,31
ATP6V0A1:NM_001378549,54
CAVIN1:NM_012232,52
STAT3:NM_001384990,51
STAT5A:NM_003152,78
STAT5B:NM_012448,75
GHDC:NM_001142623,16
HCRT:NM_001524,10
KCNH4:NM_012285,21
RAB5C:NM_201434,39
HSPB9:NM_033194,12
KAT2A:NM_001376227,13
DHX58:NM_024119,1
C17orf113:NM_001358661,9
ZNF385C:NM_001393562,2
NKIRAS2:NM_001001349,64
DNAJC7:NM_003315,63
CNP:NM_033133,35
ODAD4:NM_001350319,28
ACLY:NM_001303274,31
KLHL11:NM_018143,48
KLHL10:NM_001329595,21
NT5C3B:NM_052935,21
FKBP10:NM_021939,9
P3H4:NM_006455,8
JUP:NM_001352773,45
HAP1:NM_001367459,1
GAST:NM_000805,2
EIF1:NM_005801,55
KRT17:NM_000422,4
KRT16:NM_005557,1
KRT14:NM_000526,2
KRT9:NM_000226,2
KRT19:NM_002276,24
KRT15:NM_002275,1
KRT13:NM_153490,1
KRT36:NM_003771,0
KRT35:NM_002280,1
KRT32:NM_002278,2
KRT38:NM_006771,1
KRT37:NM_003770.5_3,0
KRT31:NM_002277.3_3,2
KRT34:NM_001386014.1_3,1
KRT33B:NM_002279.5_3,0
KRT33A:NM_004138.4_3,0
KRTAP17-1:NM_031964.2_3,0
KRTAP16-1:NM_001146182.2_3,1
KRTAP29-1:NM_001257309.1_4,1
KRTAP9-7:NM_001277332.1_2,1
KRTAP9-6:NM_001277331.1_2,2
KRTAP9-9:NM_030975.2_3,1
KRTAP9-4:NM_033191.3_4,0
KRTAP9-8:NM_031963,4
KRTAP9-3:NM_031962.3_3,2
KRTAP9-2:NM_031961.3_3,1
KRTAP9-1:NM_001190460.1_2,0
KRTAP4-1:NM_001386841,0
KRTAP4-2:NM_033062.4_2,2
KRTAP4-3:NM_033187.2_2,2
KRTAP4-4:NM_032524.2_2,1
KRTAP4-5:NM_033188.4_2,0
KRTAP4-6:NM_030976.2_2,3
KRTAP4-12:NM_031854.3_3,1
KRTAP4-11:NM_033059.4_3,1
KRTAP4-9:NM_001146041.1_3,2
KRTAP4-16:NM_001396067.1_3,1
KRTAP4-8:NM_031960.3_2,0
KRTAP4-7:NM_033061.4_2,0
KRTAP2-4:NM_033184.4_3,2
KRTAP2-3:NM_001165252.2_3,1
KRTAP2-2:NM_033032.3_2,1
KRTAP2-1:NM_001123387.1_2,1
KRTAP1-1:NM_030967.3_2,3
KRTAP1-3:NM_030966.2_2,0
KRTAP1-4:NM_001257305.2_2,2
KRTAP1-5:NM_031957.2_2,1
KRTAP3-1:NM_031958.2_2,1
KRTAP3-2:NM_031959.3_2,1
KRTAP3-3:NM_033185.3_2,2
KRT40:NM_182497.4_2,1
KRT39:NM_213656.4_2,2
KRT23:NM_015515.5_2,0
KRT20:NM_019010.3_2,5
KRT12:NM_000223.4_2,2
KRT10:NM_001379366,12
KRT28:NM_181535,0
KRT27:NM_181537,0
KRT26:NM_181539,0
KRT25:NM_181534,0
KRT24:NM_019016,0
KRT222:NM_152349,2
SMARCE1:NM_003079,56
CCR7:NM_001838,3
TNS4:NM_032865,1
IGFBP4:NM_001552,22
TOP2A:NM_001067,56
GJD3:NM_152219,10
RARA:NM_000964,1
CDC6:NM_001254,35
WIPF2:NM_133264,27
RAPGEFL1:NM_001303533,5
CASC3:NM_007359,29
MSL1:NM_001012241,83
NR1D1:NM_021724,36
THRA:NM_001190919,36
MED24:NM_001079518,36
CSF3:NM_001178147,0
PSMD3:NM_002809,53
GSDMA:NM_178171,0
LRRC3C:NM_001195545,38
ORMDL3:NM_139280,39
GSDMB:NM_001388420,5
ZPBP2:NM_198844,1
IKZF3:NM_001284514,6
GRB7:NM_001330207,11
MIEN1:NM_001330206,31
ERBB2:NM_001005862,21
PGAP3:NM_033419,21
PNMT:NR_073461,15
TCAP:NM_003673,5
STARD3:NM_001165937,30
PPP1R1B:NM_032192,1
NEUROD2:NM_006160,3
CDK12:NM_015083,66
MED1:NM_004774,41
FBXL20:NM_001370208,62
STAC2:NM_198993,0
RPL19:NM_000981,61
CACNB1:NM_000723,28
ARL5C:NM_001143968,1
PLXDC1:NM_020405,13
FBXO47:NM_001008777,1
LASP1:NM_001271608,84
RPL23:NM_000978,91
C17orf98:NM_001080465.3_2,0
CWC25:NM_017748.5_2,27
PIP4K2B:NM_003559.5_2,38
PSMB3:NM_002795.4_2,70
PCGF2:NM_007144.3_2,58
CISD3:NM_001136498.2_2,23
MLLT6:NM_005937.4_2,83
EPOP:NM_001130677.2_2,3
SRCIN1:NM_025248.3_2,10
ARHGAP23:NM_001199417.2_2,2
SOCS7:NM_014598.4_2,27
GPR179:NM_001004334.4_2,0
MRPL45:NM_001278279.3_2,7
TBC1D3:NM_001123391.4_2,0
TBC1D3E:NM_001291466.2_2,0
TBC1D3C:NM_001001418,0
TBC1D3D:NM_001291465,0
TBC1D3L:NM_001369499,0
TBC1D3K:NM_001291464,0
HNF1B:NM_000458.4_2,1
DDX52:NM_001291476.2_2,44
SYNRG:NM_007247.6_2,29
DUSP14:NM_007026.4_2,46
TADA2A:NM_001166105.3_2,36
C17orf78:NM_001321399.2_2,1
ACACA:NM_198839.3_2,36
AATF:NM_012138.4_2,43
LHX1:NM_005568.5_2,5
MRM1:NM_024864.5_2,46
DHRS11:NM_024308.4_2,42
GGNBP2:NM_024835.5_2,85
PIGW:NM_001346755.2_2,57
MYO19:NM_001163735.2_2,56
ZNHIT3:NM_001281432.2_2,29
TBC1D3F:NM_032258.5_2,0
TBC1D3H:NM_001123392.4_2,0
TBC1D3G:NM_001291462.2_3,0
TBC1D3I:NM_001291463.2_3,0
CCL4L2:NM_001291474.2_3,0
CCL3L3:NM_001001437.4_3,0
TBC1D3B:NM_001001417.7_3,0
CCL4:NM_002984.4_3,1
CCL3:NM_002983.3_3,2
CCL18:NM_002988.4_3,1
CCL23:NM_005064.6_2,0
CCL15:NM_032965.6_2,1
CCL14:NM_032962.5_2,3
CCL16:NM_004590.4_2,1
LYZL6:NM_020426.4_2,1
RDM1:NM_145654.4_2,8
CCL5:NM_001278736.2_2,2
HEATR9:NM_152781.4_2,0
TAF15:NM_003487.4_2,50
C17orf50:NM_145272,2
GAS2L2:NM_139285,0
RASL10B:NM_033315,3
AP2B1:NM_001282,50
PEX12:NM_000286,53
SLFN14:NM_001129820,7
SLFN12L:NM_001195790,0
SLFN13:NM_144682,5
SLFN12:NM_001289009,2
SLFN11:NM_001104587,0
SLFN5:NM_001330183,12
SLC35G3:NM_152462,3
UNC45B:NM_001267052,3
NLE1:NM_018096,29
FNDC8:NM_017559,18
RAD51D:NM_002878,26
RAD51L3-RFFL:NR_037714,20
RFFL:NR_037713,29
LIG3:NM_013975,41
ZNF830:NM_052857,61
CCT6B:NM_006584,61
TMEM132E:NM_001304438,1
CCL1:NM_002981,1
CCL13:NM_005408,1
CCL8:NM_005623,2
CCL11:NM_002986,1
CCL7:NM_006273,1
CCL2:NM_002982,1
ASIC2:NM_001094,0
SPACA3:NM_001317226,4
TMEM98:NM_001033504,14
H2BN1:NM_001401340,2
MYO1D:NM_015194,50
CDK5R1:NM_003885,15
PSMD11:NM_002815,83
ZNF207:NM_003457,89
C17orf75:NM_022344,19
RHBDL3:NM_001330181,7
RHOT1:NM_001288755,44
LRRC37B:NM_001321350,40
SUZ12:NM_001321207,29
UTP6:NM_018428,43
COPRS:NM_018405,21
RAB11FIP4:NM_032932.6_2,0
EVI2A:NM_001003927.3_2,7
EVI2B:NM_006495.4_2,5
OMG:NM_002544.5_2,3
NF1:NM_000267.3_2,43
RNF135:NM_197939.2_2,0
ADAP2:NM_001346714.2_2,3
TEFM:NM_024683,58
ATAD5:NM_024857,53
CRLF3:NM_015986,45
GOSR1:NM_001007025,37
CPD:NM_001304,36
TMIGD1:NM_206832,0
BLMH:NM_000386,46
SLC6A4:NM_001045,2
NSRP1:NM_001261467,37
EFCAB5:NM_198529,1
SSH2:NM_001282129,49
CORO6:NM_032854,18
ANKRD13B:NM_152345,18
GIT1:NM_001085454,23
TP53I13:NM_001346078,32
ABHD15:NM_198147,31
TAOK1:NM_020791,52
NUFIP2:NM_020772,77
CRYBA1:NM_005208,0
MYO18A:NM_001346765,31
PIPOX:NM_016518,1
SEZ6:NM_001290202,1
PHF12:NM_001290131,82
DHRS13:NM_144683,46
FLOT2:NM_001330170,42
ERAL1:NM_001317985,55
FAM222B:NM_001288636,41
TRAF4:NM_004295,54
NEK8:NM_178170,47
TLCD1:NM_001160407,92
RPL23A:NM_000984,85
RAB34:NM_001142625,34
PROCA1:NM_001304949,26
SUPT6H:NM_003170,80
SDF2:NR_045585,80
KIAA0100:NM_001363829,58
RSKR:NM_001174103,0
SPAG5:NM_006461,69
ALDOC:NM_005165,5
PIGS:NM_033198,65
UNC119:NM_054035,16
FOXN1:NM_001369369,2
SLC13A2:NM_003984,0
SLC46A1:NM_080669,10
SARM1:NM_015077,9
VTN:NM_000638,9
SEBOX:NM_001080837,3
TMEM199:NM_152464,52
POLDIP2:NM_015584,52
TNFAIP1:NM_021137,53
IFT20:NM_001267774,52
TMEM97:NM_014573,49
NLK:NM_016231,29
LYRM9:NM_001076680,12
NOS2:NM_000625,0
LGALS9:NM_001330163,1
KSR1:NM_001367810,47
WSB1:NM_134265,79
NMTRS-TGA3-1:NMTRS-TGA3-1,0
KCNJ18:NM_001194958,1
KCNJ12:NM_021012,1
MAP2K3:NM_145109,25
NATD1:NM_152914,6
TMEM11:NM_003876,42
DHRS7B:NM_001393660,27
USP22:NM_015276,52
CDRT15L2:NM_001190790,0
LGALS9B:NM_001367292,0
SPECC1:NM_001243439,24
AKAP10:NM_007202,26
ULK2:NM_014683,1
ALDH3A1:NM_000691,0
SLC47A2:NR_135624,0
ALDH3A2:NM_001369146,2
NMTRQ-TTG12-1:NMTRQ-TTG12-1,0
SLC47A1:NM_018242,0
RNF112:NM_007148,2
MFAP4:NM_001198695,0
MAPK7:NM_139032,30
B9D1:NM_001368769,30
EPN2:NM_001102664,24
GRAPL:NM_001353418,0
GRAP:NM_006613,0
FAM83G:NM_001039999,13
SLC5A10:NM_001270648,1
PRPSAP2:NM_001243942,21
TVP23B:NM_001316921,5
FBXW10:NM_001267586,1
FOXO3B:NM_001368134,7
TBC1D28:NM_001039397,2
LGALS9C:NM_001040078.3_2,0
EVPLL:NM_001145127.2_2,0
SHMT1:NM_004169.5_2,18
SMCR8:NM_144775.3_2,63
TOP3A:NM_004618.5_2,63
MIEF2:NM_139162.4_2,32
FLII:NM_001256264.2_2,40
LLGL1:NM_004140.4_2,9
ALKBH5:NM_017758,51
MYO15A:NM_016239,1
DRG2:NM_001330144,24
GID4:NM_024052,37
ATPAF2:NM_145691,37
DRC3:NM_001130090,18
TOM1L2:NM_001350332,18
SREBF1:NM_001005291,36
RAI1:NM_030665,35
PEMT:NM_001267552,40
RASD1:NM_016084,2
MED9:NM_018019,30
NT5M:NM_020201,25
COPS3:NM_001316354,39
FLCN:NM_001353229,56
PLD6:NM_178836,38
MPRIP:NM_015134,13
TNFRSF13B:NM_012452,0
CCDC144A:NM_001382000,0
ZNF624:NM_020787,11
ZNF287:NM_001346167,1
LRRC75A:NM_001113567,8
TRPV2:NM_016113,39
UBB:NM_001281716,24
CENPV:NM_181716,36
PIGL:NM_004278,47
NCOR1:NM_006311,60
TTC19:NM_017775,29
ZSWIM7:NM_001042697,29
ADORA2B:NM_000676,29
TBC1D26:NM_178571,0
ZNF286A:NM_001288649,6
ZNF286A-TBC1D26:NR_171000,6
TRIM16:NM_001348125,10
FBXW10B:NM_001282540,0
TVP23C:NM_145301,3
CDRT4:NM_001204477,3
TVP23C-CDRT4:NM_001204478,3
TEKT3:NM_031898,2
PMP22:NM_000304,1
HS3ST3B1:NM_006041,41
CDRT15:NM_001007530,0
COX10:NM_001303,32
HS3ST3A1:NM_006042,22
ELAC2:NM_018127,28
ARHGAP44:NM_001321168,6
MYOCD:NM_153604,0
MAP2K4:NM_003010,14
ZNF18:NM_001303281,21
DNAH9:NM_001372,3
SHISA6:NM_001173462,0
PIRT:NM_001101387,1
TMEM238L:NM_001388428,3
TMEM220:NM_001359647,1
ADPRM:NM_020233,42
SCO1:NM_004589,42
MYH3:NM_002470,0
MYH2:NM_001100112,0
MYH1:NM_005963,1
MYH4:NM_017533,0
MYH8:NM_002472,0
MYH13:NM_003802,0
GAS7:NM_201433,0
RCVRN:NM_002903,1
GLP2R:NM_004246,2
GSG1L2:NM_001310219,1
DHRS7C:NM_001220493,0
USP43:NM_001267576,7
CFAP52:NM_001080556,15
STX8:NM_004853,14
NTN1:NM_004822,0
PIK3R5:NM_001388399,0
PIK3R6:NM_001290211,0
MFSD6L:NM_152599,0
SPDYE4:NM_001128076,1
CCDC42:NM_144681,8
MYH10:NM_001375266,41
NDEL1:NM_001330129,27
RNF222:NM_001146684,1
RPL26:NM_001315530,52
KRBA2:NM_001304947,2
ODF4:NM_001319953,1
ARHGEF15:NM_173728,0
RANGRF:NM_001330127,10
SLC25A35:NM_201520,10
PFAS:NM_012393,43
CTC1:NM_025099,42
AURKB:NM_001284526,30
BORCS6:NM_017622,28
TMEM107:NM_032354,13
VAMP2:NM_014232,26
PER1:NM_002616,31
HES7:NM_001165967,22
ALOXE3:NM_001165960,21
ALOX12B:NM_001139,2
ALOX15B:NM_001039131,1
GUCY2D:NM_000180,1
CNTROB:NM_001353207,42
TRAPPC1:NM_001166621,42
KCNAB3:NM_004732,14
CHD3:NM_001005271,14
CYB5D1:NM_001330110,23
NAA38:NM_001330111,17
TMEM88:NM_001319941,11
KDM6B:NM_001348716,22
DNAH2:NM_020877,11
EFNB3:NM_001406,2
WRAP53:NM_001143990,60
TP53:NM_001126118,64
ATP1B2:NM_001303263,1
SAT2:NM_001320845,5
SHBG:NM_001289114,32
FXR2:NM_004860,29
SOX15:NM_006942,3
MPDU1:NM_001330073,22
CD68:NM_001040059,18
EIF4A1:NM_001204510,74
SENP3-EIF4A1:NR_037926,25
SENP3:NM_015670,25
TNFSF13:NM_001198624,1
TNFSF12:NM_003809,3
TNFSF12-TNFSF13:NM_172089,3
POLR2A:NM_000937.5_2,46
SLC35G6:NM_001102614.2_2,16
ZBTB4:NM_020899.4_2,46
CHRNB1:NM_000747.3_2,6
TMEM102:NM_178518.3_2,9
SPEM3:NM_001364672.1_2,2
SPEM2:NM_175734.5_2,1
SPEM1:NM_199339.3_2,2
NLGN2:NM_020795.4_2,1
TMEM256:NM_152766.5_2,35
PLSCR3:NM_001369407.1_2,21
TNK1:NM_003985.6_2,9
TMEM95:NM_001320435.2_2,0
KCTD11:NM_001002914.3_2,33
ACAP1:NM_014716.4_2,1
NEURL4:NM_032442.3_2,28
GPS2:NM_004489.5_2,20
EIF5A:NM_001143760.1_2,50
YBX2:NM_015982.4_2,0
SLC2A4:NM_001042.3_2,24
CLDN7:NM_001185022.2_2,9
ELP5:NM_203415.4_2,46
CTDNEP1:NM_015343.5_2,46
GABARAP:NM_007278,33
PHF23:NM_024297,48
DVL2:NM_004422,31
ACADVL:NM_001270447,11
DLG4:NM_001321075,12
ASGR1:NM_001671,4
ASGR2:NM_001201352,0
CLEC10A:NM_182906,1
SLC16A11:NM_153357,3
SLC16A13:NM_201566,42
BCL6B:NM_181844,4
C17orf49:NM_001142799,57
RNASEK:NM_001004333,76
RNASEK-C17orf49:NR_037717,77
ALOX12:NM_000697,3
TEKT1:NM_053285,0
FBXO39:NM_153230,1
XAF1:NM_001353135,1
SLC13A5:NM_177550,1
C17orf100:NM_001105520,20
MED31:NM_016060,20
TXNDC17:NM_032731,45
KIAA0753:NM_001351225,45
PITPNM3:NM_031220,1
PIMREG:NM_001195228,9
AIPL1:NM_001285402,0
WSCD1:NM_001388405,0
NLRP1:NM_001033053,1
MIS12:NM_001258220,40
DERL2:NM_016041,39
DHX33:NM_020162,34
C1QBP:NM_001212,37
RPAIN:NM_001160246,48
NUP88:NM_001320653,50
RABEP1:NM_001291581,31
SCIMP:NM_207103,1
ZNF594:NM_032530,18
USP6:NM_001304284,0
ZNF232:NM_001320953,0
ZFP3:NM_153018,0
SLC52A1:NM_001104577,1
KIF1C:NM_006612,13
INCA1:NM_001167986,13
CAMTA2:NM_015099,38
SPAG7:NM_004890,29
ENO3:NM_001374524,37
PFN1:NM_001375991,65
RNF167:NM_001370311,55
SLC25A11:NM_003562,55
GP1BA:NM_000173,2
C17orf107:NM_001145536,3
CHRNE:NM_000080,3
MINK1:NM_001024937,34
PLD2:NM_001243108,13
C17orf114:NR_172508,13
PSMB6:NM_002798,20
GLTPD2:NM_001014985,13
VMO1:NM_001144939,1
TM4SF5:NM_003963,0
ZMYND15:NM_001136046,10
CXCL16:NM_001386809,10
MED11:NM_001001683,10
ARRB2:NM_001330064,12
PELP1:NM_001278241,26
ALOX15:NM_001140,1
SMTNL2:NM_198501,1
GGT6:NM_001288702,0
MYBBP1A:NM_014520,32
SPNS2:NM_001124758,0
SPNS3:NM_001320449,0
UBE2G1:NM_003342,34
ANKFY1:NM_016376,28
CYB5D2:NM_001254756,50
ZZEF1:NM_015113,50
ATP2A3:NM_174953,26
P2RX1:NM_002558,20
CAMKK1:NM_032294,12
NCBP3:NM_001114118,19
HASPIN:NM_031965,28
ITGAE:NM_002208,0
P2RX5:NM_002561,3
EMC6:NM_031298,38
TAX1BP3:NM_014604,38
P2RX5-TAX1BP3:NR_037928,3
CTNS:NM_001031681,40
SHPK:NM_013276,40
TRPV1:NM_080704,0
TRPV3:NM_001258205,1
ASPA:NM_000049,1
SPATA22:NM_001321337,1
OR1E2:NM_003554,0
OR3A3:NM_012373,0
OR1E1:NM_003553,1
OR1R1P:NM_001396056,1
OR3A1:NM_002550,1
OR3A2:NM_002551,1
OR1A1:NM_001386104,1
OR1A2:NM_012352,1
OR1G1:NM_003555,1
OR1D2:NM_002548,0
OR1D5:NM_014566,0
RAP1GAP2:NM_001330058,0
CCDC92B:NM_001355573,3
CLUH:NM_001366662,35
PAFAH1B1:NM_000430,40
METTL16:NM_024086,36
MNT:NM_020310,45
SGSM2:NM_001346700,56
TSR1:NM_018128,61
SRR:NM_001304803,38
SMG6:NM_017575,38
HIC1:NM_006497,3
OVCA2:NM_080822,15
DPH1:NM_001346576,16
RTN4RL1:NM_178568,6
RPA1:NM_001355121,32
SMYD4:NM_052928,32
SERPINF1:NM_001329904,13
SERPINF2:NM_000934.4_2,0
WDR81:NM_001163673.2_2,55
TLCD2:NM_001164407.2_2,8
PRPF8:NM_006445.4_2,29
RILP:NM_031430.3_2,19
SCARF1:NM_003693.4_2,2
SLC43A2:NM_001321364.2_2,18
PITPNA:NM_006224,25
INPP5K:NM_001135642,33
MYO1C:NM_001080779,12
CRK:NM_016823.4_2,44
YWHAE:NM_006761.5_2,52
TRARG1:NM_172367,2
BHLHA9:NM_001164405,4
ABR:NM_001322841.2_3,3
TIMM22:NM_013337.4_3,22
NXN:NM_022463.5_3,2
MRM3:NM_001317947,28
GLOD4:NM_001366249,28
GEMIN4:NM_015721,43
TLCD3A:NM_001318008,21
VPS53:NM_001128159.3_2,39
RFLNB:NM_182705.2_2,1
C17orf97:NM_001013672.5_2,11
RPH3AL:NM_006987.4_3,1
DOC2B:NM_003585.5_2,0
SCGB1C2:NM_001097610.3_2,0
PRDM7:NM_001098173,3
GAS8:NM_001286209,22
DBNDD1:NM_001288708,22
DEF8:NM_001242817,6
TUBB3:NM_001197181,30
MC1R:NM_002386,9
TCF25:NM_014972,29
SPIRE2:NM_032451,17
FANCA:NM_001286167,73
ZNF276:NR_110128,67
VPS9D1:NM_004913,74
SPATA2L:NM_152339,23
CDK10:NM_001098533,28
SPATA33:NM_153025,59
CHMP1A:NM_002768,59
DPEP1:NM_001389470,1
CPNE7:NM_153636,47
RPL13:NM_001243131,90
SPG7:NM_001363850,63
ANKRD11:NM_001256182,63
ZNF778:NM_001378881,46
SLC22A31:NM_001384768,6
CDH15:NM_004933,3
ACSF3:NM_001243279,27
CBFA2T3:NM_005187,80
PABPN1L:NM_001080487,0
TRAPPC2L:NR_134671,33
GALNS:NM_001323544,32
APRT:NM_000485,57
CDT1:NM_030928,71
PIEZO1:NM_001142864,89
CTU2:NM_001318513,74
RNF166:NM_178841,74
SNAI3:NM_178310,20
MVD:NM_002461,70
CYBA:NM_000101,69
IL17C:NM_013278,2
ZC3H18:NM_144604,69
ZFPM1:NM_153813,42
ZNF469:NM_001367624,0
BANP:NM_001384921,17
CA5A:NM_001367225,1
SLC7A5:NM_003486,30
KLHDC4:NM_001351937,56
JPH3:NR_073379,1
ZCCHC14:NM_015144,9
MAP1LC3B:NM_022818,41
FBXO31:NM_001282683,41
C16orf95:NM_001256917,53
FOXL1:NM_005250,1
FOXC2:NM_005251,1
MTHFSD:NM_001159378,29
FOXF1:NM_001451,0
IRF8:NM_002163,2
COX4I1:NM_001318797,79
EMC8:NM_006067,79
C16orf74:NM_206967,2
GINS2:NM_016095,38
GSE1:NM_001134473,40
CIBAR2:NM_198491,2
KIAA0513:NM_014732,14
ZDHHC7:NM_001145548,79
CRISPLD2:NM_031476,4
USP10:NM_005153,56
KLHL36:NM_001303451,18
COTL1:NM_021149,23
MEAK7:NM_020947,35
ATP2C2:NM_014861,3
WFDC1:NM_001282467,0
KCNG4:NM_172347,1
ADAD2:NM_001145400,0
TAF1C:NM_005679,26
DNAAF1:NM_178452,46
HSDL1:NM_031463,46
MBTPS1:NM_003791,55
SLC38A8:NM_001080442,2
NECAB2:NM_019065,2
OSGIN1:NM_182981,23
MLYCD:NM_012213,26
HSBP1:NM_001537,45
CDH13:NM_001220490,0
MPHOSPH6:NM_005792,32
HSD17B2:NM_002153,3
SDR42E1:NM_145168,3
PLCG2:NM_002661,19
CMIP:NM_198390,55
GAN:NM_001377486,61
BCO1:NM_017429.3_2,3
GCSH:NM_004483.5_2,41
C16orf46:NM_001100873.2_2,34
ATMIN:NM_015251.3_2,22
CENPN:NM_001100625.3_2,81
CMC2:NM_001351967.2_2,82
CDYL2:NM_152342,1
DYNLRB2:NM_001305017,10
MAF:NM_001031804,2
WWOX:NM_001291997,21
CLEC3A:NM_005752,0
VAT1L:NM_020927,1
NUDT7:NM_001243661,21
ADAMTS18:NM_001326358,4
SYCE1L:NM_001348924,0
MON1B:NM_001286640,55
CNTNAP4:NM_001322191,0
CPHXL:NM_001355613,1
DUXB:NM_001351307,1
CPHXL2:NM_001395862,1
TERF2IP:NM_018975,80
KARS1:NM_001378148,78
ADAT1:NM_001324451,34
GABARAPL2:NM_007285,45
TMEM231:NM_001077418,20
CHST5:NM_024533,3
TMEM170A:NM_145254,22
CFDP1:NM_006324,41
BCAR1:NM_001170715.3_2,9
CTRB1:NM_001329190.2_2,1
CTRB2:NM_001025200.4_2,0
ZFP1:NM_001318472.2_2,39
LDHD:NM_153486,0
ZNRF1:NM_032268,33
WDR59:NM_030581,39
FA2H:NM_024306,4
MLKL:NM_152649,10
RFWD3:NM_001370540,47
GLG1:NM_001145667,47
CLEC18B:NM_001385192,0
NPIPB15:NM_001385737,0
PSMD7:NM_002811,46
ZFHX3:NM_001386735,2
PMFBP1:NM_001160213,4
DHX38:NM_014003,63
TXNL4B:NM_001142318,61
HPR:NM_020995,0
HP:NM_001126102,1
DHODH:NM_001361,14
PKD1L3:NM_181536,1
IST1:NM_001270976,51
ZNF821:NM_001376297,48
ATXN1L:NM_001137675,42
AP1G1:NM_001030007,50
PHLPP2:NM_015020,25
MARVELD3:NM_001271329,4
TAT:NM_000353,0
CHST4:NM_005769,3
ZNF19:NM_006961,5
ZNF23:NM_001381977,36
TLE7:NM_001367365,0
CALB2:NM_007088.4_2,2
CMTR2:NM_001324377.2_2,29
HYDIN:NM_001270974.2_2,4
VAC14:NM_018052,39
MTSS2:NM_138383,34
IL34:NM_001172771,0
SF3B3:NM_012426,109
COG4:NM_001365426,108
FCSK:NM_145059,40
ST3GAL2:NM_006927,41
DDX19A:NM_001320527,53
DDX19B:NM_001257174,37
AARS1:NM_001605,38
EXOSC6:NM_058219,42
CLEC18C:NM_173619,0
PDPR:NM_001322118,20
CLEC18A:NM_001136214,0
WWP2:NM_001270454,25
NOB1:NM_014062,48
NQO1:NM_000903,43
NFAT5:NM_001367709,75
CYB5B:NM_030579,39
TERF2:NM_005652,46
TMED6:NM_144676,0
NIP7:NM_001199434,86
PDF:NM_022341,49
COG8:NM_001379261,86
VPS4A:NM_013245,43
SNTB2:NM_006750.4_2,32
UTP4:NM_001318391.2_2,81
DERPC:NM_001366602,81
CHTF8:NM_001039690,81
HAS3:NM_138612,15
TANGO6:NM_024562,27
CDH1:NM_001317184,1
CDH3:NM_001317196,0
ZFP90:NM_001305204,11
SMPD3:NM_018667,2
PRMT7:NM_001378020,55
SLC7A6OS:NM_032178,55
SLC7A6:NM_003983,51
PLA2G15:NM_001363551,30
ESRP2:NM_001365264,1
NFATC3:NM_173165,63
DUS2:NM_001271762,52
DDX28:NM_018380,52
DPEP2NB:NM_001282442,0
DPEP2:NR_136706,0
DPEP3:NM_001370198,1
SLC12A4:NM_001145962,36
LCAT:NM_000229,2
PSMB10:NM_002801,56
CTRL:NM_001907,1
PSKH1:NM_006742,43
NRN1L:NM_001348682,1
EDC4:NM_014329,43
NUTF2:NM_005796,50
THAP11:NM_020457,23
CENPT:NM_025082,49
TSNAXIP1:NM_001288994,49
RANBP10:NM_001320240,49
GFOD2:NM_030819,28
C16orf86:NM_001012984,17
ENKD1:NM_032140,17
PARD6A:NM_001037281,41
ACD:NM_001082486,41
CARMIL2:NM_001317026,3
CTCF:NM_001191022,66
RIPOR1:NM_024519,16
AGRP:NM_001138,13
ATP6V0D1:NM_004691,49
HSD11B2:NM_000196,5
ZDHHC1:NM_001323627,1
TPPP3:NM_016140,2
LRRC36:NM_018296,13
KCTD19:NM_001100915,13
PLEKHG4:NM_001129727,29
SLC9A5:NM_001323972,38
FHOD1:NM_001318202,57
TMEM208:NM_014187,39
ELMO3:NM_024712,0
E2F4:NM_001950,49
EXOC3L1:NM_178516,13
KIAA0895L:NM_001369682,33
NOL3:NM_001394974,6
HSF4:NM_001040667,5
FBXL8:NM_018378,53
TRADD:NM_001323552,53
B3GNT9:NM_033309,4
PHAF1:NM_001320540,45
CBFB:NM_001368707,41
CES4A:NM_173815,2
CES3:NM_001185177,2
CES2:NM_003869,56
CIAO2B:NM_016062,56
RRAD:NM_001128850,9
CDH16:NM_004062,2
PDP2:NM_001329934,34
CA7:NM_005182,4
NAE1:NM_001018159,43
TERB1:NM_001136505,2
DYNC1LI2:NM_006141,54
CMTM3:NM_001363918,33
CMTM4:NM_181521,36
CMTM2:NM_001199317,4
CMTM1:NM_181296,1
CKLF-CMTM1:NM_001202509,29
CKLF:NM_016326,30
TK2:NM_001172643,36
BEAN1:NM_001197224,1
CDH5:NM_001795,1
CDH11:NM_001308392,1
CDH8:NM_001796,1
GOT2:NM_002080,38
SLC38A7:NM_018231,21
CNOT1:NM_016284,47
SETD6:NM_001160305,40
NDRG4:NM_020465,3
GINS3:NM_001126130,40
PRSS54:NM_001080492,2
CCDC113:NM_001142302,28
CSNK2A2:NM_001896,14
CFAP20:NM_013242,47
MMP15:NM_002428,31
USB1:NM_001330568,22
ZNF319:NM_020807,24
TEPP:NM_199456,3
CNGB1:NM_001297,3
KIFC3:NM_001318710,21
KATNB1:NM_005886,52
DRC7:NM_001289163,0
ADGRG3:NM_001308360,1
ADGRG1:NM_001370435,0
ADGRG5:NM_001318481,1
CCDC102A:NM_033212,13
DOK4:NM_001394652,7
POLR2C:NM_032940,26
COQ9:NM_020312,52
CIAPIN1:NM_020313,52
CCL17:NM_002987,2
CX3CL1:NM_001304392,0
CCL22:NM_002990,2
PLLP:NM_015993,12
ARL2BP:NM_012106,31
RSPRY1:NM_001305164,69
PSME3IP1:NM_001354087,69
CPNE2:NM_152727,16
NLRC5:NM_001384960,2
CETP:NM_001286085,0
HERPUD1:NM_001010989,62
SLC12A3:NM_001126107,3
NUP93:NM_014669,29
MT1X:NM_005952,7
MT1H:NM_005951,1
MT1G:NM_001301267,2
MT1F:NM_005949,4
MT1B:NM_005947,0
MT1A:NM_005946,0
MT1M:NM_176870,0
MT1E:NM_175617,0
MT2A:NM_005953,13
MT3:NM_005954,2
MT4:NM_032935,2
BBS2:NM_001377456,22
OGFOD1:NM_001324357,76
NUDT21:NM_007006,75
AMFR:NM_001323512,34
GNAO1:NM_020988,4
CES5A:NM_001190158.1_2,2
CES1:NM_001025195.2_2,4
SLC6A2:NM_001172501,1
CAPNS2:NM_032330,0
LPCAT2:NM_017839,16
MMP2:NM_001302508,0
IRX6:NM_024335,0
IRX5:NM_005853,44
IRX3:NM_024336,1
FTO:NM_001080432,36
RPGRIP1L:NM_015272,36
AKTIP:NM_001012398,19
RBL2:NM_001323610,32
CHD9:NM_025134,41
TOX3:NM_001146188,0
HNRNPA1L3:NM_001396241,1
SALL1:NM_002968,1
CYLD:NM_001378749,20
NOD2:NM_001370466,5
SNX20:NM_153337,4
NKD1:NM_033119,9
BRD7:NM_001173984,20
ADCY7:NM_001114,26
TENT4B:NM_001040285,35
HEATR3:NM_001329731,25
CNEP1R1:NM_001281789,29
ZNF423:NM_001271620,6
C16orf78:NM_144602,0
CBLN1:NM_004352,9
N4BP1:NM_153029,32
SIAH1:NM_003031,37
LONP2:NM_001348078,50
ABCC11:NM_001370497,14
ABCC12:NM_033226,1
PHKB:NM_001363837,79
ITFG1:NM_001305002,79
NETO2:NM_018092,36
DNAJA2:NM_005880,49
GPT2:NM_133443,16
C16orf87:NM_001001436,44
MYLK3:NM_001308301,0
ORC6:NM_014321,89
VPS35:NM_018206,87
SHCBP1:NM_024745,32
TP53TG3F:NM_001330066,0
TP53TG3B:NM_001099687,0
TP53TG3E:NM_001330061,0
TP53TG3C:NM_001205259,0
TP53TG3:NM_016212,0
TP53TG3D:NM_001243722,1
ZNF267:NM_003414,49
KRBOX5:NM_001130913,24
AHSP:NM_001318221,9
RUSF1:NM_022744,68
SLC5A2:NM_003041,2
TGFB1I1:NM_001042454,2
ARMC5:NM_001288767,81
ZNF843:NM_001353381,8
COX6A2:NM_005205,0
ITGAD:NM_005353,1
ITGAX:NM_001286375,2
ITGAM:NM_000632,1
PYDC1:NM_152901,6
TRIM72:NM_001008274,5
PYCARD:NM_013258,7
FUS:NM_001170634,72
PRSS36:NM_173502,0
PRSS8:NM_002773,4
KAT8:NM_182958,40
BCKDK:NM_001271926,16
VKORC1:NM_001311311,31
PRSS53:NM_001039503,0
ZNF646:NM_014699,75
ZNF668:NM_024706,75
STX4:NM_001272096,44
STX1B:NM_052874,1
HSD3B7:NM_001142778,5
SETD1A:NM_014712,46
ORAI3:NM_152288,36
FBXL19:NM_001382780,44
CTF1:NM_001142544,27
BCL7C:NM_001286526,26
ZNF629:NM_001345970,31
RNF40:NM_001207034,60
CFAP119:NM_001014979,61
PHKG2:NM_001172432,12
TMEM265:NM_001256829,5
SRCAP:NM_006662,70
FBRS:NM_001105079,64
PRR14:NM_001320464,42
ZNF785:NM_152458,42
ZNF688:NM_001024683,28
ZNF764:NM_033410,24
ZNF747:NM_023931,31
ZNF768:NM_024671,24
ITGAL:NM_001114380,1
SEPHS2:NM_012248,57
DCTPP1:NM_024096,37
ZNF771:NM_001142305,18
ZNF48:NM_001214906,25
SEPTIN1:NM_052838,3
MYL11:NM_001324459,55
TBC1D10B:NM_015527,63
CD2BP2:NM_006110,41
NPIPB13:NM_001395860.2_2,0
SULT1A3:NM_177552,0
SLX1A:NM_001015000,0
BOLA2B:NM_001039182,0
CORO1A:NM_007074,4
MAPK3:NM_002746,15
GDPD3:NM_024307,3
YPEL3:NM_031477,9
TBX6:NM_004608,14
PPP4C:NM_001303507,45
ALDOA:NM_184043,60
TLCD3B:NM_001352173,0
C16orf92:NM_001353379,2
DOC2A:NM_001282062,0
INO80E:NM_001304562,45
HIRIP3:NM_001197323,44
TAOK2:NM_004783,39
TMEM219:NM_001369690,22
KCTD13:NM_178863,44
ASPHD1:NM_181718,13
SEZ6L2:NM_001243332,13
CDIPT:NM_006319,21
MVP:NM_017458,4
PAGR1:NM_024516,56
PRRT2:NM_145239,8
MAZ:NM_001276275,49
KIF22:NM_007317,43
ZG16:NM_152338,0
C16orf54:NM_175900,2
QPRT:NM_001318249,23
SPN:NM_001030288,62
NPIPB12:NM_001395932,0
SULT1A4:NM_001017390,0
SLX1B:NM_001400286,0
BOLA2:NM_001320579,0
BOLA2-SMG1P6:NM_001320627,0
NPIPB11:NM_001310137,1
LAT:NM_001014989,0
SPNS1:NM_001142448,47
NFATC2IP:NM_001394786,40
CD19:NM_001385732,1
RABEP2:NM_024816,41
ATP2A1:NM_173201,18
SH2B1:NM_001387404,59
TUFM:NM_003321,59
ATXN2L:NM_001387203,95
NPIPB9:NM_001287250,0
EIF3C:NM_001199142,0
NPIPB8:NM_001385922,2
SULT1A1:NM_001394422,0
SULT1A2:NM_177528,4
SGF29:NM_138414,16
NUPR1:NM_001042483,2
IL27:NM_145659,1
APOBR:NM_018690,8
CLN3:NM_001286109,20
NPIPB7:NM_001396030,0
EIF3CL:NM_001317856,2
NPIPB6:NM_001282524,0
SBK1:NM_001024401,1
XPO6:NM_001270940,47
GSG1L:NM_001323900,2
KATNIP:NM_015202,36
GTF3C1:NM_001520,36
IL21R:NM_181078,0
IL4R:NM_001257997,13
NSMCE1:NM_145080,39
KDM8:NM_024773,35
C16orf82:NM_001145545,0
HS3ST4:NM_006040,0
ZKSCAN2:NM_001012981,51
AQP8:NM_001169,2
LCMT1:NM_001032391,38
ARHGAP17:NM_001006634.3_2,41
SLC5A11:NM_001352248.3_2,1
TNRC6A:NM_001351850.2_2,3
RBBP6:NM_018703,82
CACNG3:NM_006539,2
PRKCB:NM_212535,51
CHP2:NM_022097,6
ERN2:NM_033266,2
PLK1:NM_005030,38
DCTN5:NM_032486,59
PALB2:NM_024675,59
NDUFAB1:NM_005003,43
UBFD1:NM_019116,63
EARS2:NM_001083614,62
GGA2:NM_015044,23
COG7:NM_153603,36
SCNN1B:NM_000336,1
SCNN1G:NM_001039,3
USP31:NM_020718,20
HS3ST2:NM_006043,0
NPIPB5:NM_001395851.1_2,0
CDR2:NM_001802.2_2,55
POLR3E:NM_001258035.2_2,58
EEF2K:NM_013302.5_2,53
SDR42E2:NM_001394319.2_2,0
VWA3A:NM_173615.5_2,2
MOSMO:NM_001164579.2_2,30
PDZD9:NM_001370530.1_2,2
UQCRC2:NM_003366.4_2,83
NPIPB4:NM_001384982.1_2,0
OTOA:NM_144672.4_2,3
IGSF6:NM_005849.4_2,2
METTL9:NM_001288660.2_2,19
NPIPB3:NM_130464,0
CRYM:NM_001888.5_2,15
ANKS4B:NM_145865.3_2,2
ZP2:NM_003460.2_2,1
LDAF1:NM_001301774.2_2,20
DNAH3:NM_017539,21
LYRM1:NM_001369632,49
DCUN1D3:NM_173475,50
REXO5:NM_001144924,63
ERI2:NM_080663,63
THUMPD1:NM_017736,39
ACSM3:NM_005622,14
ACSM1:NM_001318890,1
ACSM2B:NM_182617,0
ACSM2A:NM_001308169,0
ACSM5:NM_001324371,1
PDILT:NM_174924,0
UMOD:NM_001378233,3
GP2:NM_001007240,3
GPR139:NM_001002911,4
GPRC5B:NM_016235,14
IQCK:NM_001305121,60
KNOP1:NM_001348531,60
VPS35L:NM_001300743,27
CCP110:NM_001323577,49
GDE1:NM_016641,41
TMC5:NM_001308161,1
CLEC19A:NM_001256720,1
SYT17:NM_001330509,0
ITPRIPL2:NM_001034841,4
COQ7:NM_001370490,32
TMC7:NM_001324268,11
SMG1:NM_015092,30
ARL6IP1:NM_015161,50
RPS15A:NM_001019,82
NOMO2:NM_001004060,9
NPIPA9:NM_001401710,0
NPIPA8:NM_001282511.3_2,0
XYLT1:NM_022166.4_2,3
NPIPA7:NM_001282507.2_2,0
NOMO3:NM_001004067.4_2,1
ABCC6:NM_001171.6_2,0
ABCC1:NM_004996.4_2,33
CEP20:NM_001304499.2_2,40
MYH11:NM_001040113.2_2,1
NDE1:NM_001143979.2_2,61
MARF1:NM_014647.4_2,61
BMERB1:NM_033201.3_2,2
MPV17L:NM_173803.4_2,0
NPIPA5:NM_001351200.1_2,0
RRN3:NM_001301064.1_2,19
NTAN1:NM_173474.4_2,31
PDXDC1:NM_001324020.2_2,46
NPIPA1:NM_006985,0
NOMO1:NM_014287.4_2,2
NPIPA2:NM_001395485,0
NPIPA3:NM_001395487.1_2,0
BFAR:NM_001330500.2_2,47
PARN:NM_002582.4_2,35
MRTFB:NM_014048,29
ERCC4:NM_005236,24
SHISA9:NM_001145204,0
CPPED1:NM_018340,39
SNX29:NM_032167,42
TNFRSF17:NM_001192,2
NPIPB2:NM_001395854,42
GSPT1:NM_001130007,40
RSL1D1:NM_015659,69
ZC3H7A:NM_014153,63
TXNDC11:NM_001303447,52
SNN:NM_003498,3
LITAF:NR_024320,4
RMI2:NM_152308,19
PRM1:NM_002761,4
PRM2:NM_001286359,0
PRM3:NM_021247,0
TNP2:NM_005425,3
SOCS1:NM_003745,42
CLEC16A:NM_015226,41
DEXI:NM_014015,37
CIITA:NM_001286403,1
TVP23A:NR_134901,1
NUBP1:NM_001323594,17
TEKT5:NM_144674,2
EMP2:NM_001424,10
ATF7IP2:NM_024997,58
GRIN2A:NM_000833,0
C16orf72:NM_014117,90
USP7:NM_003470,49
LITAFD:NM_001395433,1
CARHSP1:NM_001278260,47
PMM2:NM_000303,60
TMEM186:NM_015421,60
ABAT:NM_001386612,3
METTL22:NM_024109,35
RBFOX1:NM_001142333,0
EEF2KMT:NM_201400,27
ALG1:NM_019109,23
C16orf89:NM_152459,0
NAGPA-AS1:NR_038913,23
NAGPA:NM_016256,23
SEC14L5:NM_014692,8
PPL:NM_002705,4
UBN1:NM_001079514,100
GLYR1:NM_032569,99
ROGDI:NM_024589,24
SMIM22:NM_001253790,1
SEPTIN12:NM_144605,1
ZNF500:NM_021646,40
DNAAF8:NM_139170,46
ANKS3:NM_133450,46
NUDT16L1:NM_032349,35
MGRN1:NM_001142289,34
UBALD1:NM_145253,45
C16orf96:NM_001387219,0
CDIP1:NM_013399.3_2,0
HMOX2:NM_001127206.3_2,48
NMRAL1:NM_001351994.2_2,54
DNAJA3:NM_001286516.2_2,70
VASN:NM_138440.3_2,24
CORO7:NM_024535.5_2,44
PAM16:NM_016069.11_2,26
CORO7-PAM16:NM_001201479.2_2,44
GLIS2:NM_001318918.2_2,14
TFAP4:NM_003223,62
SRL:NM_001323667,2
ADCY9:NM_001116,3
CREBBP:NM_004380,38
TRAP1:NM_016292,53
DNASE1:NM_001387140,48
SLX4:NM_032444,48
NLRC3:NM_178844,0
CLUAP1:NM_015041,10
C16orf90:NM_001353382,1
NAA60:NM_001317093,13
ZNF597:NM_152457,13
ZNF174:NM_001347868,36
ZSCAN32:NM_001324340,37
OR2C1:NM_012368,1
ZNF75A:NM_001352495,21
TIGD7:NM_033208,21
ZNF263:NM_005741,65
MEFV:NM_000243,1
ZNF200:NM_003454,44
OR1F1:NM_001370639,31
ZNF213:NM_004220,48
ZNF205:NM_001042428,31
ZSCAN10:NM_032805,1
IL32:NM_001369593,1
MMP25:NM_022468,1
BICDL2:NM_001369667,1
THOC6:NM_001347703,29
HCFC1R1:NM_001288667,26
TNFRSF12A:NM_016639,49
CLDN6:NM_021195,8
CLDN9:NM_020982,1
GREP1:NM_001396456,1
PKMYT1:NM_001258451,70
PAQR4:NM_001284513,53
KREMEN2:NM_001253725,22
FLYWCH1:NM_032296,24
FLYWCH2:NM_001142499,28
PRSS22:NM_022119.4_2,0
ZG16B:NM_145252.3_2,0
PRSS21:NM_001270452.2_2,32
PRSS41:NM_001395501,1
PRSS33:NM_001385464,1
ELOB:NM_007108,64
SRRM2:NM_016333,84
PRSS27:NM_031948,10
KCTD5:NM_018992,50
PDPK1:NM_031268,20
CEMP1:NM_001048212,10
AMDHD2:NM_001330449,22
ATP6V0C:NM_001198569,50
TBC1D24:NM_020705,45
NTN3:NM_006181,3
TEDC2:NM_025108,16
CCNF:NM_001323538,63
ABCA3:NM_001089,34
RNPS1:NM_080594,71
ECI1:NM_001919,44
DNASE1L2:NM_001301680,1
E4F1:NM_001288778,46
PGP:NM_001042371,46
BRICD5:NM_182563,9
MLST8:NM_001199173,42
CASKIN1:NM_020764,9
TRAF7:NM_032271,93
RAB26:NM_001308053,13
PKD1:NM_001009944.3_2,4
TSC2:NM_001318829,39
NTHL1:NM_002528,39
SLC9A3R2:NM_004785,11
NPW:NM_001099456.3_2,3
ZNF598:NM_178167.4_2,59
SYNGR3:NM_004209.6_2,6
GFER:NM_005262.3_2,38
NOXO1:NM_172168.3_2,1
TBL3:NM_006453.3_2,41
RNF151:NM_001348711.2_2,33
RPS2:NM_002952.4_2,90
NDUFB10:NM_004548.3_2,30
RPL3L:NM_005061.3_2,0
MSRB1:NM_016332.4_2,32
HS3ST6:NM_001009606.4_2,0
MEIOB:NM_001163560,9
FAHD1:NM_001142398,30
HAGH:NM_005326,29
NUBP2:NM_001284502,57
SPSB3:NM_080861,57
EME2:NM_001257370,94
MRPS34:NM_001300900,91
NME3:NM_002513,87
MAPK8IP3:NM_001318852,37
JPT2:NM_144570,35
CRAMP1:NM_020825,62
TMEM204:NM_001256541,3
IFT140:NM_014714,65
TELO2:NM_001351846,34
PTX4:NM_001328608,1
CLCN7:NM_001287,44
CCDC154:NM_001143980,1
PERCC1:NM_001365310,1
C16orf91:NM_001272051,57
UNKL:NM_001372107,20
GNPTG:NM_032520,42
TSR3:NM_001001410,42
BAIAP3:NM_001199099,12
UBE2I:NM_194261,55
TPSD1:NM_012217,1
TPSAB1:NM_003294,1
TPSB2:NM_024164,0
TPSG1:NM_012467,1
CACNA1H:NM_001005407,1
C1QTNF8:NM_207419,0
SSTR5:NM_001172560,0
SOX8:NM_014587,1
LMF1:NM_001352018,1
GNG13:NM_016541,2
CHTF18:NM_022092,38
RPUSD1:NM_001324415,38
MSLN:NM_001177355,0
CIAO3:NM_001304799,30
HAGHL:NM_001365282,18
CCDC78:NM_001378033,18
ANTKMT:NM_001271285,45
METRN:NM_024042,10
FBXL16:NM_153350,4
WDR24:NM_032259,23
JMJD8:NM_001005920,20
STUB1:NM_005861,48
RHBDL1:NM_001278721,6
RHOT2:NM_001352287,39
WDR90:NM_145294,1
MCRIP2:NM_001331230,57
METTL26:NM_032366,37
WFIKKN1:NM_053284,3
RAB40C:NM_001172663,48
PIGQ:NM_148920,28
NHLRC4:NM_176677,9
PRR35:NM_145270,2
CAPN15:NM_005632.3_2,66
RAB11FIP3:NM_014700.4_2,15
DECR2:NM_020664.4_2,37
NME4:NM_001286436,30
PGAP6:NM_021259,35
MRPL28:NM_006428,11
AXIN1:NM_003502,22
PDIA2:NM_006849,2
ARHGDIG:NM_001176,3
RGS11:NM_003834,2
FAM234A:NR_104317,37
LUC7L:NM_001330420,47
HBQ1:NM_005331,21
HBA1:NM_000558,20
HBA2:NM_000517,6
HBM:NM_001003938,4
HBZ:NM_005332,6
NPRL3:NM_001243249,22
MPG:NM_001015054,27
RHBDF1:NM_022450,9
SNRNP25:NM_024571,62
POLR3K:NM_016310,62
OR4F15:NM_001001674,1
OR4F6:NM_001005326,1
TARS3:NM_152334,21
TM2D3:NM_001308026,45
PCSK6:NM_002570,21
SNRPA1:NM_003090,71
SELENOS:NM_203472,44
CHSY1:NM_014918,41
LRRK1:NM_024652,2
ALDH1A3:NM_001293815,0
ASB7:NM_198243,71
LINS1:NM_001352507,72
CERS3:NM_001290343,1
ADAMTS17:NM_139057,4
LYSMD4:NM_001284420,10
MEF2A:NM_001400039,34
LRRC28:NM_001321678,32
TTC23:NM_001353869,33
SYNM:NM_015286,1
PGPEP1L:NM_001167902,0
IGF1R:NM_001291858,23
ARRDC4:NM_183376,28
NR2F2:NM_001145155,44
MCTP2:NM_001385010,2
RGMA:NM_020211,1
CHD2:NM_001271,45
FAM174B:NM_207446,3
ST8SIA2:NM_001330416,1
SLCO3A1:NM_001145044,3
SV2B:NM_001323031,0
VPS33B:NM_001289149,40
PRC1:NM_003981,59
RCCD1:NM_001017919,23
UNC45A:NM_001039675,57
HDDC3:NM_001286451,43
MAN2A2:NM_001320977,51
FES:NM_001143785,0
FURIN:NM_001382622,9
BLM:NM_001287247,41
CRTC3:NM_001042574,29
IQGAP1:NM_003870,14
ZNF774:NM_001004309,19
NGRN:NR_028052,51
TTLL13:NM_001396017,8
GDPGP1:NM_001013657,43
SEMA4B:NM_001324029,30
IDH2:NM_002168,29
ZNF710:NM_198526,13
ARPIN:NM_182616,4
AP3S2:NM_005829,43
ARPIN-AP3S2:NM_001199058,4
ANPEP:NM_001381923,7
MESP2:NM_001039958,3
MESP1:NM_018670,10
WDR93:NM_001284395,0
PEX11A:NM_003847,0
PLIN1:NM_002666,1
KIF7:NM_198525,7
TICRR:NM_152259,50
RHCG:NM_016321,4
POLG:NM_002693,32
FANCI:NM_018193,47
RLBP1:NM_000326,2
ABHD2:NM_152924,27
MFGE8:NM_001310320,36
HAPLN3:NM_001307952,2
ACAN:NM_001135,0
ISG20:NM_001303235,4
AEN:NM_022767,56
MRPS11:NM_001321970,50
MRPL46:NM_022163,50
NTRK3:NM_001012338,0
AGBL1:NM_152336,1
KLHL25:NM_022480,8
AKAP13:NM_006738,1
PDE8A:NM_001243137,62
SLC28A1:NM_001321721,1
ALPK3:NM_020778,3
ZNF592:NM_014630,46
SEC11A:NM_001271918,83
NMB:NM_021077.4_2,0
WDR73:NM_032856.5_2,36
ZSCAN2:NM_181877.4_2,17
GOLGA6L4:NM_001267536.3_3,0
ADAMTSL3:NM_207517.3_2,0
SH3GL3:NM_001301108.2_2,21
BNC1:NM_001717,0
HDGFL3:NM_016073,34
TM6SF1:NM_001353884,13
BTBD1:NM_025238,69
C15orf40:NM_001160116,48
RAMAC:NM_031452,32
HOMER2:NM_199330,3
WHAMM:NM_001080435,45
FSD2:NM_001281805,6
AP3B2:NM_001278512,9
CPEB1:NM_001387069.1_2,19
RPS17:NM_001021.6_2,83
GOLGA6L9:NM_198181.4_2,0
GOLGA6L10:NM_001164465,0
SAXO2:NM_001008226,24
EFL1:NM_024580,24
MEX3B:NM_032246,66
TMC3:NM_001080532,0
STARD5:NM_181900,16
IL16:NM_001172128,2
CFAP161:NM_173528,0
TLNRD1:NM_022566,43
MESD:NR_126327,39
CEMIP:NM_018689,0
ABHD17C:NM_021214,10
ARNT2:NM_014862,1
CTXND1:NM_001352888,0
FAH:NM_001374380,38
ZFAND6:NM_001242918,60
BCL2A1:NM_001114735,3
MTHFS:NM_001199758,37
ST20-MTHFS:NM_001199760,44
MINAR1:NM_015206,1
TMED3:NM_001330376,33
ANKRD34C:NM_001146341,0
RASGRF1:NM_002891,1
CTSH:NM_001319137,27
MORF4L1:NM_001265603,57
ADAMTS7:NM_014272,13
CHRNB4:NM_000750,0
CHRNA3:NM_001166694,2
CHRNA5:NM_001395175,27
PSMA4:NM_001102668,42
HYKK:NM_001083612,24
IREB2:NM_001354994,56
CRABP1:NM_004378,1
WDR61:NM_001303247,39
DNAJA4:NM_018602,2
ACSBG1:NM_015162,0
IDH3A:NM_005530,45
CIB2:NR_125435,17
SH2D7:NM_001101404,2
TBC1D2B:NM_144572,22
LINGO1:NM_001301186,2
HMG20A:NM_001304505,66
PEAK1:NM_001387085,67
TSPAN3:NM_005724,20
PSTPIP1:NM_001321137,0
RCN2:NM_002902,26
SCAPER:NM_001353010,23
ISL2:NM_145805,40
ETFA:NM_000126,28
TMEM266:NM_152335,7
NRG4:NM_138573,3
FBXO22:NM_147188,42
UBE2Q2:NM_001284382,44
ODF3L1:NM_175881,4
CSPG4:NM_001897,0
SNX33:NM_153271,47
IMP3:NM_018285,70
SNUPN:NM_001042581,30
PTPN9:NM_002833,51
SIN3A:NM_001145357,82
MAN2C1:NM_001256494,36
NEIL1:NM_001352520,15
COMMD4:NR_104312,25
GOLGA6D:NM_001145224,0
GOLGA6C:NM_001164404,0
C15orf39:NM_015492,50
PPCDC:NM_001301103,18
SCAMP5:NM_138967,1
RPP25:NM_017793,20
COX5A:NM_004255,55
FAM219B:NM_020447,42
MPI:NM_001289156,26
SCAMP2:NM_001320778,33
ULK3:NM_001099436,29
CPLX3:NM_001030005,1
LMAN1L:NM_021819,2
CSK:NM_001127190,42
CYP1A2:NM_000761,1
CYP1A1:NM_001319217,4
EDC3:NM_001142443,47
CLK3:NM_003992,3
ARID3B:NM_006465,57
UBL7:NM_001286740.1_2,40
SEMA7A:NM_003612.5_2,25
CYP11A1:NM_000781.3_2,2
CCDC33:NM_025055.5_2,2
STRA6:NM_001199040.2_2,4
ISLR:NM_005545.4_2,2
ISLR2:NM_001130136,4
GOLGA6A:NM_001038640,0
PML:NM_033238,50
STOML1:NM_001324230,28
LOXL1:NM_005576,5
TBC1D21:NM_001286434,1
INSYN1:NM_001384351,0
CD276:NM_001329629,5
NPTN:NM_012428,37
REC114:NM_001348772,1
HCN4:NM_005477,0
NEO1:NM_002499,6
ADPGK:NM_001365226,60
BBS4:NM_001252678,48
HIGD2B:NM_001350932,48
GOLGA6B:NM_018652,0
ARIH1:NM_005744,84
TMEM202:NM_001080462,0
HEXA:NM_001318825,42
CELF6:NM_052840,7
PARP6:NM_001323523,16
PKM:NM_001206796,53
GRAMD2A:NM_001012642,0
SENP8:NM_001166340,1
MYO9A:NM_006901,56
NR2E3:NM_014249,1
THSD4:NM_001394532,0
THAP10:NM_020147,3
LRRC49:NM_001284357,1
LARP6:NM_018357,1
UACA:NM_018003,4
TLE3:NM_005078,66
RPLP1:NM_213725,95
KIF23:NM_001281301,38
PAQR5:NM_017705,2
GLCE:NM_001324092,22
SPESP1:NM_145658,0
NOX5:NM_001184780,0
ANP32A:NM_006305,97
CORO2B:NM_001324014,1
ITGA11:NM_001004439,1
FEM1B:NM_015322,49
CLN6:NM_017882,52
CALML4:NM_001286694,4
PIAS1:NM_016166,37
SKOR1:NM_001365915,2
MAP2K5:NM_002757,57
C15orf61:NM_001143936,53
IQCH:NM_001322472,56
AAGAB:NM_001271885,56
SMAD3:NM_005902,56
SMAD6:NM_005585,23
LCTL:NM_207338,1
ZWILCH:NM_001287823,102
RPL4:NM_000968,106
SNAPC5:NM_006049,36
MAP2K1:NM_002755,54
TIPIN:NM_001398283,54
DIS3L:NM_001323936,23
MEGF11:NM_001387150.1_2,2
RAB11A:NM_001206836,68
DENND4A:NM_001320835,62
SLC24A1:NM_001301033,58
INTS14:NM_001394795,58
HACD3:NM_016395,30
DPP8:NM_001320876,32
IGDCC4:NM_020962,10
IGDCC3:NM_004884,1
PARP16:NM_017851,24
CILP:NM_003613,1
CLPX:NM_006660,56
PDCD7:NM_005707,37
UBAP1L:NM_001163692,1
KBTBD13:NM_001101362,0
RASL12:NM_001379429,0
SLC51B:NM_178859,0
MTFMT:NM_139242,45
SPG21:NM_016630,32
ANKDD1A:NM_182703,0
PLEKHO2:NM_001195059,30
PIF1:NM_001286499,24
RBPMS2:NM_194272,3
OAZ2:NM_002537,34
ZNF609:NM_015042,23
TRIP4:NM_016213,25
PCLAF:NR_109934,25
CSNK1G1:NM_001329605,41
PPIB:NM_000942,48
SNX22:NM_024798,12
SNX1:NM_148955,72
CIAO2A:NM_032231,70
DAPK2:NM_001395290,13
HERC1:NM_003922,29
FBXL22:NM_203373,1
USP3:NM_001256702,47
CA12:NM_001218,2
APH1B:NM_001145646,20
RAB8B:NM_016530,33
RPS27L:NM_015920,44
LACTB:NM_032857,19
TPM1:NM_001018004,0
TLN2:NM_001394547,34
C2CD4B:NM_001007595,1
C2CD4A:NM_207322,2
VPS13C:NM_020821,35
RORA:NM_134261,2
ICE2:NM_024611,68
ANXA2:NM_001002858,35
FOXB1:NM_012182,3
NMNAT1P5:NMNAT1P5,0
BNIP2:NM_001320674,52
GTF2A2:NM_001320930,32
GCNT3:NM_004751,3
FAM81A:NM_152450,0
LDHAL6B:NM_033195,0
MYO1E:NM_004998,0
CCNB2:NM_004701,51
RNF111:NM_001270529,46
SLTM:NM_024755,54
MINDY2:NM_001040453,53
ADAM10:NM_001110,64
LIPC:NM_000236,3
AQP9:NM_001320636,1
ALDH1A2:NM_001206897,70
POLR2M:NM_001018102,31
MYZAP:NM_152451,0
GCOM1:NM_001018091,0
CGNL1:NM_032866,4
TCF12:NM_001322157,83
ZNF280D:NM_017661,36
MNS1:NM_018365,13
TEX9:NM_001385043,36
RFX7:NM_001370561,29
NEDD4:NM_001329212,34
PRTG:NM_173814,7
PYGO1:NM_015617,2
DNAAF4:NM_001033560,0
PIERCE2:NM_001198784,49
CCPG1:NM_004748,49
PIGB:NM_004855,58
PIGBOS1:NM_001308421,58
RAB27A:NM_183235,50
RSL24D1:NM_016304,63
UNC13C:NM_001329919,0
WDR72:NR_102334,1
ONECUT1:NM_004498,5
FAM214A:NM_001385014,3
ARPP19:NM_001306191,58
MYO5A:NM_000259,13
MYO5C:NM_018728,0
GNB5:NM_016194,4
BCL2L10:NM_001306168,1
MAPK6:NM_002748,39
LEO1:NM_001323903,36
TMOD3:NM_014547,45
TMOD2:NM_001142885,16
LYSMD2:NM_001143917,16
SCG3:NM_001165257,14
DMXL2:NM_001378457,45
GLDN:NM_181789,2
CYP19A1:NM_031226,2
TNFAIP8L3:NM_207381,2
AP4E1:NM_007347,59
SPPL2A:NM_032802,34
TRPM7:NM_017672,55
USP50:NM_203494,0
USP8:NM_001283049,44
GABPB1:NM_001320910,94
HDC:NM_002112,3
SLC27A2:NM_001159629,32
ATP8B4:NM_024837,6
DTWD1:NM_001144955,40
FGF7:NM_002009,1
FAM227B:NM_152647,40
GALK2:NM_001001556,67
COPS2:NM_001143887,67
SECISBP2L:NM_001193489,43
EID1:NM_014335,44
SHC4:NM_203349,6
CEP152:NM_001194998,40
FBN1:NM_000138,0
DUT:NM_001330286,64
SLC12A1:NM_001184832,1
CTXN2:NM_001370415,7
MYEF2:NM_016132,7
SLC24A5:NM_205850,2
SEMA6D:NM_001198999,0
SQOR:NM_001271213,0
BLOC1S6:NR_132354,50
SLC30A4:NM_013309,18
C15orf48:NM_197955,3
SPATA5L1:NM_024063,68
GATM:NM_001321015,68
SLC28A2:NM_004212,1
SHF:NM_138356,42
DUOX1:NM_175940,1
DUOXA1:NM_144565,1
DUOXA2:NM_207581,1
DUOX2:NM_014080,1
SORD:NM_003104,29
TERB2:NM_152448,3
TRIM69:NM_001301146.2_2,2
B2M:NM_004048.4_2,70
PATL2:NM_001387260,69
SPG11:NM_025137,33
EIF3J:NM_001284336,77
CTDSPL2:NM_016396,68
GOLM2:NM_177974,73
FRMD5:NM_001286491,2
WDR76:NM_001167941,31
MFAP1:NM_005926,24
HYPK:NM_016400,29
SERINC4:NM_001258032,29
SERF2-C15ORF63:NR_037673,30
SERF2:NM_001199877,9
ELL3:NM_025165,9
PDIA3:NM_005313,36
CKMT1A:NM_001015001,0
CATSPER2:NM_172095,0
STRC:NM_153700,1
CKMT1B:NM_020990,0
PPIP5K1:NM_001354383,0
MAP1A:NM_002373,19
TP53BP1:NM_005657,18
TUBGCP4:NM_014444,58
ZSCAN29:NM_001372080,58
ADAL:NM_001159280,72
LCMT2:NM_014793,72
TGM7:NM_052955,0
TGM5:NM_201631,3
EPB42:NM_000119,8
CCNDBP1:NM_012142,25
TMEM62:NM_001347030,32
UBR1:NM_174916,40
TTBK2:NM_173500,31
CDAN1:NM_138477,44
STARD9:NM_020759,21
HAUS2:NM_001130447,61
LRRC57:NM_153260,61
SNAP23:NM_130798,23
ZNF106:NM_001366845,39
CAPN3:NM_173087,0
GANC:NM_001393928,54
TMEM87A:NM_001286487,56
VPS39:NM_001301138,37
PLA2G4F:NM_213600,1
PLA2G4D:NM_178034,0
PLA2G4E:NM_001206670,1
EHD4:NM_139265,34
SPTBN5:NM_016642,0
PLA2G4B:NM_001114633,0
JMJD7:NM_001114632,27
JMJD7-PLA2G4B:NM_001198588,27
MAPKBP1:NM_001265611,25
MGA:NM_001080541,40
TYRO3:NM_006293,29
RPAP1:NM_015540,30
LTK:NM_002344,13
ITPKA:NM_002220,41
RTF1:NM_015138,65
NDUFAF1:NM_016013,30
NUSAP1:NM_001243144,86
OIP5:NM_007280,83
CHP1:NM_007236,35
EXD1:NM_001286441,35
INO80:NM_017553,54
CHAC1:NM_001142776,17
DLL4:NM_019074,23
VPS18:NM_020857,32
RHOV:NM_133639,10
SPINT1:NM_001386875,10
PPP1R14D:NM_001130143,2
ZFYVE19:NM_032850,47
C15orf62:NM_001130448,2
DNAJC17:NM_018163,47
GCHFR:NM_005258,14
RMDN3:NM_001323895,31
RAD51:NM_001164269,53
KNL1:NM_144508,53
RPUSD2:NM_001286407,38
CCDC32:NM_001382439,37
CHST14:NM_130468,16
BAHD1:NM_001301132,34
IVD:NM_001354601,2
KNSTRN:NM_001142762,39
DISP2:NM_033510,13
PHGR1:NM_001145643,1
CCDC9B:NM_207380,2
INAFM2:NM_001301268,20
PLCB2:NM_004573,1
ANKRD63:NM_001190479,10
PAK6:NM_001276718,2
BUB1B-PAK6:NM_001128629,0
BUB1B:NM_001211,57
BMF:NM_001398501,12
SRP14:NM_001309434,59
EIF2AK4:NM_001013703,32
GPR176:NM_001271854,14
FSIP1:NM_152597,22
THBS1:NM_003246,5
RASGRP1:NM_005739,6
FAM98B:NM_173611,45
SPRED1:NM_152594,87
TMCO5A:NM_001370737,1
MEIS2:NM_001220482,92
CDIN1:NM_001321758,20
DPH6:NM_080650,53
NANOGP8:NM_001355281,0
ZNF770:NM_014106,47
AQR:NM_014691,42
ACTC1:NM_005159,2
GJD2:NM_020660,3
GOLGA8B:NM_001023567,39
GOLGA8A:NM_181077.5_2,21
LPCAT4:NM_153613.3_2,41
NUTM1:NM_001284293.2_2,28
NOP10:NM_018648.4_2,28
SLC12A6:NM_001042495.2_2,35
EMC4:NM_001286420,43
KATNBL1:NM_024713,29
PGBD4:NM_152595,47
EMC7:NM_020154,47
CHRM5:NM_001320917,4
AVEN:NM_020371,18
RYR3:NM_001243996,0
FMN1:NM_001277313.2_4,3
GREM1:NM_013372.7_4,0
SCG5:NM_001394279.1_4,1
ARHGAP11A-SCG5:NM_001368319.1_4,25
ARHGAP11A:NM_001286479.3_4,25
GOLGA8N:NM_001282494.2_4,0
GOLGA8O:NM_001277308.1_2,0
GOLGA8K:NM_001282493.2_2,0
CHRNA7:NM_000746.6_4,3
OTUD7A:NM_130901.3_3,12
KLF13:NM_001302461.2_3,42
TRPM1:NM_001252020.2_3,0
MTMR10:NM_017762.3_3,41
FAN1:NM_014967.5_3,26
GOLGA8H:NM_001282490.2_4,0
GOLGA8Q:NM_001355476.2_3,0
GOLGA8R:NM_001282484.1_3,0
CHRFAM7A:NM_139320.2_3,0
GOLGA8T:NM_001355469.2_3,0
GOLGA8J:NM_001282472.2_4,0
TJP1:NM_001301025.3_3,1
NSMCE3:NM_138704.4_3,47
FAM189A1:NM_001387215.1_3,3
APBA2:NM_001353789.2_3,11
GOLGA6L7:NM_001365371.2_2,0
GOLGA8M:NM_001282468.3_3,0
GOLGA8G:NM_001368078.2_4,0
HERC2:NM_004667.6_3,3
OCA2:NM_000275.3_3,16
GABRG3:NM_033223,2
GABRA5:NM_001165037,1
GABRB3:NM_021912,3
ATP10A:NM_024490,0
UBE3A:NM_001354507,53
SNURF:NM_005678,2
SNRPN:NM_001400650,1
NPAP1:NM_018958,0
NDN:NM_002487.3_2,2
MAGEL2:NM_019066.5_2,1
MKRN3:NM_005664.4_2,57
GOLGA6L2:NM_001304388.2_2,2
GOLGA8S:NM_001355465.2_2,0
GOLGA6L1:NM_001001413.3_4,0
TUBGCP5:NM_001354372.2_4,30
CYFIP1:NM_001324119.2_3,35
NIPA2:NM_001008894.3_2,70
NIPA1:NM_001142275.1_2,29
GOLGA6L22:NM_001396957.1_4,0
OR4N4:NM_001005241.4_2,0
OR4M2:NM_001004719.2_2,0
POTEB:NM_001277304.2_2,0
OR4N4C:NM_001365389.2_2,0
OR4M2B:NM_001395296.1_3,2
POTEB3:NM_207355.5_3,0
POTEB2:NM_001277303.1_2,0
GOLGA6L6:NM_001145004.2_2,0
TMEM121:NM_025268,4
TEDC1:NM_001198983,20
CRIP1:NM_001311,0
CRIP2:NM_001270837,5
MTA1:NM_001203258,17
TEX22:NM_001195082,16
PACS2:NM_001243127,27
BTBD6:NM_033271,0
BRF1:NM_001242786,13
NUDT14:NM_177533,4
JAG2:NM_002226,13
GPR132:NM_001278694,2
CDCA4:NM_017955,47
CLBA1:NM_174891,9
AHNAK2:NM_138420,8
PLD4:NM_001308174,2
CEP170B:NM_015005,16
ZBTB42:NM_001370342,27
AKT1:NM_001382432,35
SIVA1:NM_021709,33
ADSS1:NM_152328,15
INF2:NM_001031714,19
TMEM179:NM_001286389.2_2,0
C14orf180:NM_001008404.3_2,0
KIF26A:NM_015656,0
ASPG:NM_001080464,0
RD3L:NM_001257268,1
TDRD9:NM_153046,1
ATP5MJ:NM_001127393,29
PPP1R13B:NM_015316,7
ZFYVE21:NM_024071,41
XRCC3:NM_001100119,41
KLC1:NM_001394851,24
COA8:NM_001302652,56
BAG5:NM_001015048,56
TRMT61A:NM_152307,34
CKB:NM_001362531,24
MARK3:NM_001128921,32
EIF5:NM_001969,62
TNFAIP2:NM_001371221,14
EXOC3L4:NM_001077594,1
LBHD2:NM_001330236,0
CDC42BPB:NM_006035,8
AMN:NM_030943,2
TRAF3:NM_001199427,26
RCOR1:NM_015156,67
ANKRD9:NM_001348651,14
TECPR2:NM_014844,27
CINP:NM_032630,27
ZNF839:NM_001385074,17
WDR20:NM_001353662,47
HSP90AA1:NM_001017963,47
DYNC1H1:NM_001376,38
PPP2R5C:NM_001352914,23
DIO3:NM_001362,0
RTL1:NM_001134888,0
DLK1:NM_001317172,8
BEGAIN:NM_001385085,8
WDR25:NM_001387351,37
WARS1:NM_173701,39
SLC25A47:NM_207117,1
SLC25A29:NM_001352820,24
YY1:NM_003403,71
DEGS2:NM_206918,1
EVL:NM_001330221,20
EML1:NM_001375411,0
CYP46A1:NM_006668,25
HHIPL1:NM_001329411,25
CCDC85C:NM_001144995,25
CCNK:NM_001099402,57
SETD3:NM_032233,58
BCL11B:NM_138576,2
LINC00618:NR_104113,1
VRK1:NM_003384,33
PAPOLA:NM_001293627,49
AK7:NM_001350891,28
GSKIP:NM_001271906,52
ATG2B:NM_018036,52
BDKRB1:NM_001386007,0
BDKRB2:NM_000623,1
C14orf132:NM_001282464,2
TCL1A:NM_021966,1
TCL1B:NM_004918,1
GLRX5:NM_016417,53
SYNE3:NM_152592,8
CLMN:NM_024734,3
DICER1:NM_030621,21
GSC:NM_173849,0
SERPINA3:NM_001085,0
SERPINA5:NM_000624,2
SERPINA4:NM_006215,2
SERPINA12:NM_173850,0
SERPINA9:NM_001284276,0
SERPINA11:NM_001080451,0
SERPINA1:NM_001127701.2_2,0
SERPINA2:NR_110563,2
SERPINA6:NM_001756.4_2,1
SERPINA10:NM_001100607.3_2,1
PPP4R4:NM_058237.2_2,7
IFI27L2:NM_032036.3_2,3
IFI27:NM_001366994.1_2,0
IFI27L1:NM_206949.3_2,33
DDX24:NM_020414.4_2,33
OTUB2:NM_023112.4_2,3
ASB2:NM_001202429.2_2,0
FAM181A:NM_001207071.2_2,0
PRIMA1:NM_178013.4_2,0
COX8C:NM_182971.3_2,3
UNC79:NM_020818.5_2,37
BTBD7:NM_001002860.4_2,37
UBR7:NM_175748.4_2,40
GON7:NM_032490.5_2,40
TMEM251:NM_015676.3_2,32
MOAP1:NM_022151.5_2,32
ITPK1:NM_014216.6_2,15
CHGA:NM_001301690.2_2,1
GOLGA5:NM_005113,23
LGMN:NM_001008530,0
RIN3:NM_024832,3
SLC24A4:NM_153648,0
CPSF2:NM_001322271,55
NDUFB1:NM_004545,54
ATXN3:NM_004993,16
TRIP11:NM_004239,41
FBLN5:NM_001384161,1
TC2N:NM_001128596.3_2,2
CATSPERB:NM_024764.4_2,1
PPP4R3A:NR_169193,65
CCDC88C:NM_001080414,32
GPR68:NM_001348437,3
DGLUCY:NM_001358311,26
RPS6KA5:NM_001322227,24
TTC7B:NM_001401365,26
CALM1:NM_001363669,31
NRDE2:NM_017970,23
PSMC1:NM_002802,26
KCNK13:NM_022054,3
TDP1:NM_001008744,37
EFCAB11:NM_001284267,35
FOXN3:NM_001085471,3
TTC8:NM_001366536,25
EML5:NM_183387,10
ZC3H14:NM_001326311,23
PTPN21:NM_007039,14
SPATA7:NM_001040428,15
KCNK10:NM_021161,1
GPR65:NM_003608,0
GALC:NM_001201402,17
FLRT2:NM_001346146,2
SEL1L:NM_005065,22
STON2:NM_001366849,39
GTF2A1:NM_201595,38
NMNAT1P1:NMNAT1P1,4
TSHR:NM_000369,1
CEP128:NM_152446,16
DIO2:NM_000793,0
NRXN3:NM_001366425,1
ADCK1:NM_001142545,8
SNW1:NM_001318844,34
SLIRP:NM_001267863,64
ALKBH1:NM_006020,64
SPTLC2:NM_004863,25
ISM2:NM_199296,3
AHSA1:NM_001321441,71
VIPAS39:NM_001193314,71
NOXRED1:NM_001113475,1
SAMD15:NM_001010860,34
TMED8:NM_001346133,34
GSTZ1:NM_145871,35
POMT2:NM_013382,35
NGB:NM_021257,1
TMEM63C:NM_020431,0
ZDHHC22:NM_174976,1
CIPC:NM_033426,33
IRF2BPL:NM_024496,23
LRRC74A:NM_194287,1
ANGEL1:NM_001370747,31
VASH1:NM_014909,4
ESRRB:NM_004452,1
GPATCH2L:NM_017926,35
IFT43:NR_045664,18
TGFB3:NM_001329939,11
TTLL5:NM_015072,40
ERG28:NM_007176,39
FLVCR2:NM_017791,2
BATF:NM_006399,3
JDP2:NM_001135047,6
FOS:NM_005252,43
TMED10:NM_006827,26
NEK9:NM_001329237,37
ZC2HC1C:NM_001042430,25
ACYP1:NM_001302617,25
MLH3:NM_001040108,10
EIF2B2:NM_014239,36
PGF:NM_001207012,6
RPS6KL1:NM_031464,17
DLST:NM_001933,26
PROX2:NM_001384314,1
YLPM1:NM_019589,40
FCF1:NM_015962,39
AREL1:NM_001039479,39
LTBP2:NM_000428,9
ISCA2:NM_001272007,29
NPC2:NM_001363688,29
SYNDIG1L:NM_001105579,0
VRTN:NM_018228,2
ABCD4:NM_020325,27
VSX2:NM_182894,0
LIN52:NM_001372006,36
ALDH6A1:NM_001278594,36
BBOF1:NM_025057,36
ENTPD5:NM_001382262,36
COQ6:NM_182480,30
FAM161B:NM_152445,30
ZNF410:NM_001242927,50
PTGR2:NM_001371327,13
MIDEAS:NM_001043318,26
PNMA1:NM_006029,22
DNAL1:NM_031427,15
ACOT6:NM_001365789,12
ACOT4:NM_152331,0
ACOT2:NR_046028,1
RIOX1:NM_024644,38
ACOT1:NM_001037161,0
HEATR4:NM_001220484,1
NUMB:NM_001320114,38
PAPLN:NM_173462,1
PSEN1:NM_007318,34
RBM25:NM_021239,40
ZFYVE1:NM_021260,14
DCAF4:NM_001352448,27
DPF3:NM_001280542,28
RGS6:NM_001204423,0
SIPA1L1:NM_001354287,26
PCNX1:NM_001308160,13
MAP3K9:NM_033141,21
TTC9:NM_015351,4
MED6:NM_001284209,19
ADAM20:NM_003814,0
ADAM21:NM_003813,2
SYNJ2BP:NM_018373,6
COX16:NM_016468,19
SYNJ2BP-COX16:NM_001202547,6
SLC8A3:NM_033262,0
SMOC1:NM_022137,1
SLC10A1:NM_003049,0
SRSF5:NM_006925,37
SUSD6:NM_014734,39
CCDC177:NM_001271507,2
PLEKHD1:NM_001161498,0
SLC39A9:NM_001252152,63
ERH:NM_004450,63
GALNT16:NM_020692,4
EXD2:NM_018199,16
DCAF5:NM_001284206,42
ACTN1:NM_001130004,40
ZFP36L1:NM_001244701,21
RAD51B:NM_001321818,18
ZFYVE26:NM_015346,21
RDH12:NM_152443,0
RDH11:NM_016026,30
VTI1B:NM_006370,22
ARG2:NM_001172,4
PIGH:NM_001363694,20
PLEKHH1:NM_020715,11
TMEM229B:NM_001348546,11
PLEK2:NM_016445,2
EIF2S1:NM_004094,53
ATP6V1D:NM_015994,57
PALS1:NM_001256550,40
GARIN2:NM_173526,1
GPHN:NM_001024218,50
CCDC196:NM_001351576,3
FUT8:NM_178156,10
MAX:NM_197957,32
FNTB:NM_002028,35
RAB15:NM_001330182,2
GPX2:NM_002083,0
CHURC1:NM_001204064,23
CHURC1-FNTB:NM_001202559,23
SPTB:NM_001355436,39
PLEKHG3:NM_001308147,2
PPP1R36:NM_172365,2
HSPA2:NM_001387931,1
ZBTB1:NM_014950,45
AKAP5:NM_004857,12
ZBTB25:NM_001304508,41
MTHFD1:NM_001364837,40
ESR2:NM_001291712,16
SYNE2:NM_015180,4
SGPP1:NM_030791.4_2,28
WDR89:NM_001258272,43
PPP2R5E:NM_006246,56
GPHB5:NM_145171,0
RHOJ:NM_020663,1
KCNH5:NM_139318,1
SYT16:NM_001367650,0
SNAPC1:NM_003082,24
HIF1A:NM_181054,46
TMEM30B:NM_001017970,1
PRKCH:NM_006255,17
SLC38A6:NM_001172702,53
TRMT5:NM_001350253,52
MNAT1:NM_001177963,19
SIX4:NM_017420,39
SIX1:NM_005982,2
SIX6:NM_007374,1
C14orf39:NM_174978,11
PPM1A:NM_177952,2
DHRS7:NM_001322280,0
PCNX4:NM_001330177,43
LRRC9:NM_001355272,0
RTN1:NM_021136,1
CCDC175:NM_001164399,6
JKAMP:NM_001098625,57
L3HYPDH:NM_001331158,57
GPR135:NM_022571,1
DAAM1:NM_001270520,46
DACT1:NR_046093,0
KIAA0586:NM_001244191,56
TIMM9:NM_012460,56
TOMM20L:NM_207377,3
ARID4A:NM_023001,62
PSMA3:NM_152132,44
ACTR10:NM_018477,18
ARMH4:NM_001001872,9
SLC35F4:NM_001352014,2
CCDC198:NM_001283058,0
NAA30:NM_001011713,36
AP5M1:NM_018229,50
EXOC5:NM_006544,50
OTX2:NM_001270524,2
TMEM260:NM_017799,28
PELI2:NM_021255,16
KTN1:NR_073128,46
TBPL2:NM_199047,1
ATG14:NM_014924,27
FBXO34:NM_017943,24
DLGAP5:NM_001146015,42
LGALS3:NM_002306,4
MAPK1IP1L:NM_144578,41
SOCS4:NM_080867,35
WDHD1:NM_007086,35
GCH1:NM_000161,31
SAMD4A:NM_015589,36
CGRRF1:NM_006568,18
GMFB:NM_004124,22
CNIH1:NM_005776,28
CDKN3:NM_001130851,15
BMP4:NM_130850,1
DDHD1:NM_001160147,30
FERMT2:NM_001134999,7
GNPNAT1:NM_198066,23
STYX:NM_001130701,27
PSMC6:NM_002806,38
ERO1A:NM_001382472,38
GPR137C:NM_001099652,27
TXNDC16:NM_020784,27
PTGER2:NM_000956,1
PTGDR:NM_000953,0
NID2:NM_007361,0
RTRAF:NM_016039,24
GNG2:NM_001389707,1
FRMD6:NM_001042481,1
TMX1:NM_030755,37
TRIM9:NM_001387360,0
PYGL:NM_002863,17
ABHD12B:NM_181814,0
NIN:NM_020921,14
SAV1:NM_021818,42
ATL1:NM_001127713,37
MAP4K5:NM_198794,39
CDKL1:NM_001367064,23
DMAC2L:NM_001382509,33
L2HGDH:NM_024884,33
SOS2:NM_006939,29
VCPKMT:NM_024558,21
ARF6:NM_001663,45
NEMF:NM_004713,31
KLHDC2:NM_014315,40
KLHDC1:NM_172193,15
POLE2:NM_001348385,19
DNAAF2:NM_018139,58
MGAT2:NM_002408,72
RPL36AL:NM_001001,72
LRR1:NM_203467,51
RPS29:NM_001030001,56
MDGA2:NM_001113498,0
RPL10L:NM_080746,3
MIS18BP1:NM_018353,23
FANCM:NM_001308133,69
FKBP3:NM_002013,63
PRPF39:NM_017922,39
TOGARAM1:NM_015091,41
KLHL28:NM_017658,41
C14orf28:NM_001017923,23
FSCB:NM_032135,0
LRFN5:NM_001346175,5
FBXO33:NM_203301,28
MIA2:NM_001354145,24
PNN:NM_002687,40
TRAPPC6B:NM_001079537,29
GEMIN2:NM_001009182,17
SEC23A:NM_006364,32
CLEC14A:NM_175060,3
SSTR1:NM_001049,2
TTC6:NM_001310135,23
FOXA1:NM_004496,26
MIPOL1:NM_138731,23
SLC25A21:NM_030631,34
PAX9:NM_006194,2
NKX2-8:NM_014360,0
NKX2-1:NM_001079668,0
SFTA3:NR_161365,0
MBIP:NM_016586,30
BRMS1L:NM_032352,22
RALGAPA1:NM_001346249,13
INSM2:NM_032594,6
NFKBIA:NM_020529,38
PSMA6:NM_001282234,1
PRORP:NM_001256679,39
PPP2R3C:NM_001305156,38
FAM177A1:NM_001079519,27
SRP54:NM_001146282,59
BAZ1A:NM_013448,55
CFL2:NM_001243645,17
SNX6:NM_021249,12
EAPP:NM_018453,30
SPTSSA:NM_138288,30
EGLN3:NM_022073,32
NPAS3:NM_022123,3
AKAP6:NM_004274,2
ARHGAP5:NM_001173,65
NUBPL:NM_025152,19
GPR33:NM_001197184,0
DTD2:NM_080664,19
HEATR5A:NM_015473,45
HECTD1:NM_015382,51
AP4S1:NM_001254729,69
STRN3:NM_001083893,74
COCH:NM_004086,37
SCFD1:NM_182835,55
G2E3:NM_001308097,25
PRKD1:NM_001330069,2
FOXG1:NM_005249,30
NOVA1:NM_001366391,3
STXBP6:NM_001394414,2
GZMB:NM_001346011,2
GZMH:NM_033423,1
CTSG:NM_001911,0
CMA1:NM_001836,0
SDR39U1:NM_001290292,30
CBLN3:NM_001039771,25
KHNYN:NM_001290256,25
NYNRIN:NM_025081,1
NFATC4:NM_001198967.3_2,4
RIPK3:NM_006871.4_2,3
ADCY4:NM_001198568.2_2,2
LTB4R:NM_001143919.3_2,0
LTB4R2:NM_019839.5_2,0
CIDEB:NM_001393334.1_2,0
DHRS1:NM_001136050.3_2,35
NOP9:NM_001286367.2_2,35
RABGGTA:NM_004581.5_2,20
TGM1:NM_000359.3_2,1
TINF2:NM_012461.3_2,16
GMPR2:NM_001002001.3_2,28
NEDD8:NM_006156.3_2,28
MDP1:NM_001199822.2_2,14
NEDD8-MDP1:NM_001199823.3_2,28
CHMP4A:NM_014169.5_2,22
TSSK4:NM_001308067.2_2,0
TM9SF1:NM_006405.7_2,27
IPO4:NM_024658.4_2,21
REC8:NM_005132.3_2,1
IRF9:NM_001385402.1_2,7
RNF31:NM_001310332.2_2,58
PSME2:NM_002818.3_2,59
EMC9:NM_001346877.2_2,20
PSME1:NM_001281529.2_2,15
FITM1:NM_203402.3_2,1
DCAF11:NM_001163484.2_2,40
PCK2:NM_004563.4_2,35
NRL:NM_001354768.3_2,40
CPNE6:NM_001385057.1_2,0
CARMIL3:NM_138360.4_2,8
DHRS4L2:NM_001193637.1_2,0
DHRS4:NM_001282991.2_2,26
DHRS2:NM_001318835,0
JPH4:NM_032452,0
AP1G2:NM_001354681,20
ZFHX2:NM_033400,4
NGDN:NM_015514,18
MYH7:NM_000257,0
MYH6:NM_002471,2
CMTM5:NM_001288745,0
IL25:NM_172314,2
EFS:NM_005864,2
SLC22A17:NM_020372,1
PABPN1:NM_004643,56
BCL2L2:NM_004050,38
BCL2L2-PABPN1:NM_001199864,38
PPP1R3E:NM_001276318,26
HOMEZ:NM_020834,57
RNF212B:NM_001370218,4
SLC7A8:NM_012244,5
CEBPE:NM_001805,2
CIROP:NM_001354640,1
C14orf119:NM_017924,48
ACIN1:NM_014977,48
CDH24:NM_022478,21
PSMB11:NM_001099780,1
PSMB5:NM_001130725,42
C14orf93:NM_001130706,28
AJUBA:NM_032876,25
HAUS4:NM_001166269,24
PRMT5:NM_001039619,65
RBM23:NM_001352765,25
REM2:NM_173527,2
LRP10:NM_001329226,46
MMP14:NM_004995,1
MRPL52:NM_180982,37
SLC7A7:NM_001126106,0
OXA1L:NM_005015,39
OR6J1:NM_001348233,0
ABHD4:NM_022060,15
DAD1:NM_001344,32
OR4E1:NM_001317107,1
OR4E2:NM_001001912,2
OR10G2:NM_001005466,1
OR10G3:NM_001005465,2
SALL2:NM_005407,2
METTL3:NM_019852,36
TOX4:NM_001303523,34
RAB2B:NM_032846,34
CHD8:NM_001170629,35
SUPT16H:NM_007192,33
RPGRIP1:NM_020366,0
HNRNPC:NM_031314,46
OR5AU1:NM_001004731,0
TMEM253:NM_001395466,8
ZNF219:NM_001102454,7
ARHGEF40:NM_001278530,7
RNASE8:NM_138331,0
RNASE7:NM_032572,1
RNASE13:NM_001012264,1
TPPP2:NM_173846,1
NDRG2:NM_001282211,7
SLC39A2:NM_001256588,0
METTL17:NM_022734,18
RNASE2:NM_002934,0
RNASE3:NM_002935,1
RNASE1:NM_198235,14
RNASE6:NM_005615,0
EDDM3B:NM_022360,1
EDDM3A:NM_006683,0
RNASE4:NM_001282193,42
ANG:NM_001145,43
OR6S1:NM_001001968,0
RNASE12:NM_001024822,4
RNASE11:NM_145250,4
RNASE9:NM_001110359,2
RNASE10:NM_001012975.3_2,2
PNP:NM_000270.4_2,43
PIP4P1:NM_001100814.3_2,20
APEX1:NM_080648.3_2,41
OSGEP:NM_017807.4_2,41
KLHL33:NM_001365790.2_2,0
TEP1:NM_007110.5_2,22
PARP2:NM_001042618.2_2,31
CCNB1IP1:NM_182852.4_2,31
TTC5:NM_138376.3_2,21
OR11H4:NM_001004479.2_2,0
OR11H6:NM_001004480.1_2,2
OR11G2:NM_001005503.2_2,0
OR4N5:NM_001004724.2_2,0
OR4K17:NM_001004715.5_2,3
OR4L1:NM_001004717.1_2,0
OR4K13:NM_001386029.1_2,1
OR4K14:NM_001004712.2_2,1
OR4K15:NM_001005486.2_2,0
OR4K5:NM_001005483.1_2,2
OR4K1:NM_001004063.3_2,2
OR4K2:NM_001005501.2_2,6
OR4N2:NM_001004723.3_2,0
OR4M1:NM_001005500,2
OR4Q3:NM_172194,7
OR11H2:NM_001197287,0
POTEG:NM_001005356,0
POTEM:NM_001145442,0
OR11H12:NM_001013354,0
CHAMP1:NM_001164145,33
UPF3A:NM_001353644,43
CDC16:NM_001330104,26
CFAP97D2:NM_001395229,1
RASA3:NM_001320821.2_2,35
C13orf46:NM_001365455.2_2,0
GAS6:NM_000820,16
TMEM255B:NM_001348663,8
ATP4B:NM_000705.4_2,1
GRK1:NM_002929.3_3,1
TFDP1:NR_026580,19
TMCO3:NM_001349743,48
DCUN1D2:NM_001014283,48
ADPRHL1:NM_001394807,0
GRTP1:NM_001286733,13
LAMP1:NM_005561,31
CUL4A:NM_001278513,50
PCID2:NM_001320660,53
PROZ:NM_003891,1
F10:NM_001312674,0
F7:NM_001267554,0
MCF2L:NM_001112732,1
ATP11A:NM_032189,37
TUBGCP3:NM_006322.6_2,26
SPACA7:NM_145248.5_2,1
SOX1:NM_005986,1
TEX29:NM_001303133,0
ARHGEF7:NM_001354048,2
ANKRD10:NM_017664,58
ING1:NM_198217,48
CARS2:NR_147941,25
NAXD:NR_040104,23
RAB20:NM_017817,18
COL4A2:NM_001846,0
COL4A1:NM_001845,0
IRS2:NM_003749,21
MYO16:NM_015011.3_2,0
TNFSF13B:NM_001145645,2
ABHD13:NM_032859,42
LIG4:NM_001352599,42
NALF1:NM_001080396,73
ARGLU1:NM_018011,44
EFNB2:NM_004093,9
DAOA:NM_001161814,1
SLC10A2:NM_000452,2
METTL21EP:NR_026965,0
ERCC5:NM_000123,39
BIVM-ERCC5:NM_001204425,0
BIVM:NM_001159596,53
POGLUT2:NM_001318732,53
TEX30:NM_138779,19
CCDC168:NM_001146197,2
METTL21C:NM_001010977,3
TPP2:NM_003291,53
FGF14:NM_001321938,1
ITGBL1:NM_001271754,0
NALCN:NM_001350748,3
TMTC4:NM_001350572,27
GGACT:NM_001195087,13
PCCA:NM_001352608,30
ZIC2:NM_007129,50
CLYBL:NM_001393360,14
TM9SF2:NM_004800,43
GPR183:NM_004951,5
GPR18:NM_005292,1
UBAC2:NM_001144072,48
DOCK9:NM_015296,21
SLC15A1:NM_005073,0
STK24:NM_001032296,34
RNF113B:NM_178861,0
FARP1:NM_001286839,3
IPO5:NM_002271,2
RAP2A:NM_021033,16
MBNL2:NM_001382696,4
OXGR1:NM_001346195,5
HS6ST3:NM_153456,1
UGGT2:NM_020121,32
DNAJC3:NM_006260,50
DZIP1:NM_198968,1
CLDN10:NM_001160100,1
ABCC4:NM_005845,33
SOX21:NM_007084,1
GPR180:NM_180989,9
TGDS:NM_001304430,22
DCT:NM_001322186,23
GPC6:NM_005708,26
GPC5:NM_004466,14
SLITRK5:NM_001384609,0
SLITRK6:NM_032229,4
SLITRK1:NM_001281503,2
SPRY2:NM_005842,54
NDFIP2:NM_001394685,33
RBM26:NM_001286631,49
OBI1:NM_024546,26
POU4F1:NM_006237,20
EDNRB:NM_000115,0
SLAIN1:NM_001242868,5
SCEL:NM_001160706,0
MYCBP2:NM_015057,34
FBXL3:NM_012158,24
CLN5:NM_006493,19
ACOD1:NM_001258406,3
KCTD12:NM_138444,9
LMO7:NM_005358,2
UCHL3:NM_001270952,36
COMMD6:NM_001287394,36
TBC1D4:NM_014832,26
KLF12:NM_001400139,0
KLF5:NM_001286818,1
PIBF1:NM_006346,45
DIS3:NM_001322349,45
BORA:NM_001366664,39
MZT1:NM_001071775,38
DACH1:NM_001366712,2
KLHL1:NM_020866,0
PCDH9:NM_203487,27
PCDH20:NM_022843,0
TDRD3:NM_030794,33
DIAPH3:NM_001042517,36
PCDH17:NM_001040429,0
PRR20E:NM_001130407,0
PRR20D:NM_001130406,0
PRR20C:NM_001130405,0
PRR20B:NM_001130404,0
PRR20A:NM_198441,0
OLFM4:NM_006418,0
PCDH8:NM_002590,3
CNMD:NM_007015,1
SUGT1:NM_006704,43
HNRNPA1L2:NM_001011725,21
CKAP2:NM_018204,42
VPS36:NM_016075,19
THSD1:NM_018676,0
NEK3:NM_002498,6
NEK5:NM_001365552,9
UTP14C:NM_021645,1
ALG11:NM_001004127,43
ATP7B:NM_000053,43
CCDC70:NM_031290,2
TMEM272:NM_001351003,1
DHRS12:NM_001377931,23
WDFY2:NM_052950,29
SERPINE3:NM_001386375,1
INTS6:NM_001306091,46
FAM124A:NM_001242312,3
C13orf42:NR_102431,0
RNASEH2B:NM_001142279,36
DLEU7:NM_198989,1
DLEU1-AS1:NR_125753,1
KCNRG:NM_173605,1
TRIM13:NM_005798,28
SPRYD7:NM_020456,28
KPNA3:NM_002267,35
EBPL:NM_032565,21
ARL11:NM_138450,3
RCBTB1:NM_001352500,28
PHF11:NM_001040443,12
SETDB2:NM_001393978,30
SETDB2-PHF11:NM_001320727,30
CAB39L:NM_001287337,29
CDADC1:NM_001193478,38
MLNR:NM_001507,3
FNDC3A:NM_001079673,24
CYSLTR2:NM_001308471,1
RCBTB2:NM_001352429,1
LPAR6:NM_005767,1
RB1:NM_000321,37
ITM2B:NM_021999,35
MED4:NM_014166,31
SUCLA2:NM_003850,29
HTR2A:NM_001378924,0
ESD:NM_001984,25
LRCH1:NM_001164213,33
RUBCNL:NM_025113,0
LRRC63:NM_001282460,21
LCP1:NM_002298,33
CPB2:NM_001872,1
ZC3H13:NM_001330566,42
SIAH3:NM_198849,0
CBY2:NM_001286341,0
ERICH6B:NM_182542,2
COG3:NM_031431,36
SLC25A30:NM_001286807,20
TPT1:NM_001286272,51
KCTD4:NM_198404,0
GTF2F2:NM_004128,41
GPALPP1:NM_001316952,43
NUFIP1:NM_012345,43
TSC22D1:NM_001243799,16
SERP2:NM_001346980,1
SMIM2:NM_024058,2
LACC1:NM_001128303,1
CCDC122:NM_144974,1
ENOX1:NM_001347966,0
DNAJC15:NM_013238,1
EPSTI1:NM_001002264,1
FAM216B:NM_182508,1
TNFSF11:NM_033012,0
AKAP11:NM_016248,32
DGKH:NM_001204504,27
VWA8:NM_015058,37
RGCC:NM_014059,9
NAA16:NM_024561,39
MTRF1:NM_001354073,39
KBTBD7:NM_032138,11
KBTBD6:NM_152903,23
WBP4:NM_007187,63
ELF1:NM_001370329,63
SLC25A15:NM_014252,24
MRPS31:NM_005830,34
FOXO1:NM_002015,20
COG6:NM_001145079,27
LHFPL6:NM_005780,0
NHLRC3:NR_073109,58
PROSER1:NM_025138,58
STOML3:NM_001144033,0
FREM2:NM_207361,1
UFM1:NM_001286703,32
TRPC4:NM_003306,4
POSTN:NM_006475,2
CSNK1A1L:NM_145203,1
SUPT20H:NM_001278482,27
EXOSC8:NM_181503,58
ALG5:NM_013338,59
SMAD9:NM_001127217,1
RFXAP:NM_000538,18
SERTM1:NM_203451,1
CCNA1:NM_001111047,0
SPART:NM_001142294,0
CCDC169:NM_001198908,41
SOHLH2:NM_017826,8
CCDC169-SOHLH2:NM_001198910,41
NMTRQ-TTG10-1:NMTRQ-TTG10-1,1
DCLK1:NM_001330072,0
MAB21L1:NM_005584,1
NBEA:NM_001379245,6
RFC3:NM_181558,25
STARD13:NM_001243476,0
KL:NM_004795,1
PDS5B:NM_015032,31
N4BP2L2:NM_001278432,37
N4BP2L1:NM_001353631,1
BRCA2:NM_000059,20
ZAR1L:NM_001136571,20
FRY:NM_023037,2
RXFP2:NM_001166058,1
B3GLCT:NM_194318,14
HSPH1:NM_001286504,41
TEX26:NM_001353390,0
MEDAG:NM_032849,1
ALOX5AP:NM_001204406,1
USPL1:NM_001321533,65
HMGB1:NM_001370340,64
UBE2L5:NM_001355247,7
KATNAL1:NM_032116,29
UBL3:NM_007106,15
SLC7A1:NM_003045,32
MTUS2:NM_001384605,0
SLC46A3:NM_181785,7
POMP:NM_015932,52
FLT1:NM_002019,2
PAN3:NM_175854,58
FLT3:NM_004119,2
URAD:NM_001105577,1
CDX2:NM_001265,0
PDX1:NM_000209,2
GSX1:NM_145657,0
POLR1D:NM_001206559,52
LNX2:NM_153371,52
MTIF3:NM_001166262,37
GTF3A:NM_002097,38
RASL11A:NM_206827,19
RPL21:NM_000982,56
USP12:NM_182488,17
GPR12:NM_005288,2
WASF3:NM_006646,2
CDK8:NM_001346501,40
RNF6:NM_183045,32
SHISA2:NM_001007538,1
ATP8A2:NM_016529.6_2,1
NUP58:NM_001008564,27
MTMR6:NM_001385230,24
AMER2:NM_152704,0
PABPC3:NM_030979,1
CENPJ:NM_018451,32
RNF17:NM_001184993,1
ATP12A:NM_001676,0
PARP4:NM_006437,33
C1QTNF9:NM_001303138,0
SPATA13:NM_001286792,1
C1QTNF9B:NR_104426,0
MIPEP:NM_005932,26
TNFRSF19:NM_001204459,3
SACS:NM_014363,1
SGCG:NM_001378244,5
NME1P1:NME1P1,1
FGF9:NM_002010,6
MICU2:NM_152726,15
ZDHHC20:NM_001330059,29
MRPL57:NM_024026,50
SKA3:NM_145061,50
SAP18:NM_005870,35
LATS2:NM_014572,11
XPO4:NM_001372061,42
EEF1AKMT1:NM_174928,18
IL17D:NM_001385225,6
IFT88:NM_001353574,19
CRYL1:NM_015974,17
GJB6:NM_001370092,0
GJB2:NM_004004,1
GJA3:NM_021954,6
ZMYM2:NM_001353159,10
ZMYM5:NM_001142684,33
PSPC1:NM_001354908,39
MPHOSPH8:NM_017520,33
TPTE2:NR_073485,0
TUBA3C:NM_006001,0
ANHX:NM_001372060,0
ZNF268:NM_001165881,25
ZNF10:NM_015394,27
ZNF891:NM_001277291,27
ZNF140:NM_001300776,47
ZNF84:NM_003428,16
ZNF26:NM_001256280,37
ZNF605:NM_183238,11
CHFR:NM_001161346,31
GOLGA3:NM_001389684,45
ANKLE2:NM_015114,39
PGAM5:NM_001170544,57
PXMP2:NM_018663,46
POLE:NM_006231,46
P2RX2:NM_174872,0
LRCOL1:NM_001195520,3
FBRSL1:NM_001382740,16
GALNT9:NM_001122636.2_2,0
NOC4L:NM_024078.3_2,61
DDX51:NM_175066.4_2,61
EP400:NM_015409,39
PUS1:NM_001002020,53
ULK1:NM_003565,27
MMP17:NM_016155,18
SFSWAP:NM_004592,61
ADGRD1:NM_198827,3
RAN:NM_001300796,65
STX2:NM_001351052,31
RIMBP2:NM_001393624,1
PIWIL1:NM_004764.5_2,1
FZD10:NM_007197,0
TMEM132D:NM_133448,1
GLT1D1:NM_001366888,1
SLC15A4:NM_145648,35
TMEM132C:NM_001136103,0
TMEM132B:NM_001366854,2
AACS:NM_001319840,26
BRI3BP:NM_080626,35
DHX37:NM_032656,30
UBC:NM_021009,55
SCARB1:NM_001367983,41
NCOR2:NM_006312,32
RFLNA:NM_181709,2
ZNF664:NM_001204298,39
ZNF664-RFLNA:NM_001347902,39
CCDC92:NM_001304958.2_2,39
DNAH10:NM_001372106.1_2,2
ATP6V0A2:NM_012463,47
TCTN2:NM_001143850,17
GTF2H3:NM_001271867,74
EIF2B1:NM_001414,74
DDX55:NM_020936,72
TMED2:NM_006815,57
RILPL1:NM_001319243,23
SNRNP35:NR_104103,26
RILPL2:NM_145058,35
KMT5A:NM_001367389,59
SBNO1:NM_001167856,66
CDK2AP1:NR_073007,15
MTRFR:NM_152269,69
MPHOSPH9:NM_022782,69
PITPNM2:NM_001384668,11
ARL6IP4:NM_001400284,46
OGFOD2:NM_001304837,72
ABCB9:NM_001243014,16
VPS37B:NM_024667,40
HIP1R:NM_003959,22
CCDC62:NM_201435,3
DENR:NM_003677,35
HCAR1:NM_032554,0
HCAR3:NM_006018,1
HCAR2:NM_177551,1
KNTC1:NM_014708,56
RSRC2:NM_023012,62
ZCCHC8:NM_001350936,53
CLIP1:NM_001247997,33
VPS33A:NM_001351019,50
DIABLO:NM_019887,32
B3GNT4:NM_001330492,7
IL31:NM_001014336,4
LRRC43:NM_152759,2
MLXIP:NM_014938.6_2,50
BCL7A:NM_001024808.3_2,33
CFAP251:NM_144668,3
PSMD9:NM_001261400,36
HPD:NM_001171993,36
SETD1B:NM_001353345,76
RHOF:NM_019034,12
TMEM120B:NM_001080825,48
MORN3:NM_001363685.2_2,1
ORAI1:NM_032790.3_2,38
KDM2B:NM_032590,36
RNF34:NM_001256858,45
ANAPC5:NM_001137559,23
CAMKK2:NM_006549,33
P2RX4:NM_001261397,32
P2RX7:NM_002562,2
OASL:NM_001395419,1
C12orf43:NM_001286191,24
HNF1A:NM_000545,0
SPPL3:NM_139015,33
ACADS:NM_001302554,26
UNC119B:NM_001080533,34
MLEC:NM_001303628,67
CABP1:NM_001033677,9
POP5:NM_015918,30
RNF10:NM_014868,43
COQ5:NM_032314,27
DYNLL1:NM_001037494,71
SRSF9:NM_003769,71
GATC:NM_176818,60
TRIAP1:NM_016399,60
COX6A1:NM_004373,45
MSI1:NM_002442,2
PLA2G1B:NM_000928,3
SIRT4:NM_001385735,14
NME2P1:NME2P1,0
PXN:NM_001385981,14
RPLP0:NM_053275,87
GCN1:NM_006836,47
RAB35:NM_006861,54
BICDL1:NM_001367886,23
CIT:NM_001206999,19
PRKAB1:NM_006253,59
TMEM233:NM_001136534,2
CCDC60:NM_178499,1
HSPB8:NM_014365,3
SRRM4:NM_194286,3
SUDS3:NM_022491,33
TAOK3:NM_001346491,45
PEBP1:NM_002567,32
VSIG10:NM_019086,4
WSB2:NM_001278557,39
RFC5:NM_001206801,31
KSR2:NM_173598,4
NOS1:NM_001204218,2
FBXO21:NM_033624,20
TESC:NM_017899,33
FBXW8:NM_012174,35
HRK:NM_003806,3
RNFT2:NM_032814,38
SPRING1:NM_024738,38
MAP1LC3B2:NM_001085481,9
MED13L:NM_015335,55
TBX3:NM_016569,12
TBX5:NM_000192,1
RBM19:NM_001146699,27
LHX5:NM_022363,2
SDSL:NM_001304993,26
SDS:NM_006843,5
PLBD2:NM_001159727,43
SLC8B1:NM_001358345,32
TPCN1:NM_017901,22
IQCD:NM_001330452,22
RITA1:NM_001286215,54
DDX54:NM_001111322,54
CFAP73:NM_001144872,1
RASAL1:NM_001394083,2
DTX1:NM_004416,1
OAS2:NM_016817,0
OAS3:NM_006187,14
OAS1:NM_001320151,2
RPH3A:NM_001347952,0
PTPN11:NM_001374625,67
RPL6:NM_001320141,67
HECTD4:NM_001109662,30
TRAFD1:NM_006700,30
NAA25:NM_024953,61
ERP29:NM_001034025,67
TMEM116:NR_122119,67
MAPKAPK5:NM_001371487,85
ALDH2:NM_001204889,12
ACAD10:NM_025247,58
BRAP:NM_006768,58
ATXN2:NM_001310121,65
SH2B3:NM_005475,82
PHETA1:NM_001177996,31
CUX2:NM_015267,2
MYL2:NM_000432,0
CCDC63:NM_001286244,5
PPP1CC:NM_002710,63
HVCN1:NM_001040107,0
TCTN1:NM_001319680,10
PPTC7:NM_139283,56
RAD9B:NM_001368056,41
VPS29:NM_001282150,41
FAM216A:NM_013300,43
GPN3:NM_001164372,43
ARPC3:NM_001278556,42
ANAPC7:NM_001385209,49
ATP2A2:NM_001681,58
IFT81:NM_001347947,27
C12orf76:NR_148514,1
ANKRD13A:NM_033121,27
GIT2:NM_001135213,44
TCHP:NM_001143852,26
GLTP:NM_016433,13
TRPV4:NM_021625,3
FAM222A:NM_032829,6
MVK:NM_001114185,36
MMAB:NM_052845,37
UBE3B:NM_183415,67
KCTD10:NM_001317395,67
MYO1H:NM_001101421,0
FOXN4:NM_213596,3
ACACB:NM_001093,0
UNG:NM_080911,24
ALKBH2:NM_001145374,19
USP30:NM_001301175,0
SVOP:NM_018711,1
DAO:NM_001917,1
SSH1:NM_018984,14
CORO1C:NM_014325,81
SELPLG:NM_003006,7
TMEM119:NM_181724,0
ISCU:NM_001301141,101
SART3:NM_014706,96
FICD:NM_007076,28
CMKLR1:NM_001142343,2
WSCD2:NM_014653,28
ASCL4:NM_203436,1
PRDM4:NM_012406,43
PWP1:NM_007062,45
BTBD11:NM_001347943,5
CRY1:NM_004075,66
MTERF2:NM_001033050,33
TMEM263:NM_001319661,86
RIC8B:NM_001351363,29
RFX4:NM_213594,1
POLR3B:NM_018082,28
TCP11L2:NM_152772,20
CKAP4:NM_006825,5
NUAK1:NM_014840,1
C12orf75:NM_001145199,0
APPL2:NM_001251904,21
WASHC4:NM_015275,47
ALDH1L2:NM_001034173,14
NOPCHAP1:NM_152318,25
SLC41A2:NM_001387126,12
CHST11:NM_001173982,78
EID3:NM_001008394,4
TXNRD1:NM_001093771,3
NFYB:NM_006166,19
HCFC2:NM_013320,40
GLT8D2:NM_001384721,40
TDG:NM_001363612,60
C12orf73:NM_001135570,41
HSP90B1:NM_003299,65
NT5DC3:NM_001031701,38
STAB2:NM_017564,2
C12orf42:NM_001386867,0
ASCL1:NM_004316,0
PAH:NM_001354304,0
IGF1:NM_001111283,1
PMCH:NM_002674,3
PARPBP:NM_001400878,57
NUP37:NM_024057,57
WASHC3:NM_001301107,22
DRAM1:NM_018370,19
GNPTAB:NM_024312,26
SYCP3:NM_001177949,2
CHPT1:NM_020244,55
MYBPC1:NM_001254722,1
SPIC:NM_152323,3
ARL1:NM_001301068,54
UTP20:NM_014503,31
SLC5A8:NM_145913.5_2,0
ANO4:NM_178826.4_2,0
GAS2L3:NM_001303130,10
NR1H4:NM_001206978,1
SLC17A8:NM_001145288,1
SCYL2:NM_001317784,61
DEPDC4:NM_001387206,60
ACTR6:NM_022496,48
UHRF1BP1L:NM_015054,31
GARIN6:NM_153364,0
ANKS1B:NM_152788,9
APAF1:NM_001160,86
IKBIP:NM_201612,87
SLC25A3:NM_002635,69
TMPO:NM_001032284,78
NEDD1:NM_001135176,41
CFAP54:NM_001306084,14
CDK17:NM_001170464,55
ELK3:NM_005230,16
LTA4H:NM_001256643,3
HAL:NM_002108,0
AMDHD1:NM_152435,0
CCDC38:NM_182496,0
SNRPF:NM_001394209,45
NTN4:NM_001329701,4
USP44:NM_032147,2
METAP2:NM_001317183,62
VEZT:NM_001352114,68
FGD6:NM_018351,70
NR2C1:NM_003297,29
NDUFA12:NM_018838,30
TMCC3:NM_020698,5
CEP83:NM_001346457,52
PLXNC1:NM_005761,1
CRADD:NM_001320100,32
SOCS2:NM_003877,65
MRPL42:NM_014050,35
UBE2N:NM_003348,63
NUDT4:NM_019094,87
EEA1:NM_003566,32
PLEKHG7:NM_001377329,2
BTG1:NM_001731,53
DCN:NM_001920,1
LUM:NM_002345,0
KERA:NM_007035,0
EPYC:NM_004950,5
CCER1:NM_152638,0
ATP2B1:NM_001366520,68
GALNT4:NM_003774,72
POC1B-GALNT4:NM_001199782,67
POC1B:NM_172240,69
DUSP6:NM_001946,1
KITLG:NM_000899,3
TMTC3:NM_001366583,46
CEP290:NM_025114,46
C12orf29:NM_001009894,40
C12orf50:NM_152589,1
MGAT4C:NM_001351285,0
NTS:NM_006183,4
RASSF9:NM_005447,2
ALX1:NM_006982,1
LRRIQ1:NM_001079910,0
TSPAN19:NM_001100917,0
SLC6A15:NM_182767,4
TMTC2:NM_001320321,5
METTL25:NM_032230,48
CCDC59:NR_033192,48
PPFIA2:NM_003625,1
ACSS3:NM_001330242,1
LIN7A:NM_004664,1
MYF5:NM_005593,0
MYF6:NM_002469,0
PTPRQ:NM_001145026,1
OTOGL:NM_001378609,2
PPP1R12A:NM_001143885,90
PAWR:NM_002583,0
SYT1:NM_001135805,2
NAV3:NM_014903,0
E2F7:NM_203394,40
CSRP2:NM_001321,21
ZDHHC17:NM_015336,54
OSBPL8:NM_001319652,65
BBS10:NM_024685,39
NAP1L1:NM_004537,55
PHLDA1:NM_007350,33
KRR1:NM_007043,44
GLIPR1:NM_006851,2
GLIPR1L2:NM_001270396,6
GLIPR1L1:NM_152779,1
CAPS2:NM_001286548,6
KCNC2:NM_001260497,3
ATXN7L3B:NM_001136262,50
TRHDE:NM_013381,1
TPH2:NM_173353,4
TBC1D15:NM_001385854,35
RAB21:NM_014999,53
TMEM19:NM_018279,34
THAP2:NM_031435,99
ZFC3H1:NM_144982,102
LGR5:NM_001277227,2
TSPAN8:NM_004616,1
PTPRR:NM_002849,0
PTPRB:NM_001109754,2
KCNMB4:NM_014505,16
CNOT2:NM_001199302,63
MYRFL:NM_182530,3
RAB3IP:NM_175624,37
BEST3:NM_001282614,3
LRRC10:NM_201550,2
CCT2:NM_006431,42
FRS2:NM_001278357,38
YEATS4:NM_001300950,26
LYZ:NM_000239,4
CPSF6:NM_007007,52
CPM:NM_001874,2
MDM2:NM_001145340,52
SLC35E3:NM_001354997,40
NUP107:NM_020401,51
RAP1B:NM_001251918,37
MDM1:NM_001354970,33
IL22:NM_020525,1
IL26:NM_018402,0
IFNG:NM_000619,2
DYRK2:NM_003583,43
CAND1:NM_018448,62
GRIP1:NM_001379349,3
HELB:NM_033647,34
IRAK3:NM_001142523,0
TMBIM4:NM_001282606,35
LLPH:NM_032338,67
HMGA2:NM_003483,0
MSRB3:NM_198080,4
LEMD3:NM_001167614,56
WIF1:NM_007191,5
TBC1D30:NM_001330187,28
GNS:NM_002076,28
RASSF3:NM_178169,70
TBK1:NM_013254,54
XPOT:NM_007235,43
C12orf56:NM_001170633,3
KICS2:NM_001300940,29
SRGAP1:NM_001346201,11
RXYLT1:NM_014254,35
DPY19L2:NM_173812,1
AVPR1A:NM_000706,1
PPM1H:NM_020700,38
MON2:NM_001278471,51
USP15:NM_001351160,71
TAFA2:NM_178539,1
SLC16A7:NM_001270622,1
LRIG3:NM_153377,2
ATP23:NM_001320409.2_2,39
CTDSP2:NM_005730,58
AVIL:NM_006576,2
TSFM:NM_001172697,36
EEF1AKMT3:NM_015433,48
METTL1:NM_005371,49
CYP27B1:NM_000785,6
MARCHF9:NM_138396,10
CDK4:NM_000075,54
TSPAN31:NM_001330168,25
AGAP2:NM_014770,2
OS9:NM_001261423,30
B4GALNT1:NM_001478,14
ARHGEF25:NM_001111270,7
DTX3:NM_001286245,2
PIP4K2C:NM_001146259,33
KIF5A:NM_001354705,20
DCTN2:NM_001348066,35
MBD6:NM_052897,46
DDIT3:NM_001195056,65
MARS1:NM_004990,41
ARHGAP9:NM_001319850,41
GLI1:NM_001160045,25
INHBE:NM_031479,5
INHBC:NM_005538,1
R3HDM2:NM_001351207,32
STAC3:NM_145064,1
NDUFA4L2:NM_020142,10
SHMT2:NM_001166356,38
NXPH4:NM_007224,3
LRP1:NM_002332,14
STAT6:NM_001178078,26
NAB2:NM_001330305,56
NEMP1:NM_001130963,33
MYO1A:NM_001256041,1
TAC3:NM_013251,1
ZBTB39:NM_014830,26
GPR182:NM_007264,0
RDH16:NM_003708,0
SDR9C7:NM_148897,2
HSD17B6:NM_003725,1
PRIM1:NM_000946,25
NACA:NM_001113201,72
PTGES3:NM_001282604,99
ATP5F1B:NM_001686,53
BAZ2A:NM_001351156,50
RBMS2:NM_002898,3
GLS2:NM_001280796,2
SPRYD4:NM_207344,50
MIP:NM_012064,0
TIMELESS:NM_003920,32
APOF:NM_001638,14
STAT2:NM_005419,40
IL23A:NM_016584,5
PAN2:NM_001394699,37
CNPY2:NM_014255,35
CS:NM_004077,48
COQ10A:NM_144576,16
ANKRD52:NM_173595,38
SLC39A5:NM_173596,0
NABP2:NM_024068,29
RNF41:NM_194358,43
SMARCC2:NM_001330288,49
MYL6:NM_079423,41
MYL6B:NM_002475,32
ESYT1:NM_015292,53
ZC3H10:NM_032786,61
RPL41:NM_021104,59
PA2G4:NM_006191,87
ERBB3:NM_001982,24
RPS26:NM_001029,44
IKZF4:NM_001351091,16
SUOX:NM_001032387,36
RAB5B:NM_001252036,53
CDK2:NM_001290230,43
PMEL:NM_006928,43
DGKA:NM_001345,7
PYM1:NM_032345,67
MMP19:NM_002429,3
DNAJC14:NM_001394689,66
ORMDL2:NM_014182,58
SARNP:NR_026723,58
GDF11:NM_005811,21
CD63:NM_001257389,54
RDH5:NM_002905,3
BLOC1S1:NM_001487,23
BLOC1S1-RDH5:NR_037658,23
ITGA7:NM_001367993,3
METTL7B:NM_152637,3
OR10P1:NM_206899,2
OR2AP1:NM_001258285,1
OR6C4:NM_001385975,1
OR6C68:NM_001005519,1
OR6C70:NM_001005499,2
OR6C2:NM_054105,2
OR6C76:NM_001005183,1
OR6C65:NM_001005518,3
OR6C75:NM_001005497,0
OR6C3:NM_054104,3
OR6C1:NM_001005182,2
OR6C6:NM_001005493,2
OR6C74:NM_001005490,5
OR10A7:NM_001005280,2
OR9K2:NM_001005243,1
NEUROD4:NM_021191,2
TESPA1:NM_001351149,3
MUCL1:NM_058173,0
DCD:NM_001300854,1
LACRT:NM_033277,0
PPP1R1A:NM_006741,1
PDE1B:NM_000924,3
NCKAP1L:NM_005337,13
GTSF1:NM_144594,43
ITGA5:NM_002205,52
ZNF385A:NM_001130967,35
GPR84:NM_020370,0
COPZ1:NM_001271734,27
NFE2:NM_001261461,86
HNRNPA1:NM_002136,111
CBX5:NM_012117,106
SMUG1:NM_001351254,13
HOXC6:NM_153693,17
HOXC4:NM_014620,17
HOXC8:NM_022658,0
HOXC9:NM_006897,29
HOXC10:NM_017409,3
HOXC11:NM_014212,2
HOXC12:NM_173860,1
HOXC13:NM_017410,4
CALCOCO1:NM_020898,23
ATP5MC2:NM_001369754,33
ATF7:NR_073163,52
NPFF:NM_001320296,2
ATF7-NPFF:NM_001366559,52
TARBP2:NM_004178,62
MAP3K12:NM_001193511,45
PCBP2:NM_001128914,41
PRR13:NM_001005354,48
AMHR2:NM_001164691,3
SP1:NM_001251825,21
SP7:NM_001300837.2_2,12
AAAS:NM_015665.6_2,34
MYG1:NM_021640.4_2,0
PFDN5:NM_145897.3_2,40
ESPL1:NM_012291.5_2,38
MFSD5:NM_001170790,28
RARG:NM_000966,5
ITGB7:NM_000889,1
ZNF740:NM_001004304,34
CSAD:NM_001244705,34
SOAT2:NM_003578,1
IGFBP6:NM_002178,11
SPRYD3:NM_032840,24
TNS2:NM_198316,30
EIF4B:NM_001330654,66
KRT18:NM_199187,51
KRT8:NM_001256293,52
KRT78:NM_173352,1
KRT79:NM_175834,0
KRT4:NM_002272,0
KRT3:NM_057088,1
KRT76:NM_015848,2
KRT77:NM_175078,2
KRT1:NM_006121,0
KRT2:NM_000423,2
KRT73:NM_175068,0
KRT72:NM_080747,3
KRT74:NM_175053,4
KRT71:NM_033448,3
KRT5:NM_000424,3
KRT6A:NM_005554,1
KRT6C:NM_173086,1
KRT6B:NM_005555,0
KRT75:NM_004693,0
KRT82:NM_033033,0
KRT84:NM_033045,1
KRT85:NM_002283,2
KRT83:NM_002282,0
KRT81:NM_002281,0
KRT86:NM_001320198,0
KRT7:NM_005556,1
KRT80:NM_001081492,1
SMIM41:NM_001369216,3
ATG101:NM_001098673,34
NR4A1:NM_001202233,7
TAMALIN:NM_181711,1
ACVR1B:NM_004302,29
ACVRL1:NM_000020,5
ANKRD33:NM_001304460,2
FIGNL2:NM_001384996,1
TMDD1:NM_001386737,0
SCN8A:NM_001369788,7
SLC4A8:NM_001258401,12
GALNT6:NM_007210,12
CELA1:NM_001971,2
BIN2:NM_001290007,5
SMAGP:NM_001031628,30
DAZAP2:NM_001136269,35
POU6F1:NM_001330422,30
TFCP2:NM_005653,66
CSRNP2:NM_030809,31
LETMD1:NM_001351337,58
SLC11A2:NM_001379446,6
HIGD1C:NM_001109619,1
METTL7A:NM_014033,26
TMPRSS12:NM_182559,1
ATF1:NM_005171,73
DIP2B:NM_173602,30
LARP4:NM_001352315,65
FAM186A:NM_001145475,0
LIMA1:NM_001394887,37
CERS5:NM_001331069,36
COX14:NM_032901,39
GPD1:NM_001257199,7
SMARCD1:NM_139071,25
ASIC1:NM_001095,13
RACGAP1:NM_001126104,33
AQP6:NM_001652,2
AQP5:NM_001651,0
AQP2:NM_000486,1
FAIM2:NM_012306,1
BCDIN3D:NM_181708,33
NMTRQ-TTG6-1:NMTRQ-TTG6-1,4
NCKAP5L:NM_001368048,29
TMBIM6:NM_003217,46
FMNL3:NM_001367835,33
PRPF40B:NM_001379037,14
FAM186B:NR_027450,1
MCRS1:NM_006337,57
KCNH3:NM_001314030,7
SPATS2:NM_001293286,42
DNAJC22:NM_024902,4
C1QL4:NM_001008223,17
TROAP:NM_005480,50
PRPH:NM_006262,4
TUBA1C:NM_001303117,3
TUBA1A:NM_001270399,25
TUBA1B:NM_006082,71
LMBR1L:NM_001300750,39
DHH:NM_021044,5
RHEBL1:NM_001303126,25
KMT2D:NM_003482,102
PRKAG1:NM_001206710,39
DDN:NM_015086,7
WNT1:NM_005430,2
WNT10B:NM_003394,5
ARF3:NM_001659,63
FKBP11:NM_016594,1
CCDC65:NM_001286957,1
RND1:NM_014470,5
DDX23:NM_004818,55
CACNB3:NM_001206917,40
ADCY6:NM_015270,2
TEX49:NM_001351123,2
CCNT1:NM_001240,61
KANSL2:NM_017822,63
LALBA:NM_001384350,2
OR5BS1P:NM_001396061,0
OR8S1:NM_001390849,0
ANP32D:NM_012404,0
C12orf54:NM_152319,2
ZNF641:NM_001365804,27
H1-7:NM_181788,0
OR10AD1:NM_001004134,2
CCDC184:NM_001013635,7
ASB8:NM_001319296,18
PFKM:NM_001354747,48
SENP1:NM_001267594,47
COL2A1:NM_001844,3
TMEM106C:NM_001143841,20
VDR:NM_001374661,13
HDAC7:NM_001368046,30
SLC48A1:NM_017842,38
RAPGEF3:NM_001098531,14
ENDOU:NM_001172439,2
RPAP3:NM_024604,48
PCED1B:NM_001281429,27
AMIGO2:NM_181847,28
SLC38A4:NM_018018,4
SLC38A2:NM_018976,83
SLC38A1:NM_001278387,73
SCAF11:NM_004719,83
ARID2:NM_152641,50
ANO6:NM_001142679,50
DBX2:NM_001004329,3
NELL2:NM_001145110,2
TMEM117:NM_001286213,16
TWF1:NM_001242397,45
IRAK4:NM_001145258,71
PUS7L:NM_001098615,70
ADAMTS20:NM_025003,1
PRICKLE1:NM_153026,3
PPHLN1:NM_001364825,56
ZCRB1:NM_033114,56
YAF2:NM_001190979,23
GXYLT1:NM_173601,31
PDZRN4:NM_001164595,0
CNTN1:NM_001843,0
MUC19:NM_173600,0
LRRK2:NM_198578,5
SLC2A13:NM_052885,48
C12orf40:NR_135051,6
ABCD2:NM_005164,18
KIF21A:NM_001378439,48
CPNE8:NM_153634,21
ALG10B:NM_001308340,9
ALG10:NM_032834,19
SYT10:NM_198992,30
PKP2:NM_004572,21
YARS2:NM_001040436,64
DNM1L:NM_005690,36
FGD4:NM_001384126,16
BICD1:NM_001354188,37
RESF1:NM_018169,46
H3-5:NM_001013699,0
AMN1:NR_103523,62
ETFBKMT:NM_001135864,1
DENND5B:NM_144973,29
SINHCAF:NM_001135811.2_2,79
DDX11:NM_001257145,27
TSPAN11:NM_001370302,1
CAPRIN2:NM_001385518,18
IPO8:NM_006390,50
TMTC1:NM_175861,0
OVCH1:NM_001353179,1
ERGIC2:NM_016570,49
FAR2:NM_001271783,16
CCDC91:NM_001352087,35
PTHLH:NM_198965,2
KLHL42:NM_020782,31
MANSC4:NM_001146221,31
MRPS35:NM_001190864,47
REP15:NM_001029874,0
PPFIBP1:NM_001198915,24
SMCO2:NM_001387218,3
ARNTL2:NM_001394529,8
STK38L:NM_015000,21
C12orf71:NM_001384983,4
MED21:NM_001271811,19
TM7SF3:NM_016551,18
FGFR1OP2:NM_001171887,91
INTS13:NM_018164,89
ITPR2:NM_002223,32
SSPN:NM_001135823,2
BHLHE41:NM_030762,2
RASSF8:NM_007211,4
LMNTD1:NM_001352232,1
KRAS:NM_033360,39
ETFRF1:NM_001001660,26
DNAI7:NM_001352066,26
IRAG2:NM_001394803,1
BCAT1:NM_005504,65
SOX5:NM_001261414,9
ETNK1:NM_018638,47
C2CD5:NM_001385333,25
ST8SIA1:NM_003034,2
CMAS:NM_018686,23
ABCC9:NM_001377273,3
KCNJ8:NM_004982,9
LDHB:NM_001174097,48
GYS2:NM_021957,0
SPX:NM_030572,2
GOLT1B:NM_016072,48
RECQL:NM_002907,48
PYROXD1:NM_001350913,13
IAPP:NM_001329201,1
SLCO1A2:NM_001386881,5
SLCO1B1:NM_006446,2
SLCO1B3-SLCO1B7:NM_001371097,0
SLCO1B3:NM_019844,4
SLCO1C1:NM_001145945,2
PDE3A:NM_001378407,0
AEBP2:NM_001363736,36
PLEKHA5:NM_001385948,42
CAPZA3:NM_033328,2
PLCZ1:NM_001330774,2
PIK3C2G:NM_001288774,0
RERGL:NM_024730,0
LMO3:NM_001243609,2
MGST1:NM_001267598,17
SLC15A5:NM_001170798,2
DERA:NM_001300779,11
STRAP:NM_007178,42
EPS8:NM_004447,0
PTPRO:NM_002848,0
RERG:NM_032918,0
PDE6H:NM_006205,0
ARHGDIB:NM_001321420,10
ERP27:NM_152321,0
MGP:NM_001190839,1
ART4:NM_021071,0
SMCO3:NM_001013698,1
WBP11:NM_016312,29
H2AJ:NR_027716,1
H4-16:NM_175054,1
C12orf60:NM_175874,29
GUCY2C:NM_004963,2
PLBD1:NM_024829,16
ATF7IP:NM_001286514,11
GRIN2B:NM_000834,0
EMP1:NM_001423,0
GSG1:NM_001367361,2
FAM234B:NM_020853,21
HEBP1:NM_015987,11
GPRC5D:NM_018654,2
GPRC5A:NM_003979,3
DDX47:NM_201224,17
APOLD1:NM_001130415,34
CDKN1B:NM_004064,49
GPR19:NM_006143,15
CREBL2:NM_001310,19
DUSP16:NM_030640.3_2,33
BORCS5:NM_001300742.3_2,29
MANSC1:NM_018050.4_2,9
LRP6:NM_002336.3_2,46
BCL2L14:NM_001370268.1_2,1
ETV6:NM_001987,37
PRB2:NM_006248.4_2,1
PRB4:NM_002723.6_2,0
PRB3:NM_001394862.1_2,0
TAS2R42:NM_181429.2_2,0
SMIM10L1:NM_001271592.2_3,45
TAS2R30:NM_001097643.2_3,3
TAS2R43:NM_176884.2_2,0
TAS2R46:NM_176887.2_3,1
TAS2R31:NM_176885.2_3,3
TAS2R19:NM_176888.2_3,0
TAS2R20:NM_176889.4_3,0
TAS2R50:NM_176890.2_3,1
TAS2R14:NM_023922.2_3,2
PRH1-TAS2R14:NM_001316893.2_3,46
PRH2:NM_001110213.1_3,0
TAS2R13:NM_023920.2_3,0
PRH1:NM_001291314.2_3,46
PRR4:NM_007244.3_3,1
TAS2R10:NM_023921.2_3,6
TAS2R9:NM_023917.2_3,0
TAS2R8:NM_023918.3_3,2
TAS2R7:NM_023919.2_3,0
YBX3:NM_003651,49
STYK1:NM_018423,11
MAGOHB:NM_018048,40
EIF2S3B:NM_001357731,1
KLRC1:NM_001304448,1
KLRC2:NM_002260,0
KLRC3:NM_002261,0
KLRC4:NM_013431,3
KLRK1:NM_007360,1
KLRC4-KLRK1:NM_001199805,3
KLRD1:NM_001351060,2
GABARAPL1:NM_031412,30
TMEM52B:NM_001384898,3
OLR1:NM_002543,1
CLEC7A:NM_197947,2
CLEC1A:NM_001297750,1
CLEC9A:NM_207345,1
CLEC12B:NM_001319241,0
CLEC1B:NM_001393342,2
CLEC12A:NM_001207010,0
KLRF2:NM_001190765,1
CLEC2A:NM_207375,1
CLEC2B:NM_005127,14
CD69:NM_001781,32
CLEC2D:NM_001197319,1
KLRB1:NM_002258,1
PZP:NM_002864,2
A2M:NM_001347423,3
KLRG1:NM_001329103,53
M6PR:NM_002355,55
PHC1:NM_004426,9
A2ML1:NM_144670,0
RIMKLB:NR_147945,4
MFAP5:NM_003480,3
AICDA:NM_020661,0
CLEC4E:NM_014358,2
CLEC4D:NM_080387,1
CLEC6A:NM_001317999,4
FAM90A1:NM_018088,3
ZNF705A:NM_001004328,5
CLEC4A:NM_194448,4
NECAP1:NM_015509,26
C3AR1:NM_001326477,6
FOXJ2:NM_018416,37
SLC2A3:NM_006931,42
SLC2A14:NM_001286237,2
NANOG:NM_024865,1
NANOGNB:NM_001145465,1
CLEC4C:NM_001371391,1
DPPA3:NM_199286,0
GDF3:NM_020634,1
APOBEC1:NM_001304566,0
CD163:NM_004244,1
CD163L1:NM_001297650,3
ACSM4:NM_001080454,5
PEX5:NM_001131026.2_2,18
CLSTN3:NM_014718.4_2,27
RBP5:NM_001329454.2_2,29
C1RL:NM_001297642.2_2,29
C1R:NM_001733.7_2,1
C1S:NM_001734,3
LPCAT3:NM_005768,29
EMG1:NR_135131,75
PHB2:NM_001267700,75
PTPN6:NM_080548,14
C12orf57:NM_001301836,15
ATN1:NM_001007026,4
ENO2:NM_001975,6
LRRC23:NM_006992,9
SPSB2:NM_001319670,23
TPI1:NM_001159287,42
USP5:NM_001382589,50
CDCA3:NM_001297603,49
GNB3:NM_001297571,1
P3H3:NM_014262,18
GPR162:NM_014449,5
CD4:NM_001195017,1
LAG3:NM_002286,1
PTMS:NM_002824,32
MLF2:NM_001382225,31
COPS7A:NM_016319,15
PIANP:NM_001244014,4
ZNF384:NM_001385799,53
ING4:NM_001127582,19
ACRBP:NM_032489,0
LPAR5:NM_020400,11
CHD4:NM_001273,43
NOP2:NM_001033714,40
IFFO1:NM_001039670,0
GAPDH:NM_001357943,64
NCAPD2:NM_014865,55
MRPL51:NM_016497,55
VAMP1:NM_199245,18
TAPBPL:NR_147126,5
CD27:NM_001242,0
LTBR:NM_001270987,1
SCNN1A:NM_001159575,0
TNFRSF1A:NM_001346092,36
PLEKHG6:NM_001384604,3
CD9:NM_001330312,0
VWF:NM_000552,2
ANO2:NM_001278597,1
NTF3:NM_001102654,0
KCNA5:NM_002234,1
KCNA1:NM_000217,0
GALNT8:NM_017417,0
NDUFA9:NM_005002,32
AKAP3:NM_001278309,32
DYRK4:NM_001394779,3
RAD51AP1:NM_006479,44
C12orf4:NM_020374,47
FGF6:NM_020996,0
FGF23:NM_020638,2
TIGAR:NM_020375,10
CCND2:NM_001759,32
PARP11:NM_001286522,16
CRACR2A:NM_001144958,17
PRMT8:NM_001256536,2
TSPAN9:NM_001168320,8
TEAD4:NM_201441,33
TULP3:NM_001160408,20
FOXM1:NM_202002,36
TEX52:NM_001365175,0
NRIP2:NM_031474,1
ITFG2:NR_147202,32
FKBP4:NM_002014,25
CACNA1C:NM_001129844.2_2,0
LRTM2:NM_001039029.3_2,1
CACNA2D4:NM_172364.5_2,0
ADIPOR2:NM_024551.3_2,34
WNT5B:NM_030775,2
FBXL14:NM_152441,26
ERC1:NM_178039.4_2,36
RAD52:NM_001297419,37
WNK1:NM_014823,61
NINJ2:NM_016533,2
B4GALNT3:NM_173593,2
CCDC77:NM_001130148,50
KDM5A:NM_001042603,50
SLC6A13:NM_016615,1
SLC6A12:NM_001122848,0
IQSEC3:NM_001170738.2_2,2
B3GAT1:NM_054025,0
GLB1L2:NM_138342,15
GLB1L3:NM_001080407,6
ACAD8:NM_014384,34
THYN1:NM_014174,34
VPS26B:NM_052875,66
NCAPD3:NM_001372070,62
JAM3:NM_001205329,3
IGSF9B:NM_001277285,0
SPATA19:NM_174927,0
OPCML:NM_001012393,0
NTM:NM_001048209,0
SNX19:NM_001347920,28
ADAMTS15:NM_139055,0
ADAMTS8:NM_007037,0
ZBTB44:NM_001370219,30
ST14:NM_021978,0
APLP2:NM_001382542,41
PRDM10:NM_020228,50
NFRKB:NM_001143835,37
TMEM45B:NM_138788,1
BARX2:NM_003658,0
ARHGAP32:NM_001378025,1
TP53AIP1:NM_001195195,0
KCNJ5:NM_000890,1
KCNJ1:NM_153767,4
FLI1:NM_001271012,0
ETS1:NM_001143820,1
KIRREL3:NM_032531,0
ST3GAL4:NM_001348398,23
DCPS:NM_014026,34
TIRAP:NM_001318777,16
FOXRED1:NM_017547,61
SRPRA:NM_003139,61
FAM118B:NM_001330446,50
RPUSD4:NM_032795,50
CDON:NM_001243597,9
VSIG10L2:NM_001365077,1
DDX25:NM_001330438,21
PUS3:NM_031307,21
HYLS1:NM_145014,1
PATE4:NM_001144874,0
PATE3:NM_001129883,2
PATE2:NM_212555,0
PATE1:NM_138294,1
ACRV1:NM_001612,3
CHEK1:NM_001114121,58
STT3A:NM_001278504,46
EI24:NM_001290135,37
STT3A-AS1:NR_132372,46
FEZ1:NM_005103,3
PKNOX2:NM_001382337,0
TMEM218:NM_001387241,20
SLC37A2:NM_001145290,1
CCDC15:NM_025004,27
HEPACAM:NM_152722,2
ROBO4:NM_019055,1
ROBO3:NM_022370,1
MSANTD2:NM_001352400,30
ESAM:NM_138961,14
VSIG2:NM_014312,1
NRGN:NM_006176,9
SPA17:NM_017425,31
SIAE:NM_001199922,8
TBRG1:NM_032811,33
PANX3:NM_052959,1
OR8A1:NM_001005194,1
OR8B12:NM_001005195,5
OR8B8:NM_012378,3
OR8B4:NM_001005196,0
OR8B3:NM_001005467,0
OR8B2:NM_001005468,1
OR8D2:NM_001002918,1
OR8D1:NM_001002917,3
OR8G5:NM_001005198,1
OR8G1:NM_001002905,1
OR8G2P:NR_171169,2
OR8G3P:NM_001395906,3
OR10D3:NM_001355213,0
VWA5A:NM_014622,10
OR10G7:NM_001004463,0
OR10G8:NM_001004464,1
OR10G9:NM_001001953,0
OR10G4:NM_001004462,4
OR10G6:NM_001355219,0
OR10S1:NM_001004474,1
OR6T1:NM_001005187,2
OR4D5:NM_001001965,1
OR8D4:NM_001005197,0
TMEM225:NM_001013743,3
OR6M1:NM_001005325,3
OR6X1:NM_001005188,1
ZNF202:NM_001301779,50
SCN3B:NM_018400,8
GRAMD1B:NM_001367418,2
CLMP:NM_024769,0
HSPA8:NM_006597,115
BSX:NM_001098169,0
JHY:NM_001363088,3
CRTAM:NM_019604,0
UBASH3B:NM_032873,10
BLID:NM_001001786,0
SORL1:NM_003105,2
SC5D:NM_006918,29
TECTA:NM_005422,2
TBCEL:NM_001130047,8
TBCEL-TECTA:NM_001378761,8
GRIK4:NM_014619,2
ARHGEF12:NM_001198665,66
TLCD5:NM_001198675,17
POU2F3:NM_001244682,1
OAF:NM_178507,12
TRIM29:NM_012101,1
NECTIN1:NM_203285,5
THY1:NM_001311162,2
USP2:NM_004205,17
C1QTNF5:NM_015645,3
MFRP:NM_031433,3
RNF26:NM_032015,29
MCAM:NM_006500,30
CBL:NM_005188,34
CCDC153:NM_001145018,2
PDZD3:NM_024791,3
NLRX1:NM_001282358,3
ABCG4:NM_001348191,7
HINFP:NM_001351963,25
C2CD2L:NM_001382613,58
H2AX:NM_002105,65
DPAGT1:NM_001382,56
HMBS:NM_001258208,33
VPS11:NM_001378220.1_2,38
HYOU1:NM_006389.5_2,39
SLC37A4:NM_001164277.2_2,22
TRAPPC4:NM_001318494.2_2,85
RPS25:NM_001028.3_2,85
CENATAC:NM_198489.3_2,35
FOXR1:NM_181721.3_2,1
UPK2:NM_006760,1
BCL9L:NM_001378213,38
CXCR5:NM_001716,2
DDX6:NM_004397,82
TREH:NM_007180,1
PHLDB1:NM_015157,21
ARCN1:NM_001142281,35
IFT46:NM_020153,8
TMEM25:NM_001144038,14
TTC36:NM_001080441,4
KMT2A:NM_005933,61
ATP5MG:NM_006476,62
UBE4A:NM_001204077,36
CD3G:NM_000073,4
CD3D:NM_001040651,4
CD3E:NM_000733,1
MPZL2:NM_005797,3
MPZL3:NM_198275,8
JAML:NM_001098526,3
SCN2B:NM_004588,2
SCN4B:NM_174934,1
TMPRSS4:NM_001173552,3
SMIM35:NM_001394164,1
IL10RA:NR_026691,21
TMPRSS13:NM_001077263,2
FXYD6:NM_001164831,0
FXYD2:NM_021603,3
FXYD6-FXYD2:NM_001204268,0
DSCAML1:NM_020693,3
CEP164:NM_001271933,3
BACE1:NM_012104,1
RNF214:NM_207343,56
PCSK7:NM_004716,56
TAGLN:NM_001001522,1
SIDT2:NM_001040455,14
PAFAH1B2:NR_110268,60
SIK3:NM_001366686,36
APOA1:NM_001318021,4
APOC3:NM_000040,1
APOA4:NM_000482,1
APOA5:NM_052968,1
ZPR1:NM_003904,38
BUD13:NM_032725,40
CADM1:NM_001301043,1
NXPE4:NM_001077639,2
NXPE1:NM_001395504,1
NXPE2:NM_182495,2
REXO2:NM_015523,51
RBM7:NM_001286048,72
C11orf71:NM_019021,73
NNMT:NM_001372047,1
ZBTB16:NM_006006,2
HTR3A:NM_000869,0
HTR3B:NM_006028,2
USP28:NM_001400797,31
CLDN25:NM_001101389,1
ZW10:NM_004724,26
TMPRSS5:NM_001288751,2
DRD2:NM_000795,1
ANKK1:NM_178510,1
TTC12:NR_147891,26
NCAM1:NM_001400619,2
PLET1:NM_001145024,0
PTS:NM_000317,35
BCO2:NM_001256398,1
TEX12:NM_031275,1
IL18:NM_001386420,2
SDHD:NM_001276504,58
TIMM8B:NM_012459,58
NKAPD1:NM_001301017,48
PIH1D2:NM_001082619,47
DLAT:NM_001372037,45
DIXDC1:NM_001037954,26
C11orf52:NM_080659,1
HSPB2-C11orf52:NR_037651,4
HSPB2:NM_001541,4
CRYAB:NM_001368245,1
C11orf1:NM_001330371,37
FDXACB1:NM_138378,38
ALG9:NM_001352413,37
PPP2R1B:NM_181699,36
SIK2:NM_015191,26
LAYN:NM_001318799,0
HOATZ:NM_001100388,2
BTG4:NM_017589,2
POU2AF1:NM_006235,3
COLCA2:NM_001271458,2
POU2AF2:NM_198498,1
ARHGAP20:NM_001258416,1
FDX1:NM_004109,32
RDX:NM_001260493,43
ZC3H12C:NM_033390,24
C11orf87:NM_207645,1
DDX10:NM_004398,42
EXPH5:NM_015065,28
POGLUT3:NM_153705,23
C11orf65:NM_001351110,18
ATM:NM_000051,87
NPAT:NM_001321307,89
ACAT1:NM_001386681,3
CUL5:NM_003478,50
RAB39A:NM_017516,1
SLC35F2:NM_017515,58
SLN:NM_003063,0
ELMOD1:NM_001130037,3
ALKBH8:NM_138775,33
CWF19L2:NM_152434,27
GUCY1A2:NM_001256424,2
AASDHPPT:NM_015423,59
KBTBD3:NM_198439,59
MSANTD4:NM_001318747,30
GRIA4:NM_000829,2
CARD18:NM_021571,2
CARD16:NM_001394580,1
CASP1:NM_033292,0
CASP5:NM_001136112,1
CASP4:NM_033306.3_2,0
CASP12:NR_034070,1
DDI1:NM_001001711,2
PDGFD:NM_025208,2
DYNC2H1:NM_001377,9
DCUN1D5:NM_001318739,45
MMP13:NM_002427,0
MMP12:NM_002426,1
MMP3:NM_002422,4
MMP1:NM_002421,1
MMP10:NM_002425,0
MMP8:NM_001304441,2
MMP27:NM_022122,1
MMP20:NM_004771,1
MMP7:NM_002423,2
TMEM123:NM_052932,65
BIRC2:NM_001256166,60
BIRC3:NM_182962,4
YAP1:NM_006106,1
CFAP300:NM_001363505,1
CEP126:NM_020802,8
ANGPTL5:NM_178127,8
TRPC6:NM_004621,0
PGR:NM_000926,18
ARHGAP42:NM_152432,14
CNTN5:NM_001243270,0
JRKL:NM_001261833,69
CCDC82:NM_001363594,69
MAML2:NM_032427,44
MTMR2:NM_001243571,48
CEP57:NM_001243777,94
FAM76B:NM_144664,85
SESN3:NM_001271594,14
ENDOD1:NM_015036,24
SRSF8:NR_103726,45
KDM4E:NM_001161630,1
KDM4D:NM_018039,51
CWC15:NM_001363371,51
AMOTL1:NM_001301007,40
PIWIL4:NM_152431,11
FUT4:NM_002033,28
C11orf97:NM_001190462,5
ANKRD49:NM_017704,50
MRE11:NM_005590,50
GPR83:NM_016540,2
IZUMO1R:NM_001199206,0
PANX1:NM_015368,37
HEPHL1:NM_001098672,2
VSTM5:NM_001144871,3
MED17:NM_004268,67
C11orf54:NM_001351993,73
TAF1D:NR_146090,74
CEP295:NM_033395,35
SMCO4:NM_020179,12
DEUP1:NM_181645,12
SLC36A4:NM_152313,17
MTNR1B:NM_005959,0
FAT3:NM_001008781.3_2,0
CHORDC1:NM_012124.3_2,69
NAALAD2:NM_001300930.2_2,1
UBTFL1:NM_001143975,0
TRIM49C:NM_001195234,0
TRIM64:NM_001136486,0
TRIM49D2:NM_001105522,1
TRIM49D1:NM_001384911,1
TRIM64B:NM_001164397,0
TRIM49:NM_020358,1
TRIM77:NM_001271942,0
FOLH1B:NM_001395847,1
NOX4:NM_001143837,3
TYR:NM_000372,1
GRM5:NM_001143831,1
CTSC:NM_001814,82
RAB38:NM_022337.3_2,3
TMEM135:NM_001168724,38
FZD4:NM_012193,30
PRSS23:NR_120592,4
ME3:NM_001395868,1
CCDC81:NM_021827,0
HIKESHI:NM_001322404,33
EED:NM_001330334,69
PICALM:NM_001206947,50
CCDC83:NM_001286159,9
SYTL2:NM_001394453,9
CCDC89:NM_152723,0
TMEM126A:NM_001244735,29
TMEM126B:NM_001350393,46
DLG2:NM_001351275,46
CCDC90B:NM_021825,43
ANKRD42:NM_001300973,89
PCF11:NM_001346415,101
RAB30:NM_014488,45
DDIAS:NM_001363481,60
PRCP:NM_001319214,60
FAM181B:NM_175885,9
TENM4:NM_001098816,0
NARS2:NM_024678,36
GAB2:NM_080491,37
USP35:NM_020798,36
KCTD21:NM_001029859,36
ALG8:NM_001007027,32
NDUFC2:NM_004549,51
THRSP:NM_003251,2
KCTD14:NM_001282406,4
NDUFC2-KCTD14:NM_001203260,51
INTS4:NM_033547,38
AAMDC:NM_001392034,68
RSF1:NM_016578,68
CLNS1A:NM_001293,34
AQP11:NM_001363477,23
PAK1:NM_001376277,18
GDPD4:NM_182833,5
MYO7A:NM_001127180,5
OMP:NM_006189,0
CAPN5:NM_004055,11
B3GNT6:NM_138706,0
ACER3:NM_001300953,20
TSKU:NM_001258210,22
LRRC32:NM_001128922,7
EMSY:NM_020193,82
GVQW3:NM_001347884,52
THAP12:NM_004705,52
WNT11:NM_004626,13
UVRAG:NM_001386672,57
DGAT2:NM_001253891,13
MOGAT2:NM_025098,0
MAP6:NM_033063,2
SERPINH1:NM_001235,52
GDPD5:NM_030792,26
KLHL35:NM_001039548,0
RPS3:NM_001256802,72
ARRB1:NM_004041,45
TPBGL:NM_001195528,9
SLCO2B1:NM_001145212,3
OR2AT4:NM_001005285,20
NEU3:NM_001367863,41
SPCS2:NM_014752,60
XRRA1:NM_001378157,60
RNF169:NM_001098638,26
CHRDL2:NM_015424,0
POLD3:NM_006591,28
LIPT2:NM_001329941,26
KCNE3:NM_005472,4
PGM2L1:NM_173582,26
P4HA3:NM_182904,2
PPME1:NM_016147,58
C2CD3:NM_001286577,57
UCP3:NM_003356,3
UCP2:NM_001381944,46
DNAJB13:NM_153614,1
PAAF1:NM_001267806,59
COA4:NM_016565,59
MRPL48:NM_001318500,35
RAB6A:NM_002869,47
PLEKHB1:NM_001130033,3
FAM168A:NM_001286050,34
RELT:NM_152222,32
ARHGEF17:NM_014786,15
P2RY6:NM_176797,6
P2RY2:NM_002564,0
FCHSD2:NM_014824,45
ATG16L2:NM_033388,16
STARD10:NM_006645,10
ARAP1:NM_001040118,45
PDE2A:NM_002599,3
CLPB:NM_001258394,30
PHOX2A:NM_005169,1
INPPL1:NM_001567,53
FOLR2:NM_001113536,1
FOLR1:NM_016725,5
FOLR3:NM_000804,2
ANAPC15:NM_001393443,31
TOMT:NM_001393500,0
LAMTOR1:NM_017907,47
LRRC51:NM_001318803,34
LRTOMT:NM_001145308,34
NUMA1:NM_001286561,36
IL18BP:NM_173044,0
RNF121:NM_001300926,56
DEFB131B:NM_001242853,2
XNDC1N:NM_001375848,56
DEFB108B:NM_001002035,0
XNDC1N-ZNF705EP-ALG1L9P:NR_172895,56
KRTAP5-11:NM_001005405,1
KRTAP5-10:NM_001012710,1
KRTAP5-9:NM_005553,1
KRTAP5-8:NM_021046,2
KRTAP5-7:NM_001012503,1
NADSYN1:NM_018161,34
DHCR7:NM_001360,53
SHANK2:NM_012309,0
CTTN:NM_001184740.2_2,85
PPFIA1:NM_003626.5_2,37
FADD:NM_003824,46
ANO1:NM_001378092,2
FGF3:NM_005247,1
FGF4:NM_002007,0
FGF19:NM_005117,3
LTO1:NM_153451,46
CCND1:NM_053056,28
MYEOV:NM_001300924,31
SMIM38:NM_001394169,5
TPCN2:NM_139075,18
MRGPRF:NM_001098515,2
MRGPRD:NM_198923,1
IGHMBP2:NM_002180,51
MRPL21:NM_181515,51
CPT1A:NM_001031847,20
TESMIN:NM_004923,9
GAL:NM_015973,28
PPP6R3:NM_001352353,63
LRP5:NM_001291902,39
C11orf24:NM_022338,62
KMT5B:NM_001369428,46
CHKA:NM_001376219,33
TCIRG1:NM_006019,48
NDUFS8:NM_002496,34
ALDH3B1:NM_001161473,2
UNC93B1:NM_030930,11
ALDH3B2:NM_001031615,2
ACY3:NM_080658,4
TBX10:NM_005995,2
NUDT8:NM_181843,21
NDUFV1:NM_001166102,45
GSTP1:NM_000852,43
CABP2:NM_001318496,1
CDK2AP2:NM_001271849,35
PITPNM1:NM_004910,28
AIP:NM_001302960,12
TMEM134:NM_025124,21
CABP4:NM_001300896,3
GPR152:NM_206997,3
PTPRCAP:NM_005608,3
CORO1B:NM_001018070,25
RPS6KB2:NM_003952,38
CARNS1:NM_001394579,2
TBC1D10C:NM_001256508,8
PPP1CA:NM_001008709,31
RAD9A:NM_004584,34
CLCF1:NM_001166212,56
POLD4:NR_046413,26
SSH3:NM_017857,1
ANKRD13D:NM_207354,30
GRK2:NM_001619,33
KDM2A:NM_012308,54
RHOD:NM_001300886,2
SYT12:NM_001177880,1
C11orf86:NM_001136485,1
LRFN4:NM_001363524,29
PC:NM_001040716,17
RCE1:NM_001032279,71
C11orf80:NM_024650,40
SPTBN2:NM_006946,8
RBM4B:NM_031492,23
RBM4:NM_001198844,54
RBM14:NM_001198837,77
RBM14-RBM4:NM_001198846,77
CCS:NM_005125,27
CCDC87:NM_018219,27
CTSF:NM_003793,6
ACTN3:NM_001258371,37
ZDHHC24:NM_001348571,37
BBS1:NM_024649,23
DPP3:NM_001256670,52
PELI3:NM_001243135,19
MRPL11:NM_170739,36
NPAS4:NM_001318804,2
SLC29A2:NM_001300868,60
B4GAT1:NM_006876,11
BRMS1:NM_015399,23
RIN1:NM_001363559,5
CD248:NM_020404,1
TMEM151A:NM_153266,6
YIF1A:NM_020470,38
CNIH2:NM_182553,0
RAB1B:NM_030981,43
KLC2:NM_001134775,39
PACS1:NM_018026,42
SF3B2:NM_006842,43
GAL3ST3:NM_033036,1
CATSPER1:NM_053054,1
CST6:NM_001323,0
BANF1:NM_001143985,73
EIF1AD:NM_001242481,73
SART1:NM_005146,50
TSGA10IP:NM_001395494,0
DRAP1:NM_006442,39
C11orf68:NM_001135635,40
FOSL1:NR_125339,59
CCDC85B:NM_006848,66
FIBP:NM_198897,38
CTSW:NM_001335,3
EFEMP2:NM_016938,8
MUS81:NR_146598,84
CFL1:NM_005507,90
SNX32:NM_152760,1
OVOL1:NM_004561,1
AP5B1:NM_138368,36
RNASEH2C:NM_032193,46
KAT5:NM_182709,25
RELA:NM_021975,48
SIPA1:NM_006747,22
PCNX3:NM_032223,80
MAP3K11:NM_002419,71
KCNK7:NM_005714,3
EHBP1L1:NM_001351087,37
FAM89B:NM_152832,53
ZNRD2:NM_006396,54
LTBP3:NM_001130144,8
SCYL1:NM_001048218,31
SLC25A45:NM_001278251,7
FRMD8:NM_001300832,24
TIGD3:NM_145719,12
DPF2:NM_006268,45
CDC42EP2:NM_006779,40
POLA2:NM_002689,31
CAPN1:NM_001198868,54
SPDYC:NM_001008778,14
SYVN1:NM_172230,59
MRPL49:NR_037567,60
FAU:NM_001997,60
ZNHIT2:NM_014205,36
TM7SF2:NM_001277233,17
VPS51:NM_013265,27
TMEM262:NM_001282448,3
ZFPL1:NM_006782,65
CDCA5:NM_080668,65
NAALADL1:NM_005468,0
SAC3D1:NM_001367485,23
SNX15:NM_147777,11
ARL2:NM_001199745,26
ARL2-SNX15:NR_037650,26
BATF2:NM_138456,13
MAJIN:NM_001318808,1
GPHA2:NM_130769,0
PPP2R5B:NM_006244,19
ATG2A:NM_015104,52
EHD1:NM_001282444,48
CDC42BPG:NM_017525,23
MEN1:NM_130803,17
MAP4K2:NM_004579,17
SF1:NM_001378957,63
PYGM:NM_001164716,2
RASGRP2:NM_153819,11
NRXN2:NM_015080,4
SLC22A12:NM_153378,2
SLC22A11:NM_001307985,5
RPS6KA4:NM_001318361,18
CCDC88B:NM_032251,1
PRDX5:NM_181652,51
TRMT112:NM_001372071,51
ESRRA:NM_001282451,44
CATSPERZ:NM_001039496,4
KCNK4:NM_033310,2
GPR137:NM_001378076,71
BAD:NM_004322,34
PLCB3:NM_001184883,43
PPP1R14B:NM_138689,52
FKBP2:NM_001370367,60
VEGFB:NM_001243733,12
DNAJC4:NM_001307981,19
NUDT22:NM_001271831,50
TRPT1:NM_001160389,50
FERMT3:NM_001382448,44
STIP1:NM_001282652,66
FLRT1:NM_013280,3
MACROD1:NM_014067,37
OTUB1:NM_017670,35
COX8A:NM_004074,36
NAA40:NM_024771,34
RCOR2:NM_173587,14
MARK2:NM_001163297,49
SPINDOC:NM_138471,37
ZFTA:NM_001144936,31
RTN3:NM_201429,40
ATL3:NM_001290048,28
PLAAT3:NM_007069,13
PLAAT2:NM_017878,3
PLAAT4:NM_004585,6
LGALS12:NM_001142536,3
PLAAT5:NM_054108,3
SLC22A9:NM_080866,1
SLC22A10:NM_001039752,1
SLC22A25:NM_199352,2
SLC22A24:NM_001136506,2
SLC22A8:NM_004254,3
SLC22A6:NM_004790,2
CHRM1:NM_000738,1
SLC3A2:NM_001012664,111
WDR74:NM_001369451,16
TEX54:NM_001395459,56
STX5:NM_003164,57
NXF1:NM_001081491,53
TMEM179B:NM_001363600,47
TAF6L:NM_006473,21
TMEM223:NM_001080501,37
POLR2G:NM_002696,27
ZBTB3:NM_001370809,28
TTC9C:NM_001318812,96
HNRNPUL2:NM_001079559,101
GNG3:NM_012202,24
BSCL2:NM_001386027,0
HNRNPUL2-BSCL2:NR_037946,101
LRRN4CL:NM_203422,0
UBXN1:NM_015853,37
UQCC3:NM_001085372,67
CSKMT:NM_001043229,109
C11orf98:NR_104414,109
LBHD1:NM_001367941,66
INTS5:NM_030628,45
GANAB:NM_198335,34
B3GAT3:NM_001288721,27
ROM1:NM_000327,29
EML3:NM_001300793,30
MTA2:NM_004739,61
TUT1:NM_022830,46
EEF1G:NM_001404,78
AHNAK:NM_024060,34
SCGB1A1:NM_003357,2
ASRGL1:NM_025080,13
SCGB1D4:NM_206998,1
SCGB2A2:NM_002411,1
SCGB1D2:NM_006551,0
SCGB2A1:NM_002407,1
SCGB1D1:NM_006552,0
INCENP:NM_020238,54
FTH1:NM_002032,98
BEST1:NM_001139443,3
RAB3IL1:NM_001271686,21
FADS3:NM_021727,25
FADS2:NM_001281501,76
FADS1:NM_013402,76
FEN1:NM_004111,70
TMEM258:NM_014206,70
MYRF:NM_001127392,19
DAGLA:NM_006133,5
SYT7:NM_001365809,6
LRRC10B:NM_001145077,4
PPP1R32:NM_001170753,2
SDHAF2:NM_017841,63
CPSF7:NM_024811,62
TMEM216:NM_001173990,12
TMEM138:NM_001330281,70
CYB561A3:NM_001161454,69
TKFC:NM_001351977,58
DDB1:NM_001923,58
VWCE:NM_152718,1
PGA5:NM_014224,0
PGA4:NM_001079808,0
PGA3:NM_001079807,1
VPS37C:NM_017966,38
CD5:NM_001346456,0
CD6:NM_001254750,3
SLC15A3:NM_016582,2
TMEM132A:NM_178031,3
TMEM109:NM_024092,26
PRPF19:NM_014502,47
ZP1:NM_207341,1
PTGDR2:NM_004778,4
CCDC86:NM_024098,56
MS4A10:NM_206893,2
MS4A15:NM_152717,2
MS4A18:NM_001354471,1
MS4A8:NM_031457,4
MS4A13:NM_001278320,7
MS4A12:NM_001164470,1
MS4A1:NM_021950,1
MS4A5:NM_023945,0
MS4A14:NM_001079692,0
MS4A7:NM_206940,1
MS4A6E:NR_170614,0
MS4A4A:NM_001243266,5
MS4A4E:NM_001393391,3
MS4A6A:NM_152852,7
MS4A2:NM_001256916,3
MS4A3:NM_001031666.2_2,4
OOSP2:NM_173801.5_2,1
OOSP4B:NM_001395278.1_2,1
OOSP4A:NM_001395277.1_2,1
OOSP1:NM_001395276.1_2,4
OOSP3:NM_001395255,2
TCN1:NM_001062,3
CBLIF:NM_005142,5
MRPL16:NM_017840,36
STX3:NM_001178040,68
OR10V1:NM_001005324,1
PATL1:NM_152716,35
OSBP:NM_002556,51
OR4D9:NM_001004711,1
OR4D11:NM_001004706,1
OR4D10:NM_001004705,1
OR4D6:NM_001004708,3
OR5A1:NM_001004728,1
OR5A2:NM_001001954,3
OR5AN1:NM_001004729,0
MPEG1:NM_001039396,2
DTX4:NM_001300727,8
FAM111A:NM_001374856,28
FAM111B:NM_001142704,2
GLYATL1B:NM_001355566,0
GLYATL1:NM_001389718,2
GLYATL2:NM_145016,0
GLYAT:NM_201648,2
CNTF:NM_000614,4
ZFP91-CNTF:NR_024091,83
ZFP91:NM_001197051,83
LPXN:NM_001307951,76
OR5B21:NM_001005218,1
OR5B12:NM_001004733,3
OR5B2:NM_001005566,1
OR5B3:NM_001005469,0
OR5B17:NM_001005489,1
OR10W1:NM_207374,1
OR10Q1:NM_001004471,1
OR1S1:NM_001004458,1
OR1S2:NM_001004459,1
OR9Q2:NM_001005283,1
OR9I1:NM_001005211,0
OR6Q1:NM_001005186,2
OR9Q1:NM_001005212,1
CTNND1:NM_001085469,38
BTBD18:NM_001145101,2
SELENOH:NM_001321335,40
TMX2:NM_001347892,67
TMX2-CTNND1:NR_037646,67
MED19:NR_157587,67
ZDHHC5:NM_015457,65
CLP1:NM_001142597,27
YPEL4:NM_001363487,7
SERPING1:NM_000062,0
UBE2L6:NM_198183,11
SMTNL1:NM_001105565,1
TIMM10:NM_012456,38
SLC43A1:NM_003627,43
RTN4RL2:NM_178570,8
SLC43A3:NM_017611,48
PRG2:NM_001302927,1
PRG3:NM_006093,1
P2RX3:NM_002559,2
SSRP1:NM_003146,30
TNKS1BP1:NM_033396,31
APLNR:NM_005161,2
LRRC55:NM_001005210,1
OR5AK2:NM_001005323,1
OR9G4:NM_001005284.2_2,1
OR9G1:NM_001005213.2_2,1
OR5AR1:NM_001004730,1
OR5AP2:NM_001002925,2
OR5M1:NM_001004740,2
OR5M10:NM_001004741,2
OR5M11:NM_001005245,2
OR5M8:NM_001005282.1_2,0
OR5M3:NM_001004742.3_2,1
OR5M9:NM_001004743.1_2,2
OR8U3:NM_001004744.1_2,1
OR5AL1:NR_145506,0
OR8U1:NM_001005204.1_2,5
OR8J1:NM_001005205.3_3,1
OR8K1:NM_001002907.1_3,1
OR8K3:NM_001005202.2_3,3
OR8H1:NM_001005199.2_3,0
OR5T1:NM_001004745.2_3,1
OR5T3:NM_001004747.2_3,0
OR5T2:NM_001004746.4_3,3
OR5J2:NM_001005492,0
OR8K5:NM_001004058,2
OR8J3:NM_001004064,1
OR8H3:NM_001005201,2
OR8H2:NM_001386064,0
OR8I2:NM_001003750,1
OR5AS1:NM_001001921,0
OR5F1:NM_003697,0
OR10AG1:NM_001005491,1
OR5I1:NM_006637,0
OR5W2:NM_001001960,0
TRIM51:NM_032681,0
OR5D16:NM_001005496,0
OR5L2:NM_001004739,0
OR5D18:NM_001001952,1
OR5L1:NM_001004738,2
OR5D14:NM_001004735,0
OR5D13:NM_001001967,1
OR5D3P:NM_001396059,1
OR4C6:NM_001004704,0
OR4S2:NM_001004059,1
OR4P4:NM_001004124,2
OR4C11:NM_001004700,0
OR4C16:NM_001004701,2
OR4C15:NM_001001920,1
OR4A15:NM_001005275,1
OR4A16:NM_001005274,0
TRIM48:NM_024114,0
OR4A5:NM_001005272,3
OR4C46:NM_001004703,1
OR4C45:NR_160275,1
OR4C12:NM_001005270.4_2,1
OR4C13:NM_001001955,2
FOLH1:NM_001193471,3
TRIM64C:NM_001206631,0
TRIM49B:NM_001206626,0
TRIM51G:NM_001396075,1
OR4A47:NM_001005512,1
OR4C5:NM_001348223,0
OR4C3:NM_001004702,1
OR4S1:NM_001004725,2
OR4X1:NM_001004726,0
OR4X2:NM_001004727,2
OR4B1:NM_001005470,1
PTPRJ:NM_002843,18
NUP160:NM_015231.3_2,57
FNBP4:NM_001318339.3_2,74
AGBL2:NM_024783.4_2,5
MTCH2:NM_001317231.2_2,32
C1QTNF4:NM_031909.3_2,0
FAM180B:NM_001367967.1_2,0
NDUFS3:NM_004551.3_2,51
KBTBD4:NM_016506.7_2,51
PTPMT1:NM_175732.3_2,38
CELF1:NM_001376458,38
RAPSN:NM_005055,1
PSMC3:NM_002804,45
SLC39A13:NR_134854,27
SPI1:NM_001080547,10
MYBPC3:NM_000256,1
MADD:NM_001376651,38
NR1H3:NM_001251934,47
ACP2:NM_001357016,48
DDB2:NM_001399875,18
PACSIN3:NM_016223,13
ARFGAP2:NM_032389,58
CSTPP1:NM_001003678,9
LRP4:NM_002334,5
CKAP5:NM_001008938,41
F2:NM_000506,1
ZNF408:NM_024741,75
ARHGAP1:NM_004308,74
ATG13:NM_001205122,41
HARBI1:NM_173811,41
AMBRA1:NM_001387011,25
CHRM4:NM_000741,27
MDK:NM_001270550,46
DGKZ:NM_201532,0
CREB3L1:NM_052854,33
PHF21A:NM_001352032,46
LARGE2:NM_001300722,11
PEX16:NM_004813,45
C11orf94:NM_001080446,2
MAPK8IP1:NM_005456,13
CRY2:NM_001127457,44
SLC35C1:NM_001145266,26
CHST1:NM_003654,2
SYT13:NM_001247987,1
PRDM11:NM_001359633,0
TP53I11:NM_001258322,7
TSPAN18:NM_130783,1
CD82:NM_001024844,13
ALX4:NM_021926,8
EXT2:NM_207122,35
ACCS:NM_001127219,22
C11orf96:NM_001145033,16
ACCSL:NM_001031854,2
ALKBH3:NM_139178,22
HSD17B12:NM_016142,10
TTC17:NM_001376526,46
API5:NM_001142931,52
LRRC4C:NM_001258419,0
IFTAP:NM_001276727,19
RAG2:NM_001243786,3
RAG1:NM_001377280,57
TRAF6:NM_145803,57
PRR5L:NM_001160167,0
COMMD9:NM_001307937,25
LDLRAD3:NM_001304263,11
TRIM44:NM_017583,33
FJX1:NM_014344,5
PAMR1:NM_001282675,1
SLC1A2:NM_001252652,1
CD44:NM_001001392,2
PDHX:NM_001135024,72
APIP:NM_015957,72
EHF:NM_001378042,0
ELF5:NM_001422,0
CAT:NM_001752,44
ABTB2:NM_145804,6
NAT10:NM_001144030,74
CAPRIN1:NM_005898,70
LMO2:NM_005574,21
FBXO3:NM_033406,27
CD59:NM_203330,47
C11orf91:NM_001166692,6
KIAA1549L:NM_012194,3
HIPK3:NM_001278163,41
CSTF3:NM_001326,49
TCP11L1:NM_018393,29
DEPDC7:NM_001077242,22
QSER1:NM_001076786,58
PRRG4:NM_024081,2
CCDC73:NM_001008391,7
EIF3M:NM_001307929,52
WT1:NM_024426,81
RCN1:NM_002901,2
PAX6:NM_001368919,5
ELP4:NM_019040,63
IMMP1L:NM_144981,63
DNAJC24:NM_181706,30
DCDC1:NM_001387274,31
MPPED2:NM_001145399,2
ARL14EP:NM_152316,20
FSHB:NM_001018080,1
KCNA4:NM_002233,1
METTL15:NM_001297775,66
KIF18A:NM_031217,62
BDNF:NM_170731,2
LIN7C:NM_018362,43
LGR4:NM_018490,28
CCDC34:NM_030771,19
BBOX1:NM_001376259,2
FIBIN:NM_203371,0
SLC5A12:NM_178498,0
MUC15:NM_001135091,1
ANO3:NM_001313726,1
LUZP2:NM_001252008,1
CCDC179:NM_001195637,0
SVIP:NM_148893,30
FANCF:NM_022725,38
SLC17A6:NM_020346,2
ANO5:NM_001142649,8
NELL1:NM_001288714,3
SLC6A5:NM_001318369,0
PRMT3:NM_001145166,57
HTATIP2:NM_006410,21
DBX1:NM_001029865,2
NAV2:NM_001111018,2
E2F8:NM_001256372,46
CSRP3:NM_003476,2
ZDHHC13:NM_001001483,26
MRGPRX2:NM_054030,2
MRGPRX1:NM_001393578,2
PTPN5:NM_001278236,0
IGSF22:NM_173588,5
TMEM86A:NM_153347,18
SPTY2D1:NM_194285,38
SPTY2D1OS:NR_038360,0
UEVLD:NM_001040697,55
TSG101:NM_006292,70
LDHAL6A:NM_001144071,1
LDHC:NM_017448.5_2,2
LDHA:NM_001135239.2_2,68
GTF2H1:NM_005316.4_2,70
HPS5:NM_181508.1_2,68
SAA1:NM_199161.5_2,1
SAA2:NM_001385667,3
SAA4:NM_006512,0
SAA2-SAA4:NM_001199744,3
MRGPRX4:NM_054032,1
MRGPRX3:NM_054031,0
SAAL1:NM_138421,26
TPH1:NM_004179,2
SERGEF:NM_012139,33
KCNC1:NM_001112741,1
MYOD1:NM_002478,0
OTOG:NM_001292063,2
USH1C:NM_005709,2
ABCC8:NM_001351295,1
KCNJ11:NM_001166290,12
NCR3LG1:NM_001202439,38
NUCB2:NM_001352667,44
PIK3C2A:NM_001321378,49
RPS13:NM_001017,77
PLEKHA7:NM_001329630,2
C11orf58:NM_014267,56
SOX6:NM_001367872,56
INSC:NM_001031853,2
CALCB:NM_000728,1
CALCA:NM_001033953,3
CYP2R1:NM_001400558,36
PDE3B:NM_001363569,67
PSMA1:NM_148976,66
COPB1:NM_016451,27
RRAS2:NM_001177314,1
SPON1:NM_006108,3
FAR1:NM_032228,36
PTH:NM_001316352,0
BTBD10:NM_032320,41
ARNTL:NM_001351804,7
RASSF10:NM_001080521,0
TEAD1:NM_021961,30
PARVA:NM_018222,1
MICAL2:NM_001393937,41
DKK3:NM_001330220,1
USP47:NM_001372102,50
CSNK2A3:NM_001256686,1
GALNT18:NM_198516,1
ZBED5:NM_021211,55
EIF4G2:NM_001418,77
CTR9:NM_001346279,43
IRAG1:NM_001100163,2
LYVE1:NM_006691,2
RNF141:NM_016422,30
AMPD3:NM_001172431,2
ADM:NM_001124,13
SBF2:NM_001386339,21
SWAP70:NM_001297714,14
WEE1:NM_003390,81
ZNF143:NM_001282657,63
IPO7:NM_006391,64
TMEM41B:NM_015012,44
DENND5A:NM_001348750,22
SCUBE2:NM_001367977,1
NRIP3:NM_020645,16
TMEM9B:NM_001286095,59
ASCL3:NM_020646,4
C11orf16:NM_020643,1
AKIP1:NM_001206648,30
DENND2B:NM_005418,30
RPL27A:NM_000990,74
TRIM66:NM_001388024,80
STK33:NM_001289058,2
LMO1:NM_001270428,0
TUB:NM_003320,0
EIF3F:NM_003754,38
NLRP10:NM_001391958.1_3,1
OR10A3:NM_001003745.2_3,1
OR10A6:NM_001389574.1_3,0
OR5P3:NM_153445.2_3,1
OR5P2:NM_153444.1_3,1
OVCH2:NM_198185,0
CYB5R2:NM_001302826,8
PPFIBP2:NM_001351854,19
OLFML1:NM_001370498,3
SYT9:NM_175733,1
RBMXL2:NM_014469,1
NLRP14:NM_176822,3
ZNF214:NM_001354831,3
ZNF215:NR_149005,44
OR2D3:NM_001004684,1
OR2D2:NM_003700,0
OR10A4:NM_207186,0
OR10A2:NM_001004460,1
OR10A5:NM_178168,2
OR6A2:NM_003696,4
OR2AG1:NM_001004489,0
OR2AG2:NM_001004490,2
MRPL17:NM_022061,54
DCHS1:NM_003737,5
TPP1:NM_000391,22
TAF10:NM_006284,43
ILK:NM_001278442,70
RRP8:NM_015324,70
DNHD1:NM_144666,1
TIMM10B:NM_012192,68
ARFIP2:NM_001242854,68
TRIM3:NM_001248006,17
HPX:NM_000613,2
APBB1:NM_145689,6
SMPD1:NM_001007593,22
CAVIN3:NM_145040,1
CCKBR:NM_001318029,0
CNGA4:NM_001037329,3
FHIP1B:NM_032127,31
C11orf42:NM_173525,1
OR52W1:NM_001005178,1
OR52B2:NM_001004052,0
OR56B4:NM_001005181,1
OR56A1:NM_001001917,1
OR56A4:NM_001005179,2
OR52L1:NM_001005173,4
OR56A5:NM_001146033,0
OR56A3:NM_001003443,4
OR52E5:NM_001005166,0
OR52E4:NM_001005165,3
OR52E8:NM_001005168,2
OR52E6:NM_001005167,0
OR52N2:NM_001005174,6
OR52N1:NM_001001913,2
OR52N5:NM_001385662,0
OR56B2P:NM_001396057,2
OR56B1:NM_001005180,0
OR52P1:NR_172915,2
OR52N4:NM_001005175,2
TRIM22:NM_001199573,1
TRIM34:NM_001003827,2
TRIM6-TRIM34:NM_001003819,5
TRIM6:NM_058166,6
TRIM5:NM_033034,17
OR52B6:NM_001005162,1
OR52H1:NM_001005289,2
UBQLNL:NM_145053,1
UBQLN3:NM_001347096,1
OR52D1:NM_001005163,3
OR51I2:NM_001004754,1
OR51I1:NM_001005288,3
OR51Q1:NM_001004757,0
OR51M1:NM_001004756,0
OR51B6:NM_001004750,2
OR51B5:NR_038321,33
OR51B2:NM_033180,0
OR51B4:NM_033179,4
HBE1:NM_005330,11
HBG2:NM_000184,32
HBG1:NM_000559,37
HBD:NM_000519,6
HBB:NM_000518,1
OR51V1:NM_001004760,1
OR52A1:NM_012375,5
OR52A5:NM_001005160,0
OR52E1:NR_145505,0
OR52E2:NM_001005164.2_2,1
OR52J3:NM_001001916.2_2,3
OR51L1:NM_001004755.2_2,4
OR51A2:NM_001004748,2
OR51A4:NM_001005329,5
OR51G1:NM_001005237,2
OR51G2:NM_001005238,2
OR51A7:NM_001004749,1
OR51T1:NM_001004759,3
OR51S1:NM_001004758,2
OR51F2:NM_001004753,1
OR52R1:NM_001005177,0
OR51F1:NM_001004752,1
MMP26:NM_001384608,3
OR51C1P:NM_001396051,2
OR51E2:NM_030774,2
OR51E1:NM_152430,1
OR51D1:NM_001004751,1
TRIM68:NM_018073,20
OR52I1:NM_001005169,3
OR52I2:NM_001005170,2
OR52M1:NM_001004137,1
OR52K1:NM_001385736,1
OR52K2:NM_001005172,5
TRIM21:NM_003141,16
OR52B4:NM_001005161,1
RRM1:NM_001318064,48
STIM1:NM_001382576,50
RHOG:NM_001665,54
PGAP2:NM_001256235,49
NUP98:NR_157591,49
CHRNA10:NM_001303034,4
ART1:NM_004314,1
ART5:NM_001079536,12
ZNF195:NM_001256825,43
MRGPRE:NM_001039165,2
MRGPRG:NM_001164377,1
OSBPL5:NM_020896,17
CARS1:NM_001378136.1_2,34
NAP1L4:NM_001369375.1_2,54
PHLDA2:NM_003311.4_2,41
SLC22A18:NM_183233.3_2,1
CDKN1C:NM_001362474.2_2,18
KCNQ1:NM_000218.3_2,3
TRPM5:NM_014555,2
TSSC4:NM_001297661,49
CD81:NM_001297649,24
TSPAN32:NM_139022,11
ASCL2:NM_005170,3
TH:NM_199292,0
INS:NM_001185098,0
IGF2:NM_001007139,1
INS-IGF2:NR_003512,0
MRPL23:NM_001400176.1_2,1
TNNT3:NM_001367851.1_2,1
PRR33:NM_001395380.1_2,1
LSP1:NM_002339.3_2,2
TNNI2:NM_003282.4_2,1
SYT8:NM_001290334.2_2,0
CTSD:NM_001909,22
IFITM10:NM_001170820.4_2,2
KRTAP5-6:NM_001012416.1_2,0
KRTAP5-5:NM_001001480.3_3,1
KRTAP5-4:NM_001347674.1_3,0
KRTAP5-3:NM_001012708.2_4,1
KRTAP5-2:NM_001004325.2_4,2
KRTAP5-1:NM_001005922.1_4,2
DUSP8:NM_004420.3_4,4
MOB2:NM_001172223.3_2,1
BRSK2:NM_003957.4_2,1
TOLLIP:NM_019009.4_2,10
MUC5B:NM_002458,1
MUC5AC:NM_001304359.2_2,0
MUC2:NM_002457.4_3,0
MUC6:NM_005961.3_4,1
AP2A2:NM_012305.4_3,17
CHID1:NM_001142675,1
TSPAN4:NM_001025238,47
POLR2L:NM_021128,47
CD151:NM_001039490,26
CRACR2B:NM_001286606,26
PNPLA2:NM_020376,34
RPLP2:NM_001004,78
PIDD1:NM_145886,19
SLC25A22:NM_001191061,23
CEND1:NM_016564,1
GATD1:NM_001318821,45
TALDO1:NM_006755,57
EPS8L2:NM_022772,4
TMEM80:NM_001276274,53
DEAF1:NM_001367390.1_2,4
DRD4:NM_000797.4_2,1
SCT:NM_021920.4_2,2
CDHR5:NM_021924.5_2,2
IRF7:NM_004031.4_2,14
PHRF1:NM_001286583.2_2,40
RASSF7:NM_001143993.2_2,27
LMNTD2:NM_173573.3_2,26
HRAS:NM_176795.5_2,35
LRRC56:NM_198075.4_2,14
RNH1:NM_203387.3_2,65
PTDSS2:NM_001329548.2_2,18
ANO9:NM_001347882,4
SIGIRR:NM_001135053,0
PKP3:NM_001303029,25
B4GALNT4:NM_178537,5
IFITM3:NM_021034,8
IFITM1:NM_003641,49
IFITM2:NM_006435,9
IFITM5:NM_001025295,4
PGGHG:NM_025092,36
NLRP6:NM_001276700,0
PSMD13:NM_175932,49
SIRT3:NM_001370321,49
RIC8A:NM_001286134,85
BET1L:NM_016526,85
ODF3:NM_001286136,0
SCGB1C1:NM_145651,1
FRG2B:NM_001080998,1
SYCE1:NM_130784,1
CYP2E1:NM_000773,3
SCART1:NM_001396050,2
SPRN:NM_001391974,0
MTG1:NM_138384,16
PAOX:NM_207127,10
ECHS1:NM_004092,15
FUOM:NM_001301828,22
PRAP1:NM_001145201,0
CALY:NM_001321617,2
ZNF511:NM_145806,32
ZNF511-PRAP1:NM_001396060,32
TUBGCP2:NR_046330,2
ADAM8:NM_001109,5
VENTX:NM_014468,0
UTF1:NM_003577,1
KNDC1:NM_152643,4
ADGRA1:NM_001083909,2
CFAP46:NM_001200049,0
NKX6-2:NM_177400,2
INPP5A:NM_005539,25
PWWP2B:NM_001098637,17
LRRC27:NM_030626,35
STK32C:NM_001318878,42
DPYSL4:NM_006426,0
JAKMIP3:NM_001392055,2
BNIP3:NM_004052,26
PPP2R2D:NM_018461,32
TCERG1L:NM_174937,1
GLRX3:NM_001199868,44
C10orf143:NM_001355042,38
EBF3:NM_001375380,0
MGMT:NM_002412,1
MKI67:NM_002417,45
PTPRE:NM_001323356,1
CLRN3:NM_152311,0
FOXI2:NM_207426,0
NPS:NM_001030013,1
INSYN2A:NM_001039762,0
DOCK1:NM_001377548,1
C10orf90:NM_001350921,0
ADAM12:NM_003474,2
FANK1:NM_145235,19
DHX32:NM_018180,3
BCCIP:NM_016567,50
UROS:NR_136677,47
MMP21:NM_147191,1
EDRF1:NM_015608,31
TEX36:NM_001318133,2
CTBP2:NM_001083914,31
ZRANB1:NM_017580,3
ABRAXAS2:NM_032182,21
EEF1AKMT2:NM_001304467,50
FAM53B:NM_014661,26
LHPP:NM_001318331,13
NKX1-2:NM_001146340,2
OAT:NM_001322970,23
CHST15:NM_001270764,0
CPXM2:NM_198148,1
GPR26:NM_153442,0
BUB3:NM_004725,38
HMX2:NM_005519,2
HMX3:NM_001105574,61
ACADSB:NM_001330174,35
IKZF5:NM_001372130,36
PSTK:NM_001363531,12
C10orf88:NM_024942,21
FAM24A:NM_001029888,2
FAM24B:NM_001204364,30
CUZD1:NM_022034,2
FAM24B-CUZD1:NR_037915,30
C10orf120:NM_001010912,0
DMBT1:NM_017579,0
HTRA1:NM_002775,0
ARMS2:NM_001099667,1
PLEKHA1:NM_001377252,5
BTBD16:NM_144587,0
TACC2:NM_206861,0
NSMCE4A:NM_017615,29
ATE1:NM_001288736,39
FGFR2:NM_022970,4
WDR11:NM_018117,24
PLPP4:NM_001318169,0
SEC23IP:NM_007190,20
MCMBP:NM_001256379,37
INPP5F:NM_014937,18
BAG3:NM_004281,41
TIAL1:NM_001323968,44
RGS10:NM_001005339,32
GRK5:NM_005308,18
PRDX3:NM_006793,27
SFXN4:NM_213649,12
DENND10:NM_207009,7
EIF3A:NM_003750,60
NANOS1:NM_199461,8
CACUL1:NM_153810,50
PRLHR:NM_004248,0
FAM204A:NM_022063,20
RAB11FIP2:NM_001330167,23
EMX2:NM_001165924,2
PDZD8:NM_173791,82
SLC18A2:NM_003054,2
KCNK18:NM_181840,0
VAX1:NM_199131,0
SHTN1:NM_001258300,1
ENO4:NM_001242699,0
HSPA12A:NM_001330164.2_2,0
C10orf82:NM_001350930.2_2,1
PNLIPRP2:NR_103727,1
PNLIPRP1:NM_006229.4_2,0
PNLIP:NM_000936,1
PNLIPRP3:NM_001011709,0
CCDC172:NM_198515,0
GFRA1:NM_001382556,0
ATRNL1:NM_207303,2
TRUB1:NM_139169,29
FHIP2A:NM_001135051,30
ABLIM1:NM_001322886,4
AFAP1L2:NM_001351068,0
VWA2:NM_001272046,1
TDRD1:NM_001385363,0
CCDC186:NM_001321829,21
ADRB1:NM_000684,3
NHLRC2:NM_198514,49
DCLRE1A:NM_001271816,51
PLEKHS1:NM_024889,2
CASP7:NM_033340,13
NRAP:NM_198060,1
HABP2:NM_001177660,0
TCF7L2:NM_001198530,16
VTI1A:NM_001365711,46
ZDHHC6:NM_001363544,46
ACSL5:NM_203379,0
TECTB:NM_058222,1
GPAM:NM_001244949,23
ADRA2A:NM_000681,2
SHOC2:NM_001324336,49
BBIP1:NM_001195306,49
PDCD4:NM_001199492,16
RBM20:NM_001134363,30
SMC3:NM_005445,30
DUSP5:NM_004419,20
SMNDC1:NM_005871,41
MXI1:NM_130439,28
ADD3:NM_001320591,1
XPNPEP1:NM_001324131,13
SORCS1:NM_001206572,4
SORCS3:NM_014978,2
CFAP58:NM_001400227,62
ITPRIP:NM_001272013,62
GSTO2:NM_001191013,0
GSTO1:NM_001191003,41
CFAP43:NM_025145,13
SFR1:NM_001384830,19
COL17A1:NM_000494,1
SLK:NM_001304743,37
STN1:NM_024928,18
SH3PXD2A:NM_001394015,1
NEURL1:NM_004210,0
CALHM3:NM_001129742,1
CALHM1:NM_001001412,1
CALHM2:NM_015916,0
PDCD11:NM_014976,58
ATP5MK:NM_001206427,59
TAF5:NM_139052,25
PCGF6:NM_001011663,15
INA:NM_032727,2
RPEL1:NM_001143909,0
NT5C2:NM_001351175,30
CNNM2:NM_199076,29
AS3MT:NM_020682,1
BORCS7:NM_001136200,14
BORCS7-ASMT:NR_037644,14
CYP17A1:NM_000102,1
WBP1L:NM_001083913,19
SFXN2:NM_178858,42
ARL3:NM_004311,43
TRIM8:NM_030912,75
SUFU:NM_016169,41
ACTR1A:NM_005736,44
MFSD13A:NM_024789,5
C10orf95:NM_001363580,38
CUEDC2:NM_024040,27
FBXL15:NM_001387294,39
PSD:NM_001270965,30
NFKB2:NM_001322935,25
GBF1:NM_001391923,14
PITX3:NM_005029,9
ELOVL3:NM_152310,2
NOLC1:NM_004741,37
PPRC1:NM_001288728,59
LDB1:NM_001113407,24
HPS6:NM_024747,23
ARMH3:NM_024541,10
KCNIP2:NM_014591,1
OGA:NM_012215,64
NPM3:NM_006993,23
FGF8:NM_001206389,3
FBXW4:NM_001323541,27
DPCD:NM_001329743,32
POLL:NR_033406,32
BTRC:NM_003939,20
LBX1:NM_006562,2
TLX1:NM_005521,1
KAZALD1:NM_001319303,37
SFXN3:NM_001388034,2
PDZD7:NM_001195263,2
LZTS2:NM_001394948,21
TWNK:NM_001368275,45
MRPL43:NM_001394982,46
SEMA4G:NM_001393925,10
SLF2:NM_018121,21
PAX2:NM_001304569,1
HIF1AN:NM_017902,16
NDUFB8:NM_001284368,28
SEC31B:NM_015490,0
WNT8B:NM_003393,4
SCD:NM_005063,52
PKD2L1:NM_001253837,2
BLOC1S2:NM_001282437,25
CWF19L1:NM_001303405,24
CHUK:NM_001278,45
ERLIN1:NM_006459,72
CPN1:NM_001308,0
DNMBP:NM_015221,18
ABCC2:NM_000392,0
CUTC:NM_015960,28
COX15:NM_001320974,28
ENTPD7:NM_020354,22
SLC25A28:NM_031212,46
NKX2-3:NM_145285,0
GOT1:NM_002079,45
CNNM1:NM_001345888,0
HPSE2:NM_001166246,1
HPS1:NM_001322487,24
PYROXD2:NM_032709,0
LOXL4:NM_032211,2
R3HCC1L:NM_001351016,24
CRTAC1:NM_018058,0
GOLGA7B:NM_001010917,6
SFRP5:NM_003015,0
ZFYVE27:NM_001174121,21
MARVELD1:NM_031484,4
AVPI1:NM_021732,18
PI4K2A:NM_018425,23
MORN4:NM_001098831,17
C10orf62:NM_001009997,0
HOGA1:NM_001134670,0
ANKRD2:NM_001291218,2
UBTD1:NM_024954,38
MMS19:NM_001289405,38
ZDHHC16:NM_198045,39
EXOSC1:NM_001318365,39
PGAM1:NM_002629,35
RRP12:NM_001284337,33
FRAT2:NM_012083,46
FRAT1:NM_005479,14
ARHGAP19:NM_032900,41
ARHGAP19-SLIT1:NR_037909,41
SLIT1:NM_003061,1
LCOR:NM_001346516,33
PIK3AP1:NM_152309,8
TM9SF3:NM_020123,42
TLL2:NM_012465,6
OPALIN:NM_001284322,0
DNTT:NM_001017520,2
BLNK:NM_013314,0
CCNJ:NM_001134376,42
CC2D2B:NM_001349008,30
ENTPD1:NM_001098175,0
TCTN3:NM_015631,15
ALDH18A1:NM_001323414,23
SORBS1:NM_001384456,17
PDLIM1:NM_020992,21
ACSM6:NM_207321,2
CYP2C8:NM_001198855,1
CYP2C9:NM_000771,2
CYP2C19:NM_000769,2
CYP2C18:NM_001128925,0
HELLS:NM_001289068,33
TBC1D12:NM_015188,30
NOC3L:NM_022451,25
PLCE1:NM_001288989,3
SLC35G1:NR_144335,19
LGI1:NM_001308276,1
FRA10AC1:NM_001347714,25
PDE6C:NM_006204,1
RBP4:NM_001323518,1
FFAR4:NM_001195755,0
CEP55:NM_001127182,24
MYOF:NM_013451,1
CYP26A1:NM_057157,6
CYP26C1:NM_183374,1
EXOC6:NM_001013848,1
HHEX:NM_002729,65
KIF11:NM_004523,45
IDE:NM_001322795,63
MARCHF5:NM_017824,53
CPEB3:NM_014912,53
BTAF1:NM_003972,37
FGFBP3:NM_152429,21
TNKS2:NM_025235,42
PPP1R3C:NM_005398,3
HECTD2:NM_001348365,27
PCGF5:NM_001257101,23
ANKRD1:NM_014391,0
RPP30:NM_001104546,26
HTR7:NM_019860,10
KIF20B:NM_001382506,39
PANK1:NM_148978,38
SLC16A12:NM_213606,0
IFIT5:NM_012420,9
IFIT1:NM_001548,9
IFIT1B:NM_001010987,1
IFIT3:NM_001549,0
IFIT2:NM_001547,2
LIPA:NM_001127605,0
CH25H:NM_003956,0
FAS:NM_152871,6
ACTA2:NM_001141945,8
STAMBPL1:NM_020799,0
ANKRD22:NM_144590,0
LIPM:NM_001128215,0
LIPN:NM_001102469,1
LIPK:NM_001080518,0
LIPF:NM_001198828,1
RNLS:NM_018363,6
PTEN:NM_001304718.2_2,57
KLLN:NM_001126049.2_2,57
ATAD1:NM_032810.4_2,38
PAPSS2:NM_004670,0
MINPP1:NM_001178117,70
NUTM2D:NM_001009610,0
NUTM2A:NM_001099338,0
SHLD2:NM_001377164,34
GLUD1:NM_001318905,37
FAM25A:NM_001146157,1
ADIRF:NM_006829,0
SNCG:NM_001330120,4
MMRN2:NM_024756,17
BMPR1A:NM_004329,53
LDB3:NM_001368064,1
OPN4:NM_033282,2
WAPL:NM_015045,57
GRID1:NM_017551,1
CCSER2:NM_001284240,26
RGR:NM_001012722,2
LRIT1:NM_015613,3
LRIT2:NM_001284223,2
CDHR1:NM_001171971,5
C10orf99:NM_207373,2
GHITM:NM_014394,69
NRG3:NM_001370081,1
SH2D4B:NM_207372,8
TSPAN14:NM_001128309,55
PRXL2A:NM_001243779,5
DYDC2:NM_001270042,1
DYDC1:NM_001370155,3
MAT1A:NM_000429,1
ANXA11:NM_001278407,56
PLAC9:NR_138551,3
TMEM254:NM_025125,9
SFTPD:NM_003019,2
NUTM2E:NM_001355263,17
NUTM2B:NM_001278495,0
SFTPA1:NM_001093770,1
SFTPA2:NM_001320813,0
EIF5AL1:NM_001099692,0
ZCCHC24:NM_153367,33
PPIF:NM_005729,60
ZMIZ1:NM_020338,51
RPS24:NM_001142285,81
POLR3A:NM_007055,52
DLG5:NM_004747,52
KCNMA1:NM_001322830,1
LRMDA:NM_001305581,2
COMTD1:NM_144589,37
VDAC2:NM_001184823,72
SAMD8:NM_001174156,70
DUSP13:NM_001007271,36
DUSP29:NM_001384909.1_2,1
KAT6B:NM_001370139.1_2,55
ADK:NM_001202450,76
AP3M1:NM_001320264,77
VCL:NM_003373,97
PLAU:NM_001319191,16
CAMK2G:NM_001367542,20
NDST2:NR_160743,28
ZSWIM8:NM_001242488,51
CHCHD1:NM_203298,67
FUT11:NM_173540,62
SEC24C:NM_198597,55
AGAP5:NM_001144000,0
SYNPO2L:NM_001114133,1
MYOZ1:NM_021245,2
USP54:NM_001391941,65
PPP3CB:NM_001142353,44
MSS51:NM_001024593,2
ANXA7:NM_004034,52
CFAP70:NM_001367801,4
MRPS16:NM_016065,85
DNAJC9:NM_015190,77
FAM149B1:NM_173348,73
ECD:NM_007265,73
NUDT13:NM_001283019,19
P4HA1:NM_001142595,61
PLA2G12B:NM_032562,2
OIT3:NM_152635,2
MCU:NM_138357,29
MICU1:NM_001363513,39
DNAJB12:NM_001002762,71
DDIT4:NM_019058,57
ANAPC16:NM_001242548,52
ASCC1:NM_001369085,50
SPOCK2:NM_014767,2
CHST3:NM_004273,4
PSAP:NM_001042465,61
VSIR:NM_022153,19
C10orf105:NM_001168390,1
CDH23:NM_022124,0
SLC29A3:NM_018344,25
UNC5B:NM_001244889,9
PCBD1:NM_001323004,33
SGPL1:NM_003901,24
TBATA:NM_001318242,2
ADAMTS14:NM_080722,48
PRF1:NM_001083116,2
PALD1:NM_014431,4
NODAL:NM_001329906,0
EIF4EBP2:NM_004096,80
LRRC20:NM_001278211,22
NPFFR1:NM_022146,3
PPA1:NM_021129,68
SAR1A:NM_001142648,66
TYSND1:NM_173555,1
AIFM2:NM_001198696,20
MACROH2A2:NM_018649,2
COL13A1:NM_001368896,3
FAM241B:NM_145306,12
NEUROG3:NM_020999,0
TSPAN15:NM_001351263,2
TACR2:NM_001057,1
HK1:NM_033500,4
HKDC1:NM_025130,3
SUPV3L1:NM_001323587,71
VPS26A:NM_001318946,59
SRGN:NM_001321053,35
KIFBP:NM_015634,43
DDX21:NM_004728,78
DDX50:NM_024045,52
STOX1:NM_001130161,14
CCAR1:NM_001282960,82
TET1:NM_030625,48
SLC25A16:NM_001324314,42
DNA2:NR_102264,46
RUFY2:NR_103475,42
HNRNPH3:NM_001322445,97
PBLD:NM_022129,115
ATOH7:NM_145178,9
MYPN:NM_001256267,4
HERC4:NM_022079,40
SIRT1:NM_012238,59
DNAJC12:NM_021800,13
LRRTM3:NM_178011,5
CTNNA3:NM_013266,2
REEP3:NM_001001330,35
JMJD1C:NM_001318154,34
NRBF2:NM_001282405,44
EGR2:NM_001136178,11
ADO:NM_032804,33
ZNF365:NM_199450,2
RTKN2:NM_145307,10
ARID5B:NM_032199,55
CABCOCO1:NM_001366905,1
TMEM26:NM_178505,3
RHOBTB1:NM_001350907,16
CDK1:NM_001320918,55
ANK3:NM_001204403,2
CCDC6:NM_005436,82
MRLN:NM_001304732,0
SLC16A9:NM_001323977,13
FAM13C:NM_001347840,1
PHYHIPL:NM_032439,0
BICC1:NM_001080512,2
TFAM:NM_001270782,64
UBE2D1:NM_001204880,29
CISD1:NM_018464,77
IPMK:NM_152230,92
ZWINT:NM_007057,59
PCDH15:NM_001354404,2
MBL2:NM_001378374,2
DKK1:NM_012242,0
CSTF2T:NM_015235,57
PRKG1:NM_001098512,2
A1CF:NM_001198819,3
ASAH2B:NM_001321957,34
SGMS1:NM_147156,100
ASAH2:NM_019893,4
WASHC2A:NM_001330102,3
AGAP6:NR_171667,0
TIMM23B:NM_001365871,43
TIMM23B-AGAP6:NR_158654,43
PARG:NM_003631,43
OGDHL:NM_001347823,10
C10orf53:NM_182554,3
SLC18A3:NM_003055,0
CHAT:NM_020984,0
PGBD3:NM_170753,5
ERCC6:NM_001346440,36
DRGX:NM_001276451,1
C10orf71:NM_001135196,16
TMEM273:NM_001288743,21
FAM170B:NM_001164484,2
VSTM4:NM_001031746,19
LRRC18:NM_001378102,2
WDFY4:NM_001394531,2
ARHGAP22:NM_001347738,10
MAPK8:NM_001323320,38
FRMPD2:NM_001018071,3
FAM25C:NM_001137548.3_2,0
NPY4R2:NM_001278795.2_2,0
SYT15B:NM_001370183.1_2,1
AGAP9:NM_001190810,0
FAM25G:NM_001137549,0
ANXA8:NM_001271702,0
ZNF488:NM_001346932,15
RBP3:NM_002900,1
GDF2:NM_016204,2
GDF10:NM_004962,2
PTPN20:NM_001352544,0
SYT15:NM_181519,0
GPRIN2:NM_001385287,1
NPY4R:NM_005972,0
ANXA8L1:NM_001278923,0
ANTXRL:NM_001354208,10
MSMB:NM_002443,1
NCOA4:NM_001145260,53
TIMM23:NM_006327,32
AGAP4:NM_001393378,1
WASHC2C:NM_001367393,21
ZFAND4:NM_001282906,5
MARCHF8:NM_001401645.1_2,46
ALOX5:NM_001256153.3_2,15
OR13A1:NM_001004297.3_2,1
ZNF22:NM_006963,24
DEPP1:NM_007021,2
RASSF4:NM_032023,13
TMEM72:NM_001345926,1
CXCL12:NM_000609,2
ZNF32:NM_001324164,24
ZNF485:NM_001318141,25
ZNF239:NM_001324349,33
ZNF487:NM_001355445,44
HNRNPF:NM_004966,72
FXYD4:NM_173160,2
RASGEF1A:NM_145313,0
CSGALNACT2:NM_018590,44
RET:NM_020975,0
BMS1:NM_014753,64
ZNF37A:NM_001324258,22
ZNF25:NM_001329664,23
ANKRD30A:NM_052997,0
FZD8:NM_031866,18
GJD4:NM_153368,0
CCNY:NM_181698,1
CREM:NM_001394629,51
CUL2:NM_001198777,35
PARD3:NM_019619,7
NRP1:NM_003873,2
ITGB1:NM_002211,78
CCDC7:NM_001395015,44
EPC1:NM_001382754,37
KIF5B:NM_004521,64
ARHGAP12:NM_001270695,60
ZEB1:NM_001323638,48
ZNF438:NM_001143766,25
LYZL2:NM_183058,1
MAP3K8:NM_001244134,57
MTPAP:NM_018109,43
JCAD:NM_001350022,0
SVIL:NM_001323599,7
LYZL1:NM_032517,0
BAMBI:NM_012342,55
WAC:NM_100264,70
MPP7:NM_001318170,11
ODAD2:NM_018076,0
MKX:NM_173576,0
RAB18:NM_001256412,28
PTCHD3:NM_001034842.5_2,1
ACBD5:NM_001352570,48
MASTL:NM_001172304,87
YME1L1:NM_139312,86
ANKRD26:NM_014915,27
ABI1:NM_001178116,65
PDSS1:NM_014317,63
APBB1IP:NM_019043,0
GAD2:NM_000818,0
MYO3A:NM_017433,0
GPR158:NM_020752,3
ENKUR:NM_001270383,11
THNSL1:NM_024838,24
PRTFDC1:NM_020200,16
ARHGAP21:NM_020824,65
KIAA1217:NM_001098500,1
OTUD1:NM_001145373,23
C10orf67:NM_001365862,1
PTF1A:NM_178161,4
MSRB2:NM_012228,22
ARMC3:NM_001282747,2
PIP4K2A:NM_005028,51
SPAG6:NM_172242,2
BMI1:NM_005180,39
COMMD3:NM_012071,55
COMMD3-BMI1:NM_001204062,55
EBLN1:NM_001394757,2
DNAJC1:NM_022365,45
MLLT10:NM_001324297,35
SKIDA1:NM_207371,53
NEBL:NM_001377327,1
PLXDC2:NM_001282736,4
NMTRQ-CTG1-1:NMTRQ-CTG1-1,1
MALRD1:NM_001142308,1
ARL5B:NM_178815,52
NSUN6:NM_001351116,51
CACNB2:NM_201597,3
SLC39A12:NM_001282734,1
MRC1:NM_002438,1
TMEM236:NM_001098844,1
STAM:NM_001324286,70
HACD1:NM_014241,22
ST8SIA6:NM_001345961,63
VIM:NM_003380,47
TRDMT1:NM_001321007,38
CUBN:NM_001081,0
RSU1:NM_012425,32
C1QL3:NM_001010908,0
PTER:NM_001261838,15
MINDY3:NM_024948,49
ITGA8:NM_003638,2
FAM171A1:NM_001010924,4
NMT2:NM_001308295,18
RPP38:NM_006414,53
ACBD7:NM_001039844,7
OLAH:NM_001039702,2
DCLRE1C:NR_146960,63
SUV39H2:NM_001193426,77
HSPA14:NM_016299,57
CDNF:NM_001029954,57
FAM107B:NM_001282695,1
FRMD4A:NM_018027,1
BEND7:NM_001378150,8
SEPHS1:NM_012247,36
PHYH:NM_001323082,16
UCMA:NM_145314,0
MCM10:NM_018518,22
OPTN:NM_021980,16
CCDC3:NM_001282658,16
CAMK1D:NM_153498,4
CDC123:NM_006023,87
NUDT5:NM_001321648,87
SEC61A2:NM_001142627,31
DHTKD1:NM_018706,15
UPF2:NM_080599,52
PROSER2:NM_153256,43
ECHDC3:NM_024693,15
USP6NL:NM_014688,60
CELF2:NM_001326317,0
GATA3:NM_002051,1
TAF3:NM_031923,57
ATP5F1C:NM_001320886,77
KIN:NM_012311,77
ITIH2:NM_002216,2
ITIH5:NM_030569,2
SFMBT2:NM_001029880,30
PRKCQ:NM_001323267,65
PFKFB3:NM_001145443,28
RBM17:NM_032905,43
IL2RA:NM_000417,0
IL15RA:NM_001351095,29
FBH1:NM_001258452,66
ANKRD16:NM_019046,68
GDI2:NM_001494,62
TASOR2:NM_017782,54
ASB13:NM_024701,22
CALML3:NM_005185,1
CALML5:NM_017422,2
NET1:NM_001047160,32
TUBAL3:NM_024803,4
UCN3:NM_053049,1
AKR1C4:NM_001818,1
AKR1C8:NM_001395972,2
AKR1C3:NM_001253908,2
AKR1C2:NM_001354,1
AKR1C1:NM_001353,13
AKR1E2:NR_073126,17
KLF6:NM_001300,78
PITRM1:NM_001242309,27
PFKP:NM_001323069,60
ADARB2:NM_018702,1
WDR37:NM_014023,57
IDI1:NM_001317955,57
IDI2:NM_033261,2
GTPBP4:NM_012341,67
LARP4B:NM_001351277,54
DIP2C:NM_014974,1
ZMYND11:NM_001370103,1
TUBB8:NM_001389618,4
CACNA1B:NM_001243812,2
EHMT1:NM_001354263,68
ARRDC1:NM_152285,24
ZMYND19:NM_138462,40
DPH7:NM_001346389,44
MRPL41:NM_032477,41
PNPLA7:NM_001098537,35
NSMF:NM_001130969,18
ENTPD8:NM_001033113,2
NOXA1:NM_001256068,38
EXD3:NM_017820,38
NRARP:NM_001004354,33
TOR4A:NM_017723,33
NELFB:NM_015456,40
STPG3:NM_001256701,0
FAM166A:NM_001001710,1
TUBB4B:NM_006088,58
SLC34A3:NM_001177317,1
RNF224:NM_001190228,1
CYSRT1:NM_199001,17
RNF208:NM_001388297,18
NDOR1:NM_001144027,73
TMEM203:NM_053045,73
TPRN:NM_001128228,23
SSNA1:NM_003731,66
ANAPC2:NM_013366,66
TMEM210:NM_001282477,0
LRRC26:NM_001013653,0
GRIN1:NM_000832,0
DPP7:NM_013379,21
MAN1B1:NM_016219,52
UAP1L1:NM_207309,7
SAPCD2:NM_178448,35
ENTPD2:NM_203468,4
NPDC1:NM_015392,2
FUT7:NM_004479,2
ABCA2:NM_212533,16
CLIC3:NM_004669,6
PAXX:NM_001329678,32
LCNL1:NM_207510,2
PTGDS:NM_000954,11
LCN12:NM_178536,5
C8G:NM_000606,28
FBXW5:NM_018998,29
TRAF2:NM_021138,37
EDF1:NM_001281297,25
MAMDC4:NM_206920,0
PHPT1:NM_014172,63
AJM1:NM_001080482,2
RABL6:NM_024718,57
CCDC183:NM_001039374,2
TMEM141:NM_032928,22
LCN15:NM_203347,2
LCN8:NM_001345934,0
LCN6:NM_198946,2
LCN10:NM_001001712,2
DIPK1B:NM_152421,16
AGPAT2:NM_006412,36
EGFL7:NR_046367,1
NOTCH1:NM_017617,30
SEC16A:NM_001276418,69
INPP5E:NM_019892,35
PMPCA:NM_001282944,66
ENTR1:NM_001039707,66
SNAPC4:NM_001394201,40
CARD9:NM_052813,36
DNLZ:NM_001080849,12
GPSM1:NM_001145638,11
CCDC187:NM_001378188,2
QSOX2:NM_181701,27
LHX3:NM_178138,2
TMEM250:NM_152833,51
NACC2:NM_144653,44
UBAC1:NM_016172,67
CAMSAP1:NM_015447,54
KCNT1:NM_001272003,1
SOHLH1:NM_001012415,0
LCN9:NM_001393661,1
GLT6D1:NM_182974,1
PAEP:NM_001018048,1
OBP2A:NM_001293193,0
LCN1:NM_001252619.2_2,1
MRPS2:NM_001371401,48
PIERCE1:NM_001048265,47
PPP1R26:NM_014811,26
OLFM1:NM_014279,0
FCN1:NM_002003,0
FCN2:NM_015837,1
COL5A1:NM_000093,1
RXRA:NM_002957,23
WDR5:NM_001384414,40
BRD3:NM_007371,37
BRD3OS:NM_001355256,19
VAV2:NM_001134398,13
SARDH:NM_007101,2
DBH:NM_000787,0
FAM163B:NM_001080515,1
ADAMTSL2:NM_001145320,1
MYMK:NM_001080483,0
SLC2A6:NM_017585.4_2,1
CACFD1:NM_001135775.4_2,15
REXO4:NM_001279351.1_2,50
STKLD1:NM_153710.5_2,54
SURF4:NM_001280788.2_2,11
SURF2:NM_001278928.2_2,35
SURF1:NM_003172.4_2,35
RPL7A:NM_000972.3_2,84
MED22:NM_133640.5_2,84
SURF6:NM_001278942.2_2,42
ABO:NM_020469.3_2,34
OBP2B:NM_001288987.2_2,0
GBGT1:NM_001288572,27
RALGDS:NM_001042368,28
CEL:NM_001807,1
GTF3C5:NM_001286709,62
GFI1B:NM_004188,32
TSC1:NM_000368,33
SPACA9:NM_001316898,24
AK8:NM_001371773,24
GTF3C4:NR_133925,59
DDX31:NM_001322341,59
BARHL1:NM_020064,3
CFAP77:NM_001282957,4
TTF1:NM_007344,36
SETX:NM_001351528,41
NTNG2:NM_032536,2
MED27:NM_004269,29
RAPGEF1:NM_001377935,18
PRRT1B:NM_001395643,2
UCK1:NM_031432,24
POMT1:NM_001353200,31
PRRC2B:NM_001384822,16
PLPP7:NM_032728,1
FAM78A:NM_001400581,120
NUP214:NM_001318324,147
AIF1L:NM_001185096,16
LAMC3:NM_006059,11
FIBCD1:NM_032843,28
QRFP:NM_198180,3
ABL1:NM_007313,44
EXOSC2:NM_001282709,35
PRDM12:NM_021619,1
FUBP3:NM_003934,51
ASS1:NM_000050,5
HMCN2:NM_001291815,2
NCS1:NM_014286,15
GPR107:NM_020960,54
FNBP1:NM_015033,7
USP20:NM_001110303,87
C9orf78:NM_016520,87
TOR1A:NM_000113,30
TOR1B:NM_001317894,47
PTGES:NM_004878,1
PRRX2:NM_016307,1
ASB6:NM_017873,23
C9orf50:NM_199350,4
NTMT1:NM_001286796,10
IER5L:NM_203434,23
PTPA:NM_021131,62
CRAT:NM_004003,62
DOLPP1:NM_001135917,39
MIGA2:NM_001329990,41
SH3GLB2:NM_001287045,16
NUP188:NM_015354,56
DOLK:NM_014908,56
PHYHD1:NM_174933,0
LRRC8A:NM_001127245,52
KYAT1:NM_001352988,52
SPOUT1:NM_016390,30
ENDOG:NM_004435,25
TBC1D13:NM_001286772,34
ZER1:NM_001375956,32
ZDHHC12:NM_001318015,24
PKN3:NM_001317926,44
SET:NM_001374326,2
DYNC2I2:NM_052844,47
SPTAN1:NM_001195532,27
GLE1:NM_001003722,31
ODF2:NM_001351584,32
CERCAM:NM_001286760,22
URM1:NM_001135947,53
SLC27A4:NM_005094,38
COQ4:NM_001305942,114
TRUB2:NM_001329863,114
SWI5:NM_001318092,91
GOLGA2:NM_001366244,93
DNM1:NM_001288739,30
CIZ1:NM_012127,31
BBLN:NM_024112,81
LCN2:NM_005564,3
PTGES2:NM_198938,59
SLC25A25:NM_001006641,68
NAIF1:NM_197956,73
FAM102A:NM_001035254,28
DPM2:NM_003863,47
PIP5KL1:NM_001135219,11
ST6GALNAC4:NM_175039,14
ST6GALNAC6:NM_001388489,1
AK1:NM_001318121,11
ENG:NM_000118,0
FPGS:NM_001288803,33
CDK9:NM_001261,58
SH2D3C:NM_170600,2
TOR2A:NM_130459,22
TTC16:NM_001317037,27
CFAP157:NM_001012502,1
PTRH1:NM_001345977,27
STXBP1:NM_001374314,22
NIBAN2:NM_001035534,0
LRSAM1:NM_138361,86
RPL12:NM_000976,86
ZNF79:NM_007135,71
SLC2A8:NM_001271712,20
GARNL3:NM_001286779,1
ANGPTL2:NM_012098,1
RALGPS1:NM_014636,16
ZBTB34:NM_001099270,42
ZBTB43:NM_001135776,45
LMX1B:NM_002316,0
MVB12B:NM_033446,4
PBX3:NM_001330782,10
MAPKAP1:NM_001006617,25
GAPVD1:NM_001282681,36
HSPA5:NM_005347,77
RABEPK:NM_001174153,29
PPP6C:NM_001123355,49
SCAI:NM_173690,16
GOLGA1:NM_002077,52
ARPC5L:NM_030978,67
RPL35:NM_007209,67
WDR38:NM_001276375,9
OLFML2A:NM_182487,1
NR6A1:NM_033334,77
NR5A1:NM_004959,2
ADGRD2:NM_001395425,3
PSMB7:NM_002799,36
NEK6:NM_001166167,19
LHX2:NM_004789,0
DENND1A:NM_001352964,22
CRB2:NM_173689,5
STRBP:NM_001376109,30
GPR21:NM_005294,3
RABGAP1:NM_012197,36
ZBTB26:NM_020924,46
ZBTB6:NM_006626,35
RC3H2:NM_001100588,48
PDCL:NM_005388,33
OR1K1:NM_080859,1
OR5C1:NM_001001923,1
OR1L6:NM_001004453,2
OR1L4:NM_001005235,2
OR1L3:NM_001005234,1
OR1L1:NM_001005236,1
OR1B1:NM_001004450,1
OR1Q1:NM_012364,2
OR1N2:NM_001004457,1
OR1L8:NM_001004454,1
OR1N1:NM_012363,2
OR1J4:NM_001004452,0
OR1J1:NM_001004451,1
OR1J2:NM_054107,3
PTGS1:NM_001271166,3
MRRF:NM_001346347,70
RBM18:NM_033117,70
LHX6:NM_014368,13
MORN5:NM_001286828,24
NDUFA8:NM_001318195,24
TTLL11:NM_001139442,29
DAB2IP:NM_032552,0
GGTA1:NR_168460,2
STOM:NM_004099,60
GSN:NM_001353053,45
RAB14:NM_016322,44
CNTRL:NM_007018,30
C5:NM_001317163,30
TRAF1:NM_001190945,1
PHF19:NM_001286840,4
PSMD5:NM_005047,118
B3GALT9:NM_001386823,85
FBXW2:NM_001375890,85
MEGF9:NM_001080497,37
CDK5RAP2:NM_018249,33
BRINP1:NM_014618,1
TLR4:NM_138557,2
TRIM32:NM_001099679,18
ASTN2:NM_001365068,0
PAPPA:NM_002581,0
TNC:NM_002160,0
TNFSF8:NM_001252290,0
TNFSF15:NM_005118,1
TEX48:NM_001199233,1
TEX53:NM_001354645,1
TMEM268:NM_153045,22
ATP6V1G1:NM_004888,53
WHRN:NM_015404,28
AKNA:NM_030767,3
ORM2:NM_000608,1
ORM1:NM_000607,0
COL27A1:NM_032888,0
KIF12:NM_001388308,4
AMBP:NM_001633,0
ZNF618:NM_001318040,21
RGS3:NM_144488,3
C9orf43:NM_001278630,60
POLE3:NM_001278255,60
ALAD:NM_001003945,17
HDHD3:NM_001371923,10
BSPRY:NM_001317944,2
WDR31:NM_001012361,25
RNF183:NM_001371236,1
PRPF4:NM_001244926,66
CDC26:NM_139286,66
SLC31A1:NM_001859,57
FKBP15:NM_015258,57
SLC31A2:NM_001860,19
ZFP37:NM_001282515,6
ZNF883:NM_001101338,7
SLC46A2:NM_033051,2
SNX30:NM_001012994,37
INIP:NM_001329588,31
KIAA1958:NM_133465,58
HSDL2:NM_001195822,60
PTBP3:NM_001163790,59
SUSD1:NM_001282640,31
UGCG:NM_003358,61
SHOC1:NM_001378211,0
GNG10:NM_001198664,18
DNAJC25:NM_001015882,55
DNAJC25-GNG10:NM_004125,55
PTGR1:NM_001146109,1
ZNF483:NM_001007169,10
ECPAS:NM_001364929,49
OR2K2:NM_205859,0
LPAR1:NM_001387476,1
MUSK:NM_001166281,3
SVEP1:NM_153366,3
TXNDC8:NM_001003936,3
TXN:NM_003329,58
C9orf152:NM_001012993,3
PALM2AKAP2:NM_147150,1
PTPN3:NM_002829,0
EPB41L4B:NM_001385623,2
FRRS1L:NM_014334,0
TMEM245:NM_032012,52
CTNNAL1:NM_001286974,30
ABITRAM:NM_017832,60
ELP1:NM_003640,60
ACTL7A:NM_006687,2
ACTL7B:NM_006686,0
KLF4:NM_001314052,9
RAD23B:NM_002874,52
ZNF462:NM_001347997,0
TMEM38B:NM_018112,44
TAL2:NM_005421,1
FKTN:NM_006731,29
FSD1L:NM_001287192,22
SLC44A1:NM_001330731,6
ABCA1:NM_005502,1
NIPSNAP3B:NM_018376,14
NIPSNAP3A:NM_001329570,41
OR13D1:NM_001004484,1
OR13C9:NM_001001956,1
OR13C2:NM_001004481,0
OR13C5:NM_001004482,0
OR13C8:NM_001004483,1
OR13C3:NM_001001961,0
OR13C4:NM_001001919,3
OR13F1:NM_001004485,2
SMC2:NM_006444,37
CYLC2:NM_001340,1
PPP3R2:NM_147180,2
GRIN3A:NM_133445,0
RNF20:NM_019592,28
PGAP4:NM_001303107,11
ALDOB:NM_000035,3
ZNF189:NM_001278232,55
MRPL50:NM_019051,55
BAAT:NM_001701.4_2,3
PLPPR1:NM_207299.2_2,0
CAVIN4:NM_001018116,0
TMEFF1:NM_003692,10
MSANTD3-TMEFF1:NM_001198812,1
MSANTD3:NM_080655,25
TEX10:NM_017746,60
INVS:NM_014425,57
ERP44:NM_015051,58
STX17:NM_017919,40
NR4A3:NM_006981,52
SEC61B:NM_006808,85
ALG2:NM_033087,85
TGFBR1:NM_001130916,31
COL15A1:NM_001855,11
NME2P3:NME2P3,3
GALNT12:NM_024642,35
ANKS6:NM_173551,24
GABBR2:NM_005458,2
TBC1D2:NM_001267571,45
CORO2A:NM_052820,37
NANS:NM_018946,39
TRIM14:NM_014788,20
ANP32B:NM_006401,60
HEMGN:NM_018437,2
TRMO:NM_001371657,32
FOXE1:NM_004473,0
XPA:NM_001354975,44
NCBP1:NM_001351505,77
TSTD2:NM_139246,72
TMOD1:NM_001166116,39
TDRD7:NM_001302884,22
CCDC180:NM_020893,0
CTSV:NM_001201575,14
NUTM2G:NM_001045477,0
ZNF782:NM_001001662,29
ZNF510:NM_001314059,24
PRXL2C:NM_153698,21
CDC14B:NM_033331,8
HABP4:NM_014282,11
ZNF367:NM_153695,57
SLC35D2:NR_104627,7
HSD17B3:NM_000197,0
ERCC6L2:NM_001375291,73
PTCH1:NM_001083602,24
FANCC:NM_000136,39
AOPEP:NM_001386061,26
FBP1:NM_001127628,2
FBP2:NM_003837,2
MFSD14B:NM_032558,9
NUTM2F:NM_017561,1
ZNF169:NM_194320,16
PTPDC1:NM_001253830,32
BARX1:NM_021570,0
PHF2:NM_005392,22
FAM120A:NM_001286722,82
FAM120AOS:NM_198841,71
WNK2:NM_006648,5
NINJ1:NM_004148,11
CARD19:NM_001318011,23
SUSD3:NM_001287007,15
FGD3:NM_001083536,5
ZNF484:NM_001261459,17
BICD2:NM_001003800,57
IPPK:NM_022755.6_2,50
ECM2:NM_001197296.2_2,2
ASPN:NM_017680.5_2,2
OMD:NM_005014.3_2,1
OGN:NM_024416.4_2,2
CENPP:NM_001012267.3_2,73
NOL8:NM_017948.6_2,73
IARS1:NM_001378569.1_2,72
SPTLC1:NM_001368273,32
ROR2:NM_004560,63
NFIL3:NM_001289999,32
AUH:NM_001351432,38
SYK:NM_001174168,20
DIRAS2:NM_017594,1
GADD45G:NM_006705,5
SEMA4D:NM_001371198,1
SECISBP2:NM_001282689,19
CKS2:NM_001827,52
SHC3:NM_016848,1
S1PR3:NM_001395848,4
NXNL2:NM_145283.3_2,8
SPIN1:NM_006717,26
SPATA31C2:NM_001350978,0
CDK20:NM_178432,5
SPATA31C1:NM_001145124,0
SPATA31E1:NM_178828,1
CTSL:NM_001257972,25
DAPK1:NM_001288731,26
GAS1:NM_002048,2
TUT7:NM_001330718,46
ISCA1:NM_030940,32
C9orf153:NM_001276367,0
GOLM1:NM_177937,3
NAA35:NM_001321881,32
AGTPBP1:NM_001286715,23
NTRK2:NM_001369533,0
SLC28A3:NM_022127,0
RMI1:NM_001358294,74
HNRNPK:NM_002140,72
C9orf64:NM_001317997,26
KIF27:NM_001354069,15
GKAP1:NM_025211,13
UBQLN1:NM_013438,52
IDNK:NM_001001551,22
FRMD3:NM_001244959,0
RASEF:NM_152573,0
SPATA31D1:NM_001001670,0
SPATA31D3:NM_207416,0
SPATA31D4:NM_001145197,0
TLE1:NM_001303103,0
TLE4:NM_001351552,23
PSAT1:NM_021154,30
CEP78:NM_001330693,18
GNAQ:NM_002072,38
GNA14:NM_004297,1
VPS13A:NM_001018037,43
FOXB2:NM_001013735,1
PRUNE2:NM_001308048,2
GCNT1:NM_001097634,0
RFK:NM_018339,45
PCSK5:NM_001190482,1
OSTF1:NM_012383,27
NMRK1:NM_001330679,27
CARNMT1:NR_135282,22
C9orf40:NM_017998,32
TRPM6:NM_017662,5
RORB:NM_006914,1
ANXA1:NM_000700,22
ALDH1A1:NM_000689,7
TMC1:NM_138691,0
ZFAND5:NM_001102420,37
GDA:NM_001242507,11
C9orf57:NM_001128618,0
C9orf85:NM_001365057,53
ABHD17B:NM_016014,55
CEMIP2:NM_013390,27
TRPM3:NM_001366142,0
KLF9:NM_001206,35
SMC5:NM_015110,35
CFAP95:NM_001308085,4
PTAR1:NM_001366936,25
APBA1:NM_001163.4_2,1
FAM189A2:NM_001127608,1
TJP2:NM_001170414,0
FXN:NM_000144,29
PRKACG:NM_002732,2
PABIR1:NM_138333,42
PIP5K1B:NM_001278253,28
TMEM252:NM_153237,0
PGM5:NM_021965,2
FOXD4L3:NM_199135,0
CBWD3:NM_001378115,0
ANKRD20A1:NM_032250,0
SPATA31A3:NM_001083124,0
ZNF658:NR_134255,1
FOXD4L4:NM_199244,0
CBWD5:NM_001024916,6
FOXD4L5:NM_001126334,0
SPATA31A7:NM_015667,0
SPATA31A5:NM_001113541,0
SPATA31A6:NM_001145196,0
CNTNAP3B:NM_001201380,1
CBWD6:NM_001085457,0
FOXD4L6:NM_001085476,0
SPATA31A1:NM_001085452,0
CNTNAP3:NM_033655.5_2,0
FAM240B:NM_001394922,0
ANKRD18A:NM_001331100,0
FAM95C:NR_047651,0
IGFBPL1:NM_001007563,2
ALDH1B1:NM_000692,41
SHB:NM_003028,50
DCAF10:NM_001286810,74
EXOSC3:NM_001002269,71
TRMT10B:NM_001286953,28
FRMPD1:NM_001371225,2
TOMM5:NM_001134484,59
FBXO10:NM_012166,2
POLR1E:NM_022490,55
ZBTB5:NM_014872,93
GRHPR:NM_012203,37
ZCCHC7:NR_110317,58
PAX5:NM_016734,2
MELK:NM_001256692,32
RNF38:NM_194330,26
GNE:NM_001128227,4
CLTA:NM_001311203,46
CCIN:NM_005893,1
RECK:NM_021111,11
OR2S2:NM_019897,0
SPAAR:NM_001348107,0
HRCT1:NM_001039792,2
OR13J1:NM_001004487,1
TMEM8B:NM_001042589,10
FAM221B:NM_001012446,10
HINT2:NM_032593,31
SPAG8:NM_172312,2
NPR2:NM_003995,0
MSMP:NM_001044264,0
RGP1:NM_001080496,35
GBA2:NM_001330660,35
CREB3:NM_006368,47
TLN1:NM_006289,50
TPM2:NM_213674,16
CA9:NM_001216,3
ARHGEF39:NM_032818,24
CCDC107:NM_001195217,20
SIT1:NM_014450,0
CD72:NM_001782,2
TESK1:NM_001318230,14
FAM166B:NM_001287238,1
RUSC2:NM_001330740,30
UNC13B:NM_001371186,17
FAM214B:NM_025182,18
STOML2:NM_001287032,24
PIGO:NM_001201484,21
FANCG:NM_004629,27
VCP:NM_001354928,33
C9orf131:NM_001040411,0
DNAJB5:NM_012266,14
FAM205C:NM_001309426,1
FAM205A:NM_001141917,1
CCL21:NM_002989,1
CCL19:NM_006274,2
PHF24:NM_001395371,3
CCL27:NM_006664,1
IL11RA:NM_001142784,5
GALT:NM_001258332,29
SIGMAR1:NM_001282208,24
ARID3C:NM_001017363,5
DCTN3:NM_024348,12
RPP25L:NM_148179,30
CNTFR:NM_001207011,3
ENHO:NM_198573,0
DNAI1:NM_012144,12
FAM219A:NM_001184940,12
C9orf24:NM_032596,1
MYORG:NM_020702,11
NUDT2:NM_001244390,40
KIF24:NM_194313,40
UBAP1:NM_001171201,47
DCAF12:NM_015397,47
UBAP2:NM_001370059,36
UBE2R2:NM_017811,30
PRSS3:NM_007343,3
ANKRD18B:NM_001353432,7
NOL6:NM_022917,40
AQP3:NM_004925,16
AQP7:NM_001376191,0
NFX1:NM_002504,36
CHMP5:NM_001195536,54
BAG1:NM_001172415,54
SPINK4:NM_014471,2
B4GALT1:NM_001378497,39
SMU1:NM_018225,21
DNAJA1:NM_001314039,50
APTX:NM_001368999,50
TMEM215:NM_212558,2
TAF1L:NM_153809,0
NDUFB6:NM_002493,34
TOPORS:NM_005802,38
DDX58:NM_001385910,7
ACO1:NM_002197,16
LINGO2:NM_001258282,0
C9orf72:NM_001256054,15
IFNK:NM_020124,3
MOB3B:NM_024761,22
EQTN:NM_020641,0
TEK:NM_001290078,1
LRRC19:NM_022901,1
IFT74:NM_001099223,20
PLAA:NM_001031689,20
CAAP1:NM_001167575,19
TUSC1:NM_001004125,0
IZUMO3:NM_001365008,0
ELAVL2:NM_001351456,0
DMRTA1:NM_022160,0
CDKN2B:NM_078487,0
CDKN2A:NM_001363763,0
MTAP:NM_001396042,0
IFNE:NM_176891,0
IFNA1:NM_024013,0
IFNA8:NM_002170,0
IFNA2:NM_000605,0
IFNA13:NM_006900,0
IFNA6:NM_021002,0
KLHL9:NM_018847,0
IFNA5:NM_002169,0
IFNA14:NM_002172,0
IFNA17:NM_021268,0
IFNA16:NM_002173,0
IFNA10:NM_002171,0
IFNA7:NM_021057,0
IFNA4:NM_021068,0
IFNA21:NM_002175,0
IFNW1:NM_002177,0
IFNB1:NM_002176,0
HACD4:NM_001321883,0
FOCAD:NM_017794,2
MLLT3:NM_004529,1
SLC24A2:NM_001375850,8
ACER2:NM_001010887,19
RPS6:NM_001010,53
DENND4C:NR_169842,49
PLIN2:NM_001122,21
HAUS6:NM_017645,31
RRAGA:NM_006570,32
SAXO1:NM_001287049,32
ADAMTSL1:NM_001040272,0
SH3GL2:NM_003026,0
CNTLN:NM_001365029,2
BNC2:NM_001317940,0
CCDC171:NM_173550,16
PSIP1:NM_033222,20
SNAPC3:NM_001369651,42
TTC39B:NM_001168340,5
FREM1:NM_144966,1
CER1:NM_005454,3
ZDHHC21:NM_001354118,4
NFIB:NM_001369458,8
MPDZ:NM_001375421,8
LURAP1L:NM_203403,3
TYRP1:NM_000550,1
PTPRD:NM_002839,2
DMAC1:NM_001318058,20
KDM4C:NM_001304340,32
GLDC:NM_000170,0
UHRF2:NM_152896,37
TPD52L3:NM_001001874,0
IL33:NM_001314047,0
RANBP6:NM_012416,31
MLANA:NM_005511,0
KIAA2026:NM_001017969,25
ERMP1:NM_024896,23
RIC1:NM_001206557,51
PDCD1LG2:NM_025239,0
CD274:NM_001267706,7
PLGRKT:NM_018465,6
RLN1:NM_006911,1
RLN2:NM_005059,0
INSL4:NM_002195,1
INSL6:NM_007179,1
JAK2:NR_169764,46
RCL1:NM_001286699,45
AK3:NM_001199853,38
CDC37L1:NM_017913,45
PLPP6:NM_203453,19
SPATA6L:NR_148445,2
SLC1A1:NM_004170,0
GLIS3:NM_001042413,4
RFX3:NM_134428,52
PUM3:NM_014878,34
KCNV2:NM_133497,1
VLDLR:NM_001322226,1
SMARCA2:NM_001289397,58
DMRT2:NM_001387558,1
DMRT3:NM_021240,0
DMRT1:NM_021951,2
KANK1:NM_001256876,5
DOCK8:NM_203447,16
CBWD1:NM_001145355,4
FOXD4:NM_207305,0
WASHC1:NM_182905,0
C8orf33:NM_023080.3_2,48
ZNF16:NM_001029976,17
ZNF250:NM_001363099,62
COMMD5:NM_001081003,45
ZNF7:NM_001282796,41
ZNF517:NM_001384906,19
RPL8:NM_001317782,65
ZNF34:NM_001378028,26
ZNF251:NM_138367.2_2,37
ARHGAP39:NM_025251,31
C8orf82:NM_001001795,14
LRRC24:NM_001024678,19
LRRC14:NM_014665,58
RECQL4:NM_004260,57
MFSD3:NM_138431,44
GPT:NM_001382664,1
PPP1R16A:NM_001329443,41
FOXH1:NM_003923,8
KIFC2:NM_001369769,41
CYHR1:NM_001330618,46
TONSL:NM_013432.5_2,41
VPS28:NM_183057.3_2,49
SLC39A4:NM_130849.4_2,2
CPSF1:NM_013291.3_2,47
ADCK5:NM_174922.5_2,21
SLC52A2:NM_001253816.2_2,56
FBXL6:NM_012162.4_2,56
TMEM249:NM_001252402.3_2,3
SCRT1:NM_031309.6_2,24
DGAT1:NM_012079.6_2,25
HSF1:NM_005526.4_2,80
SCX:NM_001080514,0
BOP1:NM_015201.5_2,80
MROH1:NM_032450,24
HGH1:NM_016458,41
WDR97:NM_001316309,4
MAF1:NM_032272,86
SHARPIN:NM_030974,86
CYC1:NM_001916,46
GPAA1:NM_003801,31
EXOSC4:NM_019037,71
OPLAH:NM_017570,48
SPATC1:NM_001134374,0
GRINA:NM_001009184,24
PARP10:NM_001317895,0
PLEC:NM_000445,16
EPPK1:NM_031308,8
NRBP2:NM_178564,15
PUF60:NM_078480.3_2,43
SCRIB:NM_182706.5_2,26
IQANK1:NM_001381874.1_2,32
FAM83H:NM_198488.5_2,33
MAPK15:NM_139021.3_2,12
CCDC166:NM_001162914.1_2,1
ZNF707:NM_001288808.2_2,31
ZNF623:NM_001261843.2_2,46
GFUS:NM_001317783.2_2,35
PYCR3:NM_023078.6_2,37
TIGD5:NM_032862.5_2,61
EEF1D:NM_001130057.4_2,61
NAPRT:NM_145201.6_2,18
MROH6:NM_001100878.2_2,8
GSDMD:NM_001166237.1_2,18
ZC3H3:NM_015117.3_2,38
MAFA:NM_201589,9
RHPN1:NM_052924,17
TOP1MT:NM_001258446,1
ZNF696:NM_030895,45
GLI4:NM_138465,27
ZFP41:NM_173832,27
GPIHBP1:NM_001301772,0
LY6H:NM_001130478.2_2,0
LY6L:NM_001368160.2_2,2
LY6E:NM_001127213.2_2,23
CYP11B2:NM_000498,2
CYP11B1:NM_000497,1
GML:NM_002066,2
LY6D:NM_003695,1
LYNX1:NM_177457,0
SLURP2:NM_177458,1
LYNX1-SLURP2:NM_023946,0
LYPD2:NM_205545,1
SLURP1:NM_020427,0
THEM6:NM_001363000,32
LY6K:NM_017527,5
PSCA:NR_033343,26
JRK:NM_003724,25
ARC:NM_015193,0
ADGRB1:NM_001391985,1
TSNARE1:NM_001363740,17
PTP4A3:NM_032611.3_3,18
GPR20:NM_005293.3_3,1
SLC45A4:NM_001286646,16
DENND3:NM_014957,15
PTK2:NM_001352699,46
AGO2:NM_012154,43
CHRAC1:NM_017444,54
TRAPPC9:NM_031466,38
KCNK9:NR_104210,0
COL22A1:NM_152888,2
FAM135B:NM_001362965,0
KHDRBS3:NM_006558,5
ZFAT:NM_001289394,21
ST3GAL1:NM_003033,34
NDRG1:NM_001135242,10
CCN4:NM_001204870,0
SLA:NM_001045556,1
TG:NM_003235,1
PHF20L1:NM_001362971,28
TMEM71:NM_001382397,28
DNAAF11:NM_001321965,10
KCNQ3:NM_004519,1
HHLA1:NM_001145095,4
OC90:NM_001080399,0
EFR3A:NM_015137,27
ADCY8:NM_001115,2
ASAP1:NM_001247996,7
CYRIB:NM_001353245,26
GSDMC:NM_031415.3_2,3
MYC:NM_001354870,92
POU5F1B:NM_001395745,3
LRATD2:NM_174911,10
TRIB1:NM_025195,66
NSMCE2:NM_001349485,52
WASHC5:NM_014846,52
SQLE:NM_003129,60
ZNF572:NM_152412,13
MTSS1:NM_001363296.2_2,0
NDUFB9:NM_001278645.2_2,64
TATDN1:NM_001317890.1_2,64
RNF139:NM_007218.4_2,114
TRMT12:NM_017956,49
TMEM65:NM_194291,25
FER1L6:NM_001039112,3
FAM91A1:NM_144963,64
ANXA13:NM_001003954,3
KLHL38:NM_001081675,1
FBXO32:NM_058229,12
NTAQ1:NR_133926,45
ATAD2:NM_014109,71
ZHX1:NR_037873,66
ZHX1-C8orf76:NM_001204180,95
C8orf76:NM_032847,35
FAM83A:NM_207006,1
TBC1D31:NM_001363151,44
DERL1:NM_024295,37
ZHX2:NM_014943,0
HAS2:NM_005328,1
SNTB1:NM_021021,4
MTBP:NM_022045,44
MRPL13:NM_014078,44
COL14A1:NM_021110,1
DEPTOR:NM_001283012,9
DSCC1:NM_024094,38
TAF2:NM_003184,35
ENPP2:NM_001330600,1
CCN3:NM_002514,3
MAL2:NM_052886,1
COLEC10:NM_001324095,3
TNFRSF11B:NM_002546,3
EXT1:NM_000127,17
MED30:NM_001282986,25
SLC30A8:NM_001172811,3
AARD:NM_001025357,0
RAD21:NM_006265,39
UTP23:NM_032334,50
EIF3H:NM_003756,62
TRPS1:NM_014112,31
CSMD3:NM_198123,0
KCNV1:NM_014379,0
SYBU:NM_001099744,1
EBAG9:NM_198120,38
PKHD1L1:NM_177531,0
ENY2:NM_001193557,63
NUDCD1:NM_032869,63
TRHR:NM_003301,1
TMEM74:NR_136411,5
EMC2:NM_014673,42
EIF3E:NM_001568,54
RSPO2:NM_001282863,0
ANGPT1:NM_001146,1
ABRA:NM_139166,2
OXR1:NM_018002,20
ZFPM2:NM_001362836,55
LRP12:NM_013437,54
DPYS:NM_001385,1
DCSTAMP:NM_001257317,1
RIMS2:NM_001348497,1
DCAF13:NM_015420,87
SLC25A32:NM_030780,87
CTHRC1:NM_138455,17
FZD6:NM_001164615,2
BAALC:NM_001024372,2
ATP6V1C1:NM_001695,28
AZIN1:NM_001363083,66
KLF10:NM_005655,58
ODF1:NM_024410,0
UBR5:NM_015902,63
RRM2B:NM_015713,53
NCALD:NM_001040630,1
GRHL2:NM_024915,0
ZNF706:NM_001267709,60
YWHAZ:NM_003406,77
PABPC1:NM_002568,88
SNX31:NM_152628,1
ANKRD46:NM_001270379,23
RNF19A:NM_001280539,1
SPAG1:NM_172218,4
POLR2K:NM_005034,42
FBXO43:NM_001029860,2
RGS22:NM_015668,1
COX6C:NM_004374,49
VPS13B:NM_017890,62
OSR2:NM_001394683,37
KCNS2:NM_020697,1
STK3:NM_001256312,13
NIPAL2:NM_024759,2
POP1:NM_001145861,61
RIDA:NM_005836,61
ERICH5:NM_001170806,2
RPL30:NM_000989,92
MATN2:NM_001317748,2
LAPTM4B:NM_018407,33
MTDH:NM_001363139,73
TSPYL5:NM_033512,0
CPQ:NM_016134,21
SDC2:NM_002998,15
PTDSS1:NM_001290225,63
MTERF3:NM_001286643,63
UQCRB:NM_001199975,44
GDF6:NM_001001557,0
CFAP418:NM_177965,47
PLEKHF2:NM_024613,46
TP53INP1:NM_001135733,12
NDUFAF6:NM_001354534,47
CCNE2:NM_057749,46
INTS8:NM_017864,60
DPY19L4:NM_181787,50
ESRP1:NM_001122827,4
VIRMA:NM_015496,61
FSBP:NM_001256141,6
RAD54B:NM_012415,37
GEM:NM_005261,2
CDH17:NM_001144663,1
PDP1:NM_018444,21
TMEM67:NR_024522,22
RBM12B:NM_001377961,51
CIBAR1:NM_001283034,7
TRIQK:NM_001191035,22
RUNX1T1:NM_001395209,2
SLC26A7:NM_001282357,1
LRRC69:NM_001354470,3
OTUD6B:NM_016023,52
PIP4P2:NM_018710,32
C8orf88:NM_001363275,31
NECAB1:NM_022351,1
TMEM64:NM_001008495,58
CALB1:NM_004929,3
DECR1:NM_001359,49
NBN:NM_001024688,34
OSGIN2:NM_004337,37
RIPK2:NM_001375360,63
MMP16:NM_005941,1
DCAF4L2:NM_152418,20
CNBD1:NM_173538,1
CNGB3:NM_019098,1
CPNE3:NM_003909,16
RMDN1:NM_001317807,16
WWP1:NM_007013,21
SLC7A13:NM_138817,1
ATP6V0D2:NM_152565,1
PSKH2:NM_033126,0
CA2:NM_001293675,3
CA3:NM_005181,1
CA1:NM_001738,2
CA13:NM_198584,18
RBIS:NM_001099670,32
E2F5:NM_001083588,24
LRRCC1:NM_001349639,33
RALYL:NM_001354325,1
SNX16:NM_022133,28
CHMP4C:NM_152284,40
ZFAND1:NM_001170796,41
SLC10A5:NM_001010893,2
IMPA1:NM_001144878,26
FABP12:NM_001105281,1
FABP4:NM_001442,0
FABP9:NM_001080526,0
PMP2:NM_002677,5
FABP5:NM_001444,16
PAG1:NM_018440,4
ZNF704:NM_001033723,3
ZBTB10:NM_001277145,27
TPD52:NM_001387780,7
MRPS28:NM_014018,33
TPD52-MRPS28:NM_001387778,7
HEY1:NM_001040708,26
STMN2:NM_007029,0
IL7:NM_000880,3
ZC2HC1A:NM_016010,10
PKIA:NM_181839,2
PEX2:NM_001172086,40
ZFHX4:NM_024721,3
HNF4G:NM_001330561,5
CRISPLD1:NM_031461,0
PI15:NM_015886,1
GDAP1:NM_001362931,17
JPH1:NM_020647,7
LY96:NM_001195797,0
TMEM70:NM_017866,36
ELOC:NM_001204860,52
UBE2W:NM_001271015,41
STAU2:NM_001164380,47
RDH10:NM_172037,92
RPL7:NM_001363737,91
C8orf89:NM_001391993,1
SBSPON:NM_153225,3
TERF1:NM_003218,21
KCNB2:NM_004770,3
TRPA1:NM_007332,14
MSC:NM_005098,4
EYA1:NM_001370335,3
XKR9:NM_001287260,13
LACTB2:NM_016027,13
TRAM1:NM_014294,41
NCOA2:NM_001321703,52
PRDM14:NM_024504,3
SLCO5A1:NM_030958,0
SULF1:NM_001128204,1
C8orf34:NM_001349479,1
PREX2:NM_024870,7
CPA6:NM_020361,1
ARFGEF1:NM_006421,38
CSPP1:NM_024790,58
COPS5:NM_006837,52
PPP1R42:NM_001364910,16
TCF24:NM_001193502,5
MCMDC2:NM_173518,2
SGK3:NM_001033578,15
C8orf44-SGK3:NM_001204173,92
VCPIP1:NM_025054,94
MYBL1:NM_001080416,34
VXN:NM_152765,5
ADHFE1:NM_144650,40
RRS1:NM_015169,88
CRH:NM_000756,1
TRIM55:NM_184087,1
DNAJC5B:NM_001349432,2
PDE7A:NM_001242318,59
MTFR1:NM_014637,41
ARMC1:NM_018120,40
CYP7B1:NM_001324112,1
BHLHE22:NM_152414,0
YTHDF3:NR_102434,69
TTPA:NM_000370,1
GGH:NM_003878,28
NKAIN3:NR_130764,1
ASPH:NM_004318,46
CLVS1:NM_173519,2
CHD7:NM_017780,62
RAB2A:NM_001242644,58
CA8:NM_004056,38
TOX:NM_014729,5
NSMAF:NM_003580,73
SDCBP:NM_001007070,55
CYP7A1:NM_000780,2
UBXN2B:NM_001363181,32
FAM110B:NM_001377989,4
BPNT2:NM_017813,39
PENK:NM_001135690,0
SDR16C5:NM_001318049,2
CHCHD7:NM_001317859,42
PLAG1:NM_002655,42
MOS:NM_005372,3
RPS20:NM_001146227,54
LYN:NM_001111097,68
TGS1:NM_001317902,70
TMEM68:NM_001363176,70
XKR4:NM_052898,0
RP1:NM_001375654,2
SOX17:NM_022454,1
MRPL15:NM_014175,39
LYPLA1:NM_006330,54
TCEA1:NM_006756,58
RGS20:NM_001286674,3
ATP6V1H:NM_213620,41
OPRK1:NM_001282904,0
NPBWR1:NM_005285,3
RB1CC1:NM_014781,57
ALKAL1:NM_207413,1
ST18:NM_001352828,0
PCMTD1:NM_001286782,60
PXDNL:NM_144651,1
SNTG1:NM_001287813,2
PPDPFL:NM_001256596,0
SNAI2:NM_003068,3
CLXN:NR_157027,2
UBE2V2:NM_003350,29
MCM4:NM_182746,65
PRKDC:NM_006904,66
CEBPD:NM_005195,26
SPIDR:NM_001080394,29
NMTRL-TAA6-1:NMTRL-TAA6-1,2
POTEA:NM_001002920,1
HGSNAT:NM_001363228,34
POMK:NM_001277971,30
FNTA:NM_002027,48
HOOK3:NM_032410,78
RNF170:NM_001160224,77
THAP1:NM_018105,40
CHRNA6:NM_004198,0
CHRNB3:NM_000749,0
SMIM19:NM_001135676,57
SLC20A2:NM_006749,56
VDAC3:NM_001135694,38
DKK4:NM_014420,1
POLB:NM_002690,46
IKBKB:NM_001242778,38
PLAT:NM_000930,3
AP3M2:NM_006803,13
KAT6A:NM_006766,42
ANK1:NM_001142446,1
NKX6-3:NM_001364841,1
GPAT4:NM_178819,35
GINS4:NM_032336,24
GOLGA7:NM_001362979,35
SFRP1:NM_003012,2
ZMAT4:NM_024645,1
TCIM:NM_020130,2
IDO2:NM_194294,2
IDO1:NM_002164,5
ADAM2:NM_001464.5_2,1
ADAM18:NM_001320313.2_2,0
ADAM32:NM_001313994.1_2,0
ADAM9:NM_003816.3_2,76
TM2D2:NM_031940,73
HTRA4:NM_153692,2
PLEKHA2:NM_021623,22
TACC1:NM_001352795,1
FGFR1:NM_001174064,5
LETM2:NM_144652,32
NSD3:NM_023034,81
PLPP5:NM_001354459,2
DDHD2:NM_001362913,51
BAG4:NM_001204878,125
LSM1:NR_045493,125
STAR:NM_000349,9
ASH2L:NM_001282272,101
EIF4EBP1:NM_004095,48
ADRB3:NM_000025,1
GOT1L1:NM_152413,0
RAB11FIP1:NM_001002814,49
BRF2:NM_018310,36
ADGRA2:NM_032777,9
PLPBP:NM_001349348,41
ERLIN2:NM_007175,45
ZNF703:NM_025069,10
KCNU1:NM_001031836,0
UNC5D:NM_080872,2
DUSP26:NM_024025,2
RNF122:NM_024787,16
TTI2:NM_025115,33
MAK16:NM_032509,62
FUT10:NM_032664,38
NMTRQ-TTG11-1:NMTRQ-TTG11-1,1
NRG1:NM_001322202,0
WRN:NM_000553,57
PURG:NM_001015508,53
TEX15:NM_001350162,18
PPP2CB:NM_001009552,21
UBXN8:NM_001282189,52
GSR:NM_000637,46
SMIM18:NM_001206847,1
GTF2E2:NM_002095,41
RBPMS:NM_001008710,1
DCTN6:NM_006571,50
MBOAT4:NM_001100916,2
LEPROTL1:NM_001128208,41
SARAF:NM_001284239,37
DUSP4:NM_001394,11
KIF13B:NM_015254,21
HMBOX1:NM_001324387,90
INTS9:NM_001172562,91
EXTL3:NM_001440,40
FZD3:NM_145866,8
FBXO16:NM_172366,3
ZNF395:NM_018660,16
PNOC:NM_006228,1
ELP3:NM_001284222,2
NUGGC:NM_001010906,1
SCARA5:NM_173833,2
PBK:NM_018492,31
ESCO2:NM_001017420,38
CCDC25:NM_018246,32
SCARA3:NM_182826,1
CLU:NM_001831,2
EPHX2:NM_001256483,9
CHRNA2:NM_001347707,7
PTK2B:NM_173174,39
TRIM35:NM_171982,39
STMN4:NM_001394387,0
ADRA1A:NM_033303,2
DPYSL2:NM_001197293,3
PNMA2:NM_007257,3
BNIP3L:NM_004331,39
PPP2R2A:NM_002717,26
EBF2:NM_022659,1
CDCA2:NM_001317907,71
KCTD9:NM_017634,71
GNRH1:NM_000825,4
DOCK5:NM_024940,0
NEFL:NM_006158,2
NEFM:NM_005382,2
ADAM7:NM_003817,2
ADAMDEC1:NM_014479,1
ADAM28:NM_001304351,2
STC1:NM_003155,3
NKX2-6:NM_001136271,1
NKX3-1:NM_006167,3
SLC25A37:NM_016612,53
ENTPD4:NM_004901,31
LOXL2:NM_002318,2
R3HCC1:NR_125897,21
CHMP7:NM_152272,3
TNFRSF10A:NM_003844,45
TNFRSF10D:NM_003840,4
TNFRSF10C:NM_003841,5
TNFRSF10B:NM_003842,47
RHOBTB2:NM_001160036,3
PEBP4:NM_001363233,1
EGR3:NM_004430,23
BIN3:NM_018688,53
CCAR2:NM_001363069,44
C8orf58:NM_001198827,16
PDLIM2:NM_176871,0
SORBS3:NM_005775,1
PPP3CC:NM_001243975,52
SLC39A14:NM_001135154,34
PIWIL2:NM_001330480,2
POLR3D:NM_001722,46
PHYHIP:NM_001099335,2
BMP1:NM_006129,35
SFTPC:NM_001385660,2
LGI3:NM_139278,2
REEP4:NM_025232,34
HRURF:NM_001394132,0
HR:NM_018411,0
NUDT18:NM_024815,33
FHIP2B:NM_001354250,22
DMTN:NM_001387723,0
FGF17:NM_001304478,1
NPM2:NM_001286680,1
XPO7:NM_001362802,43
DOK2:NM_003974,1
GFRA2:NM_001495,0
LZTS1:NM_021020,3
ATP6V1B2:NM_001693,33
SLC18A1:NM_001135691,3
LPL:NM_000237,12
INTS10:NM_001353520,32
CSGALNACT1:NM_001354475,6
SH2D4A:NM_001174160,0
PSD3:NM_015310,7
NAT2:NM_000015,5
NAT1:NM_001160179,4
ASAH1:NM_001127505,53
PCM1:NM_001352647,67
FGL1:NM_201552,2
MTUS1:NM_001363061,2
PDGFRL:NM_006207,2
SLC7A2:NM_001008539,1
MTMR7:NM_004686,0
VPS37A:NM_001363173,51
CNOT7:NM_001322090,51
ZDHHC2:NM_016353,23
MICU3:NM_001349810,4
FGF20:NM_019851,1
MSR1:NM_138715,1
TUSC3:NM_178234,29
SGCZ:NM_139167,1
C8orf48:NM_001007090,0
DLC1:NM_001348081.2_2,2
TRMT9B:NM_020844.3_2,0
LONRF1:NM_152271.5_2,55
FAM86B2:NM_001137610,5
DEFB130A:NM_001037804.1_2,0
FAM86B1:NR_003494,9
USP17L2:NM_201402,1
USP17L7:NM_001256869.2_2,0
ZNF705D:NM_001039615,0
DEFB130B:NM_001195257,0
DEFB134:NM_001302695.2_2,1
DEFB135:NM_001033017.3_2,1
DEFB136:NM_001033018.2_2,1
CTSB:NM_001384714.1_2,38
FDFT1:NM_001287744.2_2,1
NEIL2:NM_001135747.3_2,29
GATA4:NM_001308094.2_2,0
BLK:NM_001330465.2_2,3
FAM167A:NM_053279.3_2,2
SLC35G5:NM_054028.2_2,0
MTMR9:NM_015458.4_2,33
XKR6:NM_173683.4_2,2
PINX1:NM_017884.6_2,37
SOX7:NM_031439.4_2,2
C8orf74:NM_001040032.2_2,3
RP1L1:NM_178857.6_2,2
PRSS55:NM_001197020.2_2,2
MSRA:NM_001135670.3_2,13
TNKS:NM_003747.3_2,48
PPP1R3B:NM_001201329.2_2,14
ERI1:NM_001354638.2_2,41
MFHAS1:NM_004225.3_2,18
CLDN23:NM_194284.3_2,10
PRAG1:NM_001080826.3_2,6
USP17L3:NM_001256871.1_2,0
USP17L8:NM_001256872.1_2,0
ZNF705B:NM_001193630.1_2,0
DEFB4A:NM_004942.4_2,0
DEFB103A:NM_001081551.4_2,0
SPAG11A:NM_001081552.3_2,0
DEFB104A:NM_080389.3_2,0
DEFB106A:NM_152251.4_2,0
DEFB105A:NM_152250.3_2,0
DEFB107A:NM_001037668.1_2,0
PRR23D2:NM_001282478.1_2,0
FAM90A10:NM_001164447.1_2,0
FAM90A9:NM_001164448.1_2,0
FAM90A19:NM_001164449.1_2,0
FAM90A17:NM_001397391,0
FAM90A8:NM_001164450,0
FAM90A16:NM_001397396.1_2,0
FAM90A18:NM_001164451,0
FAM90A14:NM_001164452.1_2,0
FAM90A23:NM_001397380.1_2,0
FAM90A22:NM_001397382.1_2,0
FAM90A7:NM_001397387.1_3,0
PRR23D1:NM_001282479.1_3,0
DEFB107B:NM_001040705.2_3,0
DEFB105B:NM_001040703.3_3,0
DEFB106B:NM_001040704.2_3,0
DEFB104B:NM_001040702.1_3,0
SPAG11B:NM_058200.4_3,0
DEFB103B:NM_018661.4_3,0
DEFB4B:NM_001205266.2_3,0
ZNF705G:NM_001164457.3_3,1
USP17L4:NM_001256874,0
USP17L1:NM_001256873.1_2,0
DEFA5:NM_021010.3_2,3
DEFA3:NM_005217.4_2,1
DEFA1B:NM_001302265.2_2,0
DEFA1:NM_004084.4_2,0
DEFA4:NM_001925.3_2,0
DEFA6:NM_001926.4_2,1
DEFB1:NM_005218.4_2,2
XKR5:NM_001289973.2_2,2
AGPAT5:NM_018361.5_2,65
ANGPT2:NM_001147,0
MCPH1:NM_001363980.2_3,52
CSMD1:NM_033225,0
MYOM2:NM_003970.4_2,1
KBTBD11:NM_014867.3_2,0
ARHGEF10:NM_014629.4_2,11
CLN8:NM_018941.4_2,32
DLGAP2:NM_001346810.2_4,0
ERICH1:NM_001303100,32
TDRP:NM_175075,5
FBXO25:NM_012173,8
ZNF596:NM_001287256,13
OR4F21:NM_001005504,0
VIPR2:NM_003382,1
DYNC2I1:NM_001350914,2
ESYT2:NM_001367773,80
NCAPG2:NM_001281932,74
PTPRN2:NM_002847,6
DNAJB6:NM_001363676,64
UBE3C:NM_014671,72
MNX1:NM_005515,36
NOM1:NM_138400,81
LMBR1:NR_146959,61
RNF32:NM_030936,70
SHH:NM_000193,5
RBM33:NM_053043,103
CNPY1:NM_001393663,1
EN2:NM_001427,2
INSIG1:NM_198336,113
HTR5A:NM_024012,2
PAXIP1:NM_007349,97
DPP6:NM_001364498.2_2,1
ACTR3B:NM_001350943,54
XRCC2:NM_005431,49
KMT2C:NM_170606,60
GALNT11:NM_001304514,38
GALNTL5:NM_145292,3
PRKAG2:NM_016203,3
RHEB:NM_005614,72
CRYGN:NR_131779,3
WDR86:NM_001284262,7
NUB1:NM_001385354,34
SMARCD3:NM_003078,4
CHPF2:NM_001389653,62
ABCF2:NM_007189,59
H2BK1:NM_001369125,4
ABCF2-H2BK1:NM_005692,59
IQCA1L:NM_001304419,2
ASB10:NM_080871,1
GBX1:NM_001098834,6
AGAP3:NM_001281300,70
TMUB1:NM_001136044,65
FASTK:NM_006712,107
SLC4A2:NM_001199692,74
CDK5:NM_004935,64
ASIC3:NM_020322,1
ABCB8:NM_001282293,52
ATG9B:NR_133652,4
NOS3:NM_000603,4
KCNH2:NM_000238,12
AOC1:NM_001091,3
TMEM176A:NM_018487,0
TMEM176B:NM_014020,0
GIMAP5:NM_018384,2
GIMAP1:NM_130759,4
GIMAP1-GIMAP5:NM_001303630,4
GIMAP2:NM_015660,4
GIMAP6:NM_001244072,3
GIMAP4:NM_018326,4
GIMAP7:NM_153236,1
GIMAP8:NM_175571,0
ZNF775:NM_173680,64
REPIN1:NM_001388050,67
RARRES2:NM_002889,3
LRRC61:NM_001363434,2
ACTR3C:NM_001351028,55
ATP6V0E2:NR_110612,33
ZNF862:NM_001099220,31
ZNF467:NM_207336,21
KRBA1:NM_001394490,31
ZNF746:NM_001363517,38
ZNF777:NM_015694,42
ZNF783:NM_001195220,10
ZNF212:NM_012256,43
ZNF282:NM_001303481,76
ZNF398:NM_020781,90
ZNF425:NM_001001661,90
ZNF786:NM_152411,28
PDIA4:NM_001371245,61
EZH2:NM_004456,72
CUL1:NM_001370660,72
C7orf33:NM_145304,1
CNTNAP2:NM_014141.6_2,2
TPK1:NM_001350882.1_2,40
NOBOX:NM_001080413.3_2,1
ARHGEF5:NM_005435.4_2,1
OR2A1:NM_001005287.2_2,0
CTAGE8:NM_001278507.2_2,0
OR2A7:NM_001005328.2_2,0
OR2A42:NM_001001802.3_2,0
ARHGEF35:NM_001368318.1_2,1
CTAGE4:NM_198495.3_2,0
OR2A14:NM_001001659.3_2,3
OR2A2:NM_001005480.2_2,0
OR2A12:NM_001004135.2_2,2
OR2A25:NM_001386096.1_2,1
OR2A5:NM_012365.2_2,0
OR6B1:NM_001005281.3_2,2
OR2F1:NM_012369.3_2,6
OR2F2:NM_001004685.1_2,2
TCAF1:NM_014719.3_2,44
CTAGE6:NM_178561.5_2,0
TCAF2:NM_001363538.2_2,2
CTAGE15:NM_001008747.2_2,0
TAS2R41:NM_176883.2_2,6
TAS2R60:NM_177437.1_2,1
EPHA1:NM_005232.5_2,3
ZYX:NM_001010972.2_2,62
FAM131B:NM_001371250.1_2,58
CLCN1:NM_000083,4
CASP2:NM_032983,50
TMEM139:NM_153345,2
GSTK1:NM_001143681,42
TAS2R40:NM_176882,1
TAS2R39:NM_176881,2
PIP:NM_002652,3
OR6V1:NM_001001667.1_2,2
OR9A2:NM_001001658.1_2,1
KEL:NM_000420.3_2,48
LLCFC1:NM_001382496.1_2,5
TRPV5:NM_019841.7_2,0
TRPV6:NM_018646.6_2,0
EPHB6:NM_001280794.3_2,52
PRSS2:NM_002770.4_2,2
PRSS1:NM_002769.5_2,3
PRSS58:NM_001001317.5_2,3
MGAM2:NM_001293626.2_2,1
MGAM:NM_004668.3_2,3
TAS2R38:NM_176817,1
CLEC5A:NM_013252,3
OR9A4:NM_001001656,2
PRSS37:NM_001370403,1
NMTRQ-TTG2-1:NMTRQ-TTG2-1,0
TAS2R5:NM_018980,1
TAS2R4:NM_016944,1
TAS2R3:NM_016943,1
SSBP1:NM_001256513.1_2,63
WEE2:NM_001105558.1_2,2
DENND11:NM_001080392.2_2,6
AGK:NM_018238.4_2,38
TMEM178B:NM_001195278,5
MRPS33:NM_053035,46
BRAF:NM_001378474,74
NDUFB2:NM_004546,57
ADCK2:NM_052853,19
DENND2A:NM_015689,2
MKRN1:NR_117084,90
RAB19:NM_001008749,1
SLC37A3:NM_207113,35
KDM7A:NM_030647,62
PARP12:NM_022750,29
TBXAS1:NM_001166254,63
HIPK2:NM_022740,64
CLEC2L:NM_001353368,1
KLRG2:NM_198508,2
FMC1-LUC7L2:NM_001244584,75
LUC7L2:NM_001244585,76
UBN2:NM_173569,65
TTC26:NM_001287513,30
ZC3HAV1:NM_001363491,87
ZC3HAV1L:NM_080660,2
KIAA1549:NM_001164665,5
TMEM213:NM_001085429,2
ATP6V0A4:NM_020632,1
SVOPL:NM_001139456,3
TRIM24:NM_003852,75
AKR1D1:NM_001190906,1
CREB3L2:NM_194071,64
DGKI:NM_001388092,0
PTN:NM_002825,3
CHRM2:NM_001006627,1
MTPN:NM_145808,71
FAM180A:NM_001369697,3
SLC13A4:NM_001318192,7
STMP1:NM_001130929,67
NUP205:NM_015135,47
CNOT4:NM_001393370,94
STRA8:NM_182489,3
WDR91:NM_001362738,42
TMEM140:NM_018295,5
CYREN:NM_001305630,55
AGBL3:NM_001367814,46
CALD1:NM_004342,2
BPGM:NM_001724,55
AKR1B15:NM_001367820,3
AKR1B10:NM_020299,2
AKR1B1:NM_001346142,3
SLC35B4:NM_032826,42
LRGUK:NM_144648,17
EXOC4:NM_021807,49
CHCHD3:NM_001317177,40
PLXNA4:NM_020911,1
PODXL:NM_001018111,9
MKLN1:NM_001145354,32
KLF14:NM_138693,19
TSGA13:NM_001304968,4
COPG2:NM_012133,41
MEST:NM_001253901,7
CEP41:NM_018718,7
CPA1:NM_001868,2
CPA5:NM_001127442,4
CPA4:NM_001163446,4
CPA2:NM_001869,4
SSMEM1:NM_145268,15
TMEM209:NM_001363478,74
KLHDC10:NM_014997,61
ZC3HC1:NM_001282191,39
UBE2H:NM_003344,37
NRF1:NM_005011,67
SMKR1:NM_001195243,5
STRIP2:NM_020704,95
AHCYL2:NM_001130720,52
SMO:NM_005631,0
TSPAN33:NM_178562,5
TNPO3:NM_001382217,103
IRF5:NM_001347928,2
KCP:NM_001366122,2
ATP6V1FNB:NM_001195150,6
ATP6V1F:NM_004231,80
FLNC:NM_001127487,73
CCDC136:NM_001201372,40
OPN1SW:NM_001385125,2
CALU:NM_001130674,77
GARIN1B:NM_001282789,3
GARIN1A:NM_001128926,2
METTL2B:NM_018396,37
HILPDA:NM_001098786,47
IMPDH1:NM_000883,38
PRRT4:NM_001174164,10
RBM28:NM_018077,77
LEP:NM_000230,6
LRRC4:NM_022143,0
SND1:NM_014390,75
PAX4:NM_001366110,3
FSCN3:NM_020369,2
ARF5:NM_001662,65
GCC1:NM_024523,56
ZNF800:NM_176814,68
GRM8:NM_001371083,17
POT1:NM_015450,35
GPR37:NM_005302,7
TMEM229A:NM_001136002,1
SPAM1:NM_003117,3
HYAL4:NM_012269,0
WASL:NM_003941,118
LMOD2:NM_207163,1
ASB15:NM_001290258,1
IQUB:NM_178827,38
SLC13A1:NM_022444,3
TAS2R16:NM_016945,0
RNF148:NM_198085,3
RNF133:NM_139175,2
CADPS2:NM_001363399,4
FEZF1:NM_001024613,5
AASS:NM_005763,1
PTPRZ1:NM_001206839,2
FAM3C:NM_014888,47
WNT16:NM_016087,2
CPED1:NM_024913,115
ING3:NM_019071,63
TSPAN12:NM_012338,19
KCND2:NM_012281,1
ANKRD7:NM_019644,2
LSM8:NM_016200,99
CTTNBP2:NM_033427,8
CFTR:NM_000492,3
ASZ1:NM_130768,1
WNT2:NM_003391,2
ST7-OT3:NR_002332,2
ST7:NM_018412,73
CAPZA2:NM_006136,55
MET:NM_001324402,3
CAV1:NM_001172895,27
CAV2:NM_198212,31
TES:NM_015641,42
TFEC:NM_012252,2
MDFIC:NM_199072,0
FOXP2:NR_033766,3
PPP1R3A:NM_002711,3
SMIM30:NM_001352687,38
GPR85:NM_001146265,19
BMT2:NM_152556,62
TMEM168:NM_001287497,73
LSMEM1:NM_001134468,6
IFRD1:NM_001197080,3
ZNF277:NM_021994,41
DOCK4:NM_001363540,42
LRRN3:NM_018334,2
IMMP2L:NM_032549,54
DNAJB9:NM_012328,113
THAP5:NM_001287599,112
PNPLA8:NM_001256011,24
NRCAM:NM_001371123,5
LAMB4:NM_007356,5
LAMB1:NM_002291,28
DLD:NM_001289750,64
SLC26A3:NM_000111,1
CBLL1:NM_001284291,96
SLC26A4:NM_000441,1
BCAP29:NM_001371355.1_2,65
DUS4L:NM_001270419.2_2,64
DUS4L-BCAP29:NM_001371367.2_2,64
GPR22:NM_005295.3_2,4
COG5:NM_006348.5_2,64
HBP1:NM_001244262.2_2,94
PRKAR2B:NM_002736.3_2,57
PIK3CG:NM_001282427,34
CCDC71L:NM_175884,66
NAMPT:NM_005746,76
SYPL1:NM_001381910,56
CDHR3:NM_001301161,2
ATXN7L1:NM_001385596,31
EFCAB10:NM_001355530,1
RINT1:NM_001346599,64
PUS7:NM_019042,67
SRPK2:NM_001350742,49
KMT2E:NM_018682,162
LHFPL3:NM_199000,2
ORC5:NM_002553,62
RELN:NM_005045,53
SLC26A5:NM_206883,7
PSMC2:NM_002803,53
DNAJC2:NM_001362668,53
PMPCB:NM_004279,35
NAPEPLD:NM_001386176.1_2,49
ARMC10:NM_001161013.3_2,51
LRRC17:NM_001031692,1
FBXL13:NM_001394494,51
POLR2J2:NM_032959,2
SPDYE2B:NM_001166339,0
UPK3BL1:NM_001114403,0
POLR2J2-UPK3BL1:NR_173352,2
RASA4:NM_001079877,2
POLR2J3:NM_001097615,8
SPDYE2:NM_001396242,0
UPK3BL2:NM_001363506,0
POLR2J3-UPK3BL2:NR_173351,8
RASA4B:NM_001367767,1
POLR2J:NM_001393919,2
LRWD1:NM_152892,57
ALKBH4:NM_017621,57
ORAI2:NM_032831,30
PRKRIP1:NM_024653,36
SPDYE6:NM_001146210,0
SH2B2:NM_001393995,11
CUX1:NM_001202546,62
MYL10:NM_138403,3
COL26A1:NM_133457,4
IFT22:NM_001287525,13
FIS1:NM_016068,44
CLDN15:NM_001185080,1
ZNHIT1:NM_006349,68
PLOD3:NM_001084,67
MOGAT3:NM_178176,4
NAT16:NM_001369694,0
VGF:NM_003378,5
AP1S1:NM_001283,23
SERPINE1:NM_001386456,1
TRIM56:NM_030961,26
MUC17:NM_001040105,2
MUC12:NM_001164462,0
MUC3A:NM_005960,3
ACHE:NM_001367918,28
UFSP1:NM_001015072,52
SRRT:NM_001128854,59
TRIP6:NM_003302,54
SLC12A9:NM_001363494,84
EPHB4:NM_004444,81
ZAN:NM_003386,1
EPO:NM_000799,1
POP7:NM_005837,61
GIGYF1:NM_001375759,62
GNB2:NM_005273,56
ACTL6B:NM_016188,2
TFR2:NM_003227,69
MOSPD3:NM_001040097,41
PCOLCE:NM_002593,7
FBXO24:NM_033506,60
LRCH4:NM_002319,60
SAP25:NM_001348677,0
AGFG2:NM_006076,20
NYAP1:NM_173564,12
TSC22D4:NM_030935,76
SPACDR:NM_001004323,1
TSC22D4-C7ORF61:NM_001395846,76
PPP1R35:NM_145030,49
MEPCE:NM_001194992,73
ZCWPW1:NM_001386013,73
PILRA:NM_178273,1
PILRB:NM_178238,2
SPDYE3:NM_001004351,0
PVRIG:NM_024070,2
STAG3:NM_001282716,7
GPC2:NM_152742,7
GAL3ST4:NM_024637,2
TRAPPC14:NM_018275,59
LAMTOR4:NM_001318237,36
MBLAC1:NM_203397,33
CNPY4:NM_152755,39
TAF6:NM_001190415,39
AP4M1:NM_004722,76
MCM7:NM_001278595,76
COPS6:NM_006833,32
ZNF3:NM_017715,62
ZSCAN21:NM_001362781,37
ZKSCAN1:NM_001346579,40
AZGP1:NM_001185,1
GJC3:NM_181538,6
TRIM4:NM_033017,57
OR2AE1:NM_001005276,1
CYP3A43:NM_057096,1
CYP3A4:NM_017460,1
CYP3A7:NM_000765,1
CYP3A7-CYP3A51P:NM_001256497,1
CYP3A5:NM_001291829,4
ZSCAN25:NM_001350984,42
TMEM225B:NM_001195543,1
ZNF655:NM_138494,80
FAM200A:NM_145111,29
ZKSCAN5:NM_001318083,83
ZNF394:NM_001345968,83
ZNF789:NM_001350999,62
ATP5MF:NM_004889,56
CPSF4:NM_001318161,80
PTCD1:NM_015545,80
ATP5MF-PTCD1:NM_001198879,56
BUD31:NM_001370410,93
PDAP1:NM_014891,93
ARPC1B:NM_005720,41
ARPC1A:NM_001190996,52
KPNA7:NM_001145715.3_2,2
SMURF1:NM_020429.3_2,29
TRRAP:NM_003496,53
TMEM130:NM_001134450,0
NPTX2:NM_002523,0
BAIAP2L1:NM_018842,18
BRI3:NM_001159491,16
TECPR1:NM_015395,29
BHLHA15:NM_177455,3
LMTK2:NM_014916,28
OCM2:NM_006188,0
ASNS:NM_001352496,0
TAC1:NM_013998,4
SDHAF3:NM_020186,61
DLX5:NM_005221,3
DLX6:NM_005222,2
SEM1:NR_163952,50
SLC25A13:NM_001160210,39
DYNC1I1:NM_001278422,4
PDK4:NM_002612,2
ASB4:NM_016116,2
PON2:NM_000305,22
PON3:NM_000940,7
PON1:NM_000446,1
PPP1R9A:NM_017650,2
PEG10:NM_015068,3
SGCE:NM_001346719,3
CASD1:NM_022900,29
COL1A2:NM_000089,2
BET1:NR_133908,47
GNG11:NM_004126,5
GNGT1:NM_001329426,3
TFPI2:NM_006528,3
CALCR:NM_001164737,4
VPS50:NM_017667,54
HEPACAM2:NM_001346642,55
SAMD9L:NM_152703,4
SAMD9:NM_017654,6
CDK6:NM_001145306,69
FAM133B:NM_001040057,48
RBM48:NM_032120,61
PEX1:NM_001282678,60
ERVW-1:NM_001130925,2
GATAD1:NM_021167,58
ANKIB1:NM_019004,78
KRIT1:NM_004912,78
LRRD1:NM_001384934,3
CYP51A1:NM_001146152,67
AKAP9:NM_147185,86
MTERF1:NM_001301135,34
FZD1:NM_003505,45
CDK14:NM_001287135,11
PTTG1IP2:NM_001365443,1
CLDN12:NM_012129,30
GTPBP10:NM_001042717,66
FAM237B:NM_001384237,3
CFAP69:NM_001160138,33
STEAP2:NM_001244946,4
STEAP1:NM_012449,8
TEX47:NM_152706,1
ZNF804B:NM_181646,12
STEAP4:NM_001205315,0
SRI:NM_198901,0
ADAM22:NM_001391981,7
DBF4:NM_001318061,98
SLC25A40:NM_018843,98
RUNDC3B:NM_001394225,1
ABCB1:NM_001348945,5
ABCB4:NM_018849,3
CROT:NM_021151,29
TMEM243:NM_001329472,31
DMTF1:NM_001142326,92
ELAPOR2:NM_001142749,28
GRM3:NM_001363522,1
SEMA3D:NM_001384901,1
SEMA3A:NM_006080,3
SEMA3E:NM_012431,1
PCLO:NM_033026,1
CACNA2D1:NM_001366867,0
HGF:NM_000601,3
SEMA3C:NM_001350120,1
CD36:NM_001371075,1
GNAT3:NM_001102386,1
GNAI1:NM_002069,4
MAGI2:NM_012301,4
PHTF2:NM_001366084,74
TMEM60:NM_032936,74
RSBN1L:NM_198467,80
PTPN12:NM_002835,56
GSAP:NM_001350896,1
FGL2:NM_006682,1
CCDC146:NM_020879,19
SPDYE18:NM_001394953,0
SPDYE17:NM_001351351,0
POMZP3:NM_012230.5_2,13
SPDYE16:NM_001394943.1_2,0
UPK3B:NM_001347684,0
DTX2:NM_001102595.3_2,0
ZP3:NM_007155,19
SSC4D:NM_080744,7
YWHAG:NM_012479,87
HSPB1:NM_001540,40
SRRM3:NM_001110199,5
MDH2:NM_001282404,94
STYXL1:NM_001317785,94
TMEM120A:NM_001363462,23
POR:NM_001395413,46
RHBDD2:NM_001346189,22
CCL24:NM_001371193,0
CCL26:NM_001371936,1
HIP1:NM_005338,38
SPDYE5:NM_001306141,1
POM121C:NM_001099415,17
TRIM73:NM_198924,1
SPDYE15:NM_001382547,0
SPDYE13:NM_001382563,0
SPDYE14:NM_001382495,0
GTF2IRD2B:NM_001003795,3
RCC1L:NM_148842,46
CASTOR2:NM_001145064,1
SPDYE12:NM_001382555,1
GTF2IRD2:NM_001368300,4
NCF1:NM_000265,0
GTF2I:NM_001518,56
GTF2IRD1:NM_005685,33
CLIP2:NM_032421,10
RFC2:NM_001278791,48
LAT2:NM_014146,3
EIF4H:NM_031992,72
LIMK1:NM_002314,26
ELN:NM_001278918,0
TMEM270:NM_182504,0
METTL27:NM_152559,2
CLDN4:NM_001305,3
CLDN3:NM_001306,2
ABHD11:NM_148912,42
STX1A:NM_004603,18
BUD23:NM_017528,68
DNAJC30:NM_032317,68
VPS37D:NM_001077621,9
MLXIPL:NM_032951,7
TBL2:NM_001362660,57
BCL7B:NM_001301061,58
BAZ1B:NM_001370402,77
FZD9:NM_003508,8
FKBP6:NM_001362789,3
TRIM50:NM_178125,3
NSUN5:NM_018044,32
SPDYE10:NM_001382504,3
SPDYE9:NM_001382554,0
SPDYE11:NM_001351349,0
SPDYE8:NM_001382525,0
TRIM74:NM_198853,0
POM121:NM_001257190,23
TYW1B:NM_001145440,54
CALN1:NM_001363460,3
GALNT17:NM_022479,1
AUTS2:NM_001127231,3
SPDYE21:NM_001382715,0
TYW1:NM_018264,46
SBDS:NM_016038,48
TMEM248:NM_017994,56
RABGEF1:NM_001367722,57
KCTD7:NM_001167961,31
TPST1:NM_003596,18
CRCP:NM_001142414,54
ASL:NM_000048,32
GUSB:NM_000181,29
VKORC1L1:NM_001284342,27
ZNF92:NM_001287534,28
ERV3-1:NM_001007253,43
ZNF117:NM_015852,1
ERV3-1-ZNF117:NM_001348050,42
ZNF273:NM_001385649,2
ZNF107:NM_001282360,25
ZNF680:NM_178558,25
ZNF736:NM_001170905,19
ZNF679:NM_153363,1
ZNF735:NM_001159524,1
ZNF727:NM_001159522,2
ZNF722:NM_001396012,0
NMD3P1:NMD3P1,1
ZNF716:NM_001159279,1
NMTRQ-TTG13-1:NMTRQ-TTG13-1,0
ZNF479:NM_033273,2
NMD3P2:NMD3P2,0
NUPR2:NM_001145712,0
CHCHD2:NM_001320327,59
PHKG1:NM_001258459,2
SUMF2:NM_001146333,24
CCT6A:NM_001009186,85
PSPH:NM_001370518,82
NIPSNAP2:NM_001202469,19
MRPS17:NM_015969,30
ZNF713:NM_001366796,18
SEPTIN14:NM_207366,0
VOPP1:NM_001321244,35
LANCL2:NM_018697,61
EGFR:NM_001346941,1
SEC61G:NM_014302,42
VSTM2A:NM_001301009,1
POM121L12:NM_182595,1
COBL:NM_001287436,2
GRB10:NM_001001555,45
DDC:NM_001082971,0
FIGNL1:NM_001346565,22
IKZF1:NM_001291839,45
SPATA48:NM_001161834,0
ZPBP:NM_007009,1
VWC2:NM_198570,0
CDC14C:NM_152627,0
ABCA13:NM_152701,0
UPP1:NM_001287428,8
C7orf57:NM_001267866,2
SUN3:NM_001284350,3
HUS1:NM_001363683,16
PKD1L1:NM_138295,1
TNS3:NM_022748,0
IGFBP3:NM_001013398,2
IGFBP1:NM_000596,1
CCDC201:NM_001395235,0
ADCY1:NM_021116,0
RAMP3:NM_005856,0
TBRG4:NM_004749,45
NACAD:NM_001146334,2
CCM2:NR_030770,49
MYO1G:NM_033054,1
PURB:NM_033224,54
H2AZ2:NM_138635,68
PPIA:NM_021130,84
ZMIZ2:NM_001300959,33
OGDH:NM_002541,46
TMED4:NM_001303062,35
DDX56:NM_019082,45
NPC1L1:NM_013389,1
NUDCD3:NM_015332,56
CAMK2B:NM_001220,1
YKT6:NM_001363678,34
GCK:NM_001354800,2
MYL7:NM_021223,0
POLD2:NM_001256879,24
AEBP1:NM_001129,0
POLM:NM_001362683,15
PGAM2:NM_000290,1
DBNL:NM_001284313,28
SPDYE1:NM_001378423,0
UBE2D4:NM_015983,17
URGCP:NM_001290076,17
MRPS24:NM_032014,16
URGCP-MRPS24:NM_001204871,28
BLVRA:NM_000712,26
COA1:NR_146941,45
STK17A:NM_004760,38
HECW1:NM_001287059,3
MRPL32:NM_031903,58
PSMA2:NM_002787,58
C7orf25:NM_001099858,28
GLI3:NM_000168,5
INHBA:NM_002192,0
SUGCT:NM_024728,54
MPLKIP:NM_138701,54
CDK13:NM_003718,99
RALA:NM_005402,62
YAE1:NM_001282446,40
POU6F2:NM_001370959,3
VPS41:NM_014396,35
FAM183BP:NR_028347,2
AMPH:NM_001635,1
TARP:NM_001003799,1
STARD3NL:NM_001363345,39
EPDR1:NM_001242946,3
SFRP4:NM_003014,4
NME8:NM_016616,0
GPR141:NM_001381946,1
ELMO1:NM_001206480,6
AOAH:NM_001177506,0
ANLN:NM_001284302,69
KIAA0895:NM_001100425,68
EEPD1:NM_030636,19
SEPTIN7:NM_001242956,65
HERPUD2:NM_022373,60
TBX20:NM_001077653,4
DPY19L1:NM_015283,33
NPSR1:NM_001300933,3
BMPER:NM_133468,1
BBS9:NM_001362679,26
RP9:NM_203288,30
NT5C3A:NM_001374336,56
FKBP9:NM_007270,25
KBTBD2:NM_015483,68
AVL9:NM_015060,51
LSM5:NM_001139499,51
PPP1R17:NM_001145123,2
PDE1C:NM_001322059,3
ITPRID1:NM_001257967,1
NEUROD6:NM_022728,2
ADCYAP1R1:NM_001199637,0
GHRHR:NM_000823,0
AQP1:NM_001329872,8
MINDY4:NM_032222,43
INMT:NM_001199219,0
INMT-MINDY4:NR_037598,0
CRHR2:NM_001202481,1
GARS1:NM_001316772,84
GGCT:NM_024051,36
NOD1:NM_006092,19
ZNRF2:NM_147128,49
MTURN:NM_152793,30
PLEKHA8:NM_001350974,77
FKBP14:NM_017946,74
SCRN1:NM_001145514,1
WIPF3:NM_001080529,11
PRR15:NM_001329996,1
CHN2:NM_001398427,1
CPVL:NM_001371257,3
TRIL:NM_014817,2
CREB5:NM_182899,3
JAZF1:NM_175061,4
TAX1BP1:NM_001206901,55
HIBADH:NM_152740,46
EVX1:NM_001304519,2
HOXA13:NM_000522,2
HOXA11:NM_005523,3
HOXA9:NM_152739,1
HOXA7:NM_006896,0
HOXA6:NM_024014,0
HOXA5:NM_019102,1
HOXA4:NM_002141,2
HOXA3:NM_001384335,2
HOXA2:NM_006735,3
HOXA1:NM_005522,0
SKAP2:NM_003930,27
SNX10:NM_013322,18
CBX3:NM_007276,129
HNRNPA2B1:NM_031243,139
NFE2L3:NM_004289,22
NPVF:NM_022150,2
C7orf31:NM_138811,12
CYCS:NM_018947,42
OSBPL3:NM_015550,50
GSDME:NM_004403,4
PALS2:NM_001303037,43
NPY:NM_000905,0
STK31:NM_001260505,0
FAM221A:NM_001127365,1
CCDC126:NM_138771,26
TRA2A:NM_001282759,62
IGF2BP3:NM_006547,98
MALSU1:NM_138446,38
GPNMB:NM_002510,2
NUP42:NM_001370444,81
KLHL7:NM_001031710,45
FAM126A:NM_001363466,35
TOMM7:NM_019059,48
IL6:NM_001318095,8
STEAP1B:NM_001382447,11
RAPGEF5:NM_012294,0
CDCA7L:NM_001127370,6
DNAH11:NM_001277115,3
SP4:NM_001326542,41
SP8:NM_198956,31
ABCB5:NM_001163941,0
ITGB8:NM_002214,22
MACC1:NM_182762,23
TMEM196:NM_001366625,3
POLR1F:NM_001002926,34
FERD3L:NM_152898,1
TWIST1:NR_149001,1
HDAC9:NM_001321868,5
PRPS1L1:NM_175886,2
SNX13:NM_001350866,51
AHR:NM_001621,1
AGR3:NM_176813,1
AGR2:NM_006408,2
TSPAN13:NM_014399,29
BZW2:NM_014038,83
ANKMY2:NM_020319,83
LRRC72:NM_001195280,1
SOSTDC1:NM_015464,26
CRPPA:NM_001101426,53
MEOX2:NM_005924,1
AGMO:NM_001004320,1
DGKB:NM_001350707,3
ETV1:NM_001163148,32
ARL4A:NM_212460,46
SCIN:NM_001112706,2
VWDE:NM_001135924,76
TMEM106B:NM_001134232,40
THSD7A:NM_015204,2
PHF14:NM_001007157,28
NDUFA4:NM_002489,47
NXPH1:NM_152745,3
ICA1:NM_001350835,51
GLCCI1:NM_138426,43
UMAD1:NM_001302349,63
RPA3:NM_002947,0
MIOS:NM_001370080,25
COL28A1:NM_001037763,2
C1GALT1:NM_020156,46
CCZ1B:NM_198097,5
RSPH10B2:NM_001099697,0
ZNF12:NM_016265,40
ZNF316:NM_001278559,27
ZNF853:NM_017560,0
INTS15:NM_001303039,32
ZDHHC4:NM_001134389,28
GRID2IP:NM_001145118,1
KDELR2:NM_006854,49
DAGLB:NM_139179,34
RAC1:NM_006908,43
FAM220A:NM_001037163,22
SAGSIN1:NM_001395995,22
CYTH3:NM_001367581,26
USP42:NM_001389650,36
ANKRD61:NM_001271700,3
EIF2AK1:NM_014413,35
AIMP2:NM_001326606,29
PMS2:NR_136154,29
RSPH10B:NM_173565,0
CCZ1:NM_015622,3
OCM:NM_001391991,1
RNF216:NM_001377156,27
FSCN1:NM_003088,47
ACTB:NM_001101,67
FBXL18:NM_001363441,23
TNRC18:NM_001080495,108
SLC29A4:NM_001300847,2
WIPI2:NM_001033519,28
RBAKDN:NR_015343,0
RBAK:NM_001204456,34
RBAK-RBAKDN:NM_001204513,34
PAPOLB:NM_020144,1
RADIL:NM_018059,25
AP5Z1:NM_001364858,40
FOXK1:NM_001037165,36
SDK1:NM_152744,0
CARD11:NM_001324281,9
GNA12:NM_007353,18
AMZ1:NM_001321766,0
TTYH3:NM_025250,14
IQCE:NM_001287501,32
BRAT1:NM_001350626,49
LFNG:NM_001166355,4
GRIFIN:NM_001394787,1
CHST12:NM_001243794,37
EIF3B:NM_001362793,67
SNX8:NM_013321,28
NUDT1:NM_002452,45
MRM2:NM_013393,45
MAD1L1:NM_003550,38
ELFN1:NM_001394188,4
PSMG3:NM_032302,48
TMEM184A:NM_001097620,1
MAFK:NM_002360,14
INTS1:NM_001080453,40
MICALL2:NM_182924,68
UNCX:NM_001080461,3
ZFAND2A:NM_001365383,44
GPER1:NM_001505,8
GPR146:NM_001303473,11
CYP2W1:NM_017781,1
C7orf50:NM_032350,28
COX19:NM_001031617,32
ADAP1:NM_001284308,4
GET4:NM_015949,46
SUN1:NM_001367639,28
DNAAF5:NM_017802,37
PRKAR1B:NM_001164759,38
PDGFA:NM_001395363,16
FOXL3-OT1:NR_164665,2
FOXL3:NM_001374838,2
FAM20C:NM_020223.4_4,1
PDCD2:NM_002598,72
TBP:NM_001172085,123
PSMB1:NM_002793,120
FAM120B:NM_001286379.2_2,1
DLL1:NM_005618.4_2,1
ERMARD:NM_001278532.2_2,58
DYNLT2:NM_174910.3_2,58
PHF10:NM_018288,48
C6orf120:NM_001317342,101
WDR27:NM_182552,101
THBS2:NM_001381942,1
SMOC2:NM_001166412,4
DACT2:NM_001286351,3
FRMD1:NR_110312,2
KIF25:NM_005355,2
AFDN:NM_001366319,69
TTLL2:NM_031949,1
UNC93A:NM_001143947,3
GPR31:NM_005299,2
CCR6:NM_004367,0
CEP43:NM_194429,75
RNASET2:NM_003730,51
RAMACL:NM_001395999,2
RPS6KA2:NM_001318936,0
MPC1:NM_001270879,74
SFT2D1:NM_145169,65
PRR18:NM_175922,3
TBXT:NM_003181,1
PDE10A:NM_001385079,0
C6orf118:NM_144980,1
QKI:NM_001301085,83
PACRG:NM_001080378,23
PRKN:NM_004562,23
AGPAT4:NM_020133,22
MAP3K4:NM_001363582,98
PLG:NM_000301,2
LPA:NM_005577,2
SLC22A3:NM_021977,1
SLC22A2:NM_003058,1
SLC22A1:NM_153187,0
IGF2R:NM_000876,49
MAS1:NM_002377,3
PNLDC1:NM_001271862,1
MRPL18:NR_134864,104
TCP1:NM_030752,105
ACAT2:NM_005891,64
WTAP:NM_004906,95
SOD2:NM_001322817,64
FNDC1:NM_032532,2
TAGAP:NM_054114,1
RSPH3:NM_031924,36
EZR:NM_001111077,38
SYTL3:NM_001009991,1
DYNLT1:NM_006519,45
TMEM181:NM_001376856,12
TULP4:NM_001007466,1
GTF2H5:NM_207118,42
SERAC1:NM_032861,42
SYNJ2:NM_003898,57
SNX9:NM_016224,79
ZDHHC14:NM_024630,82
TMEM242:NM_018452,57
ARID1B:NM_001371656,12
NMTRV-TAC1-1:NMTRV-TAC1-1,0
NOX3:NM_015718,5
CLDN20:NM_001001346,2
TIAM2:NM_012454,0
SCAF8:NM_001286194,59
CNKSR3:NM_173515,81
IPCEF1:NM_001394799,3
OPRM1:NM_001008503,3
RGS17:NM_012419,2
MTRF1L:NM_019041,62
FBXO5:NM_001142522,99
VIP:NM_194435,1
MYCT1:NM_001371624,3
SYNE1:NM_182961,0
ESR1:NM_001385568,0
CCDC170:NM_025059,1
ARMT1:NM_001286562,67
RMND1:NM_017909,67
ZBTB2:NM_020861,74
AKAP12:NM_005100,10
MTHFD1L:NM_015440,42
PLEKHG1:NM_001329799,2
IYD:NM_001318495,4
PPP1R14C:NM_030949,34
ULBP3:NM_024518,4
RAET1L:NM_130900,2
ULBP1:NM_001317089,11
ULBP2:NM_025217,7
RAET1G:NM_001001788,4
RAET1E:NM_001394057,0
LRP11:NM_032832,25
PCMT1:NM_001252051,55
NUP43:NM_198887,48
LATS1:NM_001350339,72
KATNA1:NM_007044,50
GINM1:NM_138785,42
PPIL4:NM_139126,72
ZC3H12D:NM_207360,1
SUMO4:NM_001002255,2
TAB2:NM_001292035,3
UST:NM_005715,6
SASH1:NM_001346505,0
SAMD5:NM_001030060,15
STXBP5:NM_139244,123
ADGB:NM_024694,6
RAB32:NM_006834,24
GRM1:NM_001278065,2
SHPRH:NM_173082,56
FBXO30:NM_032145,57
EPM2A:NM_001360064,32
UTRN:NM_007124,11
STX11:NM_003764,15
SF3B5:NM_031287,70
PLAGL1:NM_001080951,34
ZC2HC1B:NM_001013623,3
LTV1:NM_032860,66
PHACTR2:NM_001394736,3
FUCA2:NM_032020,44
PEX3:NM_003630,83
ADAT2:NM_182503,83
AIG1:NM_001366346,55
HIVEP2:NM_006734,15
ADGRG6:NM_001032395,2
VTA1:NM_001286372,42
GJE1:NM_001358410,1
NMBR:NM_001324307,42
CITED2:NM_006079,100
TXLNB:NM_153235,2
HECA:NM_016217,23
ABRACL:NM_021243,7
REPS1:NM_001286611,39
ECT2L:NM_001077706,2
CCDC28A:NM_015439,45
NHSL1:NM_020464,2
HEBP2:NM_001326380,45
SMIM28:NM_001368163,3
PBOV1:NM_021635,2
ARFGEF3:NM_020340,4
PERP:NM_022121,5
TNFAIP3:NM_006290,32
OLIG3:NM_175747,2
IFNGR1:NM_000416,45
IL22RA2:NM_052962,3
IL20RA:NM_014432,1
SLC35D3:NM_001008783,2
PEX7:NM_000288,23
MAP3K5:NM_005923,53
MAP7:NM_001388335,13
BCLAF1:NM_014739,86
MTFR2:NM_001099286,41
PDE7B:NM_018945,2
AHI1:NM_001134831,52
MYB:NM_001161660,69
HBS1L:NM_001363686,61
ALDH8A1:NM_022568,1
SGK1:NM_001143676,1
SLC2A12:NM_145176,15
TBPL1:NM_001253676,46
TCF21:NM_198392,3
EYA4:NM_001301012,1
RPS12:NM_001016,72
SLC18B1:NM_052831,35
VNN2:NM_078488,3
VNN1:NM_004666,2
TAAR1:NM_138327,3
TAAR2:NM_001033080,2
TAAR5:NM_001389527,1
TAAR6:NM_175067,3
TAAR8:NM_053278,0
TAAR9:NM_175057,0
STX7:NM_001326579,34
MOXD1:NM_015529,1
CCN2:NM_001901,3
ENPP1:NM_006208,8
CTAGE9:NM_001145659,0
OR2A4:NM_030908,1
ENPP3:NM_005021,11
MED23:NM_015979,34
ARG1:NM_001369020,3
AKAP7:NM_001387860,7
EPB41L2:NM_001350305,18
SMLR1:NM_001195597,0
TMEM200A:NM_001258276,7
SAMD3:NM_001258275,7
L3MBTL3:NM_001007102,26
TMEM244:NM_001010876,4
ARHGAP18:NM_033515,33
LAMA2:NM_001079823,0
PTPRK:NM_001291981.2_2,3
THEMIS:NM_001394520.1_2,0
C6orf58:NM_001010905,1
SOGA3:NM_001400265,3
KIAA0408:NM_014702,2
SOGA3-KIAA0408:NR_174482,3
ECHDC1:NM_001002030,64
RNF146:NM_001242851,49
RSPO3:NM_032784,1
HINT3:NM_138571,17
NCOA7:NM_001199619,36
HEY2:NM_012259,18
HDDC2:NM_016063,54
TPD52L1:NM_001003397,24
RNF217:NM_001286398,66
NKAIN2:NM_153355,1
TRDN:NM_006073,1
CLVS2:NM_001010852,3
SMPDL3A:NM_001286138,17
FABP7:NM_001319042,2
PKIB:NM_181794,45
SERINC1:NM_020755,45
HSF2:NM_001135564,26
GJA1:NM_000165,1
TBC1D32:NM_001367759,33
MAN1A1:NM_005907,80
FAM184A:NM_001100411,4
ASF1A:NM_014034,60
MCM9:NM_001378357,32
PLN:NM_002667,3
CEP85L:NM_001178035,37
SLC35F1:NM_001029858,4
NUS1:NM_138459,36
GOPC:NM_020399,43
DCBLD1:NM_173674,36
ROS1:NM_001378891,2
VGLL2:NM_153453,0
RFX6:NM_173560,1
GPRC6A:NM_148963,1
FAM162B:NM_001085480,0
KPNA5:NM_001366308,31
ZUP1:NM_001361189,34
RSPH4A:NM_001161664,3
RWDD1:NM_015952,69
CALHM4:NM_001256889,6
CALHM5:NM_153711,1
TRAPPC3L:NM_001139444,1
CALHM6:NM_001276460,3
TSPYL1:NM_003309,74
DSE:NM_001322938,42
TSPYL4:NM_021648,42
COL10A1:NM_000493,3
NT5DC1:NM_152729,30
FRK:NM_002031,2
HS3ST5:NM_001387047,0
HDAC2:NM_001527,57
MARCKS:NM_002356,8
RFPL4B:NM_001013734,12
LAMA4:NM_001105207,1
FAM229B:NM_001033564,36
TUBE1:NM_016262,36
CCN6:NM_003880,4
FYN:NM_002037,16
TRAF3IP2:NM_147200,28
REV3L:NM_001286431,86
MFSD4B:NM_153369,39
SLC16A10:NM_018593,10
RPF2:NM_001289111,49
GTF3C6:NM_138408,31
AMD1:NM_001287215,60
CDK19:NM_001300964,61
SLC22A16:NM_033125,0
DDO:NM_001368172,3
METTL24:NM_001123364,2
CDC40:NM_015891,57
WASF1:NM_003931,54
GPR6:NM_005284,0
FIG4:NM_014845,37
AK9:NM_001145128,37
ZBTB24:NM_014797,23
MICAL1:NM_001286613,0
SMPD2:NM_003080,37
PPIL6:NM_001111298,37
CD164:NM_006016,74
CEP57L1:NM_001350662,79
SESN1:NM_014454,81
ARMC2:NM_001286609,15
FOXO3:NM_201559,64
AFG1L:NM_001323005,39
SNX3:NM_003795,47
NR2E1:NM_003269,0
OSTM1:NM_014028,25
SEC63:NM_007214,59
SCML4:NM_198081,1
SOBP:NM_018013,9
PDSS2:NM_020381,43
BEND3:NM_001367314,30
MTRES1:NM_016487,29
CD24:NM_001291738,9
QRSL1:NM_018292,54
RTN4IP1:NM_001318746,55
CRYBG1:NM_001371242,1
ATG5:NM_004849,44
PRDM1:NM_001198,9
PREP:NM_002726,40
POPDC3:NM_022361,2
BVES:NM_001199563,2
LIN28B:NM_001004317,51
HACE1:NM_001350554,41
GRIK2:NM_021956,0
ASCC3:NM_006828,48
SIM1:NM_005068,1
MCHR2:NM_001040179,1
PRDM13:NM_021620,2
CCNC:NM_001013399,47
USP45:NM_001346021,46
TSTD3:NM_001195131,26
PNISR:NM_001322406,56
COQ3:NM_017421,26
FAXC:NM_001346531,6
FBXL4:NM_001278716,36
POU3F2:NM_005604,16
MMS22L:NM_198468,33
KLHL32:NM_001323258,47
NDUFAF4:NM_014165,47
GPR63:NM_001143957,40
FHL5:NM_001170807,1
UFL1:NM_015323,50
FUT9:NM_006581,2
MANEA:NM_024641,52
EPHA7:NM_004440,1
MAP3K7:NM_145331,52
BACH2:NM_021813.4_2,29
GJA10:NM_032602.2_2,2
CASP8AP2:NM_001137668.2_2,74
MDN1:NM_014611.3_2,70
LYRM2:NM_020466,35
ANKRD6:NM_001242809,2
RRAGD:NM_021244,3
UBE2J1:NM_016021,28
GABRR2:NM_002043,2
GABRR1:NM_001267582,1
SRSF12:NM_080743,3
PM20D2:NM_001010853,9
PNRC1:NM_006813,43
RNGTT:NM_003800,51
CNR1:NM_001370547,6
SPACA1:NM_030960,1
AKIRIN2:NM_018064,83
ORC3:NM_001197259,58
RARS2:NM_001350507,58
SLC35A1:NM_001168398,46
CFAP206:NM_001031743,26
LINC01590:NR_026784,0
C6orf163:NM_001010868,2
SMIM8:NM_001287445,15
GJB7:NM_198568,1
ZNF292:NM_015021,46
CGA:NM_001252383,1
HTR1E:NM_000865,0
SYNCRIP:NM_001159677,88
SNX14:NM_001350532,62
NT5E:NM_001204813,0
TBX18:NM_001080508,66
CEP162:NM_014895,35
MRAP2:NM_001346541,29
CYB5R4:NM_016230,43
RIPPLY2-CYB5R4:NR_174604,1
RIPPLY2:NM_001400900,1
SNAP91:NM_014841,1
PRSS35:NM_153362,2
ME1:NM_002395,34
RWDD2A:NM_001322335,57
PGM3:NR_159812,57
DOP1A:NR_169791,36
UBE3D:NM_001350602,43
TPBG:NM_006670.5_2,10
IBTK:NM_015525.4_2,39
TENT5A:NM_017633,24
BCKDHB:NM_001318975,16
TTK:NM_003318,29
ELOVL4:NM_022726,3
SH3BGRL2:NR_171675,68
LCA5:NM_181714,68
HMGN3:NM_001201362,27
PHIP:NM_017934,68
IRAK1BP1:NM_001010844,26
MEI4:NM_001282136,1
HTR1B:NM_000863,2
IMPG1:NM_001563,1
MYO6:NM_001368138,22
SENP6:NM_001100409,51
FILIP1:NM_001300866,1
TMEM30A:NM_018247,64
COX7A2:NM_001366292,1
COL12A1:NM_004370,1
CD109:NM_001159588,1
SLC17A5:NM_001382631,35
EEF1A1:NM_001402,93
MTO1:NM_012123,39
CGAS:NM_138441,3
DDX43:NM_018665,2
OOEP:NM_001080507,2
KHDC3L:NM_001017361,3
DPPA5:NM_001025290,0
KHDC1:NM_001395215,26
KHDC1L:NM_001126063,3
KCNQ5-IT1:NR_120503,2
KCNQ5:NM_001160130,27
RIMS1:NM_014989,0
OGFRL1:NM_024576,1
B3GAT2:NM_080742,2
SMAP1:NM_021940,41
SDHAF4:NM_145267,24
FAM135A:NM_020819,57
COL9A1:NM_001851,1
COL19A1:NM_001858,7
LMBRD1:NM_018368,23
ADGRB3:NM_001704,48
EYS:NM_001292009,1
PHF3:NM_001370349,51
PTP4A1:NM_001385254,2
LGSN:NM_016571,1
FKBP1C:NM_001395980,1
KHDRBS2:NR_146870,1
PRIM2:NM_000947,44
RAB23:NM_016277,55
BAG2:NM_004282,73
ZNF451:NM_015555,13
KIAA1586:NM_001286275,21
BEND6:NM_152731,55
DST:NM_001374734,56
COL21A1:NM_001318752,3
BMP5:NM_021073,0
HMGCLL1:NM_019036,1
GFRAL:NM_207410,2
HCRTR2:NM_001526,1
FAM83B:NM_001010872,1
TINAG:NM_014464,1
MLIP:NM_138569,1
MLIP-IT1:NR_046832,2
LRRC1:NM_018214,1
KLHL31:NM_001003760,0
GCLC:NM_001498,26
ELOVL5:NM_001301856,53
GCM1:NM_003643,1
FBXO9:NM_033481,44
CILK1:NM_001375398,26
GSTA4:NM_001512,20
GSTA3:NM_000847,3
GSTA5:NM_153699,2
GSTA1:NM_145740,2
GSTA2:NM_000846,0
TMEM14A:NM_014051,12
TRAM2:NM_012288,39
EFHC1:NM_018100,29
PAQR8:NM_133367,40
MCM3:NM_001366373,48
IL17F:NM_052872,0
IL17A:NM_002190,0
PKHD1:NM_138694,2
TFAP2B:NM_003221,3
TFAP2D:NM_172238,0
DEFB112:NM_001369057,0
DEFB110:NM_001037728,4
DEFB113:NM_001037729,0
DEFB114:NM_001037499,2
CRISP1:NM_001205220,0
PGK2:NM_138733,3
CRISP3:NM_001368123,3
CRISP2:NM_003296,3
RHAG:NM_000324,63
GLYATL3:NM_001010904,2
CENPQ:NM_018132,61
MMUT:NM_000255,61
PTCHD4:NM_001384253,3
OPN5:NM_181744,1
ADGRF4:NM_001347855,1
ADGRF2:NM_153839,2
CD2AP:NM_012120,111
TNFRSF21:NM_014452,21
ADGRF1:NM_153840,2
ADGRF5:NM_015234,2
MEP1A:NM_005588,0
ANKRD66:NM_001162435,3
PLA2G7:NM_001168357,3
SLC25A27:NM_001204052,12
CYP39A1:NM_016593,12
RCAN2:NM_001251973,3
ENPP5:NM_001290072,1
ENPP4:NM_014936,0
CLIC5:NM_001370650,0
RUNX2:NM_001015051,0
SUPT3H:NR_146632,73
CDC5L:NM_001253,44
SPATS1:NM_145026,0
AARS2:NM_020745,46
TCTE1:NM_182539,4
TMEM151B:NM_001137560,5
NFKBIE:NM_004556,42
SLC35B2:NM_001286511,37
HSP90AB1:NM_001271970,96
SLC29A1:NM_001304466,7
MYMX:NM_001315494,2
CAPN11:NM_007058,1
TMEM63B:NM_001318792,52
MRPL14:NM_032111,50
C6orf223:NR_160956,2
VEGFA:NM_001317010,93
MRPS18A:NM_018135,62
RSPH9:NM_001193341,3
MAD2L1BP:NM_001003690,68
GTPBP2:NM_019096,71
POLH:NM_001291969,94
XPO5:NM_020750,94
POLR1C:NM_001318876,109
YIPF3:NM_015388,109
LRRC73:NM_001012974,12
TJAP1:NM_001146020,36
DLK2:NM_206539,14
ABCC10:NM_001350518,45
ZNF318:NM_014345,32
CRIP3:NM_206922,4
SLC22A7:NM_006672,0
TTBK1:NM_032538,2
DNPH1:NM_199184,22
CUL9:NM_015089,24
SRF:NM_003131,60
PTK7:NM_152881,8
KLC4:NM_001289035,43
MRPL2:NM_015950,43
CUL7:NM_001374872,32
RRP36:NM_001329704,40
KLHDC3:NM_057161,55
MEA1:NM_001318943,21
PPP2R5D:NM_180977,29
PEX6:NM_000287,58
GNMT:NM_001318865,1
CNPY3-GNMT:NM_001318858,50
PTCRA:NM_001243170,1
C6orf226:NM_001008739,4
RPL7L1:NM_198486,57
BICRAL:NM_001318819,87
TBCC:NM_003192,97
PRPH2:NM_000322,3
UBR2:NM_001363705,66
TRERF1:NM_001297573,15
MRPS10:NM_018141,37
GUCA1B:NM_002098,4
GUCA1A:NM_001384910,0
GUCA1ANB:NM_001384994,2
C6orf132:NM_001164446,2
TAF8:NM_138572,43
CCND3:NM_001136017,41
BYSL:NM_004053,119
MED20:NM_004275,119
USP49:NM_001286554,35
TOMM6:NM_001382294,94
PRICKLE4:NM_013397,25
FRS3:NM_006653,27
PGC:NM_002630,1
TFEB:NM_001167827,13
MDFI:NM_001300804,1
FOXP4:NM_001012427,43
NCR2:NM_004828,0
TREM1:NR_136332,2
TREML4:NM_198153,1
TREML2:NM_024807,4
TREM2:NM_018965,0
TREML1:NM_001271807,3
NFYA:NM_021705,95
OARD1:NM_001329684,3
APOBEC2:NM_006789,2
TSPO2:NM_001010873,2
UNC5CL:NM_173561,2
LRFN2:NM_020737,0
MOCS1:NM_001075098,9
DAAM2:NM_001201427,4
KIF6:NM_001289021,5
KCNK16:NM_001363784,2
KCNK17:NM_001135111,0
KCNK5:NM_003740,80
SAYSD1:NM_001304793,36
GLP1R:NM_002062,1
DNAH8:NM_001371,2
GLO1:NM_006708,39
BTBD9:NM_052893,37
ZFAND3:NM_021943,62
MDGA1:NM_153487,17
CCDC167:NM_138493,19
CMTR1:NM_015050,35
RNF8:NM_183078,39
TBC1D22B:NM_017772,55
TMEM217:NM_001395238,55
TMEM217B:NM_001395938,55
PIM1:NM_001243186,109
FGD2:NM_173558,0
MTCH1:NM_014341,53
PI16:NM_001199159,2
C6orf89:NM_001286636,7
PPIL1:NM_016059,59
CPNE5:NM_001376889,4
RAB44:NM_001257357,2
CDKN1A:NM_001220777,3
SRSF3:NM_003017,81
STK38:NM_007271,44
KCTD20:NM_001286579,55
PXT1:NM_152990,56
ETV7:NM_001207035,4
BNIP5:NM_001010903,5
PNPLA1:NM_173676,3
BRPF3:NM_015695,22
MAPK13:NM_002754,2
MAPK14:NM_001315,70
SLC26A8:NM_138718,4
SRPK1:NM_003137,81
LHFPL5:NM_182548,3
CLPS:NM_001252597,1
CLPSL1:NM_001348773,0
CLPSL2:NM_207409,6
ARMC12:NM_001286574,1
FKBP5:NM_001145775,9
TULP1:NM_003322,5
TEAD3:NM_003214,63
RPL10A:NM_007104,104
FANCE:NM_021922,29
PPARD:NM_001171819,29
DEF6:NM_022047,38
ZNF76:NM_001292032,55
SCUBE3:NM_001303136,2
TCP11:NM_001261820,4
ANKS1A:NM_015245,103
TAF11:NM_005643,105
UHRF1BP1:NM_017754,75
SNRPC:NM_003093,36
ILRUN:NM_024294,81
SPDEF:NM_012391,2
PACSIN1:NM_020804,7
RPS10:NM_001203245,80
RPS10-NUDT3:NM_001202470,80
NUDT3:NM_006703,62
SMIM29:NM_178508,30
HMGA1:NM_001319081,82
GRM4:NM_001256809,3
MLN:NM_002418,2
LEMD2:NM_181336,40
IP6K3:NM_001142883,0
UQCC2:NM_032340,22
ITPR3:NM_002224,58
BAK1:NM_001188,36
ZBTB9:NM_152735.4_2,61
SYNGAP1:NM_001130066.2_2,16
CUTA:NM_015921.3_2,53
PHF1:NM_002636.5_2,31
KIFC1:NM_002263.4_3,36
SMIM40:NM_001369203.1_6,2
DAXX:NM_001141969.2_5,49
ZBTB22:NM_001145338.2_5,25
TAPBP:NM_003190.5_5,52
RGL2:NM_004761.5_5,72
PFDN6:NM_001265596.1_5,77
WDR46:NM_005452.6_5,76
B3GALT4:NM_003782.4_5,30
RPS18:NM_022551.3_6,118
VPS52:NM_001289175.1_7,118
RING1:NM_002931.4_6,40
HSD17B8:NM_014234.5_6,16
SLC39A7:NM_001288777.2_6,86
RXRB:NM_001291989.2_6,86
COL11A2:NM_080680.3_7,3
HLA-DPB1:NM_002121.6_8,1
HLA-DPA1:NM_001242524.2_8,3
HLA-DOA:NM_002119.4_7,3
BRD2:NM_005104.4_7,98
HLA-DMA:NM_006120.4_8,1
HLA-DMB:NM_002118.5_8,2
PSMB9:NM_002800.5_8,25
TAP1:NM_000593.6_8,26
PSMB8:NM_004159.5_8,5
TAP2:NM_018833.3_8,30
HLA-DOB:NM_002120.4_6,5
HLA-DQB2:NM_001300790.2_8,4
HLA-DQA2:NM_020056.5_8,2
HLA-DQB1:NM_001243961,0
HLA-DQA1:NM_002122.5_7,0
HLA-DRB1:NM_002124,2
HLA-DRB5:NM_002125,0
HLA-DRA:NM_019111.5_8,3
BTNL2:NM_001304561.2_9,1
TSBP1:NM_006781.5_8,1
NOTCH4:NM_004557.4_7,3
GPSM3:NM_022107.3_7,35
PBX2:NM_002586.5_7,36
AGER:NM_001206934.2_7,8
RNF5:NM_006913.4_7,43
AGPAT1:NM_032741.5_7,47
EGFL8:NM_030652.4_7,2
PPT2:NM_138717.3_8,54
PRRT1:NM_001363780.2_8,53
FKBPL:NM_022110.4_4,70
ATF6B:NM_004381.5_4,72
TNXB:NM_001365276.2_8,1
CYP21A2:NM_000500.9_5,0
C4B:NM_001002029.4_4,0
C4A:NM_001252204.2_3,2
DXO:NM_001371205.1_6,65
SKIV2L:NM_006929.5_6,54
NELFE:NM_002904.6_6,55
CFB:NM_001710.6_7,2
ZBTB12:NM_181842.3_5,26
C2:NM_001282457.2_7,45
EHMT2:NM_001363689.2_7,45
SLC44A4:NM_025257.3_7,0
NEU1:NM_000434.4_8,55
HSPA1B:NM_005346.6_5,30
HSPA1A:NM_005345.6_5,42
HSPA1L:NM_005527.4_5,38
LSM2:NM_021177.5_6,40
VARS1:NM_006295.3_7,82
VWA7:NM_025258.3_6,8
SAPCD1:NM_001039651.2_6,5
MSH5:NM_172166.4_8,53
CLIC1:NM_001287593.1_7,102
DDAH2:NM_013974.3_7,26
MPIG6B:NM_138275.3_7,6
LY6G6C:NM_025261.3_7,7
LY6G6D:NM_021246.4_7,3
LY6G6F:NM_001003693.3_7,1
LY6G6F-LY6G6D:NM_001353334.2_7,1
ABHD16A:NM_021160.3_7,75
LY6G5C:NM_025262.4_7,1
LY6G5B:NM_021221.3_7,7
CSNK2B:NM_001282385.2_7,117
GPANK1:NM_001199237.1_7,115
C6orf47:NM_021184.4_7,79
APOM:NM_001256169.2_7,74
BAG6:NM_001387996.1_7,74
PRRC2A:NM_080686.3_7,78
AIF1:NM_001318970.2_6,5
NCR3:NM_001145466.2_8,2
LST1:NM_205838.3_8,4
LTB:NM_009588.1_8,15
TNF:NM_000594.4_8,4
LTA:NM_001159740.2_7,2
NFKBIL1:NM_001144963.2_7,38
ATP6V1G2:NM_138282.3_7,38
DDX39B:NM_004640.7_8,112
MCCD1:NM_001011700.3_8,4
MICB:NM_001289160.2_8,27
MICA:NM_001289154.2_4,65
HLA-B:NM_005514.8_6,2
HLA-C:NM_002117.6_6,2
POU5F1:NM_002701.6_7,5
TCF19:NM_001077511.2_7,46
CCHCR1:NM_001394643.1_6,46
PSORS1C2:NM_014069.3_6,3
CDSN:NM_001264.5_6,0
PSORS1C1:NM_014068.3_6,2
C6orf15:NM_014070.3_6,0
MUC22:NM_001318484.1_6,1
MUC21:NM_001010909.5_5,2
MUCL3:NM_080870.4_5,1
SFTA2:NM_205854.3_6,3
VARS2:NM_001167733.3_6,17
GTF2H4:NM_001517.5_6,37
DDR1:NM_001387908.1_7,2
IER3:NM_003897.4_6,77
FLOT1:NM_005803.4_8,90
TUBB:NM_001293214.2_8,94
MDC1:NM_014641.3_8,42
NRM:NM_007243.3_7,29
PPP1R18:NM_001134870.2_7,63
DHX16:NM_001363515.2_8,52
C6orf136:NM_145029.4_7,52
ATAT1:NM_001031722.4_7,5
MRPS18B:NM_014046.4_7,107
PPP1R10:NM_001376195.1_7,119
ABCF1:NM_001090.3_7,73
PRR3:NM_001077497.3_7,116
GNL1:NM_005275.5_8,115
HLA-E:NM_005516.6_7,38
RPP21:NM_024839.4_7,38
TRIM39-RPP21:NM_001199119.1_7,23
TRIM39:NM_001369522.1_7,88
TRIM26:NM_003449.5_8,12
TRIM15:NM_033229.3_8,0
TRIM10:NM_006778.4_8,1
TRIM40:NM_001286633.2_8,3
TRIM31:NM_007028.5_8,1
RNF39:NM_025236.4_8,3
PPP1R11:NM_021959.3_8,46
POLR1H:NM_001278785.2_8,74
HLA-A:NM_002116.8_4,0
HLA-G:NM_001384280.1_8,0
HLA-F:NM_001098479.2_7,1
ZFP57:NM_001366333.2_8,0
MOG:NM_206814.6_8,5
GABBR1:NM_001470.4_8,36
OR2H2:NM_007160.4_7,2
UBD:NM_006398.4_7,4
OR2I1P:NM_001396058.1_8,2
MAS1L:NM_052967.2_8,5
OR2H1:NM_001318022.2_8,3
OR10C1:NM_013941.4_8,2
OR11A1:NM_001394828.1_8,3
OR12D2:NM_013936.4_6,3
OR12D3:NM_030959.3_6,0
OR5V1:NM_030876.6_5,0
OR14J1:NM_030946.2_7,0
OR2J2:NM_030905.3_8,0
OR2J3:NM_001005216.4_8,2
OR2J1:NM_001348294.2_8,6
OR2B3:NM_001005226.2_8,0
OR2W1:NM_030903.3_8,6
ZNF311:NM_001350637.4_7,13
TRIM27:NM_006510.5_7,93
ZBED9:NM_001329616.2_2,49
GPX5:NM_001509.3_2,0
GPX6:NM_182701.1_2,0
ZSCAN23:NM_001012455,5
ZSCAN12:NR_136510,65
ZKSCAN3:NM_001242895,52
ZSCAN31:NM_001135215,14
PGBD1:NM_001386059,36
ZSCAN26:NM_001287422,37
NKAPL:NM_001007531,2
ZKSCAN4:NM_001304506,2
ZSCAN9:NM_001199480,30
ZKSCAN8P1:NR_103448,17
ZKSCAN8:NM_006298,49
ZSCAN16:NM_001320556,4
ZNF165:NM_001376494,49
OR2B8P:NR_174096,4
OR2B6:NM_012367,1
OR2B2:NM_033057,5
H2BC17:NM_003527,122
H2AC17:NM_003514,114
H3C12:NM_003535,49
H4C13:NM_003546,3
H3C11:NM_003533,3
H1-5:NM_005322,14
H2AC16:NM_003511,35
H2BC15:NM_003520,149
H2AC15:NM_003510,152
H4C12:NM_003541,54
H4C11:NM_021968,48
H2BC14:NM_003521,2
H2AC14:NM_021066,4
H3C10:NM_003536,105
H2AC13:NM_003509,83
H2BC13:NM_003519,72
ZNF391:NM_001322288,23
POM121L2:NM_033482,4
PRSS16:NM_005865,1
H2AC12:NM_080596,109
H4C9:NM_003495,29
H2BC12:NM_080593,109
H2AC11:NM_021064,125
H2BC11:NM_021058,129
ZNF322:NM_001242797.2_2,40
ABT1:NM_013375.4_2,61
HMGN4:NM_006353.3_2,80
BTN1A1:NM_001732.3_2,4
BTN2A1:NM_001197234.3_2,33
BTN3A3:NM_001242803,11
BTN3A1:NM_194441,20
BTN2A2:NM_001197239,22
BTN3A2:NM_001197248,22
H4C8:NM_003543,101
H2BC10:NM_003525,3
H3C8:NM_003534,2
H2BC9:NM_003524,44
H3C7:NM_021018,38
H4C7:NM_003547,2
H4C6:NM_003540,3
H1-3:NM_005320,35
H3C6:NM_001381999,1
H2AC8:NM_021052,75
H2BC8:NM_003518,80
H4C5:NM_003545,103
H2BC7:NM_003522,99
H2AC7:NM_021065,108
H3C4:NM_003530,108
H4C4:NM_003539,32
H2BC6:NM_003523,1
H2BC5:NM_138720,117
H1-4:NM_005321,85
H2AC6:NM_003512,153
H2BC4:NM_001381989,151
H1-6:NM_005323,2
H4C3:NM_003542,19
HFE:NM_139011,15
H1-2:NM_005319,70
H3C3:NM_003531,2
H2BC3:NM_021062,2
H2AC4:NM_003513,50
H3C2:NM_003537,73
H4C2:NM_003544,54
H4C1:NM_003538,29
H3C1:NM_003529,29
H1-1:NM_005325,3
TRIM38:NM_006355,34
SLC17A2:NM_001286123,1
SLC17A3:NM_001098486,3
SLC17A4:NM_001286121,1
H2BC1:NM_170610,4
H2AC1:NM_170745,4
SLC17A1:NM_005074,6
SCGN:NM_006998,1
CARMIL1:NM_001173977,8
RIPOR2:NM_001286446,1
ARMH2:NM_001282492,0
GMNN:NM_001251990,69
C6orf62:NM_030939,86
ACOT13:NM_018473,71
TDP2:NM_016614,71
KIAA0319:NM_001168375,6
ALDH5A1:NM_001368954,19
GPLD1:NM_001503,2
MRS2:NM_001286266,63
DCDC2:NM_001195610,1
NRSN1:NM_080723,1
HDGFL1:NM_138574,1
PRL:NM_001163558,1
SOX4:NM_003107,2
CDKAL1:NM_017774,50
E2F3:NM_001949,70
MBOAT1:NM_001080480,39
ID4:NM_001546,3
RNF144B:NM_182757,1
DEK:NM_003472,70
KDM1B:NM_153042,41
TPMT:NM_001346817,41
NHLRC1:NM_198586,3
KIF13A:NM_001105568,53
NUP153:NM_001278209,70
FAM8A1:NM_016255,53
CAP2:NM_001363534,3
RBM24:NM_001143942,2
STMND1:NM_001190766,4
ATXN1:NM_000332,16
GMPR:NM_006877,56
MYLIP:NM_013262,84
DTNBP1:NM_001271667,24
JARID2:NM_004973,106
CD83:NM_001251901,13
RNF182:NM_001165034,36
MCUR1:NM_001031713,52
RANBP9:NM_005493,79
NOL7:NM_001317724,70
SIRT5:NM_001242827,44
GFOD1:NM_018988,49
TBC1D7:NM_016495,68
TBC1D7-LOC100130357:NM_001318809,68
PHACTR1:NM_001322308,1
EDN1:NM_001168319,1
HIVEP1:NM_002114,66
ADTRP:NM_001143948,13
TMEM170B:NM_001100829,20
NEDD9:NR_073131,3
ERVFRD-1:NM_207582,3
SMIM13:NM_001135575,59
ELOVL2:NM_017770,9
SYCP2L:NM_001040274,39
GCM2:NM_004752,0
MAK:NM_001242385,39
TMEM14B:NM_001286489,47
TMEM14C:NM_016462.4_2,33
PAK1IP1:NM_017906.3_2,80
C6orf52:NM_001354357.2_2,79
GCNT2:NM_145649.5_2,6
TFAP2A:NM_001042425,3
SLC35B3:NM_015948,47
EEF1E1:NM_001135650,58
BLOC1S5:NM_001199322,39
EEF1E1-BLOC1S5:NR_037618,57
TXNDC5:NM_030810,32
BLOC1S5-TXNDC5:NR_037616,39
BMP6:NM_001718,8
SNRNP48:NM_152551,30
DSP:NM_001008844,1
RIOK1:NM_031480,71
CAGE1:NM_001170692,71
SSR1:NM_003144,61
RREB1:NM_001168344,79
LY86:NM_004271,2
F13A1:NM_000129,2
NRN1:NM_001278710,10
FARS2:NM_001318872,77
PPP1R3G:NM_001145115,6
LYRM4:NM_001318783,77
RPP40:NM_006638,44
CDYL:NM_001368125,2
ECI2:NM_206836,50
FAM217A:NM_173563,2
PRPF4B:NM_003913,98
FAM50B:NM_012135,0
PXDC1:NM_183373,7
SLC22A23:NM_015482,23
PSMG4:NM_001128591,56
TUBB2B:NM_178012,12
TUBB2A:NM_001310315,30
BPHL:NM_004332,48
RIPK1:NM_001354931,20
NQO2:NM_001290222,42
SERPINB6:NM_001297700,35
SERPINB9:NM_004155,26
SERPINB1:NM_030666,26
WRNIP1:NM_130395,59
MYLK4:NM_001347872,12
GMDS:NM_001500,37
FOXC1:NM_001453,4
FOXF2:NM_001452,2
FOXQ1:NM_033260,1
HUS1B:NM_148959,1
EXOC2:NM_018303,32
IRF4:NM_001195286,2
DUSP22:NM_020185,34
OR4F3:NM_001005224,0
TRIM52:NM_032765,71
RACK1:NM_006098,94
TRIM41:NM_201627,51
TRIM7:NM_203293,19
OR2V2:NM_206880,3
OR2V1:NM_001258283,2
BTNL9:NM_152547,2
BTNL3:NM_197975,0
BTNL8:NM_001159707,1
ZFP62:NM_001377941,40
MGAT1:NM_001364379,6
OR2Y1:NM_001001657,0
FLT4:NM_182925,2
SCGB3A1:NM_052863,2
CNOT6:NM_001370473,44
GFPT2:NM_005110,5
MAPK9:NM_001364611,32
RASGEF1C:NM_175062,6
RNF130:NM_018434,20
TBC1D9B:NM_198868.3_2,18
MRNIP:NM_016175.4_2,29
SQSTM1:NM_001142298.2_2,37
MGAT4B:NM_014275.5_2,36
LTC4S:NM_145867.2_2,1
MAML1:NM_014757.5_2,47
CANX:NM_001363994.1_2,64
CBY3:NM_001164444.2_2,1
HNRNPH1:NM_001364226.2_2,3
RUFY1:NM_025158.5_2,37
ADAMTS2:NM_014244.5_2,1
ZNF354C:NM_014594,0
ZNF879:NM_001136116,9
GRM6:NM_000843,0
ZNF454:NM_001178090,2
ZFP2:NM_030613,1
ZNF354B:NM_058230,12
ZNF354A:NM_005649,7
MSANTD5:NM_001395436,0
CLK4:NM_020666,45
COL23A1:NM_173465,5
PHYKPL:NM_001278346,42
HNRNPAB:NM_004499,101
GMCL2:NM_001358008,1
NHP2:NM_001396110,25
RMND5B:NM_022762,27
N4BP3:NM_015111,21
FAM153CP:NR_149722,1
PROP1:NM_006261.5_3,2
FAM153A:NR_146226,1
B4GALT7:NM_007255,22
TMED9:NM_017510,27
FAM193B:NM_001190946,35
DDX41:NM_001321732,62
DOK3:NM_001375799,8
PDLIM7:NM_005451,51
DBN1:NM_001363541,19
PRR7:NM_001375593,13
GRK6:NM_001364164,62
F12:NM_000505,1
PFN3:NM_001029886,2
SLC34A1:NM_003052,0
RGS14:NM_006480,1
LMAN2:NM_006816,53
MXD3:NM_001142935,29
PRELID1:NM_001271828,68
RAB24:NM_001031677,68
NSD1:NM_172349,28
FGFR4:NM_001354984,19
ZNF346:NM_001308223,64
UIMC1:NM_001199297,39
HK3:NM_002115,0
UNC5A:NM_133369,2
TSPAN17:NM_001366492,30
EIF4E1B:NM_001099408,3
SNCB:NM_001001502,3
GPRIN1:NM_052899,19
CDHR2:NM_001171976,27
RNF44:NM_014901,72
FAF2:NM_014613,56
CLTB:NR_045724,19
HIGD2A:NM_138820,86
NOP16:NM_001317975,86
ARL10:NM_173664,1
KIAA1191:NR_109799,40
SIMC1:NM_198567,3
FAM153B:NR_169299,2
THOC3:NM_032361,12
CPLX2:NM_006650,0
HRH2:NM_001367711,0
SFXN1:NM_001322978,44
DRD1:NM_000794,2
MSX2:NM_002449,2
NSG2:NM_015980,3
C5orf47:NM_001144954,1
CPEB4:NM_001308191,39
BOD1:NM_138369,27
STC2:NM_003714,18
NKX2-5:NM_001166175,0
BNIP1:NM_013978,28
CREBRF:NM_153607,52
ATP6V0E1:NM_003945,45
RPL26L1:NM_001317981,35
ERGIC1:NM_001031711,23
DUSP1:NM_004417,53
NEURL1B:NM_001308177,3
SH3PXD2B:NM_001308175,3
UBTD2:NM_152277,7
EFCAB9:NM_001171183,2
STK10:NM_005990,19
FBXW11:NM_001378978,70
SMIM23:NM_001289970,3
FGF18:NM_003862,1
NPM1:NM_001355006,63
TLX3:NM_021025,1
RANBP17:NM_022897,1
GABRP:NM_001291985,2
KCNMB1:NM_004137,1
KCNIP1:NM_001034838,1
LCP2:NM_005565,9
FOXI1:NM_144769,0
INSYN2B:NM_001129891,3
DOCK2:NM_004946,6
SPDL1:NM_017785,27
SLIT3:NM_001271946,0
PANK3:NM_024594,63
FBLL1:NM_001355274,1
RARS1:NM_002887,43
WWC1:NM_015238,0
TENM2:NM_001395460,1
MAT2B:NM_182796,21
HMMR:NM_001142557,84
NUDCD2:NM_001329991,84
CCNG1:NR_157051,53
GABRG2:NM_001375347,1
GABRA1:NM_000806,2
GABRA6:NM_000811,2
GABRB2:NM_021911,2
ATP10B:NM_025153,1
PTTG1:NM_004219,40
SLU7:NM_001364522,40
ZBED8:NM_001303251,26
C1QTNF2:NM_031908,2
CCNJL:NR_131769,2
FABP6:NM_001130958,5
PWWP2A:NM_001349734,43
TTC1:NM_001282500,33
ADRA1B:NM_000679,2
IL12B:NM_002187,3
UBLCP1:NM_145049,54
RNF145:NM_001199380,42
EBF1:NM_001324111,20
CLINT1:NM_001195555,36
LSM11:NM_173491,15
THG1L:NM_001317824,20
C5orf52:NM_001145132,1
SOX30:NM_001308165,1
ADAM19:NM_033274,8
NIPAL4:NM_001172292,1
FNDC9:NM_001001343,5
CYFIP2:NM_001291721,5
ITK:NM_005546,3
GARIN3:NM_130899,1
MED7:NM_004270,32
HAVCR2:NM_032782,0
HAVCR1:NM_001308156,2
TIMD4:NM_138379,2
PPP1R2B:NM_206858,1
SGCD:NM_001128209,0
KIF4B:NM_001099293,0
MRPL22:NM_001014990,39
GEMIN5:NM_015465,35
CNOT8:NM_001301083,49
FAXDC2:NM_032385,3
LARP1:NM_001367715,12
HAND1:NM_004821,1
SAP30L:NM_001131063,47
GALNT10:NM_198321,39
MFAP3:NM_001135037,59
FAM114A2:NM_001317994,58
GRIA1:NM_001258019,0
NMUR2:NM_020167,2
GLRA1:NM_001146040,5
G3BP1:NM_198395,79
ATOX1:NM_004045,23
SPARC:NM_003118,3
FAT2:NM_001447,2
SLC36A1:NM_078483,30
SLC36A2:NM_181776,4
SLC36A3:NM_001145017,2
GM2A:NM_000405,28
CCDC69:NM_015621,15
ANXA6:NM_001155,8
TNIP1:NM_001252390,2
GPX3:NM_002084,1
ZNF300:NM_001172831,10
IRGM:NM_001346557,0
SMIM3:NM_032947,22
DCTN4:NM_001135643,41
RBM22:NM_018047,58
MYOZ3:NM_133371,0
SYNPO:NM_001166208,1
NDST1:NM_001301063,1
RPS14:NM_001025071,85
CD74:NM_001025159,2
TCOF1:NM_000356,45
ARSI:NM_001012301,3
CAMK2A:NM_001363989,1
SLC6A7:NM_014228,2
CDX1:NM_001804,1
PDGFRB:NM_001355017,1
CSF1R:NM_001375320,0
HMGXB3:NM_001366501,64
TIGD6:NM_001243253,64
SLC26A2:NM_000112,19
PDE6A:NM_000440,0
PPARGC1B:NM_001172698,72
ARHGEF37:NM_001001669,2
CSNK1A1:NM_001025105,99
IL17B:NM_001317987,3
PCYOX1L:NM_024028,13
GRPEL2:NM_152407,60
AFAP1L1:NM_001323062,4
ABLIM3:NM_001345860,6
SH3TC2:NM_024577,3
ADRB2:NM_000024,13
HTR4:NM_199453,2
FBXO38:NM_001271723,28
SPINK9:NM_001040433,1
SPINK7:NM_032566,2
SPINK13:NM_001040129,1
MARCOL:NM_001363511,0
SPINK6:NM_001195290,1
SPINK14:NM_001001325,0
SPINK5:NM_006846,1
C5orf46:NM_206966,0
SCGB3A2:NM_054023,1
SPINK1:NM_001354966,3
JAKMIP2:NM_001270941,2
DPYSL3:NM_001197294,4
STK32A:NM_001287740,1
PPP2R2B:NM_001271900,1
GPR151:NM_194251,0
TCERG1:NR_174406,52
POU4F3:NM_002700,0
RBM27:NM_018989,49
LARS1:NM_020117,42
PLAC8L1:NM_001029869,2
SH3RF2:NM_152550,3
GRXCR2:NM_001080516,1
PRELID2:NM_138492,26
KCTD16:NM_020768,27
YIPF5:NM_001024947,27
HMHB1:NM_021182,0
NR3C1:NM_001018077,4
ARHGAP26:NM_015071,21
FGF1:NM_001257205,4
SPRY4:NM_030964,81
NDFIP1:NM_030571,39
GNPDA1:NM_005471,27
RNF14:NM_183399,3
PCDH12:NM_016580,3
DELE1:NM_001142603,30
PCDH1:NM_032420,16
ARAP3:NM_022481,10
FCHSD1:NM_033449,18
RELL2:NM_001130029,56
HDAC3:NM_003883,56
DIAPH1:NM_001314007,47
PCDHGC5:NM_018929,0
PCDHGC4:NM_001386884,3
PCDHGC3:NM_032403,2
PCDHGA12:NM_003735,1
PCDHGA11:NM_032092,4
PCDHGB7:NM_018927,1
PCDHGA10:NM_018913,8
PCDHGB6:NM_018926,4
PCDHGA9:NM_018921,0
PCDHGB5:NM_018925,2
PCDHGA8:NM_032088,3
PCDHGB4:NM_003736,1
PCDHGA7:NM_018920,6
PCDHGA6:NM_018919,1
PCDHGB3:NM_018924,4
PCDHGA5:NM_018918,0
PCDHGB2:NM_018923,3
PCDHGA4:NM_018917,5
PCDHGB1:NM_018922,5
PCDHGA3:NM_018916,9
PCDHGA2:NM_018915,4
PCDHGA1:NM_018912,8
TAF7:NM_005642,46
SLC25A2:NM_031947,5
PCDHB15:NM_018935.4_2,2
PCDHB14:NM_018934.4_2,5
PCDHB13:NM_018933.4_2,2
PCDHB12:NM_018932.4_2,2
PCDHB11:NM_018931.3_2,0
PCDHB10:NM_018930.4_2,0
PCDHB9:NM_019119.5_2,3
PCDHB16:NM_020957.4_2,1
PCDHB8:NM_019120.5_2,2
PCDHB7:NM_018940.4_2,5
PCDHB6:NM_001303145.2_2,1
PCDHB5:NM_015669.5_2,0
PCDHB4:NM_018938.4_2,0
PCDHB3:NM_018937.5_2,1
PCDHB2:NM_018936.4_2,2
PCDHB1:NM_013340.4_2,0
PCDHAC2:NM_018899.6_2,5
PCDHAC1:NM_018898.5_2,0
PCDHA13:NM_018904.3_2,2
PCDHA12:NM_018903.4_2,1
PCDHA11:NM_018902.5_2,3
PCDHA10:NM_031860.3_2,2
PCDHA9:NM_031857.2_2,1
PCDHA8:NM_018911.3_2,2
PCDHA7:NM_018910.3_2,1
PCDHA6:NM_031849.3_2,4
PCDHA5:NM_018908.3_2,3
PCDHA4:NM_018907.4_2,3
PCDHA3:NM_018906.3_2,1
PCDHA2:NM_018905.3_2,1
PCDHA1:NM_031411.3_2,0
ZMAT2:NM_144723,27
HARS2:NM_001363536,46
HARS1:NM_002109,46
DND1:NM_194249,1
WDR55:NM_017706,32
IK:NM_006083,55
NDUFA2:NM_002488,55
CD14:NM_001174104,6
TMCO6:NM_001300982,21
SLC35A4:NM_080670,41
APBB3:NM_006051,40
SRA1:NR_045586,31
EIF4EBP3:NM_003732,6
ANKHD1:NM_017747,92
ANKHD1-EIF4EBP3:NM_020690,92
SLC4A9:NM_001258426,0
HBEGF:NM_001945,12
PFDN1:NM_002622,49
CYSTM1:NM_032412,67
IGIP:NM_001007189,3
PURA:NM_005859,41
NRG2:NM_013982,3
PSD2:NM_032289,0
CXXC5:NM_001317201,36
UBE2D2:NM_003339,66
STING1:NM_198282.4_2,14
SMIM33:NM_001365197.1_2,2
ECSCR:NM_001077693.4_2,1
DNAJC18:NM_152686.4_2,18
SPATA24:NM_194296,16
PROB1:NM_001161546,0
MZB1:NM_016459,2
SLC23A1:NM_152685,6
PAIP2:NM_016480,55
MATR3:NM_001400461,71
SIL1:NM_001037633,24
LRRTM2:NM_015564,0
CTNNA1:NM_001290309,39
HSPA9:NM_004134,63
ETF1:NM_001256302,122
EGR1:NM_001964,78
REEP2:NM_016606,5
KDM3B:NM_016604,55
FAM53C:NM_001135647,59
CDC25C:NM_001364026,62
GFRA3:NM_001496,4
CDC23:NM_004661,33
KIF20A:NM_005733,82
BRD8:NM_139199,80
NME5:NM_003551,3
WNT8A:NR_125351,1
FAM13B:NM_001385868,1
PKD2L2:NM_001300921,38
MYOT:NM_001135940,3
HNRNPA0:NM_006805,66
KLHL3:NM_017415,2
SPOCK1:NM_004598,0
TRPC7:NM_020389,0
SMIM32:NM_001350994,1
SMAD5:NM_001001420,35
TGFBI:NM_000358,1
LECT2:NM_002302,2
IL9:NM_000590,1
SLC25A48:NM_001349335,1
CXCL14:NM_004887,1
NEUROG1:NM_006161,0
TIFAB:NM_001099221,5
DCANP1:NM_130848,0
MACROH2A1:NM_001400402,41
PITX1:NM_002653,55
CATSPER3:NM_178019,4
PCBD2:NM_032151,49
TXNDC15:NM_001350735,14
C5orf24:NM_152409,45
DDX46:NM_014829,54
CAMLG:NM_001745,31
SEC24A:NM_021982,61
SAR1B:NM_001033503,25
JADE2:NM_001388188,35
CDKN2AIPNL:NM_080656,33
UBE2B:NM_003337,57
CDKL3:NM_001300853,57
PPP2CA:NM_002715,85
SKP1:NM_170679,72
TCF7:NM_003202,10
VDAC1:NM_001401008,10
C5orf15:NM_020199,42
FSTL4:NM_015082,1
HSPA4:NM_002154,104
ZCCHC10:NM_001308127,19
AFF4:NM_014423,50
LEAP2:NM_052971,0
UQCRQ:NM_014402,62
GDF9:NM_001288825,62
SHROOM1:NM_001172700,26
SOWAHA:NM_175873,1
SEPTIN8:NM_001098811,25
CCNI2:NM_001039780,1
KIF3A:NM_001300791,30
IL4:NM_172348,1
IL13:NM_001354991,3
RAD50:NM_005732,60
IL5:NM_000879,2
IRF1:NM_002198,24
SLC22A5:NM_003060,35
SLC22A4:NM_003059,58
PDLIM4:NM_001131027,18
P4HA2:NM_001365679,23
CSF2:NM_000758,1
IL3:NM_000588,1
ACSL6:NM_001205250,9
MEIKIN:NM_001303622,1
FNIP1:NM_133372,55
RAPGEF6:NM_001164387,50
CDC42SE2:NM_001038702,50
LYRM7:NM_001293735,36
HINT1:NM_005340,45
CHSY3:NM_175856,3
MINAR2:NM_001257308,2
ADAMTS19:NM_133638,1
ISOC1:NM_016048,35
SLC27A6:NM_001317984,5
FBN2:NM_001999,2
SLC12A2:NM_001256461,63
CCDC192:NM_001317938,5
CTXN3:NM_001048252,4
PRRC1:NM_001286808,41
MEGF10:NM_001256545,4
C5orf63:NM_001164479,10
MARCHF3:NM_178450,56
LMNB1:NR_134488,64
TEX43:NM_207408,0
PHAX:NM_032177,31
ALDH7A1:NM_001201377,3
GRAMD2B:NM_001146319,3
ZNF608:NM_001385619,2
CSNK1G3:NM_001364148,34
CEP120:NM_001375408,40
PRDM6:NM_001136239,0
PPIC:NM_000943,9
SNX24:NM_014035,21
SNX2:NM_001278199,50
SNCAIP:NR_131762,0
ZNF474:NM_207317,2
LOX:NM_002317,0
SRFBP1:NM_152546,41
FTMT:NM_177478,1
PRR16:NM_016644,19
FAM170A:NM_001163991,2
HSD17B4:NM_001199292,23
TNFAIP8:NM_001077654,55
DMXL1:NM_001349240,60
DTWD2:NM_173666,36
SEMA6A:NM_001300780,1
COMMD10:NM_016144,36
ARL14EPL:NM_001385024,1
LVRN:NM_173800,0
AP3S1:NM_001318090,64
ATG12:NM_004707,65
CDO1:NM_001323565,1
TMED7:NM_181836,44
TICAM2:NM_021649,7
TMED7-TICAM2:NM_001164469,44
FEM1C:NM_020177,38
CCDC112:NM_001040440,14
PGGT1B:NM_005023,23
TRIM36:NM_018700,3
KCNN2:NM_001372233,2
YTHDC2:NM_001345976,22
TSSK1B:NM_032028,1
MCC:NM_001085377,1
DCP2:NM_001242377,67
REEP5:NM_005669,52
SRP19:NM_001204199,36
APC:NM_001127511,36
EPB41L4A:NM_001347887,11
NREP:NM_001142475,0
STARD4:NM_001308059,63
CAMK4:NM_001323375,3
WDR36:NM_139281,50
TSLP:NR_045089,3
SLC25A46:NM_001303250,41
TMEM232:NM_001039763,8
MAN2A1:NM_002372,51
PJA2:NM_014819,62
FER:NM_005246,54
FBXL17:NM_001163315,43
EFNA5:NM_001962,0
NUDT12:NM_031438,24
MACIR:NM_001377283,51
PPIP5K2:NM_001345877,68
GIN1:NM_017676,68
PAM:NM_001319943,8
SLCO6A1:NM_173488,1
SLCO4C1:NM_180991,0
ST8SIA4:NM_005668,12
FAM174A:NM_198507,22
CHD1:NM_001364113,90
RGMB:NM_001366510,0
RIOK2:NM_018343,31
LIX1:NM_153234,1
LNPEP:NM_005575,69
ERAP2:NM_001130140,16
ERAP1:NM_016442,27
CAST:NM_001190442,1
PCSK1:NM_000439,1
ELL2:NM_012081,42
GLRX:NM_001243659,5
RHOBTB3:NM_014899,98
SPATA9:NM_001349303,103
RFESD:NM_001375394,33
GPR150:NM_199243,1
ARSK:NM_198150,53
TTC37:NM_014639,53
FAM81B:NM_152548,4
MCTP1:NM_024717,9
SLF1:NM_032290,48
KIAA0825:NM_001385712,48
POU5F2:NM_153216,1
FAM172A:NM_001163417,19
NR2F1:NM_005654,4
ARRDC3:NM_020801,86
ADGRV1:NM_032119,12
LYSMD3:NM_198273,59
POLR3G:NM_001370354,71
MBLAC2:NM_203406,73
CETN3:NM_001297765,76
MEF2C:NM_001193347,0
TMEM161B:NM_001349407,65
CCNH:NM_001364075,55
RASA1:NM_002890,53
COX7C:NM_001867,39
EDIL3:NM_005711,0
HAPLN1:NM_001884,0
VCAN:NM_001126336,3
XRCC4:NM_003401,52
TMEM167A:NM_174909,54
RPS23:NM_001025,63
ATG10:NM_031482,35
SSBP2:NR_174563,38
ACOT12:NM_130767,0
ZCCHC9:NM_001131036,54
CKMT2:NM_001099735,1
RASGRF2:NM_006909,0
MSH3:NM_002439,48
DHFR:NM_000791,48
ANKRD34B:NM_001004441,3
FAM151B:NM_205548,7
ZFYVE16:NM_014733,38
SPZ1:NM_032567,1
SERINC5:NM_178276,32
THBS4:NM_001306212,3
MTX3:NM_001363818,3
CMYA5:NM_153610,0
TENT2:NM_001388124,60
HOMER1:NM_004272,57
JMY:NM_152405,45
BHMT:NM_001713,2
BHMT2:NM_001178005,2
DMGDH:NM_013391,2
ARSB:NM_000046,21
LHFPL2:NM_005779,11
SCAMP1:NM_001290229,67
AP3B1:NM_001271769,46
TBCA:NM_001297738,39
OTP:NM_032109,1
WDR41:NM_018268,29
PDE8B:NM_001376074,0
ZBED3:NM_032367,0
AGGF1:NM_018046,22
CRHBP:NM_001882,1
S100Z:NM_130772,2
F2RL1:NM_005242,4
F2R:NM_001992,26
F2RL2:NM_004101,4
IQGAP2:NM_006633,39
SV2C:NM_001297716,1
POC5:NM_001099271,44
ANKDD1B:NM_001276713,2
POLK:NM_001395900,70
CERT1:NM_005713,70
HMGCR:NM_001364187,50
ANKRD31:NM_001372053,24
GCNT4:NM_001366737,1
FAM169A:NM_015566,2
NSA2:NM_001271665,57
GFM2:NM_001281302,57
HEXB:NM_001292004,15
ENC1:NM_001256574,16
ARHGEF28:NM_001388076,2
UTP15:NM_032175,69
ANKRA2:NM_023039,69
BTF3:NM_001393653,80
FOXD1:NM_004472,11
TMEM174:NM_153217,4
TMEM171:NM_001161342,0
FCHO2:NM_001146032,67
TNPO1:NM_001364295,37
ZNF366:NM_152625,3
PTCD2:NM_001284403,52
MRPS27:NM_001286748,52
MAP1B:NM_005909,32
CARTPT:NM_004291,1
MCCC2:NM_001363147.1_3,46
BDP1:NM_018429.3_3,41
GTF2H2:NM_001395392.1_2,0
NAIP:NM_004536.3_3,0
SMN1:NM_022874.2_3,0
SERF1A:NM_021967.4_3,0
SMN2:NM_022877.2_3,3
SERF1B:NM_022978.3_3,0
GTF2H2C:NM_001376000.2_3,7
OCLN:NM_002538.4_3,2
MARVELD2:NM_001244734.2_3,1
RAD17:NM_133343.2_3,85
TAF9:NM_001015892.2_3,83
AK6:NM_001015891.2_3,83
CCDC125:NM_176816.5_2,10
CDK7:NM_001324072.1_2,37
MRPS36:NM_033281.6_2,31
CENPH:NM_022909,55
CCNB1:NM_001354845,50
SLC30A5:NM_022902,31
PIK3R1:NM_181523,59
CD180:NM_005582,0
MAST4:NM_001393525,9
SREK1:NM_001323535,63
ERBIN:NM_001253701,94
NLN:NM_020726,53
SGTB:NM_019072,53
SHLD3:NM_001365341,76
TRAPPC13:NM_001365343,76
TRIM23:NM_001656,77
PPWD1:NM_001278929,76
CENPK:NM_001349369,76
ADAMTS6:NM_197941,34
CWC27:NM_001297644,55
SREK1IP1:NM_173829,54
SHISAL2B:NM_001164442,2
RGS7BP:NM_001029875,0
RNF180:NM_001113561,0
HTR1A:NM_000524,0
LRRC70:NM_181506,0
IPO11-LRRC70:NR_073584,0
IPO11:NM_016338,50
DIMT1:NM_001348077,57
KIF2A:NM_001243953,62
ZSWIM6:NM_020928,28
SMIM15:NM_001048249,72
NDUFAF2:NM_174889,55
ERCC8:NM_001007233,54
ELOVL7:NM_001297617,19
DEPDC1B:NM_018369,41
PDE4D:NM_001364599,2
RAB3C:NM_001317915,4
GAPT:NM_001304431,2
PLK2:NM_006622,2
ACTBL2:NM_001017992,2
GPBP1:NM_001203246,84
MIER3:NM_001297598,29
SETD9:NM_001171990,35
MAP3K1:NM_005921,70
ANKRD55:NM_024669,3
IL6ST:NM_002184,43
IL31RA:NM_001242637,2
DDX4:NM_001166533,0
SLC38A9:NM_001349382,26
PLPP1:NM_176895,7
MTREX:NM_015360,87
DHX29:NM_001345965,86
CCNO:NM_021147,11
MCIDAS:NM_001190787,19
GPX8:NM_001306201,1
CDC20B:NM_001170402,8
GZMA:NM_006144,0
GZMK:NM_002104,1
ESM1:NM_007036,1
SNX18:NM_001102575,17
HSPB3:NM_006308,2
ARL15:NM_019087,75
NDUFS4:NM_001318051,24
FST:NM_013409,2
MOCS2:NM_004531,56
ITGA2:NM_002203,4
PELO:NM_015946,0
ITGA1:NM_181501,0
ISL1:NM_002202,1
PARP8:NM_001178055,1
EMB:NM_198449,0
HCN1:NM_021072,2
MRPS30:NM_016640,76
FGF10:NM_004465,2
NNT:NM_012343,54
PAIP1:NM_183323,66
C5orf34:NM_198566,61
TMEM267:NM_001377396,63
CCL28:NM_001301873,3
HMGCS1:NM_001324220,34
NIM1K:NM_153361,1
ZNF131:NM_001330708,50
ANXA2R:NM_001382352,56
SELENOP:NM_001093726,2
CCDC152:NM_001134848,12
GHR:NM_000163,3
FBXO4:NM_001297437,38
RIMOC1:NM_175921,53
OXCT1:NM_001364300,25
PLCXD3:NM_001005473,0
C6:NM_001115131,1
MROH2B:NM_173489,3
C7:NM_000587,1
CARD6:NM_032587,14
RPL37:NM_000997,113
PRKAA1:NM_206907,81
TTC33:NM_012382,28
PTGER4:NM_000958,7
DAB2:NM_001343,38
C9:NM_001737,5
FYB1:NM_001243093,0
RICTOR:NM_001285439,69
OSMR:NM_001323505,8
LIFR:NM_002310,0
EGFLAM:NM_152403,3
GDNF:NM_000514,3
WDR70:NM_001345999,19
NUP155:NM_004298,50
CPLANE1:NM_001384732,3
NIPBL:NM_133433,124
SLC1A3:NM_001289939,2
RANBP3L:NM_001161429,2
NADK2:NM_001287341,36
SKP2:NM_001243120,67
LMBRD2:NM_001007527,67
UGT3A2:NM_174914,1
UGT3A1:NM_152404,1
CAPSL:NM_144647,1
IL7R:NM_002185,3
SPEF2:NM_024867,4
PRLR:NM_000949,0
AGXT2:NM_031900,4
DNAJC21:NM_001012339,37
BRIX1:NM_018321,120
RAD1:NM_002853,118
RAI14:NM_001145522,39
C1QTNF3-AMACR:NR_037951,1
AMACR:NM_014324,35
SLC45A2:NM_016180.5_2,3
RXFP3:NM_016568.3_2,1
ADAMTS12:NM_030955.4_2,3
TARS1:NM_001258437,97
NPR3:NM_001364458,2
SUB1:NM_006713,61
ZFR:NM_016107,39
MTMR12:NM_001040446,41
GOLPH3:NM_022130,80
PDZD2:NM_178140,12
C5orf22:NM_018356,84
DROSHA:NM_001382508,84
CDH6:NM_004932,1
CDH9:NM_016279,1
CDH10:NM_006727,3
PRDM9:NM_001376900.1_2,1
CDH12:NM_001364105,2
CDH18:NM_001349558,2
H3Y1:NM_001355258,1
TAF11L14:NM_001401687,1
TAF11L13:NM_001401695,1
TAF11L12:NM_001401686,0
TAF11L11:NM_001401690,0
TAF11L10:NM_001401685,2
TAF11L9:NM_001401693,1
TAF11L8:NM_001401681,0
TAF11L7:NM_001401679,0
TAF11L6:NM_001401698,0
TAF11L5:NM_001401699,0
TAF11L4:NM_001401697,0
TAF11L3:NM_001401700,1
TAF11L2:NM_001401696,0
H3Y2:NM_001371919,0
LINC02218:NR_134270,1
BASP1:NM_001271606,1
MYO10:NM_012334,3
RETREG1:NM_001034850,1
ZNF622:NM_033414,79
MARCHF11:NM_001102562,2
FBXL7:NM_012304,0
ANKH:NM_054027,12
OTULIN:NM_138348,56
OTULINL:NM_019018,2
TRIO:NM_007118,19
DNAH5:NM_001369,0
CTNND2:NM_001332,0
DAP:NM_004394,70
ANKRD33B:NM_001164440,8
ROPN1L:NM_001201466,30
MARCHF6:NM_001270661,110
CMBL:NM_138809,53
CCT5:NM_001306153,109
ATPSCKMT:NM_199133,109
TAS2R1:NM_001386348,2
SEMA5A:NM_003966,1
FASTKD3:NM_024091,71
MTRR:NM_024010,71
C5orf49:NM_001089584,2
ADCY2:NM_020546,1
TENT4A:NM_001171805,48
SRD5A1:NM_001324322,71
NSUN2:NM_017755,72
UBE2QL1:NM_001145161.3_2,0
MED10:NM_032286.3_2,41
ICE1:NM_015325,60
ADAMTS16:NM_139056,0
IRX1:NM_024337,0
IRX2:NM_001134222,1
IRX4:NM_001278633,1
NDUFS6:NM_004553,95
MRPL36:NM_032479,92
LPCAT1:NM_024830.5_2,18
SLC6A3:NM_001044.5_2,0
CLPTM1L:NM_030782.5_2,64
TERT:NM_198253,5
SLC6A18:NM_182632,0
SLC6A19:NM_001003841,0
SLC12A7:NM_006598.3_2,4
NKD2:NM_033120.4_2,1
TRIP13:NM_004237,84
BRD9:NM_001375863,84
ZDHHC11:NM_001393492,4
ZDHHC11B:NM_001351303,6
TPPP:NM_007030,2
SLC9A3:NM_004174.4_2,1
EXOC3:NM_007277,28
AHRR:NM_001377236,2
PDCD6:NM_001267558,34
PDCD6-AHRR:NR_165163,34
SDHA:NM_001294332,55
CCDC127:NM_145265,55
LRRC14B:NM_001080478,3
PLEKHG4B:NM_052909,2
FRG2:NM_001286820.2_4,0
FRG1:NM_004477.3_4,25
TRIML1:NM_178556,0
TRIML2:NM_173553,2
ZFP42:NM_001304358,1
FAT1:NM_005245,36
MTNR1A:NM_005958,1
F11:NM_000128,0
KLKB1:NM_001318394,1
CYP4V2:NM_207352,52
FAM149A:NM_001367768,4
TLR3:NM_003265,0
SORBS2:NM_001270771,0
PDLIM3:NM_001114107,2
CCDC110:NM_152775,12
C4orf47:NM_001346007,47
UFSP2:NM_018359,47
ANKRD37:NM_181726,30
LRP2BP:NM_001385605,29
SNX25:NM_001317781,26
CFAP97:NM_020827,28
SLC25A4:NM_001151,19
HELT:NM_001300782,0
ACSL1:NM_001381878,25
CENPU:NM_024629,40
PRIMPOL:NM_001345901,55
CASP3:NM_001354783,54
IRF2:NM_002199,66
ENPP6:NM_153343,1
TRAPPC11:NM_199053,50
RWDD4:NM_152682,50
ING2:NM_001564,88
CDKN2AIP:NM_001317343,50
CLDN24:NM_001185149,1
CLDN22:NM_001111319,1
WWC2:NM_024949,47
DCTD:NM_001351743,45
TENM3:NM_001080477,0
AGA:NM_000027,21
NEIL3:NM_018248,29
VEGFC:NM_005429,0
SPCS3:NM_021928,52
ASB5:NM_080874,1
SPATA4:NM_144644,8
WDR17:NM_001378106,1
GPM6A:NM_001261447,1
ADAM29:NM_001278127,1
GLRA3:NM_006529,12
HPGD:NM_001256301,22
CEP44:NM_001145314,77
FBXO8:NM_012180,76
HAND2:NM_021973,23
SCRG1:NM_001329597,1
SAP30:NM_003864,49
HMGB2:NM_001130688,85
GALNT7:NM_001375601,53
GALNTL6:NM_001034845,4
AADAT:NM_001286683,0
MFAP3L:NM_021647,12
HPF1:NM_017867,31
CLCN3:NM_001243372,44
NEK1:NM_001374418,38
SH3RF1:NM_020870,4
CBR4:NM_032783,38
PALLD:NM_016081,1
DDX60L:NM_001378072,13
DDX60:NM_017631,6
ANXA10:NM_007193,0
SPOCK3:NM_001204352,0
TLL1:NM_012464,0
CPE:NM_001873,2
MSMO1:NM_001017369,56
GK3P:NM_001395953,0
KLHL2:NM_001331023,17
TMEM192:NM_001100389,40
TRIM75:NM_001396070,1
TRIM60:NM_152620,0
TRIM61:NM_001012414,2
APELA:NM_001297550,2
SMIM31:NM_001352885,0
MARCHF1:NM_001394959,2
TMA16:NM_018352,64
TKTL2:NM_032136,1
NPY5R:NM_006174,1
NPY1R:NM_000909,5
NAF1:NM_001128931,64
FSTL5:NM_020116,1
RAPGEF2:NM_001394067,52
C4orf45:NM_152543,4
FNIP2:NM_001346043,27
PPID:NM_005038,34
ETFDH:NM_001281737,48
RXFP1:NM_001363776,5
TMEM144:NM_018342,10
GASK1B:NM_001031700,1
GRIA2:NM_001379000,1
GLRB:NM_001166061,2
PDGFC:NM_016205,1
CTSO:NM_001334.3_2,12
TDO2:NM_005651.4_2,2
ASIC5:NM_017419.3_2,0
GUCY1B1:NM_001291955,1
GUCY1A1:NM_001379666,2
NMTRQ-TTG15-1:NMTRQ-TTG15-1,0
MAP9:NM_001039580,1
NPY2R:NM_001375470,0
RBM46:NM_144979,2
LRAT:NM_001301645,0
FGG:NM_000509,3
FGA:NM_000508,4
FGB:NM_001382759,1
PLRG1:NM_002669,27
DCHS2:NM_001358235.2_2,10
SFRP2:NM_003013,3
RNF175:NM_173662,1
TLR2:NM_001318793,4
TMEM131L:NM_015196,37
MND1:NM_001253861,39
TRIM2:NM_001375517,3
FHDC1:NM_001371116,10
ARFIP1:NM_014447,47
TIGD4:NM_145720,47
TMEM154:NM_152680,6
FBXW7:NM_001349798,79
GATB:NM_004564,26
FHIP1A:NM_001348694,8
PRSS48:NM_183375,1
SH3D19:NM_001378121.1_2,1
RPS3A:NM_001006.5_2,58
MAB21L2:NM_006439,3
LRBA:NM_001367550,80
DCLK2:NM_001040260,3
IQCM:NM_001363507,2
NR3C2:NM_001354819,13
ARHGAP10:NM_024605,7
PRMT9:NM_001350142,38
TMEM184C:NM_018241,30
EDNRA:NM_001166055,3
TTC29:NM_001300761,2
POU4F2:NM_004575,1
SLC10A7:NM_001300842,77
REELD1:NM_001371071,2
LSM6:NM_007080,34
ZNF827:NM_178835,0
C4orf51:NM_001080531,1
MMAA:NM_172250,32
SMAD1:NM_001354812,4
NMNAT1P4:NMNAT1P4,0
OTUD4:NM_001366057,45
ABCE1:NM_001040876,85
ANAPC10:NM_001256708,85
HHIP:NM_022475,3
GYPA:NM_002099,8
GYPB:NM_002100,2
GYPE:NM_198682,8
FREM3:NM_001168235,2
SMARCA5:NM_003601,71
GAB1:NM_002039,55
USP38:NM_032557,78
INPP4B:NM_003866,1
IL15:NM_000585,1
ZNF330:NM_001292002,33
RNF150:NM_020724,1
TBC1D9:NM_015130,1
UCP1:NM_021833,0
ELMOD2:NM_153702,31
MGAT4D:NM_001277353,2
CLGN:NM_001130675,14
SCOC:NM_032547,2
MAML3:NM_018717,13
MGST2:NM_001204367,28
SETD7:NM_001306199,13
RAB33B:NM_031296,57
NAA15:NM_057175,86
NDUFC1:NM_001184988,73
MGARP:NM_032623,1
ELF2:NM_201999,90
NOCT:NM_012118,46
SLC7A11:NM_014331,53
PCDH18:NM_019035,0
PABPC4L:NM_001363585,5
PCDH10:NM_032961,2
C4orf33:NM_173487,65
SCLT1:NM_144643,65
JADE1:NM_001287437,46
PGRMC2:NM_006320,55
LARP1B:NR_146772,52
ABHD18:NM_001366041,63
MFSD8:NM_001371590,62
PLK4:NM_001190799,52
HSPA4L:NM_001317381,40
SLC25A31:NM_031291,0
INTU:NM_015693,29
FAT4:NM_024582,1
ANKRD50:NM_020337,31
SPRY1:NM_199327,7
SPATA5:NM_001345856,62
NUDT6:NM_198041,62
FGF2:NM_002006,50
BBS12:NM_152618,38
IL21:NM_021803,0
IL2:NM_000586,7
ADAD1:NM_139243,2
KIAA1109:NM_001384125,37
TRPC3:NM_001130698,15
BBS7:NM_176824,38
CCNA2:NM_001237,51
EXOSC9:NM_005033,48
SMIM43:NR_169196,1
ANXA5:NM_001154,34
QRFPR:NM_198179,0
TNIP3:NM_001244764,2
NDNF:NM_024574,0
PRDM5:NM_001379104,1
MAD2L1:NM_002358,68
PDE5A:NM_001083,13
FABP2:NM_000134,4
C4orf3:NM_001170330,3
USP53:NM_001389659,43
MYOZ2:NM_016599,1
SYNPO2:NM_001286754,1
SEC24D:NM_001318066,35
METTL14:NM_020961,35
PRSS12:NM_003619,2
NDST3:NR_146513,2
TRAM1L1:NM_152402,3
NDST4:NM_022569,1
UGT8:NM_001322112,18
ARSJ:NM_001354211,0
CAMK2D:NM_001321585,4
ANK2:NM_001386187,2
LARP7:NM_001370982,55
ZGRF1:NM_018392,55
NEUROG2:NM_024019,4
ALPK1:NM_001253884,10
TIFA:NM_052864,31
AP1AR:NM_001128426,34
FAM241A:NM_152400,26
PITX2:NM_001204398,1
ENPEP:NM_001379613,3
ELOVL6:NM_024090,70
EGF:NM_001357021,5
LRIT3:NM_198506,2
RRH:NM_006583,2
GAR1:NM_032993,49
CFI:NM_001375278,3
PLA2G12A:NM_030821,66
CASP6:NM_001226,44
MCUB:NM_017918,20
SEC24B:NM_001318086,42
COL25A1:NM_198721,3
ETNPPL:NM_001331031,6
OSTC:NM_001267817,44
RPL34:NM_000995,49
LEF1:NM_016269,50
HADH:NM_005327,32
CYP2U1:NM_183075,3
SGMS2:NM_001136258,4
PAPSS1:NM_005443,27
DKK2:NM_014421,1
GIMD1:NM_001195138,0
AIMP1:NM_001142415,69
TBCK:NM_001163436,67
NPNT:NM_001184692,3
GSTCD:NM_024751,55
INTS12:NM_020395,55
ARHGEF38:NM_001242729,1
PPA2:NM_006903,41
TET2:NM_001127208,47
CXXC4:NM_025212,1
TACR3:NM_001059,2
CENPE:NM_001813,30
BDH2:NM_020139,11
SLC9B2:NM_001370201,27
SLC9B1:NM_001100874,23
CISD2:NM_001008388,60
UBE2D3:NM_181890,60
MANBA:NM_005908,22
NFKB1:NM_001382628,37
SLC39A8:NM_001135147,27
BANK1:NM_001127507,2
PPP3CA:NM_000944,41
EMCN:NM_016242,3
DDIT4L:NM_145244,0
H2AZ1:NM_002106,52
DNAJB14:NM_001031723,38
LAMTOR3:NM_001243736,28
DAPP1:NM_014395,1
C4orf54:NM_001354435,0
MTTP:NM_001300785,15
TRMT10A:NM_001134665,15
C4orf17:NM_032149,1
ADH7:NM_000673,1
ADH1C:NM_000669,1
ADH1B:NM_001286650,0
ADH1A:NM_000667,2
ADH6:NM_000672,4
ADH4:NM_001306171,0
ADH5:NM_000671,76
METAP1:NM_015143,42
EIF4E:NM_001130678,63
TSPAN5:NM_005723,13
RAP1GDS1:NM_001100429,66
STPG2:NM_174952,3
PDHA2:NM_005390,1
UNC5C:NM_003728,1
BMPR1B:NM_001203,1
PDLIM5:NM_001256428,50
HPGDS:NM_014485,3
SMARCAD1:NM_001375858,30
ATOH1:NM_005172,4
GRID2:NM_001510,2
CCSER1:NM_001145065,2
MMRN1:NM_001371403,1
SNCA:NM_001375285,6
GPRIN3:NM_198281,2
TIGD2:NM_001382380,32
FAM13A:NM_014883,22
NAP1L5:NM_153757,14
HERC3:NM_001375482,44
PYURF:NM_032906,44
PIGY:NM_001042616,44
HERC5:NM_016323,3
HERC6:NM_001165136,14
PPM1K:NM_152542,31
ABCG2:NM_001348985,2
PKD2:NM_000297,9
SPP1:NM_001251829,1
MEPE:NM_001184694,0
IBSP:NM_004967,2
DMP1:NM_001079911,2
DSPP:NM_014208,5
SPARCL1:NM_001291977,0
NUDT9:NM_198038,52
HSD17B11:NM_016245,63
HSD17B13:NM_178135,1
KLHL8:NM_020803,43
AFF1:NM_001166693,64
C4orf36:NM_144645,3
SLC10A6:NM_197965,2
PTPN13:NM_080684,2
MAPK10:NM_002753,1
ARHGAP24:NM_001025616,3
WDFY3:NM_014991,34
CDS1:NM_001263,15
NKX6-1:NM_006168,1
GPAT3:NM_001256422,23
ABRAXAS1:NM_139076,30
MRPS18C:NM_001297770,74
HELQ:NM_001297756,73
HPSE:NM_006665,4
COQ2:NM_015697,29
PLAC8:NM_016619,0
COPS4:NM_001258006,46
LIN54:NM_001115007,52
THAP9:NM_024672,83
SEC31A:NM_001318120,83
SCD5:NM_001037582,7
TMEM150C:NM_001353454,0
ENOPH1:NM_001292017,87
HNRNPDL:NM_031372,88
HNRNPD:NM_031370,100
RASGEF1B:NM_152545,17
PRKG2:NM_001363401,1
BMP3:NM_001201,2
CFAP299:NM_152770,22
FGF5:NM_033143,26
PRDM8:NM_020226,1
ANTXR2:NM_001286780,55
GK2:NM_033214,2
NAA11:NM_032693,19
PAQR3:NM_001350106,29
BMP2K:NM_198892,86
ANXA3:NM_005139,8
FRAS1:NM_025074,2
MRPL1:NM_020236,36
CNOT6L:NM_001365006,56
CXCL13:NM_006419,0
CCNG2:NM_004354,44
CCNI:NM_006835,66
SEPTIN11:NM_018243,67
SOWAHB:NM_001029870,3
SHROOM3:NM_020859,2
CCDC158:NM_001394954,2
STBD1:NM_003943,9
FAM47E-STBD1:NM_001242939,6
FAM47E:NM_001242936,26
SCARB2:NM_005506,26
NUP54:NM_017426,54
CXCL11:NM_005409,0
CXCL10:NM_001565,2
ART3:NM_001377183,0
CXCL9:NM_002416,0
SDAD1:NM_001288984,44
NAAA:NM_001042402,26
PPEF2:NM_006239,0
USO1:NM_003715,55
G3BP2:NM_001400006,55
CDKL2:NM_001330724,0
ODAPH:NM_001257072,3
RCHY1:NM_001387136,59
PARM1:NM_015393,1
BTC:NM_001729,3
AREG:NM_001657,16
EREG:NM_001432,20
EPGN:NM_001270993,1
MTHFD2L:NM_001144978,59
CXCL2:NM_002089,39
CXCL3:NM_002090,51
CXCL5:NM_002994,0
PPBP:NM_002704,3
PF4:NM_001363352,1
CXCL1:NM_001511,11
PF4V1:NM_002620,0
CXCL6:NM_002993,2
CXCL8:NM_000584,3
RASSF6:NM_001270392,5
AFM:NM_001133,1
AFP:NM_001354717,1
ALB:NM_000477,2
ANKRD17:NM_032217,101
COX18:NM_001297733,42
ADAMTS3:NM_014243,52
NPFFR2:NM_004885,0
GC:NM_001204306,0
SLC4A4:NM_001134742,1
DCK:NM_000788,43
MOB1B:NM_173468,42
GRSF1:NM_002092,46
RUFY3:NM_001037442,3
UTP3:NM_020368,55
JCHAIN:NM_144646,4
ENAM:NM_031889,0
AMBN:NM_016519,2
AMTN:NM_001286731,5
MUC7:NM_001145006,2
OPRPN:NM_021225,2
SMR3B:NM_006685,0
SMR3A:NM_012390,0
CABS1:NM_033122,2
CSN3:NM_005212,1
FDCSP:NM_152997,2
ODAM:NM_001385579,1
PRR27:NM_214711.4_2,0
HTN1:NM_001368990.1_2,0
HTN3:NM_000200.3_2,1
STATH:NM_001009181.2_2,2
CSN2:NM_001891,5
CSN1S1:NM_001025104,2
SULT1E1:NM_005420,2
SULT1B1:NM_014465,3
UGT2A2:NM_001105677,2
UGT2A1:NM_001389565,1
UGT2B4:NM_001297616,2
UGT2B28:NM_001207004,0
UGT2B11:NM_001073,2
UGT2B7:NM_001349568,3
UGT2A3:NM_024743.4_2,0
UGT2B10:NM_001290091.2_2,0
UGT2B15:NM_001076.4_2,2
UGT2B17:NM_001077,1
TMPRSS11E:NM_014058.4_2,0
YTHDC1:NM_001330698.2_2,30
TMPRSS11B:NM_182502,1
TMPRSS11F:NM_207407,2
TMPRSS11A:NM_182606,0
TMPRSS11D:NM_004262,0
GNRHR:NM_000406,0
UBA6:NM_018227,72
STAP1:NM_001317769,3
CENPC:NM_001812,48
EPHA5:NM_001281765,1
TECRL:NM_001363796,2
ADGRL3:NM_001387542,1
IGFBP7:NM_001553,1
POLR2B:NM_001303268,79
NOA1:NM_032313,100
REST:NM_005612,64
HOPX:NM_001145460,0
THEGL:NM_001256475,18
ARL9:NM_206919,0
SRP72:NM_001267722,72
PAICS:NM_001392012,1
PPAT:NM_002703,97
AASDH:NM_001323890,57
CRACD:NM_001393383,10
CEP135:NM_025009,32
EXOC1:NM_178237,30
EXOC1L:NM_001351575,5
NMU:NR_120489,53
PDCL2:NM_152401,1
CLOCK:NM_004898,53
TMEM165:NM_018475,83
SRD5A3:NM_024592,29
KDR:NM_002253,1
KIT:NM_001385286,20
PDGFRA:NM_006206,2
GSX2:NM_133267,1
CHIC2:NM_012110,59
LNX1:NM_001126328,6
FIP1L1:NM_001376782,45
SCFD2:NM_152540,55
RASL11B:NM_023940,10
ERVMER34-1:NM_024534,5
USP46:NM_001286768,30
SPATA18:NM_001346103,1
SGCB:NM_000232,1
LRRC66:NM_001024611,1
DCUN1D4:NM_015115,53
CWH43:NM_025087,0
OCIAD2:NM_001286773,0
OCIAD1:NM_001079840,37
FRYL:NM_015030,57
ZAR1:NM_175619,2
SLC10A4:NM_152679,34
SLAIN2:NM_020846,56
TEC:NM_003215,29
TXK:NM_003328,1
NIPAL1:NM_207330,19
CNGA1:NM_001379270,19
NFXL1:NM_001278623,29
CORIN:NM_006587,3
ATP10D:NM_020453,6
COMMD8:NM_017845,23
GABRB1:NM_000812,2
GABRA4:NM_000809,2
COX7B2:NM_130902,1
GABRA2:NM_001377145,2
GABRG1:NM_173536,0
GNPDA2:NM_138335,36
GUF1:NM_001345869,53
YIPF7:NM_182592,4
KCTD8:NM_198353,0
GRXCR1:NM_001080476,2
ATP8A1:NM_001400024,16
SHISA3:NM_001080505,2
BEND4:NM_207406,1
SLC30A9:NM_006345,50
DCAF4L1:NM_001029955,1
TMEM33:NM_018126,51
PHOX2B:NM_003924,2
LIMCH1:NM_001289124,2
UCHL1:NM_004181,0
APBB2:NM_004307,7
NSUN7:NM_001330648,0
RBM47:NM_001371114,2
CHRNA9:NM_017581,2
RHOH:NM_001278368,3
N4BP2:NM_018177,56
PDS5A:NM_001100399,52
UBE2K:NM_001312647,63
SMIM14:NM_001317896,49
UGDH:NM_003359,49
LIAS:NM_001363700,103
RPL9:NM_001024921,103
KLB:NM_175737,1
RFC1:NM_001204747,36
WDR19:NM_001317924,17
KLHL5:NM_001171654,37
TMEM156:NM_024943,10
FAM114A1:NM_001350633,14
TLR6:NM_001394553,4
TLR1:NM_003263,3
TLR10:NM_030956,0
KLF3:NM_016531,69
PTTG2:NM_006607,2
TBC1D1:NM_015173,1
PGM2:NM_018290,43
RELL1:NM_001085399,15
C4orf19:NM_001104629,1
NWD2:NM_001144990,2
DTHD1:NM_001378435,3
ARAP2:NR_146893,1
PCDH7:NM_032457,0
STIM2:NM_020860,58
TBC1D19:NM_001292054,21
CCKAR:NM_000730,0
RBPJ:NM_001374401,1
SMIM20:NM_001394130,28
SEL1L3:NM_001297594,28
SLC34A2:NM_001177998,0
ANAPC4:NM_013367,43
ZCCHC4:NM_024936,38
PI4K2B:NM_018323,49
SEPSECS:NM_016955,39
LGI2:NM_018176,2
CCDC149:NM_173463,0
SOD3:NM_003102,1
DHX15:NM_001358,51
PPARGC1A:NM_001330751,4
GBA3:NR_102356,0
ADGRA3:NM_145290,4
KCNIP4:NM_147182,2
PACRGL:NR_133933,1
SLIT2:NM_001289136,3
LCORL:NM_001365660,67
NCAPG:NM_022346,53
FAM184B:NM_015688,1
MED28:NM_025205,52
LAP3:NM_015907,50
CLRN2:NM_001079827,5
QDPR:NM_000320,18
LDB2:NM_001130834,2
TAPT1:NM_153365,72
PROM1:NM_006017,4
FGFBP2:NM_031950,1
FGFBP1:NM_005130,0
CD38:NM_001775,1
BST1:NM_004334,0
FAM200B:NM_001145191,65
FBXL5:NM_012161,34
CC2D2A:NM_001080522,1
C1QTNF7:NM_001135170,2
CPEB2:NM_182646.3_2,82
BOD1L1:NM_148894,51
NKX3-2:NM_001189,12
RAB28:NM_001159601,61
HS3ST1:NM_005114,0
CLNK:NM_052964,2
ZNF518B:NM_001375816,41
WDR1:NM_017491,57
DRD5:NM_000798,0
SLC2A9:NM_001001290,2
DEFB131A:NM_001040448,1
USP17L30:NM_001256867,0
USP17L29:NM_001242332,0
USP17L28:NM_001242331,0
USP17L27:NM_001242330,0
USP17L5:NM_001242329,0
USP17L26:NM_001242328,0
USP17L25:NM_001242326,0
USP17L24:NM_001242327,1
USP17L22:NM_001256863,0
USP17L21:NM_001256862,0
USP17L20:NM_001256861,0
USP17L19:NM_001256860,0
USP17L18:NM_001256859,0
USP17L17:NM_001256857,0
USP17L15:NM_001256894,0
USP17L13:NM_001256855,0
USP17L12:NM_001256853,0
USP17L11:NM_001256854,0
USP17L10:NM_001256852,0
FAM90A26:NM_001358418,0
HMX1:NM_001306142.2_2,1
CPZ:NM_003652,2
GPR78:NM_080819,0
TRMT44:NM_001350233,74
ACOX3:NM_003501,74
HTRA3:NM_053044,1
SH3TC1:NM_018986,1
ABLIM2:NM_001130087,7
AFAP1:NM_001371091,3
PSAPL1:NM_001085382,0
SORCS2:NM_020777,0
GRPEL1:NM_025196,45
TADA2B:NM_152293,41
CCDC96:NM_153376,41
TBC1D14:NM_001113361,76
KIAA0232:NM_001100590,49
BLOC1S4:NM_018366,39
MRFAP1L1:NM_203462,57
S100P:NM_005980,1
MRFAP1:NM_001272053,57
MAN2B2:NM_001292038,17
PPP2R2C:NM_001206994,2
WFS1:NM_001145853,3
JAKMIP1:NM_001099433,4
C4orf50:NM_001364689,2
CRMP1:NM_001014809,1
EVC:NM_001306090,0
EVC2:NM_001166136,1
STK32B:NM_001345969,5
CYTL1:NM_018659,0
MSX1:NM_002448,22
STX18:NM_001346282,36
NSG1:NM_001287764,2
ZBTB49:NM_001330625,56
LYAR:NM_017816,56
TMEM128:NM_032927,42
OTOP1:NM_177998,0
ADRA2C:NM_000683,2
LRPAP1:NM_002337,26
DOK7:NM_001363811,2
HGFAC:NM_001528,1
RGS12:NM_001394155,3
MSANTD1:NM_001330620,2
HTT:NM_002111,36
GRK4:NM_001350173,61
NOP14:NM_001291978,61
MFSD10:NM_001146069,52
ADD1:NM_001119,40
SH3BP2:NM_001122681,11
TNIP2:NM_001161527,18
FAM193A:NM_001366316,31
RNF4:NM_001185010,76
CFAP99:NM_001193282,28
ZFYVE28:NM_020972,29
MXD4:NM_006454,27
HAUS3:NM_001303143,45
POLN:NM_181808,45
NAT8L:NM_178557,6
C4orf48:NM_001168243,21
NELFA:NM_005663,54
NSD2:NM_001042424,44
LETM1:NM_012318,80
FGFR3:NM_022965,38
TACC3:NM_006342,71
TMEM129:NM_001127266,71
SLBP:NM_006527,73
FAM53A:NM_001174070.3_2,11
NKX1-1:NM_001290079,0
UVSSA:NM_001317934,48
MAEA:NM_001297430,62
CTBP1:NM_001377189,19
SPON2:NM_001199021,0
RNF212:NM_001366919,1
FGFRL1:NM_001004356,15
IDUA:NR_110313,22
SLC26A1:NM_134425,4
DGKQ:NM_001347,15
TMEM175:NM_001297425,62
GAK:NM_005255,61
CPLX1:NM_006651,10
PCGF3:NM_006315,24
SLC49A3:NM_001294341,4
MYL5:NM_001395449,52
ATP5ME:NM_007100,52
PDE6B:NM_001145291,2
TMEM271:NM_001362796,2
PIGG:NM_001289051,37
ZNF721:NM_133474,37
ZNF141:NM_001348277,2
ZNF732:NM_001137608,1
ZNF595:NM_001286053,8
LMLN:NM_033029,53
RPL35A:NM_000996,74
IQCG:NM_001323029,51
LRCH3:NM_001363887,47
FYTTD1:NM_001011537,52
RUBCN:NM_001145642,53
BDH1:NM_203315.3_2,4
DLG1:NM_001290983,63
MELTF:NM_005929,15
PIGZ:NM_025163,17
NCBP2AS2:NM_001355243,94
NCBP2:NM_001308036,94
SENP5:NM_001308045,39
PAK2:NM_002577,53
PIGX:NM_017861,41
CEP19:NM_032898,41
NRROS:NM_198565,27
FBXO45:NM_001105573,56
WDR53:NM_001345906,56
SMCO1:NM_001320473,6
RNF168:NM_152617,70
UBXN7:NM_015562,35
TM4SF19:NM_138461,41
TM4SF19-DYNLT2B:NR_037950,42
DYNLT2B:NM_152773,23
PCYT1A:NM_005017,56
SLC51A:NM_152672,1
ZDHHC19:NM_001039617,1
TFRC:NM_003234,89
TNK2:NM_001382273,14
MUC4:NM_018406.7_7,2
MUC20:NM_001282506.2_4,3
APOD:NM_001647,3
PPP1R2:NM_001316325,42
ACAP2:NM_012287,50
XXYLT1:NM_152531,37
FAM43A:NM_153690,5
LSG1:NM_018385,31
TMEM44:NM_001166305,33
ATP13A3:NM_001367549,40
GP5:NM_004488,1
LRRC15:NM_001135057,2
CPN2:NM_001080513,1
HES1:NM_005524,36
OPA1:NM_130831,46
ATP13A4:NM_032279,5
ATP13A5:NM_198505,0
PLAAT1:NM_020386,6
MB21D2:NM_178496,0
FGF12:NM_004113,1
PYDC2:NM_001083308,2
CCDC50:NM_174908,45
UTS2B:NM_198152,46
OSTN:NM_198184,1
GMNC:NM_001146686,1
IL1RAP:NM_001364879,2
TMEM207:NM_207316,5
CLDN1:NM_021101,1
CLDN16:NM_001378493,2
NMNAT1P3:NMNAT1P3,0
P3H2:NM_001134418,1
TP63:NM_001329964,5
TPRG1:NM_198485,2
LPP:NM_001387672,0
BCL6:NM_001706,76
RTP2:NM_001004312,1
SST:NM_001048,1
RTP4:NM_022147.3_2,2
MASP1:NM_001879.6_2,2
RTP1:NM_153708.3_2,1
RPL39L:NM_052969,25
ST6GAL1:NM_173217,56
ADIPOQ:NM_004797,0
RFC4:NM_002916,45
EIF4A2:NM_001967,115
KNG1:NM_001166451,0
HRG:NM_000412,0
FETUB:NM_001375589,3
AHSG:NM_001354572,2
DNAJB11:NM_001378451,50
TBCCD1:NM_001134415,50
CRYGS:NM_017541,3
DGKG:NM_001346,2
ETV5:NM_004454,43
TRA2B:NM_004593,81
IGF2BP2:NM_001291869,77
SENP2:NM_021627,32
LIPH:NM_139248,6
TMEM41A:NM_080652,49
MAP3K13:NM_001242314,0
EHHADH:NM_001166415,12
C3orf70:NM_001025266,3
VPS8:NM_001349293,27
MAGEF1:NM_022149,40
EPHB3:NM_004443,4
CHRD:NM_001304474,1
THPO:NM_001289998,2
POLR2H:NM_001278700,63
CLCN2:NM_004366,60
FAM131A:NM_001171093,13
EIF4G1:NM_198242,42
PSMD2:NM_002808,38
ECE2:NM_001037324,0
CAMK2N2:NM_033259,10
EEF1AKMT4:NM_032331,76
EEF1AKMT4-ECE2:NM_014693,76
ALG3:NM_001006941,76
VWA5B2:NM_001390846,1
ABCF3:NM_001351298,39
AP2M1:NM_001025205,50
DVL3:NM_004423,52
EIF2B5:NM_003907,67
HTR3E:NM_198313,2
HTR3C:NM_130770,1
HTR3D:NM_182537,0
ABCC5:NM_001320032,41
PARL:NM_018622,43
MAP6D1:NM_024871,0
YEATS2:NM_018023,43
KLHL24:NM_001349426,62
KLHL6:NM_130446,4
B3GNT5:NM_032047,47
MCF2L2:NM_015078,32
LAMP3:NM_014398,4
MCCC1:NM_001363880,32
DCUN1D1:NM_001308101,2
ATP11B:NM_014616,70
SOX2:NM_003106,3
DNAJC19:NM_001190233,37
FXR1:NM_001013438,39
CCDC39:NM_181426,6
TTC14:NM_001288582,48
PEX5L:NM_001349389,5
USP13:NM_003940,23
NDUFB5:NM_001199957,64
MRPL47:NM_020409,64
ACTL6A:NM_177989,29
GNB4:NM_021629,35
MFN1:NM_033540,39
ZNF639:NM_001375806,64
KCNMB3:NM_001163677,2
PIK3CA:NM_006218,89
ZMAT3:NM_001375828,26
KCNMB2:NM_181361,2
TBL1XR1:NM_001321194,64
NAALADL2:NM_207015.3_2,0
NLGN1:NM_001365929,6
SPATA16:NM_031955,1
ECT2:NM_001349103,46
NCEH1:NM_001146276,24
TNFSF10:NM_003810,1
GHSR:NM_198407,3
FNDC3B:NM_022763,45
TMEM212:NM_001164436,1
PLD1:NM_002662,36
TNIK:NM_015028,64
SLC2A2:NM_000340,1
EIF5A2:NM_020390,32
RPL22L1:NM_001099645,58
SLC7A14:NM_020949,1
CLDN11:NM_005602,3
SKIL:NM_001145098,34
PRKCI:NM_002740,24
PHC3:NM_001308116,31
GPR160:NM_014373,13
SEC62:NM_003262,41
SAMD7:NM_001304366,0
LRRC31:NM_024727,1
LRRIQ4:NM_001080460,3
LRRC34:NM_001172780,3
MYNN:NM_018657,76
ACTRT3:NM_032487,8
MECOM:NM_004991,5
GOLIM4:NM_014498,49
SERPINI1:NM_001122752,81
PDCD10:NM_007217,94
WDR49:NM_001348951,4
SERPINI2:NM_001394327,1
ZBBX:NM_001377489,3
BCHE:NM_000055,1
SLITRK3:NM_001318811,0
SI:NM_001041,0
OTOL1:NM_001080440,2
SPTSSB:NM_001320679,1
NMD3:NM_001320227,50
B3GALNT1:NM_001349145,0
PPM1L:NM_139245,19
ARL14:NM_025047,1
KPNA4:NM_002268,42
TRIM59:NM_173084,48
SMC4:NM_001288753,80
IFT80:NM_001190241,74
TRIM59-IFT80:NR_148403,2
C3orf80:NM_001168214,11
IL12A:NM_001354583,9
SCHIP1:NM_001197108,3
IQCJ:NM_001197100,0
IQCJ-SCHIP1:NM_001197114,0
MFSD1:NM_001289407,28
RARRES1:NM_206963,2
LXN:NM_020169,3
GFM1:NM_024996,34
MLF1:NM_001369782,9
RSRC1:NM_001271834,57
SHOX2:NM_001163678,30
PTX3:NM_002852,7
VEPH1:NM_001167912,2
CCNL1:NM_001308185,61
LEKR1:NM_001004316,21
TIPARP:NM_015508,61
SSR3:NM_001308197,37
KCNAB1:NM_001308217,2
GMPS:NM_003875,70
SLC33A1:NM_004733,70
C3orf33:NM_173657,21
PLCH1:NM_001349252,19
STRIT1:NM_001352129,3
MME:NM_001354642,1
GPR149:NM_001038705,2
DHX36:NM_020865.3_2,52
ARHGEF26:NM_001251962.2_2,9
RAP2B:NM_002886,82
P2RY1:NM_002563,59
MBNL1:NM_001387821,21
SUCNR1:NM_033050,2
AADAC:NM_001086,3
AADACL2:NM_207365.4_2,3
IGSF10:NM_001385063,2
P2RY12:NM_022788,1
P2RY13:NM_176894,3
GPR87:NM_023915,3
P2RY14:NM_014879,1
GPR171:NM_013308,2
MED12L:NM_053002,5
CLRN1:NM_001195794,2
MINDY4B:NM_001351281,1
SIAH2:NM_005067,70
ERICH6:NM_152394,5
SELENOT:NM_016275,80
EIF2A:NM_001319043,82
SERP1:NM_014445,82
TSC22D2:NM_001303264,76
PFN2:NM_053024,12
RNF13:NM_183383,18
ANKUB1:NM_001144960,4
COMMD2:NM_016094,22
WWTR1:NM_001348362,2
TM4SF4:NM_004617,0
TM4SF1:NM_014220,1
TM4SF18:NM_138786,2
CP:NR_046371,3
HPS3:NM_001308258,31
HLTF:NM_001318935,31
GYG1:NM_001184721,30
CPA3:NM_001870,3
CPB1:NM_001871,3
AGTR1:NM_009585,0
ZIC1:NM_003412,2
ZIC4:NM_032153,2
PLSCR5:NM_001321245,1
PLSCR1:NM_021105,40
PLSCR4:NM_001128304,11
PLOD2:NM_182943,1
DIPK2A:NM_001363944,80
SLC9A9:NM_173653,0
CHST2:NM_004267,57
U2SURP:NM_001320219,81
PAQR9:NM_001375300,6
PCOLCE2:NM_013363,14
TRPC1:NM_003304,34
PLS1:NM_001145319,40
ATR:NM_001184,35
XRN1:NM_001282857,45
GK5:NM_001039547,22
TFDP2:NM_001178138,15
ATP1B3:NM_001679,82
GRK7:NM_139209,1
RNF7:NM_183237,41
RASA2:NM_006506,29
ZBTB38:NM_001080412,3
PXYLP1:NM_001037172,8
SPSB4:NM_080862,0
SLC25A36:NM_001104647,32
TRIM42:NM_152616,0
CLSTN2:NM_022131,1
NMNAT3:NM_001363968,10
RBP1:NM_002899,0
RBP2:NM_004164,4
COPB2:NM_004766,59
MRPS22:NM_001363893,46
PRR23C:NM_001134657,1
PRR23B:NM_001013650,1
PRR23A:NM_001134659,2
FOXL2NB:NM_001040061,40
FOXL2:NM_023067,41
PIK3CB:NM_006219,62
FAIM:NM_001033032,13
CEP70:NM_001320598,21
ESYT3:NM_001322834,1
MRAS:NM_001252091,14
NME9:NM_001349021,9
ARMC8:NM_001267041,48
DBR1:NM_016216,33
A4GNT:NM_016161,0
DZIP1L:NM_173543,6
CLDN18:NM_001002026,1
SOX14:NM_004189,0
IL20RB:NM_144717,2
NCK1:NM_006153,46
SLC35G2:NM_001097600,11
STAG1:NM_005862,46
PCCB:NM_000532,22
MSL2:NM_018133,46
PPP2R3A:NM_001190447,13
EPHB1:NM_004441,1
KY:NM_178554,0
CEP63:NM_001042384,37
ANAPC13:NM_001242374,37
AMOTL2:NM_001278683,2
RYK:NM_001005861,10
SLCO2A1:NM_005630,0
RAB6B:NM_016577,9
SRPRB:NM_021203,1
TF:NM_001354703,53
TOPBP1:NM_007027,53
CDV3:NM_001282762,41
BFSP2:NM_003571,0
TMEM108:NM_001136469,11
NPHP3:NM_153240,24
UBA5:NM_198329,0
ACKR4:NM_016557,1
ACAD11:NM_032169,41
NPHP3-ACAD11:NR_037804,24
DNAJC13:NM_015268,39
ACP3:NM_001134194,2
CPNE4:NM_153429,0
MRPL3:NM_007208,41
NUDT16:NM_001171905,21
NEK11:NM_001321224,16
ASTE1:NM_014065,16
ATP2C1:NM_001199182,12
PIK3R4:NM_014602,33
COL6A6:NM_001102608,2
COL6A5:NM_153264,20
ALG1L2:NM_001136152,0
TRH:NM_007117,1
TMCC1:NM_001349276,27
PLXND1:NM_015103,8
H1-8:NM_153833,1
RHO:NM_000539,0
IFT122:NM_052990,48
MBD4:NM_003925,48
EFCAB12:NM_207307,7
H1-10:NM_006026,36
HMCES:NM_001370345,24
COPG1:NM_016128,42
CNBP:NM_001127192,52
ISY1:NM_001199469,52
ISY1-RAB43:NM_001204890,52
RAB43:NM_001204883,15
GP9:NM_000174,1
EFCC1:NM_024768,3
CFAP92:NM_001348521,1
ACAD9:NM_014049,34
RAB7A:NM_004637,36
RPN1:NM_002950,32
GATA2:NM_032638,43
DNAJB8:NM_153330,0
EEFSEC:NM_021937.5_2,29
RUVBL1:NM_001319086.1_2,29
SEC61A1:NM_001400328,45
KBTBD12:NM_001370224,1
MGLL:NM_001388315,0
ABTB1:NM_172027,16
PODXL2:NM_015720,17
MCM2:NM_004526,29
TPRA1:NM_001353004,29
PRR20G:NM_001362810,0
C3orf56:NM_001007534,2
PLXNA1:NM_032242,24
CHCHD6:NM_032343,18
TXNRD3:NM_052883,7
C3orf22:NR_130715,1
CHST13:NM_152889,1
UROC1:NM_001165974,0
ZXDC:NM_025112,20
CFAP100:NM_182628,0
KLF15:NM_014079,10
ALDH1L1:NM_001270364,0
SLC41A3:NM_001164475,2
ROPN1B:NM_001012337,0
OSBPL11:NM_022776,38
SNX4:NM_003794,17
ZNF148:NM_001348427,47
SLC12A8:NM_024628,0
HEG1:NM_020733,1
MUC13:NM_033049,0
ITGB5:NM_001354764,1
UMPS:NM_000373,27
KALRN:NM_001388419,7
ROPN1:NM_001394219,1
CCDC14:NM_001366335,26
MYLK:NM_053025,7
HACD2:NM_001329783,41
ADCY5:NM_001378259,2
SEC22A:NM_012430,22
PDIA5:NM_006810,38
SEMA5B:NR_046079,2
SLC49A4:NM_032839,27
HSPBAP1:NM_024610,26
PARP14:NM_017554,28
PARP15:NM_001308320,4
DTX3L:NM_138287,21
PARP9:NM_031458,21
KPNA1:NM_002264,24
WDR5B:NM_019069,43
FAM162A:NM_014367,57
MIX23:NM_001308326,56
CSTA:NM_005213,0
CASR:NM_000388,1
CD86:NM_001206925,2
ILDR1:NM_001199799,2
SLC15A2:NM_001145998,0
EAF2:NM_001320041,25
IQCB1:NM_001023570,25
GOLGB1:NM_001256487,34
HCLS1:NM_005335,5
FBXO40:NM_016298,1
ARGFX:NM_001012659,0
POLQ:NM_199420,19
STXBP5L:NM_001308330,5
GTF2E1:NM_005513,41
RABL3:NM_173825,41
HGD:NM_000187,0
NDUFB4:NM_004547,14
FSTL1:NM_007085,0
LRRC58:NM_001099678,28
GPR156:NM_153002,2
GSK3B:NM_002093,62
NR1I2:NM_033013,0
CFAP91:NM_001320318,0
POPDC2:NM_001369919,1
PLA1A:NM_001206961,1
ADPRH:NM_001291950,7
CD80:NM_005191,5
TIMMDC1:NM_016589,37
POGLUT1:NM_152305,23
TMEM39A:NM_018266,36
ARHGAP31:NM_020754,5
B4GALT4:NM_212543,17
UPK1B:NM_006952,1
TEX55:NM_152539,0
IGSF11:NM_152538,0
LSAMP:NM_001318915,0
GAP43:NM_002045,0
ZBTB20:NM_001348802,28
TIGIT:NM_173799,0
ZNF80:NM_007136,0
DRD3:NM_001282563,0
QTRT2:NM_001256836,32
CCDC191:NM_001353767,32
ZDHHC23:NM_001363952,6
GRAMD1C:NM_017577,4
ATP6V1A:NM_001690,55
NAA50:NM_025146,64
USF3:NM_001009899,37
SIDT1:NM_001322297,2
SPICE1:NM_001387939,27
CFAP44:NM_001164496,0
BOC:NM_001387924,0
NEPRO:NM_015412,28
GTPBP8:NM_138485,25
CD200R1:NM_138806,1
CD200R1L:NM_001370552,3
CCDC80:NM_199511,2
SLC35A5:NM_001348906,56
ATG3:NM_001278712,56
BTLA:NM_181780,2
CD200:NM_001365855,1
SLC9C1:NM_183061.3_2,0
GCSAM:NM_001190259.2_2,0
C3orf52:NM_001171747.2_2,10
TMPRSS7:NM_001395507,0
TAGLN3:NM_001008272,0
ABHD10:NM_018394,26
PHLDB2:NM_001134437,1
PLCXD2:NM_153268,4
ZBED2:NM_024508,0
CD96:NR_134917,3
NECTIN3:NM_001243288,1
DPPA4:NM_018189,2
DPPA2:NM_138815,1
C3orf85:NM_001351622,0
MORC1:NM_014429,5
GUCA1C:NM_005459,0
TRAT1:NM_001317747,0
RETNLB:NM_032579,0
DZIP3:NM_014648,59
CIP2A:NM_020890,62
MYH15:NM_014981,2
HHLA2:NM_001370244,1
IFT57:NM_018010,13
CD47:NM_001777,16
BBX:NM_001276286,29
CCDC54:NM_032600,0
NMTRQ-TTG4-1:NMTRQ-TTG4-1,0
CBLB:NM_001321790,32
ALCAM:NM_001243280,1
ZPLD1:NM_175056,0
NFKBIZ:NM_001005474,5
NXPE3:NM_001348997,15
CEP97:NM_001303401,47
RPL24:NM_000986,65
ZBTB11:NM_014415,54
PCNP:NM_001320397,48
TRMT10C:NM_017819,37
SENP7:NM_020654,36
IMPG2:NM_016247,3
ABI3BP:NM_001375547,1
TFG:NM_001007565,23
ADGRG7:NM_032787,3
TMEM45A:NM_018004,9
LNP1:NM_001085451,69
TOMM70:NM_014820,65
NIT2:NM_020202,12
TBC1D23:NM_018309,41
FILIP1L:NM_001387850,0
CMSS1:NM_032359,38
COL8A1:NM_020351,1
DCBLD2:NM_080927,23
ST3GAL6:NM_001271148,1
CPOX:NM_000097,39
GPR15:NM_005290,1
CLDND1:NM_001040199,24
OR5K2:NM_001004737,1
OR5K1:NM_001004736,0
OR5K3:NM_001005516,1
OR5K4:NM_001005517,0
OR5H2:NM_001005482,2
OR5H6:NM_001005479,0
OR5H15:NM_001005515,0
OR5H14:NM_001005514,1
OR5H1:NM_001005338,1
OR5AC2:NM_054106,0
GABRR3:NM_001105580,0
RIOX2:NM_001042533,10
CRYBG3:NM_153605,13
ARL6:NM_177976,22
EPHA6:NM_001080448,0
NSUN3:NM_022072,29
DHFR2:NM_176815,29
STX19:NM_001001850,1
ARL13B:NM_144996,27
PROS1:NM_001314077,17
EPHA3:NM_005233,1
CSNKA2IP:NM_001368165,0
C3orf38:NM_173824,67
ZNF654:NM_001366096,56
CGGBP1:NM_001195308,67
HTR1F:NM_001322209,34
POU1F1:NM_001122757,0
CHMP2B:NM_001244644,27
VGLL3:NM_016206,0
CADM2:NM_001381964.1_2,8
GBE1:NM_000158,26
ROBO1:NM_002941,2
ROBO2:NM_001128929,1
ZNF717:NM_001324026,8
FRG2C:NM_001124759,1
CNTN3:NM_001393376,0
PDZRN3:NM_015009,1
EBLN2:NM_018029,1
PPP4R2:NM_001318026,30
GXYLT2:NM_001080393,13
SHQ1:NM_018130,25
RYBP:NM_012234.6_2,39
PROK2:NM_001126128,4
GPR27:NM_018971,0
EIF4E3:NM_173359,0
FOXP1:NM_032682,42
MDFIC2:NM_001364676,0
MITF:NM_001354606,44
FRMD4B:NM_015123,2
LMOD3:NM_198271,1
ARL6IP5:NM_006407,17
UBA3:NM_001363861,20
TMF1:NM_001363879,29
EOGT:NM_001278689,30
TAFA4:NM_182522,0
TAFA1:NM_001252216,1
SUCLG2:NM_001177599,27
KBTBD8:NM_032505,32
LRIG1:NM_001377345.1_2,1
SLC25A26:NM_173471.4_2,2
MAGI1:NM_001365903.2_2,7
ADAMTS9:NM_182920,4
PRICKLE2:NM_001370528,0
PSMD6:NM_001271780,31
ATXN7:NM_001377405,31
THOC7:NM_001285404,31
C3orf49:NM_001355236,1
SNTN:NM_001080537,1
SYNPR:NM_001130003,0
CADPS:NM_183394,1
FEZF2:NM_018008,0
C3orf14:NM_001291942,0
PTPRG:NM_001375471,0
FHIT:NM_001320900,13
CFAP20DC:NM_001394063,8
FAM3D:NM_138805,3
FAM107A:NM_001282714,1
ACOX2:NM_003500,0
KCTD6:NM_001128214,21
PDHB:NM_000925,14
PXK:NM_001349532,16
HTD2:NM_001348715,47
RPP14:NM_007042,47
ABHD6:NM_020676,18
DNASE1L3:NM_004944,1
FLNB:NM_001164319,20
SLMAP:NM_001377925,49
DENND6A:NM_152678,27
ARF4-AS1:NR_132370,54
ARF4:NM_001660,55
PDE12:NM_001322176,49
DNAH12:NM_001366028,1
ASB14:NM_001142733,0
APPL1:NM_012096,18
HESX1:NM_001376061,18
IL17RD:NM_001318864,6
SPATA12:NM_181727,1
ARHGEF3:NM_001377408,10
TASOR:NM_001112736,31
CCDC66:NM_001012506,30
ERC2:NM_015576,0
WNT5A:NM_003392,0
LRTM1:NM_001304389,0
CACNA2D3:NM_018398,0
SELENOK:NM_021237,33
ACTR8:NM_022899,20
IL17RB:NM_018725,3
CHDH:NM_018397,3
CACNA1D:NM_000720,2
DCP1A:NM_001290205,48
TKT:NM_001258028,37
PRKCD:NM_212539,20
RFT1:NM_052859,35
SFMBT1:NM_016329,29
STIMATE:NM_198563,17
MUSTN1:NM_205853,1
STIMATE-MUSTN1:NM_001198974,17
ITIH4:NM_002218,2
ITIH3:NM_001392023,1
ITIH1:NM_002215,2
NEK4:NM_003157,21
SPCS1:NM_014041,43
GLT8D1:NM_001010983,43
GNL3:NM_206826,44
PBRM1:NM_001350078,44
SMIM4:NM_001124767,36
NT5DC2:NM_022908,58
STAB1:NM_015136,2
NISCH:NM_007184,32
TNNC1:NM_003280,26
SEMA3G:NM_020163,2
PHF7:NM_001321126,51
BAP1:NM_004656,49
DNAH1:NM_015512,4
GLYCTK:NM_001144951,35
WDR82:NM_025222,50
PPM1M:NM_144641,2
TWF2:NM_007284,20
TLR9:NM_017442,1
ALAS1:NM_001304443,10
POC1A:NM_001161581,32
DUSP7:NM_001947,20
RPL29:NM_000992,48
ACY1:NM_001198895,39
ABHD14A:NM_015407,14
ABHD14A-ACY1:NM_001316331,14
ABHD14B:NM_001254753,14
PCBP4:NM_001363885,11
GPR62:NM_080865,0
PARP3:NM_001003931,28
RRP9:NM_004704,28
IQCF1:NM_152397,0
IQCF5:NM_001145059,1
IQCF2:NM_203424,0
IQCF3:NM_001207023,2
IQCF6:NM_001368369,4
GRM2:NM_001349116,1
TEX264:NM_001243727,24
RAD54L2:NM_001387869,25
DCAF1:NM_001387581,26
RBM15B:NM_013286,28
MANF:NM_006010,30
DOCK3:NM_004947,7
MAPKAPK3:NM_001243926,71
CISH:NM_013324,71
HEMK1:NM_001317851,28
C3orf18:NM_001171741,23
CACNA2D2:NM_001291101,5
TMEM115:NM_007024,39
CYB561D2:NR_111912,22
NPRL2:NM_006545,22
ZMYND10:NM_015896,2
RASSF1:NM_170714,13
TUSC2:NM_007275,21
HYAL2:NM_033158,23
HYAL1:NM_153281,0
NAA80:NM_001200016,29
HYAL3:NM_003549,29
IFRD2:NM_006764,25
LSMEM2:NM_001304385,0
SEMA3B:NM_001005914,1
GNAI2:NM_001282620,8
SLC38A3:NM_006841,2
GNAT1:NM_000172,0
SEMA3F:NM_001318798,10
RBM5:NM_005778,36
RBM6:NM_001167582,35
MON1A:NM_032355,16
MST1R:NM_002447,9
CAMKV:NM_024046,3
TRAIP:NM_005879,13
UBA7:NM_003335,1
INKA1:NM_001366281,30
CDHR4:NM_001007540,0
IP6K1:NM_153273,31
GMPPB:NM_021971,15
AMIGO3:NM_198722,0
RNF123:NM_022064,34
MST1:NM_020998,34
APEH:NM_001640,31
BSN:NM_003458,12
DAG1:NM_001177643,24
NICN1:NM_032316,15
AMT:NM_000481,1
TCTA:NM_022171,36
RHOA:NM_001313941,40
GPX1:NM_201397,1
USP4:NM_003363,26
C3orf62:NM_198562,3
IHO1:NM_178173,1
C3orf84:NM_001080528,1
KLHDC8B:NM_173546,12
CCDC71:NM_022903,21
LAMB2:NM_002292,16
USP19:NM_001400292,25
QARS1:NM_005051,21
QRICH1:NM_001320585,52
IMPDH2:NM_000884,44
NDUFAF3:NM_199074,68
DALRD3:NM_018114,64
WDR6:NM_018031,31
P4HTM:NM_177938,6
ARIH2:NM_001317334,42
SLC25A20:NM_000387,18
PRKAR2A:NM_004157,28
IP6K2:NM_016291,31
NCKIPSD:NM_016453,23
CELSR3:NM_001407,15
SLC26A6:NM_134426,24
TMEM89:NM_001008269,0
UQCRC1:NM_003365,28
COL7A1:NM_000094,1
UCN2:NM_033199,1
PFKFB4:NM_001317136,1
SHISA5:NM_001272067,10
TREX1:NM_007248,3
ATRIP-TREX1:NR_153405,25
ATRIP:NM_001271022,25
TMA7:NM_001329417,33
CCDC51:NM_001256964,33
PLXNB1:NM_001130082,12
FBXW12:NM_001159929,1
SPINK8:NM_001080525,0
NME6:NM_001308427,19
ZNF589:NM_016089,14
CAMP:NM_004345,1
CDC25A:NM_001789,34
MAP4:NM_001384729,58
DHX30:NM_138615,60
SMARCC1:NM_003074,99
CSPG5:NM_001206945,9
ELP6:NM_001031703,53
SCAP:NM_012235,48
PTPN23:NM_001304482,70
KLHL18:NM_025010,83
KIF9:NM_001134878,83
SETD2:NM_014159,94
NBEAL2:NM_015175,26
CCDC12:NM_144716,16
PTH1R:NM_000316,1
MYL3:NM_000258,2
PRSS50:NM_013270,1
TMIE:NM_001370525,5
ALS2CL:NM_001190707,5
FAM240A:NM_001195442,0
TDGF1:NM_001174136,2
LRRC2:NM_024512,6
RTP3:NM_031440,3
LTF:NM_001321122,2
CCRL2:NM_003965,13
CCR5:NM_001100168,2
CCR2:NM_001123041,5
CCR3:NM_178328,1
CCR1:NM_001295,4
XCR1:NM_001381860,2
CXCR6:NM_001386437,1
FYCO1:NM_001386421,27
CCR9:NM_001386448,1
LZTFL1:NM_001276378,2
SLC6A20:NM_001385683,1
SACM1L:NM_001319072,71
LIMD1:NM_014240,30
LARS2:NM_001368263,41
TMEM158:NM_015444,25
CDCP1:NM_022842,20
CLEC3B:NM_003278,2
EXOSC7:NR_023353,87
ZDHHC3:NM_001349380.2_2,87
TGM4:NM_003241.4_2,3
TMEM42:NM_144638.3_2,2
KIF15:NM_020242.3_2,83
KIAA1143:NM_001320334.2_2,84
ZNF501:NM_145044.4_2,24
ZNF502:NM_001134442.3_2,15
ZNF35:NM_003420.4_2,32
ZNF197:NM_001323296.2_2,55
ZNF660:NM_173658.4_2,4
ZNF660-ZNF197:NM_001351734.2_2,4
ZKSCAN7:NM_001288592.2_2,1
ZNF852:NM_001287349.3_2,49
ZNF445:NM_181489,37
TCAIM:NM_001282915,35
TOPAZ1:NM_001145030,1
ABHD5:NM_001355186,63
ANO10:NM_001346468,66
SNRK:NM_001330750,32
POMGNT2:NM_032806,15
GASK1A:NM_001129908,2
KRBOX1:NM_001205272,6
ZNF662:NM_207404,0
CYP8B1:NM_004391,2
ACKR2:NM_001296,2
HIGD1A:NM_001099668,79
CCDC13:NM_144719,2
HHATL:NM_020707,0
KLHL40:NM_152393,5
ZBTB47:NM_145166,32
NKTR:NM_005385,60
SS18L2:NM_016305,48
SEC22C:NM_001201572,59
VIPR1:NM_001251882,1
LYZL4:NM_144634,0
CCK:NM_000729,0
TRAK1:NM_001349245,3
ULK4:NM_017886,41
CTNNB1:NM_001098210,45
ZNF621:NM_001098414,40
ZNF620:NM_001256167,17
ZNF619:NM_001145083,29
RPL14:NM_003973,78
ENTPD3:NM_001248,5
EIF1B:NM_005875,73
MYRIP:NM_001284423,4
MOBP:NR_003090,1
RPSA:NM_002295,76
SLC25A38:NM_001354798,48
CCR8:NM_005201,4
CX3CR1:NM_001171174,4
XIRP1:NM_194293,5
CSRNP1:NM_001320560,38
TTC21A:NM_001105513,51
GORASP1:NM_031899,51
WDR48:NM_001303402,34
SCN11A:NM_001349253,34
SCN10A:NM_006514,0
SCN5A:NM_001099404,3
EXOG:NM_001145464,22
ACVR2B:NM_001106,40
XYLB:NM_001349178,38
SLC22A14:NM_001320033,1
SLC22A13:NM_004256,0
OXSR1:NM_005109,60
MYD88:NM_001172566,89
ACAA1:NM_001607,91
DLEC1:NM_007337,3
PLCD1:NM_006225,3
VILL:NM_001385039,6
CTDSPL:NM_005808.3_2,22
ITGA9:NM_002207.3_2,6
GOLGA4:NM_002078,82
LRRFIP2:NM_001348300,100
MLH1:NM_001258273,88
EPM2AIP1:NM_014805,95
TRANK1:NM_001329998,3
DCLK3:NM_001394672,0
STAC:NM_001292049,2
ARPP21:NM_001385488,0
PDCD6IP:NM_013374,75
CLASP2:NM_001365628,59
UBP1:NM_014517,87
FBXL2:NR_146132,17
SUSD5:NM_015551,1
CRTAP:NM_006371,51
TMPPE:NM_001039770,57
GLB1:NM_001393580,57
CCR4:NM_005508,2
TRIM71:NM_001039111.3_2,3
CNOT10:NM_001393369.1_2,62
DYNC1LI1:NM_016141,67
CMTM6:NM_017801,44
CMTM7:NM_181472,5
CMTM8:NM_001320308,4
GPD1L:NM_015141,18
ZNF860:NM_001137674,0
OSBPL10:NM_017784,0
STT3B:NM_178862,110
GADL1:NM_207359,2
TGFBR2:NM_001024847,4
RBMS3:NM_001003792,0
LINC00693:NR_038840,3
ZCWPW2:NM_001324170,77
AZI2:NM_001271650,77
CMC1:NM_001331190,41
EOMES:NM_001278183,0
SLC4A7:NM_001321103,20
NEK10:NM_152534,5
LRRC3B:NM_052953,2
OXSM:NM_001145391,50
NGLY1:NM_001145294,50
TOP2B:NM_001330700,77
RARB:NM_001290216,4
THRB:NM_001354708,37
NR1D2:NM_005126,45
RPL15:NM_001253384,76
NKIRAS1:NM_001377380,45
UBE2E1:NM_182666,40
UBE2E2:NM_001370225,13
ZNF385D:NM_024697,2
SGO1:NM_001199252,59
KAT2B:NM_003884,53
PP2D1:NR_027694,1
RAB5A:NM_001292048,102
EFHB:NM_001330688,101
KCNH8:NM_144633,10
SATB1:NM_001322872,6
TBC1D5:NM_001349076,67
PLCL2:NM_001144382.2_2,10
DAZL:NM_001351,1
RFTN1:NM_015150,2
OXNAD1:NM_001352982,88
DPH3:NM_206831,88
GALNT15:NM_001319051,0
ANKRD28:NM_001349279,60
BTD:NM_001370752,62
HACL1:NM_012260,62
COLQ:NM_005677,0
EAF1:NM_033083,69
METTL6:NM_001301792,69
SH3BP5:NM_001018009,2
CAPN7:NM_001376093,54
RBSN:NM_022340,65
MRPS25:NR_135246,61
NR2C2:NM_001291694,75
FGD5:NM_001320276,0
C3orf20:NM_001184957,1
CCDC174:NM_016474,30
GRIP2:NM_001080423,0
SLC6A6:NM_001134367,93
LSM3:NM_014463,80
XPC:NM_004628,80
TMEM43:NM_024334,100
CHCHD4:NM_144636,99
WNT7A:NM_004625,1
FBLN2:NM_001998,2
HDAC11:NM_001330636,27
NUP210:NM_024923,45
IQSEC1:NM_001376938,5
RPL32:NM_000994,72
CAND2:NM_012298,21
TMEM40:NM_001284406,2
RAF1:NM_001354691,73
MKRN2:NM_001271707,60
MKRN2OS:NM_001378007,3
TSEN2:NM_001321278,52
PPARG:NM_001354666,4
TIMP4:NM_003256,2
SYN2:NM_133625,1
TAMM41:NM_001321295.2_2,52
VGLL4:NM_001284390,6
ATG7:NM_001349238,42
HRH1:NM_001098213,2
SLC6A1:NM_001348253,0
SLC6A11:NM_014229,1
ATP2B2:NM_001353564,2
SEC13:NM_001136026,44
GHRL:NM_016362,2
TATDN2:NM_014760,68
IRAK2:NM_001570,25
VHL:NM_198156,35
BRK1:NM_018462,65
FANCD2OS:NM_173472,2
FANCD2:NM_001374253,67
EMC3:NM_018447,15
PRRT3:NM_207351,10
CRELD1:NM_001374316,37
IL17RC:NM_001367279,7
IL17RE:NM_153483,1
JAGN1:NM_032492,38
CIDEC:NM_001321142,1
RPUSD3:NM_001351736,39
TTLL3:NM_001387467,1
ARPC4-TTLL3:NM_001198793,97
ARPC4:NM_001024960,97
TADA3:NM_001278270,97
CAMK1:NM_003656,7
OGG1:NM_016827,42
BRPF1:NM_001319050,59
CPNE9:NM_153635,6
MTMR14:NM_001400543,49
LHFPL4:NM_198560,2
SETD5:NM_001080517,103
THUMPD3:NM_001114092,54
SRGAP3:NM_014850,2
RAD18:NM_020165,56
OXTR:NM_000916,4
CAV3:NM_001234,2
SSUH2:NM_015931,1
LMCD1:NM_001278233,3
GRM7:NM_000844,0
EDEM1:NM_014674,92
ARL8B:NM_018184,50
BHLHE40:NM_003670,78
ITPR1:NM_002222,55
SETMAR:NM_001320678,40
SUMF1:NM_182760,28
LRRN1:NM_020873,0
CRBN:NM_001173482,38
TRNT1:NM_001367321,44
IL5RA:NM_000564,6
CNTN4:NM_175607,1
CNTN6:NM_001349359,2
CHL1:NM_001253387,0
FAM240C:NM_001382369.1_2,0
RTP5:NM_173821.3_2,1
PDCD1:NM_005018.3_2,5
NEU4:NM_001167600.3_2,0
GAL3ST2:NM_022134.3_2,0
D2HGDH:NM_001287249,22
ING5:NM_001330161,31
DTYMK:NM_001320904,31
ATG4B:NM_013325,43
THAP4:NM_015963,43
BOK:NM_032515,12
STK25:NM_001271977,36
FARP2:NM_014808,15
SEPTIN2:NM_001349306,64
HDLBP:NM_005336,65
ANO7:NM_001370694,1
PPP1R7:NM_001282413,39
PASK:NM_001252120,40
SNED1:NM_001080437,1
CROCC2:NM_001351305,0
MAB21L4:NM_001085437,0
AGXT:NM_000030,0
KIF1A:NM_001379653,0
AQP12A:NM_198998,1
AQP12B:NM_001102467,0
GPR35:NM_001195382,3
CAPN10:NM_023085,36
RNPEPL1:NM_018226,40
DUSP28:NM_001370465,29
ANKMY1:NM_001393464,30
GPC1:NM_002081,5
OTOS:NM_148961,0
COPS9:NM_138336,17
OR6B3:NM_173351,2
OR6B2:NM_001005853,0
HDAC4:NM_001378415,24
TWIST2:NM_001271893.4_2,2
ASB1:NM_001330196,46
TRAF3IP1:NM_015650,6
PER2:NM_022817,13
HES6:NM_018645,22
ILKAP:NM_030768,25
ERFE:NM_001291832,8
KLHL30:NM_198582,3
ESPNL:NM_194312,1
SCLY:NM_016510,44
UBE2F:NM_001278306,24
UBE2F-SCLY:NR_037904,24
RAMP1:NM_005855,0
RBM44:NM_001080504,0
LRRFIP1:NM_001137550,0
RAB17:NM_022449,2
PRLH:NM_015893,0
MLPH:NM_001281474,1
COL6A3:NM_004369,0
COPS8:NM_006710,22
ACKR3:NM_020311,2
IQCA1:NM_024726,0
ASB18:NM_212556,2
GBX2:NM_001301687,4
AGAP1:NM_014914,32
SH3BP4:NM_014521,2
ARL4C:NM_001282431,1
SPP2:NM_006944,0
TRPM8:NM_024080,1
MSL3P1:NR_024322,11
HJURP:NM_018410,35
MROH2A:NM_001367507,0
UGT1A1:NM_000463,1
UGT1A3:NM_019093,1
UGT1A4:NM_007120,2
UGT1A5:NM_019078,0
UGT1A6:NM_205862,0
UGT1A7:NM_019077,0
UGT1A9:NM_021027,4
UGT1A10:NM_019075,0
UGT1A8:NM_019076,0
USP40:NM_001382298,14
DGKD:NM_152879.3_2,19
SAG:NM_000541.5_2,0
ATG16L1:NM_001190266.2_2,30
INPP5D:NM_005541.5_2,2
NEU2:NM_005383,0
NGEF:NM_019850,0
SNORC:NM_001394207,0
KCNJ13:NM_002242,1
GIGYF2:NM_001103146,31
EFHD1:NM_001243252,3
EIF4E2:NM_001276337,36
TIGD1:NM_145702,36
CHRNG:NM_005199,1
CHRND:NM_001256657,1
PRSS56:NM_001195129,0
ECEL1:NM_004826,1
ALPI:NM_001631,0
ALPG:NM_031313,1
ALPP:NM_001632,0
DIS3L2:NM_001257281,25
NPPC:NM_024409,1
COPS7B:NM_001369483,35
PDE6D:NM_002601,35
PTMA:NM_002823,65
TEX44:NM_152614,0
NMUR1:NM_006056,2
NCL:NM_005381,61
B3GNT7:NM_145236,0
ARMC9:NM_001352754,14
HTR2B:NM_000867,0
PSMD1:NM_001191037,27
C2orf72:NM_001144994,0
SPATA3:NM_139073,3
GPR55:NM_005683,1
ITM2C:NM_001287240,16
CAB39:NM_016289,44
SP100:NM_001080391,19
SP140L:NM_001352894,7
SP140:NM_001278453,3
SP110:NM_001378444,3
SLC16A14:NM_152527,0
FBXO36:NM_174899,61
TRIP12:NM_001348322,62
DNER:NM_139072,1
PID1:NM_017933,0
SPHKAP:NM_001142644,0
DAW1:NM_178821,0
CCL20:NM_001130046,0
SCYGR8:NM_001395409,0
SCYGR7:NM_001395408,0
SCYGR6:NM_001395407,1
SLC19A3:NM_001371413,3
SCYGR5:NM_001395406,0
SCYGR4:NM_001395405,1
SCYGR3:NM_001395404,0
SCYGR10:NR_173327,0
SCYGR2:NM_001395403,0
AGFG1:NM_001135189,26
SCYGR1:NM_001395402,2
TM4SF20:NM_024795,2
MFF:NM_001277066,31
COL4A3:NM_000091,1
COL4A4:NM_000092,2
RHBDD1:NM_001349069,5
IRS1:NM_005544,5
NYAP2:NM_001371273,1
DOCK10:NM_014689,1
CCDC195:NM_001395236,2
CUL3:NM_003590,44
FAM124B:NM_024785,22
SERPINE2:NM_006216,1
MRPL44:NM_022915,24
WDFY1:NM_020830,25
AP1S3:NM_001039569,10
SCG2:NM_003469,4
KCNE4:NM_080671,0
ACSL3:NM_001354159,36
MOGAT1:NM_058165,0
FARSB:NM_005687,46
SGPP2:NM_001320834,1
PAX3:NM_181458,0
EPHA4:NM_001304536,2
SLC4A3:NM_201574,2
STK11IP:NM_052902,34
INHA:NM_002191,12
OBSL1:NM_015311,13
TMEM198:NM_001303098,26
CHPF:NM_024536,26
ASIC4:NM_182847,10
GMPPA:NM_001374294,28
SPEGNB:NM_001286811,5
SPEG:NM_005876,0
DES:NM_001382713,4
DNPEP:NM_001319116,2
RESP18:NM_001007089,1
PTPRN:NM_002846,4
DNAJB2:NM_001039550,9
TUBA4B:NM_001355221,25
TUBA4A:NM_001278552,27
STK16:NM_001330215,41
GLB1L:NM_001286423,41
ANKZF1:NM_001282792,40
ATG9A:NM_001077198,40
ABCB6:NM_005689,13
ZFAND2B:NM_001270998,15
RETREG2:NM_001321109,31
CNPPD1:NM_001321390,31
SLC23A3:NM_001144890,3
NHEJ1:NM_001377499,16
IHH:NM_002181,1
CFAP65:NM_194302,0
CRYBA2:NM_057093,1
FEV:NM_017521,2
CDK5R2:NM_003936,4
WNT10A:NM_025216,2
WNT6:NM_006522,0
PRKAG3:NM_017431,1
CYP27A1:NM_000784,3
TTLL4:NM_014640,22
STK36:NM_001243313,34
RNF25:NM_022453,34
BCS1L:NM_001371452,45
ZNF142:NM_001366290,45
PLCD4:NM_032726,0
CNOT9:NM_005444,51
USP37:NM_020935,49
VIL1:NM_007127,0
CTDSP1:NR_174457,39
SLC11A1:NM_000578,0
CATIP:NM_198559,0
TMBIM1:NM_001321436,37
PNKD:NM_015488,41
AAMP:NM_001302545,42
GPBAR1:NM_001321950,1
ARPC2:NM_152862,34
CXCR1:NM_000634,0
CXCR2:NM_001168298,0
RUFY4:NR_034176,1
TNS1:NM_001387777,0
TNP1:NM_003284,0
IGFBP5:NM_000599,1
IGFBP2:NM_001313993,1
RPL37A:NM_000998,70
SMARCAL1:NM_014140,21
MARCHF4:NM_020814,0
XRCC5:NM_021141,28
TMEM169:NM_001142312,8
PECR:NM_018441,8
MREG:NM_001372189,0
FN1:NM_212482,7
ATIC:NM_004044,43
ABCA12:NM_173076,1
BARD1:NM_000465,42
VWC2L:NM_001345929,1
SPAG16:NM_024532,4
IKZF2:NM_001371274,4
ERBB4:NM_005235,0
CPS1:NM_001122633,21
LANCL1:NM_006055,21
MYL1:NM_079420,2
ACADL:NM_001608,0
KANSL1L:NM_152519,20
RPE:NM_001318930,32
UNC80:NM_182587,0
MAP2:NM_001375502,4
PTH2R:NM_001371907,0
PIKFYVE:NM_015040,32
IDH1:NM_005896,35
C2orf80:NM_001099334,1
CRYGA:NM_014617,1
CRYGB:NM_005210,2
CRYGC:NM_020989.4_2,1
CRYGD:NM_006891.4_2,2
PLEKHM3:NM_001080475,14
FZD5:NM_003468,21
CCNYL1:NM_152523,23
METTL21A:NM_001330133,36
CREB1:NM_001371427,48
KLF7:NM_001270943,8
CPO:NM_173077,1
FASTKD2:NM_014929,16
MDH1B:NM_001039845,16
DYTN:NM_001093730,0
FAM237A:NM_001102659,1
ADAM23:NM_003812,0
ZDBF2:NM_020923.3_2,5
CMKLR2:NM_001261453.2_2,2
EEF1B2:NM_021121.4_2,74
NDUFS1:NM_005006.7_2,74
INO80D:NM_017759.5_2,41
NRP2:NM_201279,2
PARD3B:NM_152526,4
ICOS:NM_012092,1
CTLA4:NM_001037631,2
CD28:NM_001243078,0
RAPH1:NM_213589,15
ABI2:NM_001375752,28
CYP20A1:NM_001371700,39
NBEAL1:NM_001114132,22
CARF:NM_001282912,52
WDR12:NM_018256,54
ICA1L:NM_138468,23
FAM117B:NM_173511,24
BMPR2:NM_001204,62
NOP58:NM_015934,34
SUMO1:NM_001371394,31
KIAA2012:NM_001367720,0
FZD7:NM_003507,21
CDK15:NM_139158,0
ALS2:NM_020919,43
MPP4:NM_033066,0
TMEM237:NM_001044385,31
C2CD6:NM_001168221,0
STRADB:NM_018571,43
TRAK2:NM_015049,43
FLACC1:NM_139163,0
CASP8:NM_033355,31
CASP10:NM_001206542,21
CFLAR:NM_001202517,48
NDUFB3:NM_002491,52
FAM126B:NM_001321622,52
ORC2:NM_006190,40
NIF3L1:NM_001142355,47
PPIL3:NM_032472,47
CLK1:NM_004071,58
BZW1:NM_001321688,39
AOX1:NM_001159,0
SGO2:NM_001160033,21
KCTD18:NM_152387,14
SPATS2L:NM_015535,22
MAIP1:NM_001369399,49
TYW5:NM_001039693,49
C2orf69:NM_153689,25
FTCDNL1:NM_001350855,11
SATB2:NM_015265,0
PLCL1:NM_006226,44
BOLL:NM_197970,0
MARS2:NM_138395,52
RFTN2:NM_144629,1
MOB4:NM_199482,27
HSPE1:NM_002157,83
HSPE1-MOB4:NM_001202485,83
HSPD1:NM_199440,83
COQ10B:NM_001320818,42
SF3B1:NM_012433,60
ANKRD44:NM_001367495,4
PGAP1:NM_001321099,10
C2orf66:NM_213608,2
GTF3C3:NM_012086,9
CCDC150:NM_001353339,20
HECW2:NM_001348768,4
STK17B:NM_004226,44
DNAH7:NM_018897,12
SLC39A10:NM_001127257,31
TMEFF2:NM_001305134,6
CAVIN2:NM_004657,44
NABP1:NM_001254736,51
MYO1B:NM_001161819,1
STAT4:NM_001243835,1
STAT1:NM_001384881,25
GLS:NM_014905,53
NAB1:NM_001321313,30
NEMP2:NM_001142645,24
MFSD6:NM_001375989,21
INPP1:NM_002194,2
HIBCH:NM_014362,22
MSTN:NM_005259,2
C2orf88:NM_001042521,1
PMS1:NM_001321048,47
ORMDL1:NM_001371386,47
OSGEPL1:NR_148883,30
ANKAR:NM_001378068,1
ASDURF:NM_001353494,30
ASNSD1:NM_001353497,30
SLC40A1:NM_014585,44
WDR75:NM_032168,47
COL5A2:NM_000393,1
COL3A1:NM_000090.4_2,1
GULP1:NM_001375952,48
TFPI:NM_001329239,36
CALCRL:NM_001369435,1
ZSWIM2:NM_182521,3
FAM171B:NM_177454,8
ITGAV:NM_001145000,53
ZC3H15:NM_018471,100
FSIP2:NM_173651,2
ZNF804A:NM_194250,11
NUP35:NM_001287584,3
DUSP19:NM_001142314,36
NCKAP1:NM_205842,72
FRZB:NM_001463,2
DNAJC10:NM_001271581,46
PDE1A:NM_001395258,2
PPP1R1C:NR_048567,7
ITPRID2:NM_001287504,57
NEUROD1:NR_146176,1
CERKL:NM_001030311,1
ITGA4:NM_000885,0
UBE2E3:NM_001278555,54
CWC22:NM_020943,44
ZNF385B:NM_001352808,2
SESTD1:NM_178123,16
CCDC141:NM_173648,4
TTN:NM_001267550,1
PLEKHA3:NM_019091,61
FKBP7:NM_181342,56
PJVK:NM_001042702,57
PRKRA:NM_001316362,57
OSBPL6:NM_001201481,36
RBM45:NM_152945,34
PDE11A:NM_001077197,3
TTC30A:NM_152275,30
TTC30B:NM_152517,33
AGPS:NM_003659,57
NFE2L2:NM_006164,84
HNRNPA3:NM_001395170,119
MTX2:NM_001319097,49
HOXD1:NM_024501,3
HOXD3:NM_006898,2
HOXD4:NM_014621,1
HOXD8:NM_001199747,3
HOXD9:NM_014213,3
HOXD10:NM_002148,3
HOXD11:NM_021192,4
HOXD12:NM_021193,4
HOXD13:NM_000523,1
EVX2:NM_001080458,1
LNPK:NR_130941,48
ATP5MC3:NM_001002258,58
ATF2:NM_001256090,79
CHN1:NM_001822,5
CHRNA1:NM_001039523,4
WIPF1:NM_001375835,2
GPR155:NM_001033045,22
SCRN3:NM_001193528,42
CIR1:NM_004882,42
SP9:NM_001145250,16
OLA1:NM_013341,49
SP3:NM_003111,86
CDCA7:NM_145810,53
MAP3K20:NM_016653,55
RAPGEF4:NM_001375867,3
ITGA6:NM_001316306,2
DLX2:NM_004405,31
DLX1:NM_001038493.2_2,39
METAP1D:NM_199227.3_2,28
HAT1:NM_003642.4_2,59
SLC25A12:NM_003705.5_2,41
DYNC1I2:NM_001271790.2_2,59
CYBRD1:NM_001256909,65
DCAF17:NM_001164821,61
METTL8:NM_001321157,58
TLK1:NM_001136554,1
GORASP2:NM_001201428,57
GAD1:NM_000817,16
ERICH2:NM_001388467,49
SP5:NM_001003845,11
MYO3B:NM_001083615,4
UBR3:NM_172070,46
METTL5:NM_014168,39
SSB:NM_003142,65
KLHL23:NM_144711,35
PHOSPHO2:NM_001199285,41
PHOSPHO2-KLHL23:NM_001199290,41
CFAP210:NM_001085447,41
PPIG:NM_004792,73
FASTKD1:NM_001322046,34
KLHL41:NM_006063,3
BBS5:NM_152384,28
LRP2:NM_004525,9
DHRS9:NM_001289763,3
ABCB11:NM_003742.4_2,3
G6PC2:NM_001081686.2_2,3
SPC25:NM_020675.4_2,35
NOSTRIN:NM_001171631.2_2,2
CERS6:NM_203463,60
STK39:NM_013233,11
B3GALT1:NM_020981,5
XIRP2:NM_001079810,0
SCN7A:NM_002976,2
SCN9A:NM_002977,49
SCN1A:NM_001202435,2
TTC21B:NM_024753,32
GALNT3:NM_004482,1
CSRNP3:NM_001172173,3
SCN2A:NM_001040142,2
SCN3A:NM_001081677,2
SLC38A11:NM_001351538,2
COBLL1:NM_001365671,12
GRB14:NM_004490,1
FIGN:NM_018086,1
KCNH7:NM_033272,4
GCA:NM_001330265,12
IFIH1:NM_022168,12
FAP:NM_004460,3
GCG:NM_002054,1
DPP4:NM_001935,0
SLC4A10:NM_001354453,4
TBR1:NM_006593,4
PSMD14:NM_005805,86
TANK:NM_004180,0
RBMS1:NM_016836,3
ITGB6:NM_000888,0
PLA2R1:NM_007366,1
LY75:NM_002349,2
CD302:NM_014880,3
LY75-CD302:NM_001198759,2
MARCHF7:NM_022826,86
BAZ2B:NM_001289975,56
WDSUB1:NM_001128213,26
TANC1:NM_001350063,2
DAPL1:NM_001017920,0
PKP4:NM_001377225,52
CCDC148:NM_138803,51
UPP2:NM_001135098,1
ACVR1:NM_001111067,45
ACVR1C:NM_145259,9
CYTIP:NM_004288,4
ERMN:NM_001009959,3
GALNT5:NM_014568,91
GPD2:NM_001083112,13
NR4A2:NM_006186,85
KCNJ3:NM_001260508,4
GALNT13:NM_001376392,0
RPRM:NM_019845,2
ARL6IP6:NR_146422,129
PRPF40A:NM_001395488,127
FMNL2:NM_052905,13
STAM2:NM_005843,46
CACNB4:NM_001145798,2
ARL5A:NM_012097,66
NEB:NM_001271208,1
RIF1:NM_001177664,61
TNFAIP6:NM_007115,4
NMI:NM_004688,35
RBM43:NM_198557,29
RND3:NM_001254738,1
MMADHC:NM_015702,63
LYPD6:NM_001195685,3
LYPD6B:NM_001317006,2
KIF5C:NM_004522.3_2,3
EPC2:NM_015630,86
MBD5:NM_018328,72
ORC4:NM_181742,67
ACVR2A:NM_001278580,16
ZEB2:NM_014795,66
GTDC1:NM_001376307,32
ARHGAP15:NM_018460,1
KYNU:NM_003937,6
LRP1B:NM_018557,2
NXPH2:NM_007226,0
SPOPL:NM_001001664,44
HNMT:NM_006895,8
THSD7B:NM_001316349,0
CXCR4:NM_001348056,5
DARS1:NM_001293312,49
MCM6:NM_005915,43
LCT:NM_002299,1
UBXN4:NM_014607,64
R3HDM1:NM_001282799,50
ZRANB3:NM_032143,53
RAB3GAP1:NM_012233,34
MAP3K19:NM_001400438,0
CCNT2:NM_001241,72
ACMSD:NM_138326,3
TMEM163:NM_030923,2
MGAT5:NM_001371457,25
NCKAP5:NM_207363,0
LYPD1:NM_001077427,0
GPR39:NM_001508,1
ANKRD30BL:NR_152415,1
CCDC74A:NM_001349046,4
TUBA3D:NM_080386,2
MZT2A:NM_001085365,59
NMTRQ-TTG9-1:NMTRQ-TTG9-1,3
NMTRS-TGA2-1:NMTRS-TGA2-1,0
RAB6D:NM_001077637,0
POTEE:NM_001083538,15
PLEKHB2:NM_001309451,56
FAM168B:NM_001321743,37
SMIM39:NM_001395417,2
ARHGEF4:NM_001375900,0
AMER3:NM_152698,1
GPR148:NM_207364,9
POTEJ:NM_001277083,0
CFC1:NM_032545,0
CFC1B:NM_001079530,0
POTEI:NM_001371926,0
PTPN18:NM_001142370,27
IMP4:NM_001371734,61
CCDC115:NM_001321118,61
NMTRQ-TTG7-1:NMTRQ-TTG7-1_2,1
TUBA3E:NM_207312.3_2,0
MZT2B:NM_001330284.2_2,78
SMPD4:NM_017751.4_2,77
CCDC74B:NM_207310.4_2,2
POTEF:NM_001099771.2_2,3
RAB6C:NM_032144.3_2,0
HS6ST1:NM_004807,8
UGGT1:NM_020120,40
SAP130:NM_001330301,48
AMMECR1L:NM_001199140,20
POLR2D:NM_004805,39
SFT2D3:NM_032740,41
WDR33:NM_018383,60
GPR17:NM_001161417,1
LIMS2:NM_001161404,1
MYO7B:NM_001080527,3
IWS1:NM_017969,45
PROC:NM_001375609,3
MAP3K2:NM_001371911,30
ERCC3:NM_001303418,52
CYP27C1:NM_001367502,1
BIN1:NM_139343,4
TEX51:NM_001322244,0
GYPC:NM_016815,47
CNTNAP5:NM_130773,1
TSN:NM_001261401,52
NIFK:NM_032390,50
CLASP1:NM_001378005,74
TFCP2L1:NM_014553,7
GLI2:NM_001374354,2
INHBB:NM_002193,0
RALB:NM_002881,38
TMEM185B:NM_024121,17
EPB41L5:NM_001184937,30
PTPN4:NM_002830,50
CFAP221:NM_001271049,16
SCTR:NM_002980,0
TMEM37:NM_183240,13
DBI:NM_001079862,47
C2orf76:NM_001017927,47
STEAP3:NM_001008410,18
C1QL2:NM_182528,0
MARCO:NM_006770,6
EN1:NM_001426,11
INSIG2:NM_001321330,40
CCDC93:NM_019044,45
DDX18:NM_006773,41
NMTRL-TAA2-1:NMTRL-TAA2-1,1
DPP10:NM_001321913,2
ACTR3:NM_005721,70
SLC35F5:NM_001330314,52
RABL2A:NM_001354426,7
FOXD4L1:NM_012184,0
CBWD2:NM_001330337,8
PAX8:NM_003466,1
PSD4:NM_012455,23
IL1RN:NM_000577,1
IL1F10:NM_173161,2
IL36RN:NM_173170,3
IL36B:NM_014438,1
IL36A:NM_014440,3
IL36G:NM_001278568,2
IL37:NM_173203,3
IL1B:NM_000576,0
IL1A:NM_000575,1
CKAP2L:NM_152515,39
NT5DC4:NM_001350494,0
SLC20A1:NM_005415,53
CHCHD5:NM_001304353,46
POLR1B:NM_001282772,64
TTL:NM_001371712,43
RGPD8:NM_001164463,1
ZC3H6:NM_198581,36
ZC3H8:NM_032494,31
FBLN7:NM_001128165,1
TMEM87B:NM_001329914,64
MERTK:NM_006343,16
ANAPC1:NM_022662,48
BCL2L11:NM_001204107,65
ACOXL:NM_001142807,5
BUB1:NM_004336,66
RGPD6:NM_001384362,0
LIMS4:NR_038099,0
MTLN:NM_001384134,32
NPHP1:NM_000272,9
MALL:NM_001371559,0
LIMS3:NM_001394901,0
LIMS3-LOC440895:NR_027145,0
RGPD5:NM_005054,0
SOWAHC:NM_023016,0
SEPTIN10:NM_001321501,0
SH3RF3:NM_001099289,0
EDAR:NM_022336,0
CCDC138:NM_001351557,35
RANBP2:NM_006267,23
LIMS1:NM_001371496,50
GCC2:NM_181453,47
SULT1C4:NM_001321770,1
SULT1C2:NM_001056,0
SULT1C3:NM_001008743,1
SLC5A7:NM_001305006,0
RGPD4:NM_182588,1
ST6GAL2:NM_032528,1
CD8B2:NM_001368307,1
RGPD3:NM_001144013,0
UXS1:NM_001253875,37
ECRG4:NM_032411,2
NCK2:NM_001004722,30
FHL2:NM_001318897,2
C2orf49:NM_001286537,60
TGFBRAP1:NM_001328646,30
GPR45:NM_007227,2
MRPS9:NM_182640,33
POU3F3:NM_006236,1
TMEM182:NM_001321346,43
MFSD9:NM_001322080,43
SLC9A2:NM_003048,14
SLC9A4:NM_001011552,0
IL18RAP:NM_001393489,5
IL18R1:NM_003855,21
IL1RL1:NM_016232,1
IL1RL2:NM_001351448,1
IL1R1:NM_001288706,8
IL1R2:NM_004633,1
MAP4K4:NM_001384548,41
RFX8:NM_001367509,2
CREG2:NM_153836,2
RNF149:NM_173647,43
CNOT11:NM_017546,47
TBC1D8:NM_001330348,7
RPL31:NM_001098577,73
NPAS2:NM_002518,2
PDCL3:NM_024065,24
NMS:NM_001011717,1
CHST10:NM_004854,33
LONRF2:NM_001371783,24
AFF3:NM_001386135,0
REV1:NM_001321455,36
EIF5B:NM_015904,74
TXNDC9:NM_005783,71
LYG1:NM_001371380,1
LYG2:NM_175735,2
MRPL30:NM_145212,45
MITD1:NM_001320417,45
LIPT1:NM_145199,32
C2orf15:NM_144706,29
TSGA10:NM_025244,32
CRACDL:NM_207362,1
MGAT4A:NM_012214,8
UNC50:NM_014044,77
COA5:NM_001008215,77
INPP4A:NM_001134225,22
CNGA3:NM_001079878,1
VWA3B:NM_144992,3
TMEM131:NM_015348.2_2,59
ZAP70:NM_001079.4_2,2
C2orf92:NM_001351368.2_2,1
ACTR1B:NM_005735.4_2,65
COX5B:NM_001862.3_2,36
ANKRD36B:NM_001393939.1_2,9
ANKRD36:NM_001354587.1_2,19
FAHD2B:NM_001320848.2_2,8
FAM178B:NM_001122646,0
SEMA4C:NM_017789,74
ANKRD39:NM_016466,42
ANKRD23:NM_144994,2
CNNM3:NM_199078,28
CNNM4:NM_020184,18
LMAN2L:NM_001322354,23
FER1L5:NM_001293083,1
KANSL3:NM_001349259,35
ARID5A:NM_001319093,25
NEURL3:NR_104346,5
NCAPH:NM_001281712,52
ITPRIPL1:NM_178495,6
SNRNP200:NM_014014,50
CIAO1:NM_004804,65
TMEM127:NM_017849,64
STARD7:NM_020151,65
DUSP2:NM_004418,1
ASTL:NM_001002036,1
ADRA2B:NM_000682,7
GPAT2:NM_001389639.1_2,0
ANKRD36C:NM_001310154,24
TRIM43:NM_138800.3_2,0
TRIM43B:NM_001164464.2_2,0
FAHD2A:NM_016044.3_2,33
KCNIP3:NM_013434.5_2,1
PROM2:NM_001165977.3_2,1
ZNF2:NM_001291604,46
ZNF514:NM_032788,22
MRPS5:NM_001321995,46
MAL:NM_022440,1
TEKT4:NM_144705,0
AQP7B:NM_001382497,1
RPIA:NM_144563,49
EIF2AK3:NM_004836,34
TEX37:NM_152670,0
FOXI3:NM_001135649,1
THNSL2:NM_001244678,1
FABP1:NM_001443,1
SMYD1:NM_001330364,3
KRCC1:NM_016618,42
RGPD2:NM_001078170,4
PLGLB2:NM_002665,0
PLGLB1:NM_001032392,0
RGPD1:NM_001024457,0
CD8B:NM_172101,0
CD8A:NM_001145873,1
RMND5A:NM_022780,19
RNF103:NM_001198951,43
CHMP3:NM_016079,36
RNF103-CHMP3:NM_001198954,19
KDM3A:NM_018433,33
REEP1:NM_001164730,0
MRPL35:NM_001363782,44
IMMT:NM_001400129,50
PTCD3:NM_017952,105
POLR1A:NM_015425,107
ST3GAL5:NM_001354229,33
ATOH8:NM_032827,1
GNLY:NM_006433,2
SFTPB:NM_198843,0
C2orf68:NM_001013649,34
USP39:NR_046347,56
TMEM150A:NM_001031738,56
RNF181:NM_016494,51
VAMP5:NM_006634,1
VAMP8:NM_003761,43
GGCX:NM_000821,32
MAT2A:NM_005911,115
SH2D6:NM_001394463,22
CAPG:NM_001256139,7
ELMOD3:NM_001329793.2_2,33
RETSAT:NM_017750.4_2,33
TGOLN2:NM_001368095.1_2,66
TCF7L1:NM_031283.3_2,5
KCMF1:NM_020122,67
TMSB10:NM_021103,56
TRABD2A:NM_001277053,4
DNAH6:NM_001370,3
SUCLG1:NM_003849,46
LRRTM1:NM_178839,1
CTNNA2:NM_001399737,2
REG3A:NM_138938,0
REG1A:NM_002909,1
REG1B:NM_006507,1
REG3G:NM_198448,0
LRRTM4:NM_001134745,1
GCFC2:NM_001201334,27
MRPL19:NM_014763,42
EVA1A:NM_032181,0
TACR1:NM_001058,0
POLE4:NM_019896,18
HK2:NM_000189,57
SEMA4F:NM_001271661,12
M1AP:NM_001321739,1
DOK1:NM_001197260,8
LOXL3:NM_032603,34
HTRA2:NM_145074,50
AUP1:NM_181575,52
DQX1:NM_133637,5
TLX2:NM_016170,1
PCGF1:NM_032673,46
LBX2:NM_001009812,31
TTC31:NM_001376144,37
CCDC142:NM_001365575,37
MRPL53:NM_053050,41
MOGS:NM_006302,41
WBP1:NM_012477,13
INO80B:NM_031288,30
INO80B-WBP1:NR_037849,30
RTKN:NM_001015055,16
WDR54:NM_001320823,15
C2orf81:NM_001316766,15
DCTN1:NM_001378991,22
SLC4A5:NM_133478,3
MTHFD2:NM_006636,46
MOB1A:NM_018221,41
BOLA3:NM_212552,58
TET3:NM_001287491,23
DGUOK:NM_001318863,17
ACTG2:NM_001199893,2
STAMBP:NR_148669,45
C2orf78:NM_001080474.3_2,1
DUSP11:NM_003584.3_2,40
TPRKB:NM_001330390.2_2,41
NAT8:NM_003960.4_2,0
ALMS1:NM_015120.4_2,40
EGR4:NM_001965,7
FBXO41:NM_001080410,17
CCT7:NM_001009570,100
PRADC1:NR_144358,93
SMYD5:NM_006062,33
NOTO:NM_001134462,0
RAB11FIP5:NM_001371272,24
SFXN5:NM_001371737,56
EMX1:NM_004097,7
SPR:NM_003124,12
EXOC6B:NM_001321731,16
CYP26B1:NM_019885,1
DYSF:NM_001130976,10
ZNF638:NM_001014972,46
PAIP2B:NM_020459,9
MPHOSPH10:NM_005791,69
MCEE:NM_032601,69
NAGK:NM_001330426,34
TEX261:NM_144582,40
ANKRD53:NM_001369683,5
ATP6V1B1:NM_001692,1
VAX2:NM_012476,7
CD207:NM_015717,1
CLEC4F:NM_173535,0
FIGLA:NM_001004311,2
ADD2:NM_017488,26
TGFA:NM_003236,1
FAM136A:NM_001329752,27
SNRPG:NM_001317165,90
PCYOX1:NM_016297,20
TIA1:NM_001351512,59
C2orf42:NM_001348758,35
PCBP1:NM_006196,101
MXD1:NM_001202514,53
SNRNP27:NM_006857,39
GMCL1:NM_178439,47
ANXA4:NM_001320698,59
AAK1:NM_014911,59
NFU1:NM_001374284,4
GFPT1:NM_001244710,45
ANTXR1:NM_032208,4
GKN1:NM_019617,1
GKN2:NM_182536,4
BMP10:NM_014482,1
ARHGAP25:NM_001166277,1
PROKR1:NM_138964,11
APLF:NM_173545,57
FBXO48:NM_001024680,56
PLEK:NM_002664,2
CNRIP1:NM_001111101,13
PPP3R1:NM_000945,59
PNO1:NM_001329916,56
DNAAF10:NM_138458,57
C1D:NM_001190265,46
ETAA1:NM_019002,18
MEIS1:NM_002398,46
SPRED2:NM_181784,68
ACTR2:NM_005722,61
RAB1A:NM_004161,42
CEP68:NM_001319100,31
SLC1A4:NM_001348407,54
SERTAD2:NM_014755,68
AFTPH:NM_001394996,47
LGALSL:NM_014181,4
PELI1:NM_020651,42
VPS54:NM_016516,34
UGP2:NM_001377527,50
MDH1:NM_001316374,84
WDPCP:NM_001354044,85
OTX1:NM_001199770,34
EHBP1:NM_001142615,3
TMEM17:NM_198276,17
B3GNT2:NM_006577,50
COMMD1:NM_001371765,78
CCT4:NM_006430,78
FAM161A:NM_001201543,20
XPO1:NM_003400,71
USP34:NM_014709,76
C2orf74:NM_001316317,1
SANBR:NM_001330435,31
PEX13:NM_002618,94
PUS10:NM_144709,94
REL:NM_001291746,55
PAPOLG:NM_022894,34
BCL11A:NM_018014,3
FANCL:NM_001114636,38
VRK2:NM_001288838,2
CCDC85A:NM_001080433,5
EFEMP1:NM_001039348,0
PNPT1:NM_033109,39
PPP4R3B:NM_001122964,110
CFAP36:NM_080667,39
CCDC88A:NM_001365480,64
MTIF2:NM_002453,39
RPS27A:NM_001135592,74
CLHC1:NM_001135598,79
RTN4:NM_001321904,1
EML6:NM_001039753,33
SPTBN1:NM_003128,4
C2orf73:NM_001369403,8
TSPYL6:NM_001003937,33
ACYP2:NM_001320587,57
PSME4:NM_014614,58
GPR75:NM_006794,3
ERLEC1:NM_001127398,76
CHAC2:NM_001346127,37
GPR75-ASB3:NM_001164165,3
ASB3:NM_001201965,76
NRXN1:NM_001135659,3
FSHR:NM_000145,2
LHCGR:NM_000233,1
GTF2A1L:NM_001193487,1
STON1:NM_006873,8
STON1-GTF2A1L:NM_001198593,8
PPP1R21:NM_001193475,41
FOXN2:NM_001375443,64
FBXO11:NM_001190274,64
MSH6:NM_001281492,38
NME2P2:NME2P2,0
KCNK12:NM_022055,2
MSH2:NM_001258281,37
EPCAM:NM_002354,16
CALM2:NM_001305625,55
STPG4:NM_001163561,0
TTC7A:NM_001288953,46
MCFD2:NM_001171508,36
SOCS5:NM_014011,28
CRIPT:NM_014171,47
PIGF:NM_173074,48
RHOQ:NM_012249,13
ATP6V1E2:NM_001371281,13
TMEM247:NM_001145051,2
EPAS1:NM_001430,37
PRKCE:NM_005400,29
SRBD1:NM_018079,30
SIX2:NM_016932,0
SIX3:NM_005413,0
CAMKMT:NM_024766,69
PREPL:NM_001171603,69
SLC3A1:NM_000341,1
PPM1B:NM_177968,56
LRPPRC:NM_133259,54
ABCG8:NM_001357321,1
ABCG5:NM_022436,1
DYNC2LI1:NM_001348912,13
C1GALT1C1L:NM_001101330,8
PLEKHH2:NM_172069,17
THADA:NM_001083953,41
ZFP36L2:NM_006887,60
HAAO:NM_012205,0
OXER1:NM_148962,0
MTA3:NM_001282755,7
KCNG3:NM_133329,7
COX7A2L:NM_001319038,42
EML4:NM_001145076,27
PKDCC:NM_138370,3
SLC8A1:NM_001394103,2
THUMPD2:NM_001321478,54
TMEM178A:NM_001167959,1
MAP4K3:NM_003618,67
CDKL4:NR_144521,2
SOS1:NM_001382394,39
ARHGEF33:NM_001145451,2
MORN2:NM_001145450,33
DHX57:NM_198963,33
GEMIN6:NM_024775,22
SRSF7:NM_001363802,62
GALM:NM_138801,23
HNRNPLL:NM_138394,71
ATL2:NM_001330462,37
CYP1B1:NM_000104,2
RMDN2:NM_001322212,23
CDC42EP3:NM_001371569,33
QPCT:NM_012413,0
PRKD3:NM_005813,31
NDUFAF7:NR_146405,72
CEBPZ:NM_005760,72
SULT6B1:NM_001032377,30
EIF2AK2:NM_002759,38
GPATCH11:NM_001278505,52
HEATR5B:NM_019024,52
STRN:NM_003162,55
VIT:NM_001391969,1
FEZ2:NM_001042548,26
CRIM1:NM_016441.3_2,0
FAM98A:NM_015475,53
RASGRP3-AS1:NR_146505,1
RASGRP3:NM_001349978,3
LTBP1:NM_001394905,26
TTC27:NM_001193509,33
BIRC6:NM_016252,57
YIPF4:NM_032312,29
NLRC4:NM_021209,4
SLC30A6:NM_001330476,67
SPAST:NM_001363875,43
DPY30:NM_001321210,41
MEMO1:NM_001371912,46
SRD5A2:NM_000348,1
XDH:NM_000379,2
EHD3:NM_014600,1
CAPN14:NM_001321270,1
GALNT14:NM_001329096,0
CAPN13:NM_144575,0
LCLAT1:NM_001002257,30
LBH:NM_030915,31
YPEL5:NM_016061,42
ALK:NM_004304,1
CLIP4:NM_001287528,2
PCARE:NM_001029883,1
TOGARAM2:NM_001321539,4
WDR43:NM_015131,58
TRMT61B:NM_017910,57
SPDYA:NM_001142634,3
PPP1CB:NM_206876,71
PLB1:NM_153021,0
FOSL2:NM_005253,23
BABAM2:NM_001329112,20
RBKS:NM_001287580,34
MRPL33:NM_145330,39
SLC4A1AP:NM_018158,75
SUPT7L:NM_001282729,75
GPN1:NM_001145049,40
CCDC121:NM_001142683,40
ZNF512:NM_001271289,40
C2orf16:NM_032266,3
GCKR:NM_001486,14
FNDC4:NM_022823,15
IFT172:NM_015662,10
KRTCAP3:NM_001168364,2
NRBP1:NM_001321357,59
PPM1G:NM_177983,33
ZNF513:NM_144631,24
SNX17:NM_001267061,66
EIF2B4:NM_001318966,66
GTF3C2:NM_001394510,66
MPV17:NM_002437,58
UCN:NM_003353,1
TRIM54:NM_187841,4
DNAJC5G:NM_001303128,3
SLC30A3:NM_001318950,2
CAD:NM_001306079,35
ATRAID:NM_001170795,53
SLC5A6:NM_021095,53
TCF23:NM_175769,2
PRR30:NM_178553,2
PREB:NM_013388,41
ABHD1:NM_032604,10
CGREF1:NM_001166240,2
KHK:NM_006488,17
EMILIN1:NM_007046,0
OST4:NM_001134693,51
AGBL5:NR_138023,24
TMEM214:NM_001083590,59
MAPRE3:NM_012326,32
DPYSL5:NM_001253723,5
CENPA:NM_001042426,52
SLC35F6:NM_017877,36
KCNK3:NM_002246,1
CIB4:NM_001029881,1
FAM166C:NM_001105519,2
OTOF:NM_194248,1
DRC1:NM_145038,0
SELENOI:NM_033505,73
ADGRF3:NM_001321971,74
HADHB:NM_001281512,110
HADHA:NM_000182,110
GAREM2:NM_001168241,4
RAB10:NM_016131,73
KIF3C:NM_002254,19
ASXL2:NM_018263,45
DTNB:NM_001351395,7
DNMT3A:NR_135490,6
POMC:NM_001319204,0
EFR3B:NM_014971,3
DNAJC27:NM_001198559,50
ADCY3:NM_001377128,23
CENPO:NM_001199803,69
PTRHD1:NM_001013663,69
NCOA1:NM_147223,42
ITSN2:NM_001348181,43
FAM228A:NM_001040710,2
PFN4:NM_199346,30
TP53I3:NM_004881,35
FAM228B:NM_001291328,41
SF3B6:NM_016047,42
FKBP1B:NM_001322964,10
WDCP:NM_025203,33
MFSD2B:NM_001346880,28
UBXN2A:NM_181713,50
ATAD2B:NM_001354107,73
KLHL29:NM_052920,1
TDRD15:NM_001306137.2_2,4
APOB:NM_000384.3_2,1
LDAH:NM_001282719,34
GDF7:NM_182828,1
HS1BP3:NM_022460,32
RHOB:NM_004040,9
PUM2:NM_001352920,26
SDC1:NM_001006946,6
LAPTM4A:NM_014713,61
MATN3:NM_002381,1
WDR35:NM_001006657,17
TTC32:NM_001008237,71
OSR1:NM_145260,3
NT5C1B:NM_001199087,2
RDH14:NM_020905,36
NT5C1B-RDH14:NM_001199104,2
KCNS3:NM_001282428,6
MSGN1:NM_001105569,2
GEN1:NM_182625,72
SMC6:NM_001142286,72
VSNL1:NM_001366803,5
RAD51AP2:NM_001321233,0
CYRIA:NM_030797,3
MYCN:NM_001293231,0
DDX1:NM_004939,49
NBAS:NM_015909,55
TRIB2:NM_021643,58
LPIN1:NM_001349207,1
NTSR2:NM_012344,1
GREB1:NM_014668,2
E2F6:NM_001278277,14
ROCK2:NM_001321643,50
SLC66A3:NM_001282711,14
C2orf50:NM_182500,2
KCNF1:NM_002236,4
PDIA6:NM_001282705,0
ATP6V1C2:NM_144583,2
NOL10:NM_024894,60
ODC1:NM_002539,69
HPCAL1:NM_002149,34
RRM2:NR_164157,103
CYS1:NM_001037160,6
KLF11:NM_003597,20
GRHL1:NM_198182,23
TAF1B:NM_001318977,46
YWHAQ:NM_006826,50
ADAM17:NM_001382778,58
IAH1:NM_001320860,3
CPSF3:NM_001321835,73
ITGB1BP1:NM_001369749,73
ASAP2:NM_001135191,18
MBOAT2:NM_001321267,54
KIDINS220:NM_001348739,25
ID2:NM_002166,27
RNF144A:NM_001349181,12
RSAD2:NM_080657,2
CMPK2:NM_001256478,26
SOX11:NM_003108,0
DCDC2C:NM_001287444,1
ALLC:NM_018436,0
COLEC11:NM_001255984,2
RPS7:NM_001011,48
RNASEH1:NR_148534,56
ADI1:NM_018269.4_2,37
TRAPPC12:NM_001321102.2_2,54
EIPR1:NM_001330530,53
MYT1L:NM_001329844,0
PXDN:NM_012293,0
TPO:NM_001206745.2_2,3
SNTG2:NM_018968.4_3,0
TMEM18:NM_001352680,30
ALKAL2:NM_001002919,2
ACP1:NM_007099,35
SH3YL1:NM_001282682,35
FAM110C:NM_001077710,1
PGBD2:NM_001017434,24
ZNF692:NM_001136036,35
ZNF672:NM_024836,46
SH3BP5L:NM_001322464,31
LYPD8:NM_001085474,1
OR14I1:NM_001004734.2_2,3
OR2T27:NM_001386060.1_2,0
OR2T35:NM_001001827.2_2,1
OR2T11:NM_001001964.2_2,0
OR2T10:NM_001004693.2_2,0
OR2T34:NM_001001821.1_2,0
OR2T29:NM_001004694.3_2,2
OR2G6:NM_001013355.2_4,0
OR2T5:NM_001004697.2_4,0
OR2T3:NM_001005495.1_4,2
OR2T2:NM_001004136.2_4,0
OR2T1:NM_030904.2_4,3
OR2T6:NM_001005471.2_4,2
OR2T4:NM_001004696.2_4,1
OR14C36:NM_001001918,2
OR2M7:NM_001004691,2
OR2T12:NM_001004692,1
OR2T33:NM_001004695,4
OR2M4:NM_017504,0
OR2M3:NM_001004689,0
OR2M2:NM_001004688,3
OR2M5:NM_001004690,2
OR2L3:NM_001004687,2
OR2L2:NM_001004686,1
OR2L5:NM_001258284,2
OR2AK2:NM_001004491,2
OR2L8:NM_001001963,0
OR2L13:NM_001304535,3
OR2AJ1:NM_001355235,2
OR2T8:NM_001005522,1
OR2W3:NM_001001957,1
TRIM58:NM_015431,49
OR11L1:NM_001001959,1
OR14A16:NM_001001966,1
OR9H1P:NR_172917,1
OR1C1:NM_012353,2
OR14K1:NM_001004732,3
OR14A2:NM_001355292,2
OR6F1:NM_001005286,1
OR13G1:NM_001005487,3
OR14L1P:NM_001396106,2
OR2G3:NM_001001914,2
OR2G2:NM_001001915,3
GCSAML-AS1:NR_027309,6
OR2C3:NM_198074,3
GCSAML:NM_001281853,0
OR2B11:NM_001004492,0
NLRP3:NM_001079821.3_2,0
ZNF496:NM_032752.3_2,75
VN1R5:NR_160309,6
ZNF124:NM_001243740,0
ZNF669:NM_024804,32
ZNF670:NM_033213,38
ZNF695:NM_001204221,19
ZNF670-ZNF695:NR_037894,38
AHCTF1:NM_001323342,61
SCCPDH:NM_016002,36
CNST:NM_152609,116
TFB2M:NM_022366,115
SMYD3:NM_001167740,38
KIF26B:NM_018012,17
EFCAB2:NM_001143943,72
HNRNPU:NM_031844,108
COX20:NM_001312871,67
DESI2:NM_001297746,60
CATSPERE:NM_001242340,5
ADSS2:NM_001365073,42
C1orf100:NM_001276349,3
ZBTB18:NM_001278196,23
AKT3:NM_181690.2_2,1
SDCCAG8:NM_006642.5_2,77
CEP170:NM_014812.3_2,94
PLD5:NM_001372062,4
MAP1LC3C:NM_001004343,2
BECN2:NM_001290693,3
EXO1:NM_001319224,69
WDR64:NM_001367482,6
CHML:NM_001381853,54
OPN3:NM_014322,54
KMO:NM_003679,7
FH:NM_000143,51
RGS7:NM_001374808,0
GREM2:NM_022469,4
FMN2:NM_001348094,2
CHRM3:NM_001375980,0
NMTRL-TAA3-1:NMTRL-TAA3-1,3
NMTRP-TGG1-1:NMTRP-TGG1-1,3
ZP4:NM_021186,1
RYR2:NM_001035,0
MT1HL1:NM_001276687,1
MTR:NM_001291939,43
ACTN2:NM_001103,3
HEATR1:NM_018072,35
LGALS8:NM_201545,4
EDARADD:NM_145861,37
ERO1B:NM_019891,33
GPR137B:NM_003272,1
NID1:NM_002508,1
LYST:NM_001301365,2
GNG4:NM_001098721.2_2,1
B3GALNT2:NM_152490.5_2,77
TBCE:NM_001287802.2_2,42
GGPS1:NM_001371477,120
ARID4B:NM_016374,141
RBM34:NM_015014,48
TOMM20:NM_014765,79
IRF2BP2:NM_182972,45
TARBP1:NM_005646,41
COA6:NM_001206641,81
SLC35F3:NM_173508,4
KCNK1:NM_002245,47
MAP3K21:NM_032435,9
PCNX2:NM_014801,4
NTPCR:NM_001329453,32
MAP10:NM_019090,15
SIPA1L2:NM_001377488,1
DISC1:NM_001164540,3
TSNAX:NM_005999,51
TSNAX-DISC1:NR_028393,51
EGLN1:NM_022051,78
SPRTN:NM_001261462,129
EXOC8:NM_175876,133
GNPAT:NM_001316350,65
C1orf131:NM_152379,66
TRIM67:NM_001300889,3
FAM89A:NM_198552,43
ARV1:NM_022786,75
TTC13:NM_024525,74
C1orf198:NM_001136494,31
CAPN9:NM_001319676,2
AGT:NM_001382817,0
COG2:NM_001145036,52
PGBD5:NM_001258311,7
GALNT2:NM_001291866,2
URB2:NM_014777,80
TAF5L:NM_014409,80
ABCB10:NM_012089,69
NUP133:NM_018230,63
ACTA1:NM_001100,3
CCSAP:NM_145257,59
RAB4A:NM_001271998,58
RNF187:NM_001010858.3_2,49
H2BU1:NM_175055.3_2,81
H2AW:NM_033445.3_2,83
H3-4:NM_003493.3_2,1
TRIM17:NM_016102.4_2,2
TRIM11:NM_145214,83
OBSCN:NM_001271223,2
IBA57:NM_001010867,30
GJC2:NM_020435,4
GUK1:NM_001242839,55
MRPL55:NM_181462,74
C1orf35:NM_024319,41
ARF1:NM_001658,119
WNT3A:NM_033131,0
WNT9A:NM_003395,8
PRSS38:NM_001374657,2
JMJD4:NM_023007,61
SNAP47:NM_001323933,14
ZNF678:NR_102302,32
CDC42BPA:NM_001366011,69
COQ8A:NM_020247,42
PSEN2:NM_012486,37
ITPKB:NM_002221,1
STUM:NM_001003665,0
PARP1:NM_001618,66
LIN9:NM_001270410,59
MIXL1:NM_031944,3
ACBD3:NM_022735,60
H3-3A:NM_001379043,81
SDE2:NM_152608,82
LEFTY2:NM_003240,2
PYCR2:NM_013328,55
LEFTY1:NM_020997,2
TMEM63A:NM_014698,45
EPHX1:NM_001378432,15
SRP9:NM_003133,68
ENAH:NM_001377481,5
LBR:NM_194442,66
DNAH14:NM_001367479,32
WDR26:NM_001379403,75
CNIH4:NM_001277199,48
NVL:NM_002533,66
DEGS1:NM_003676,73
FBXO28:NM_001136115,51
TP53BP2:NM_005426,69
CAPN2:NM_001146068,8
CAPN8:NM_001143962,3
CCDC185:NM_152610,1
SUSD4:NM_017982,7
TLR5:NM_003268,25
DISP1:NM_001377229,11
FAM177B:NM_001394345,3
BROX:NM_001288579,98
AIDA:NM_022831,98
MIA3:NM_001324063,43
TAF1A:NM_001201536,51
HHIPL2:NM_024746,3
DUSP10:NM_007207,44
HLX:NM_021958,23
MTARC1:NM_022746,0
MTARC2:NM_001331042,0
C1orf115:NM_024709,1
MARK1:NM_001286128,1
RAB3GAP2:NM_012414,40
IARS2:NM_018060,42
BPNT1:NM_001286151,33
EPRS1:NM_004446,64
SLC30A10:NM_001376929,2
ZC3H11B:NM_001355457,0
LYPLAL1:NM_001300769,42
TGFB2:NM_003238,13
RRP15:NM_016052,56
SPATA17:NM_138796,5
GPATCH2:NM_018040,5
ESRRG:NM_001134285,3
USH2A:NM_206933,2
KCTD3:NM_001319294,65
KCNK2:NM_001017424,1
CENPF:NM_016343,50
PTPN14:NM_005401,5
SMYD2:NM_020197,49
PROX1:NM_001270616,1
RPS6KC1:NM_001349665,47
ANGEL2:NM_001300757,40
VASH2:NM_001136475,2
FLVCR1:NM_014053,41
SPATA45:NM_001024601,1
TATDN3:NM_001146170,73
NSL1:NM_001042549,74
BATF3:NM_018664,10
GARIN4:NM_153606,0
ATF3:NM_001030287,4
NENF:NM_013349,29
PACC1:NM_001198862,37
PPP2R5A:NM_006243,107
DTL:NM_001286229,95
INTS7:NM_015434,94
LPGAT1:NM_001375844,31
NEK2:NM_001204182,60
SLC30A1:NM_021194,70
RD3:NM_183059,1
TRAF5:NM_004619,17
RCOR3:NM_001136224,82
KCNH1:NM_172362,6
HHAT:NM_001170564.3_2,1
SERTAD4:NM_001354173.2_2,0
SYT14:NR_027459,1
UTP25:NM_014388,37
IRF6:NM_006147,10
C1orf74:NM_152485,24
TRAF3IP3:NM_001320144,3
HSD11B1:NM_181755,3
G0S2:NM_015714,8
LAMB3:NM_000228,0
CAMK1G:NM_020439,1
PLXNA2:NM_025179,9
CD34:NM_001025109,0
CD46:NM_002389,96
CR1L:NM_175710,46
CR1:NM_000651,4
CR2:NM_001877,8
CD55:NM_000574,53
C4BPA:NM_000715,3
C4BPB:NM_001017366,7
YOD1:NM_001276320,50
PFKFB2:NM_001018053,44
C1orf116:NM_023938,7
FCAMR:NM_001170631,2
PIGR:NM_002644,3
FCMR:NM_005449,3
IL24:NM_001185158,1
IL20:NM_001385166,2
IL19:NM_001393490,5
IL10:NM_000572,6
MAPKAPK2:NM_032960,45
DYRK3:NM_003582,54
EIF2D:NM_006893,39
RASSF5:NM_182664,6
IKBKE:NM_001193321,7
SRGAP2:NM_001170637,6
FAM72A:NM_001385240,6
AVPR1B:NM_000707,0
RHEX:NM_001007544,2
CTSE:NM_001910,1
RAB7B:NM_001164522,1
SLC26A9:NM_052934,2
PM20D1:NM_152491,1
SLC41A1:NM_173854,54
RAB29:NM_001135663,25
NUCKS1:NM_022731,61
SLC45A3:NM_033102,22
ELK4:NM_001973,63
MFSD4A:NM_181644,0
CDK18:NM_212502,1
BLACAT1:NM_001397426,1
LEMD1:NM_001199050,2
KLHDC8A:NM_001271863,0
NUAK2:NM_030952,8
TMCC2:NM_014858,12
DSTYK:NM_015375,44
RBBP5:NM_005057,52
TMEM81:NM_203376,3
CNTN2:NM_001346083,1
NFASC:NM_001365986,2
LRRN2:NM_006338,0
MDM4:NM_001204172,52
PIK3C2B:NM_002646,19
PPP1R15B:NM_032833,106
PLEKHA6:NM_014935,4
GOLT1A:NM_198447,2
KISS1:NM_002256,1
REN:NM_000537,0
ETNK2:NM_001297760,6
SOX13:NM_005686,5
SNRPE:NM_003094,49
ZBED6:NM_001395895,50
ZC3H11A:NM_001376365,50
LAX1:NM_001136190,1
ATP2B4:NM_001684,9
OPTC:NM_014359,0
PRELP:NM_201348,3
FMOD:NM_002023,1
BTG2:NM_006763,25
CHIT1:NM_003465,1
CHI3L1:NM_001276,0
MYBPH:NM_004997,0
ADORA1:NM_001048230,1
MYOG:NM_002479,0
PPFIA4:NM_001393957,18
TMEM183A:NM_001322959,56
CYB5R1:NM_016243,33
ADIPOR1:NM_001290629,55
KLHL12:NM_001303051,35
RABIF:NM_002871,47
KDM5B:NM_001314042,70
SYT2:NM_177402,1
PPP1R12B:NM_002481,37
UBE2T:NM_001310326,38
LGR6:NM_001017403,1
PTPN7:NR_037663,57
ARL8A:NM_138795,39
GPR37L1:NM_004767,1
ELF3:NM_004433,1
RNPEP:NM_001319184,38
TIMM17A:NM_006335,59
LMOD1:NM_012134,7
SHISA4:NR_030775,1
IPO9:NM_018085,41
NAV1:NM_001389616,8
CSRP1:NM_004078,22
PHLDA3:NM_012396,0
TNNI1:NM_003281,1
LAD1:NM_005558,1
TNNT2:NM_001276347,1
PKP1:NM_001005337,1
IGFN1:NM_001367841,0
TMEM9:NM_001288564,12
ASCL5:NM_001270601,1
CACNA1S:NM_000069,1
KIF21B:NM_001252100,12
INAVA:NM_018265,3
GPR25:NM_005298,0
CAMSAP2:NM_001297708,36
DDX59:NM_001320181,47
KIF14:NM_014875,36
ZNF281:NM_001281293,38
NR5A2:NM_003822,2
PTPRC:NM_080921.4_2,13
ATP6V1G3:NM_133326.2_2,4
NEK7:NM_133494,80
LHX9:NM_001014434,1
C1orf53:NM_001024594,22
DENND1B:NM_001195215,40
CRB1:NM_001257965,45
ZBTB41:NM_194314,46
ASPM:NM_018136,67
F13B:NM_001994.3_2,2
CFHR5:NM_030787.4_2,1
CFHR2:NM_005666.4_2,1
CFHR4:NM_001201551.2_2,2
CFHR1:NM_001379312,0
CFHR3:NM_001166624,0
CFH:NM_000186.4_2,12
KCNT2:NM_198503.5_2,3
B3GALT2:NM_003783,3
CDC73:NM_024529,78
GLRX2:NM_016066,53
RO60:NM_001042369,112
UCHL5:NM_001350848,110
RGS2:NM_002923,33
RGS13:NM_144766,2
RGS1:NM_002922,0
RGS21:NM_001039152,3
RGS18:NM_130782,1
BRINP3:NM_199051,2
PLA2G4A:NM_001311193,2
PTGS2:NM_000963,3
PDC:NM_002597,0
ODR4:NM_001164246,115
TPR:NM_003292,115
PRG4:NM_001127710,4
HMCN1:NM_031935,7
IVNS1ABP:NM_006469,78
SWT1:NM_001105518,77
TRMT1L:NM_001202423,77
RNF2:NM_007212,58
NIBAN1:NM_052966,39
EDEM3:NM_001319960,69
C1orf21:NM_030806,11
TSEN15:NM_001363643,47
COLGALT2:NM_001303420,58
APOBEC4:NM_203454,1
RGL1:NM_001297670,56
ARPC5:NM_001270439,58
NCF2:NM_001127651,0
SMG7:NM_001394147,75
NMNAT2:NM_015039,1
LAMC2:NM_005562,2
LAMC1:NM_002293,9
SHCBP1L:NM_001345928,2
DHX9:NM_001357,72
NPL:NM_001200050,21
RGS8:NM_001387847,1
RGS16:NM_002928,1
RNASEL:NM_021133,20
RGSL1:NM_001137669,0
TEDDM1:NM_172000,3
GLUL:NM_002065,116
ZNF648:NM_001009992,1
CACNA1E:NM_001205294,2
IER5:NM_016545,90
MR1:NM_001194999,21
STX6:NM_005819,43
KIAA1614:NM_020950,2
XPR1:NM_001135669,48
LHX4-AS1:NR_037642,2
ACBD6:NM_032360,58
LHX4:NM_033343,20
QSOX1:NM_002826,64
CEP350:NM_014810,57
TOR1AIP1:NM_015602,92
TOR1AIP2:NM_001349935,49
FAM163A:NM_001329713,2
TDRD5:NM_001199091,0
NPHS2:NM_014625,2
AXDND1:NM_144696,35
SOAT1:NM_001252512,34
ABL2:NM_007314,28
TOR3A:NM_022371,27
FAM20B:NM_001324310,48
ANGPTL1:NM_004673,4
RALGPS2:NM_001286247,38
TEX35:NM_001170724,0
CLEC20A:NM_001395331,2
RASAL2:NM_170692,18
SEC16B:NM_001390835,3
CRYZL2P-SEC16B:NM_001356505,3
BRINP2:NM_021165,5
ASTN1:NM_001286164,2
PAPPA2:NM_020318,2
COP1:NM_022457,100
TNR:NM_003285,1
KIAA0040:NM_001162893,23
TNN:NM_022093,3
MRPS14:NM_022100,45
CACYBP:NM_001007214,77
GPR52:NM_005684,4
RABGAP1L:NM_001366448,65
RC3H1:NM_172071,64
SERPINC1:NM_001365052,2
ZBTB37:NM_001346115,123
DARS2:NM_001365212,103
CENPL:NM_001387285,103
KLHL20:NM_014458,53
TEX50:NM_001195190,4
ANKRD45:NM_198493,6
SLC9C2:NM_178527,4
PRDX6:NM_004905,85
TNFSF4:NM_003326,2
TNFSF18:NM_005092,1
FASLG:NM_001302746,4
SUCO:NM_016227,104
PIGC:NM_002642,38
C1orf105:NM_139240,3
DNM3:NM_001350206,8
METTL13:NM_014955,51
VAMP4:NM_003762,68
MYOC:NM_000261,2
MYOCOS:NM_001368164,0
PRRC2C:NM_015172,60
FMO4:NM_002022,0
FMO1:NM_002021,2
FMO2:NM_001365900,3
FMO3:NM_006894,1
MROH9:NM_001163629,2
PRRX1:NM_022716,0
GORAB:NM_152281,51
NTMT2:NM_001136107,0
KIFAP3:NM_001204514,21
SCYL3:NM_181093,52
METTL18:NM_033418,59
C1orf112:NM_001320047,59
SELE:NM_000450,1
SELL:NM_000655,3
SELP:NM_003005,2
F5:NM_000130,2
SLC19A2:NM_001319667,66
CCDC181:NM_001300968,1
BLZF1:NM_003666,54
NME7:NM_013330,54
ATP1B1:NM_001677,26
DPT:NM_001937,2
XCL1:NM_002995,0
XCL2:NM_003175,1
TBX19:NM_005149,6
SFT2D2:NM_199344,32
TIPRL:NM_152902,46
GPR161:NM_001349632,21
MPC2:NM_001143674,121
DCAF6:NM_001349778,125
ADCY10:NM_001297772,3
MPZL1:NM_001146191,50
RCSD1:NM_001322924,58
CREG1:NM_003851,51
CD247:NM_001378515,0
POU2F1:NM_001365849,88
STYXL2:NM_001080426,2
GPA33:NM_005814,5
MAEL:NM_001286378,9
ILDR2:NM_199351,9
TADA1:NM_053053,43
POGK:NM_001314014,36
FAM78B:NM_001320302,12
UCK2:NM_012474,47
TMCO1:NM_001256165,70
ALDH9A1:NM_001365774,36
MGST3:NM_004528,51
LRRC52:NM_001005214,0
RXRG:NM_001256570,3
LMX1A:NM_177398,3
PBX1:NM_001353131,5
NMNAT1P2:NMNAT1P2,0
NUF2:NM_031423,57
RGS5:NM_001254748,57
RGS4:NM_001102445,2
CCDC190:NM_178550,0
HSD17B7:NM_016371,2
DDR2:NM_001354983,4
UAP1:NM_001324116,91
UHMK1:NM_001184763,62
SH2D1B:NM_053282,8
C1orf226:NM_001135240,0
SPATA46:NM_182581,2
NOS1AP:NM_001164757,22
OLFML2B:NM_001347700,8
ATF6:NM_007348,40
DUSP12:NM_007240,39
FCRLB:NM_001002901,2
FCRLA:NM_001184871,5
FCGR2B:NM_001386002,2
FCGR3B:NM_000570,0
FCGR2C:NR_047648,0
FCGR3A:NM_001329120,2
HSPA6:NM_002155,9
FCGR2A:NM_001375297,42
CFAP126:NM_001013625,0
SDHC:NM_001035513,32
MPZ:NM_001315491,4
PCP4L1:NM_001102566,1
NR1I3:NM_001077482,2
TOMM40L:NM_001286374,41
APOA2:NM_001643,5
FCER1G:NM_004106,3
NDUFS2:NM_001377298,2
ADAMTS4:NM_005099,4
B4GALT3:NM_001199873,34
PPOX:NM_001365401,27
USP21:NM_001319848,20
UFC1:NM_016406,30
DEDD:NM_001330765,48
NIT1:NM_001185092,67
PFDN2:NM_012394,67
KLHDC9:NM_152366,5
NECTIN4:NM_030916,0
ARHGAP30:NM_001025598,2
USF1:NM_007122,56
TSTD1:NM_001113205,0
F11R:NM_001382727,51
ITLN2:NM_080878,1
ITLN1:NM_017625,1
CD244:NM_001166663,1
LY9:NM_001261457,1
SLAMF7:NM_001282595,3
CD48:NM_001778,1
SLAMF1:NM_001330754,1
CD84:NM_001184879,3
SLAMF6:NM_001184714,3
VANGL2:NM_020335,15
NHLH1:NM_005598,0
NCSTN:NM_001290186,67
COPA:NM_001098398,67
PEX19:NM_001193644,21
DCAF8:NM_015726,44
PEA15:NM_001297578,26
CASQ1:NM_001231,2
ATP1A4:NM_144699,5
ATP1A2:NM_000702,4
IGSF8:NM_001206665,14
KCNJ9:NM_004983,0
KCNJ10:NM_002241,4
PIGM:NM_145167,34
SLAMF9:NM_033438,6
IGSF9:NM_001135050,3
TAGLN2:NM_003564,59
CFAP45:NM_012337,2
VSIG8:NM_001013661,3
SLAMF8:NM_001330741,1
FCRL6:NM_001284217,1
DUSP23:NM_017823,15
CRP:NM_000567,1
APCS:NM_001639,1
OR10J5:NM_001004469,1
OR10J4:NR_145510,1
OR10J1:NM_001363558.2_2,1
FCER1A:NM_002001.4_2,1
ACKR1:NM_002036,0
CADM3:NM_001346510,2
AIM2:NM_004833,7
IFI16:NM_001376591,0
PYDC5:NM_001320010,3
PYHIN1:NM_198930,2
MNDA:NM_002432,2
OR6N2:NM_001005278,3
OR6N1:NM_001005185,4
OR6K6:NM_001005184,1
OR6K3:NM_001005327,1
OR6K2:NM_001005279,2
SPTA1:NM_003126,27
OR10Z1:NM_001004478,3
OR10X1:NM_001004477,1
OR6P1:NM_001160325,0
OR6Y1:NM_001005189,2
OR10R2:NM_001395749,2
OR10K1:NM_001004473,2
OR10K2:NM_001004476,1
OR10T2:NM_001004475,0
CD1E:NM_001185110,0
CD1C:NM_001765,1
CD1B:NM_001764,0
CD1A:NM_001320652,2
CD1D:NM_001371763,6
SMIM42:NM_001395415,0
KIRREL1:NM_001286349,1
CD5L:NM_001347698,1
FCRL1:NM_052938,1
FCRL2:NM_030764,2
FCRL3:NM_052939,2
FCRL4:NM_031282,2
FCRL5:NM_031281,0
ETV3:NM_001145312,56
ETV3L:NM_001004341,0
ARHGEF11:NM_001377418,30
LRRC71:NM_144702,3
PEAR1:NM_001080471,4
INSRR:NM_014215,15
NTRK1:NM_001007792,9
SH2D2A:NM_001161441,1
PRCC:NM_005973,74
HDGF:NM_001319186,69
MRPL24:NM_145729,27
METTL25B:NM_001142560,63
ISG20L2:NM_001370151,60
CRABP2:NM_001199723,7
NES:NM_006617,7
BCAN:NM_021948.5_2,0
HAPLN2:NM_021817.3_2,3
GPATCH4:NM_182679,51
NAXE:NM_144772.3_2,32
TTC24:NM_001105669.4_2,1
IQGAP3:NM_178229.5_2,23
MEF2D:NM_005920.4_2,40
RHBG:NM_020407,1
TSACC:NM_144627,59
CCT3:NM_005998,58
VHLL:NM_001004319,1
GLMP:NM_001256609,22
TMEM79:NR_026678,70
SMG5:NM_001323617,2
PAQR6:NM_024897,0
BGLAP:NM_199173,0
PMF1:NM_001393915,22
PMF1-BGLAP:NM_001199664,22
SLC25A44:NM_001377389,48
SEMA4A:NM_001370568,0
LMNA:NM_001282625,41
MEX3A:NM_001093725,41
RAB25:NM_020387,4
LAMTOR2:NM_001145264,69
UBQLN4:NM_020131,70
SSR2:NM_003145,26
ARHGEF2:NM_001350112,81
RXFP4:NM_181885,2
KHDC4:NM_014949,68
RIT1:NM_006912,18
SYT11:NM_152280,24
GON4L:NM_001282856,26
DAP3:NM_001199851,69
YY1AP1:NM_001198906,69
MSTO1:NM_001256533,11
ASH1L:NM_001366177,75
RUSC1:NM_001105204,8
FDPS:NM_001242825,57
PKLR:NM_000298.6_2,16
HCN3:NM_020897.3_2,25
CLK2:NM_001294338.2_2,32
SCAMP3:NM_005698.4_2,36
FAM189B:NM_006589.3_2,19
GBA:NM_001005741.3_2,28
MTX1:NM_198883.3_2,34
THBS3:NM_007112,34
MUC1:NM_001204286,33
TRIM46:NM_001282378,38
KRTCAP2:NM_173852,38
DPM3:NM_153741,38
SLC50A1:NM_001287592,34
EFNA1:NM_182685,7
EFNA3:NM_004952,19
EFNA4:NM_182689,32
ADAM15:NM_207191,35
DCST1:NM_001143687,1
DCST2:NM_144622,1
ZBTB7B:NM_001377455,85
LENEP:NM_018655,2
FLAD1:NM_201398,45
CKS1B:NM_001826,73
SHC1:NM_003029,70
PYGO2:NM_138300,60
PBXIP1:NM_020524,13
PMVK:NM_001323012,2
KCNN3:NM_001204087,3
ADAR:NM_001365045,42
CHRNB2:NM_000748,0
UBE2Q1:NM_017582,41
TDRD10:NM_182499,2
SHE:NM_001010846,2
IL6R:NM_001382774,5
ATP8B2:NM_001370596,26
AQP10:NM_080429,7
HAX1:NM_001018837,38
UBAP2L:NM_001287816,92
C1orf43:NM_001098616,92
CFAP141:NM_001010979,2
TPM3:NM_001364680,2
NUP210L:NM_207308,3
RPS27:NM_001030,43
RAB13:NM_002870,28
JTB:NM_006694,83
CREB3L4:NM_001255980,45
SLC39A1:NM_001271960,45
CRTC2:NM_181715,42
DENND4B:NM_014856,66
GATAD2B:NM_020699.4_2,57
SLC27A3:NM_001317929.4_2,12
INTS3:NM_001324475.2_2,24
NPR1:NM_000906,4
ILF2:NM_001267809,57
SNAPIN:NR_052020,25
CHTOP:NM_001244664,41
S100A1:NM_006271,16
S100A13:NM_001024210,42
S100A14:NM_020672,2
S100A16:NM_080388,0
S100A2:NM_005978,2
S100A3:NM_002960,3
S100A4:NM_019554,6
S100A5:NM_001394234,2
S100A6:NM_014624,2
S100A7:NM_002963,2
S100A7A:NM_176823,0
S100A8:NM_001319198,1
S100A12:NM_005621,1
S100A9:NM_002965,2
PGLYRP4:NM_020393,3
PGLYRP3:NM_052891,1
LORICRIN:NM_000427,1
PRR9:NM_001195571,1
LELP1:NM_001010857,0
SPRR2G:NM_001014291,0
SPRR2F:NM_001382255,4
SPRR2E:NM_001024209,3
SPRR2B:NM_001388198,1
SPRR2A:NM_005988,0
SPRR2D:NM_001382248,1
SPRR1B:NM_003125,1
SPRR3:NM_001097589,0
SPRR1A:NM_005987,2
SPRR4:NM_173080,1
SPRR5:NM_001395435,1
IVL:NM_005547,4
SMCP:NM_030663,0
LCE7A:NM_001395990,0
LCE6A:NM_001128600,1
LCE1A:NM_178348,0
LCE1B:NM_178349,0
LCE1C:NM_178351,2
LCE1D:NM_178352,0
LCE1E:NM_178353,1
LCE1F:NM_178354,0
KPRP:NM_001025231,1
C1orf68:NM_001024679,0
LCE4A:NM_001387222,1
LCE2A:NM_178428,0
LCE2B:NM_014357,1
LCE2C:NM_178429,1
LCE2D:NM_178430,0
LCE3A:NM_178431,1
LCE3B:NM_178433,0
LCE3C:NM_178434,1
LCE3D:NM_032563,0
LCE3E:NM_178435,4
CRCT1:NM_019060,0
LCE5A:NM_178438,0
CRNN:NM_016190,2
FLG2:NM_001014342,1
FLG:NM_002016,0
HRNR:NM_001009931,1
RPTN:NM_001122965,1
TCHH:NM_007113,2
TCHHL1:NM_001008536,3
S100A11:NM_005620,52
S100A10:NM_002966,4
THEM4:NM_053055,51
THEM5:NM_182578,0
C2CD4D:NM_001136003,4
RORC:NM_005060,0
LINGO4:NM_001004432,2
TDRKH:NM_006862,29
OAZ3:NM_001134939,45
MRPL9:NM_031420,44
RIIAD1:NM_001144956,1
CELF3:NM_001172648,1
SNX27:NM_001330723,27
TUFT1:NM_001126337,17
CGN:NM_020770,12
POGZ:NM_015100,31
PSMB4:NM_002796,32
SELENBP1:NM_001258289,14
RFX5:NM_001379415,20
PI4KB:NM_001369628,39
ZNF687:NM_001304764,42
PSMD4:NM_002810,33
PIP5K1A:NM_001135637,28
VPS72:NM_001271087,40
TMOD4:NM_013353,4
SCNM1:NM_024041,39
TNFAIP8L2:NM_024575,0
TNFAIP8L2-SCNM1:NM_001204848,0
LYSMD1:NM_212551,39
SEMA6C:NM_001178061,14
GABPB2:NM_001323913,44
MLLT11:NM_006818,81
CDC42SE1:NM_001038707,89
C1orf56:NM_017860,12
BNIPL:NM_138278,0
PRUNE1:NM_001303229,48
MINDY1:NM_018379,48
ANXA9:NM_003568,1
CERS2:NM_181746,75
SETDB1:NM_001393960,30
CTXND2:NM_001384189,1
ARNT:NM_001350224,37
CTSK:NM_000396,1
CTSS:NM_004079,7
HORMAD1:NM_032132,0
GOLPH3L:NM_018178,33
ENSA:NM_207042,69
MCL1:NM_021960,80
ADAMTSL4-AS1:NR_104133,24
ADAMTSL4:NM_001288608,56
ECM1:NM_001202858,8
TARS2:NM_001271896,32
RPRD2:NM_001387114,78
PRPF3:NM_001350529,46
MRPS21:NM_031901,37
CIART:NM_001300840,1
C1orf54:NM_001301040,0
APH1A:NM_016022,42
CA14:NM_012113,5
ANP32E:NM_030920,67
PLEKHO1:NM_001304724,12
VPS45:NM_001279353,44
OTUD7B:NM_020205,61
MTMR11:NM_001145862,6
SF3B4:NM_005850,41
SV2A:NM_014849,2
BOLA1:NM_016074,0
H2AC21:NM_175065,68
H2AC20:NM_003517,89
H2BC21:NM_003528,90
H3C15:NM_001005464,0
H2AC19:NM_001040874,27
H4C15:NR_168447,0
H2AC18:NM_003516,35
H3C14:NM_021059,0
H4C14:NM_003548,0
H3C13:NM_001123375,14
FCGR1A:NR_166123,0
H2BC18:NM_001161334,19
PPIAL4C:NM_001135789,0
NBPF19:NM_001351365,0
NOTCH2NLC:NM_001364013,1
NBPF9:NM_001388368,2
PDE4DIP:NM_001395302,0
NUDT4B:NM_001355407,0
NOTCH2NLB:NM_001395234,0
NBPF14:NM_001395631,0
PPIAL4G:NM_001123068,0
NBPF11:NM_001385473,18
GPR89B:NM_001350180,13
GJA8:NM_005267,4
GJA5:NM_005266,2
ACP6:NM_016361,4
BCL9:NM_004326,4
FMO5:NM_001144829,5
CHD1L:NM_001348451,41
PRKAB2:NM_005399,41
NBPF12:NM_001278141,12
PPIAL4H:NM_001368128,0
NOTCH2NLA:NM_001395232,4
NBPF10:NM_001039703,0
HJV:NM_001379352,7
TXNIP:NM_006472,109
ANKRD34A:NM_001039888,41
LIX1L:NM_153713,19
POLR3GL:NM_001330685,41
RBM8A:NM_005105,36
PEX11B:NM_003846,49
ITGA10:NM_003637,3
ANKRD35:NM_144698,8
PIAS3:NM_006099,35
NUDT17:NM_001012758,12
POLR3C:NM_006468,45
RNF115:NM_014455,45
CD160:NM_007053,3
PDZK1:NM_002614,1
GPR89A:NM_001097612,18
NBPF20:NM_001397211,19
PPIAL4D:NM_001164261,0
SRGAP2B:NM_001385228,3
PPIAL4F:NM_001164262.3_2,0
NBPF15:NM_001385426,3
PPIAL4E:NM_001144032,0
FAM72C:NM_001346067,2
H3-7:NM_001355409,0
SRGAP2C:NM_001271872,10
FAM72B:NM_001100910,10
PPIAL4A:NM_001143883.4_2,2
NOTCH2NLR:NM_001396072.1_2,8
NBPF26:NM_001395637.1_2,8
SEC22B:NM_004892,41
NOTCH2:NM_024408,2
ADAM30:NM_021794,3
REG4:NM_001159352,5
HMGCS2:NM_001166107,3
PHGDH:NM_006623,12
ZNF697:NM_001080470,46
HSD3B1:NM_001328615,2
HSD3B2:NM_001166120,1
HAO2:NM_016527,2
WARS2:NM_201263,69
TBX15:NM_152380,2
SPAG17:NM_206996,8
WDR3:NM_006784,96
GDAP2:NM_017686,96
TENT5C:NM_017709,57
MAN1A2:NM_006699,84
VTCN1:NM_024626,0
TRIM45:NM_025188,25
TTF2:NM_003594,73
CD101:NM_001256111,2
PTGFRN:NM_020440,28
CD2:NM_001767,1
IGSF3:NM_001542,33
CD58:NM_001779,47
ATP1A1:NM_000701,56
MAB21L3:NM_152367,3
SLC22A15:NM_018420,11
NHLH2:NM_005599,1
CASQ2:NM_001232,1
VANGL1:NM_001172411,40
NGF:NM_002506,3
TSPAN2:NM_005725,6
TSHB:NM_000549,2
SYCP1:NM_003176,3
SIKE1:NM_001102396,50
CSDE1:NM_001242891,60
NRAS:NM_002524,48
AMPD1:NM_000036,5
DENND2C:NM_001256404,15
BCAS2:NM_005872,39
TRIM33:NM_015906,91
SYT6:NM_001253772,0
OLFML3:NM_020190,2
HIPK1:NM_198268,87
DCLRE1B:NM_001319947,61
AP4B1:NM_006594,60
BCL2L15:NM_001010922,2
PTPN22:NM_001193431,5
RSBN1:NM_018364,69
PHTF1:NM_001323042,53
MAGI3:NM_001142782,44
LRIG2:NM_014813,57
SLC16A1:NM_001166496.2_2,102
TAFA3:NM_182759,2
PPM1J:NM_005167,28
RHOC:NM_001042678,52
MOV10:NM_001130079,46
CAPZA1:NM_006135,121
ST7L:NM_001308264,117
WNT2B:NM_001291880,4
CTTNBP2NL:NM_018704,17
KCND3:NM_001378969,3
DDX20:NM_007204,68
INKA2:NM_198926,68
RAP1A:NM_001370216,1
ADORA3:NM_001302678,2
TMIGD3:NM_001081976,2
C1orf162:NM_001300835,0
ATP5PB:NM_001688,107
WDR77:NM_001317062,107
OVGP1:NM_002557,1
PIFO:NM_001300831,7
CHIA:NM_001258002,3
CHI3L2:NM_001025197,0
DENND2D:NM_001271833,2
CEPT1:NM_001007794,66
DRAM2:NM_001349881,66
LRIF1:NM_018372,80
CD53:NM_001040033,8
KCNA3:NR_109845,2
KCNA2:NM_001204269,1
KCNA10:NM_005549,2
PROK1:NM_032414,3
LAMTOR5:NM_006402,50
SLC16A4:NM_004696,3
RBM15:NM_001201545,115
KCNC4:NM_001377331,18
SLC6A17:NM_001010898,2
UBL4B:NM_203412,2
ALX3:NM_006492,3
STRIP1:NM_001270768,8
AHCYL1:NM_006621,45
CSF1:NM_172211,25
EPS8L3:NM_139053,0
GSTM3:NM_000849,2
GSTM5:NM_000851,0
GSTM1:NM_146421,0
GSTM2:NM_001142368,7
GSTM4:NM_147148,21
AMPD2:NM_139156,53
GNAT2:NM_001377295,53
GNAI3:NM_006496,85
GPR61:NM_031936,2
AMIGO1:NM_020703,12
CYB561D1:NM_001134402,24
ATXN7L2:NM_153340,31
SYPL2:NM_001040709,7
PSMA5:NM_002790,61
SORT1:NM_002959,43
MYBPHL:NM_001010985,5
PSRC1:NM_001350237,38
CELSR2:NM_001408,9
SARS1:NM_001330669,77
ELAPOR1:NM_001284352,4
CFAP276:NM_001366200,4
TMEM167B:NM_020141,91
TAF13:NM_005645,39
WDR47:NM_001142550,40
CLCC1:NM_001377459,50
GPSM2:NM_001321038,49
AKNAD1:NR_049760,3
STXBP3:NM_007269,29
FNDC7:NM_001144937,2
PRPF38B:NM_018061,134
HENMT1:NM_144584,2
FAM102B:NM_001010883,30
NBPF6:NM_001143988.2_2,0
NBPF4:NM_001143989.3_2,0
SLC25A24:NM_013386.5_2,62
VAV3:NM_006113,2
NTNG1:NM_014917,1
PRMT6:NM_018137,58
AMY1C:NM_001346780,0
AMY1B:NM_001386925,0
AMY1A:NM_001008221,0
AMY2A:NM_000699,1
AMY2B:NM_020978,2
RNPC3:NM_017619,40
COL11A1:NM_001854,1
OLFM3:NM_001288823,2
DPH5:NM_001077394,48
SLC30A7:NM_001144884,82
EXTL2:NR_048570,83
VCAM1:NM_001199834,1
GPR88:NM_022049,2
CDC14A:NM_003672,75
RTCA:NM_003729,66
DBT:NM_001399969,36
LRRC39:NM_001256385,3
TRMT13:NM_001393410,52
SASS6:NM_194292,54
MFSD14A:NM_033055,67
SLC35A3:NM_001271684,35
AGL:NM_000642,33
FRRS1:NM_001361041,45
PALMD:NM_017734,12
PLPPR4:NM_001166252,0
PLPPR5:NM_001037317,0
SNX7:NM_152238,1
DPYD:NM_000110,8
PTBP2:NM_001300990,54
RWDD3:NR_103484,19
TLCD4-RWDD3:NM_001199691,43
TLCD4:NM_001199679,1
ALG14:NM_001305242,34
CNN3:NM_001839,1
SLC44A3:NM_001258343,0
F3:NM_001993,6
ABCD3:NM_002858,28
ARHGAP29:NM_001328664,9
ABCA4:NM_000350,1
GCLM:NM_002061,44
DNTTIP2:NM_014597,62
BCAR3:NM_001261408,41
FNBP1L:NM_017737,35
DR1:NM_001938,85
CCDC18:NM_001306076,54
TMED5:NM_001167830,55
MTF2:NM_001164393,54
DIPK1A:NM_001252273,28
RPL5:NR_146333,82
EVI5:NM_001308248,7
GFI1:NM_005263,20
RPAP2:NM_024813,49
GLMN:NM_053274,49
C1orf146:NM_001012425,2
BTBD8:NM_001376131,14
SETSIP:NM_001287737,0
EPHX4:NM_173567,0
BRDT:NM_001242807,1
TGFBR3:NM_001195684,11
CDC7:NM_001134419,44
HFM1:NM_001017975,29
ZNF644:NM_201269,38
BARHL2:NM_020063,10
ZNF326:NM_001320185,54
LRRC8D:NM_001134479,57
LRRC8C:NM_032270,30
LRRC8B:NM_001369817,44
GBP6:NM_001320257,2
GBP5:NM_052942,1
GBP4:NM_052941,1
GBP7:NM_207398,4
GBP2:NM_004120,2
GBP1:NM_002053,1
GBP3:NM_001319179,3
RBMXL1:NM_001162536,56
KYAT3:NR_146183,56
GTF2B:NM_001514,36
PKN2:NM_001320708,58
LMO4:NM_006769,41
HS2ST1:NM_012262,82
SH3GLB1:NM_001206653,51
CLCA4:NM_012128,2
CLCA1:NM_001285,1
CLCA2:NM_006536,1
ODF2L:NM_001184765,15
COL24A1:NR_146340,0
ZNHIT6:NM_017953,40
CCN1:NM_001554,27
DDAH1:NM_001134445,21
BCL10:NM_003921,40
C1orf52:NM_198077,37
SYDE2:NM_032184,57
DNAI3:NM_001288563,1
MCOLN3:NM_018298,7
MCOLN2:NM_001330647,3
LPAR3:NM_012152,1
SSX2IP:NM_001166417,64
CTBS:NM_004388,38
SPATA1:NM_001397487,73
GNG5:NM_005274,72
RPF1:NM_025065,37
DNASE2B:NM_021233,1
SAMD13:NM_001010971,24
PRKACB:NM_002731,44
TTLL7:NM_001350214,21
ADGRL2:NM_001393349,3
ADGRL4:NM_022159,0
IFI44:NR_135640,1
IFI44L:NM_001375648,1
PTGFR:NM_000959,1
GIPC2:NM_001304725,0
DNAJB4:NM_001317102,99
FUBP1:NM_001303433,99
NEXN:NM_001172309,12
MIGA1:NM_001394572,33
USP33:NM_001377439,56
ZZZ3:NM_001376146,63
AK5:NM_174858,1
PIGK:NM_005482,24
ST6GALNAC5:NM_001320274,1
ST6GALNAC3:NM_001349109,9
ASB17:NM_080868,1
MSH4:NM_002440,3
RABGGTB:NR_073562,100
ACADM:NM_001286044,65
SLC44A5:NM_001320283,8
LHX8:NM_001001933,2
TYW3:NM_001162916,44
CRYZ:NM_001130042,44
ERICH3:NM_001002912,0
LRRC53:NM_001382280,2
TNNI3K:NM_015978,1
FPGT:NM_001199329,42
FPGT-TNNI3K:NM_001112808,42
LRRIQ3:NM_001105659,41
NEGR1:NM_173808,2
ZRANB2:NM_005455,45
PTGER3:NM_198714,42
CTH:NM_001190463,53
ANKRD13C:NM_030816,69
SRSF11:NM_001190987,66
LRRC40:NM_017768,66
LRRC7:NM_001366838,18
DEPDC1:NM_001114120,34
RPE65:NM_000329,0
WLS:NM_001002292,2
DIRAS3:NM_004675,1
GNG12:NM_018841,18
GADD45A:NM_001199741,67
SERBP1:NM_001018067,76
IL12RB2:NM_001559,5
IL23R:NM_144701,1
C1orf141:NM_001276352,1
SLC35D1:NM_015139,40
MIER1:NM_001146113,60
DNAI4:NM_024763,60
INSL5:NM_005478,0
DYNLT5:NM_152665,3
SGIP1:NM_001376549,0
PDE4B:NM_001297440,4
LEPROT:NM_017526,52
LEPR:NM_002303,52
DNAJC6:NM_014787,1
AK4:NM_203464,42
JAK1:NM_001321853,45
RAVER2:NM_018211,20
CACHD1:NM_020925,1
UBE2U:NM_001366233,1
ROR1:NM_005012,0
PGM1:NM_002633,4
EFCAB7:NM_032437,40
ITGB3BP:NM_001206739,41
ALG6:NM_013339,24
FOXD3:NM_012183,17
ATG4C:NM_178221,45
ANGPTL3:NM_014495,5
DOCK7:NM_001367561,33
USP1:NM_001017416,60
KANK4:NM_181712,0
L1TD1:NM_019079,2
PATJ:NM_176877,3
TM2D1:NM_032027,37
NFIA:NM_001145511,26
C1orf87:NM_152377,2
CYP2J2:NM_000775,1
HOOK1:NM_015888,1
FGGY:NM_001350796,19
JUN:NM_002228,68
MYSM1:NM_001085487,44
TACSTD2:NM_002353,0
OMA1:NM_145243,22
DAB1:NM_001379461,22
C8B:NM_001278543,0
C8A:NM_000562,1
FYB2:NM_001004303,0
PRKAA2:NM_006252,1
PLPP3:NM_003713,3
USP24:NM_015306,63
PCSK9:NM_174936,16
BSND:NM_057176,1
TMEM61:NM_182532,1
DHCR24:NM_014762,59
LEXM:NM_001110533,1
TTC22:NM_001114108,6
PARS2:NM_152268,40
TTC4:NM_001291333,41
MROH7:NM_001291332,2
MROH7-TTC4:NR_037640,2
FAM151A:NM_176782,0
ACOT11:NM_015547,3
SSBP3:NM_001394367,3
MRPL37:NM_001330602,66
CYB5RL:NM_001031672,66
CDCP2:NM_001353655,2
TCEANC2:NR_130900,76
TMEM59:NM_001305049,76
LDLRAD1:NM_001010978,1
LRRC42:NM_052940,79
HSPB11:NM_001382261,85
DIO1:NM_213593,0
YIPF1:NM_018982,30
NDC1:NM_018087,37
GLIS1:NM_001390836,6
DMRTB1:NM_033067,2
LRP8:NM_004631,60
MAGOH:NM_002370,51
CZIB:NM_017887,34
CPT2:NM_001330589,38
SLC1A7:NM_001287595,2
PODN:NM_153703,0
SCP2:NM_001193617,13
ECHDC2:NM_001198962,3
ZYG11A:NM_001307931,52
ZYG11B:NM_024646,41
COA7:NM_023077,17
SHISAL2A:NR_135156,2
GPX7:NM_015696,2
TUT4:NM_001009881,78
PRPF38A:NM_032864,108
ORC1:NM_004153,109
CC2D1B:NM_032449,38
ZFYVE9:NM_007324,45
BTF3L4:NM_001136497,110
KTI12:NM_138417,78
TXNDC12:NM_015913,103
RAB3B:NM_002867,4
NRDC:NM_002525,80
OSBPL9:NM_148906,56
EPS15:NM_001981,89
TTC39A:NM_001144832,2
RNF11:NM_014372,59
C1orf185:NM_001136508,0
CDKN2C:NM_001262,88
FAF1:NM_007051,55
DMRTA2:NM_032110,4
ELAVL4:NM_001144777,2
BEND5:NM_001349795,1
AGBL4:NM_001323574,4
SPATA6:NM_019073,9
SLC5A9:NM_001011547,0
TRABD2B:NM_001194986,1
FOXD2:NM_004474,48
FOXE3:NM_012186,0
CMPK1:NM_001136140,72
STIL:NM_001377417,62
TAL1:NM_003189,67
PDZK1IP1:NM_005764,0
CYP4A22:NM_001010969,1
CYP4Z1:NM_178134,0
CYP4X1:NM_001320289,1
CYP4A11:NM_000778,2
CYP4B1:NM_001319163,0
EFCAB14:NM_014774,47
TEX38:NM_001300864,0
ATPAF1:NM_022745,20
MOB3C:NM_201403,23
MKNK1:NM_001377375,27
KNCN:NM_001322255,0
TMEM275:NM_001396071,3
DMBX1:NM_001387775,13
FAAH:NM_001441,1
NSUN4:NM_001387270,64
UQCRH:NM_001297566,141
LRRC41:NM_006369,142
RAD54L:NM_001370766,48
LURAP1:NM_001013615,10
POMGNT1:NM_001243766,0
P3R3URF:NM_001328655,1
TSPAN1:NM_005727,0
PIK3R3:NM_001328648,0
P3R3URF-PIK3R3:NM_001303427,1
MAST2:NM_001319245,36
IPP:NM_001145349,24
TMEM69:NM_016486,94
GPBP1L1:NM_021639,109
CCDC17:NM_001114938,0
NASP:NM_001195193,95
AKR1A1:NM_001202413,42
PRDX1:NM_001202431,53
MMACHC:NM_015506,51
CCDC163:NM_001358406,51
TESK2:NM_007170,14
TOE1:NM_025077,63
MUTYH:NM_001128425,63
HPDL:NM_032756,1
ZSWIM5:NM_020883,11
UROD:NM_000374,98
HECTD3:NM_024602,88
EIF2B3:NM_020365,64
PTCH2:NM_001166292,14
BTBD19:NM_001394563,13
DYNLT4:NM_001013632,12
PLK3:NM_004073,45
BEST4:NM_153274,3
RPS8:NM_001012,109
KIF2C:NM_001297655,60
ARMH1:NM_001145636,19
TMEM53:NM_024587,19
RNF220:NM_001319956,2
ERI3:NM_001301700,31
DMAP1:NM_001034024,27
KLF18:NM_001358438,5
KLF17:NM_173484,1
SLC6A9:NM_001024845,32
CCDC24:NM_001349127,24
B4GALT2:NM_003780,49
ATP6V0B:NM_001039457,62
DPH2:NM_001319168,38
IPO13:NM_014652,58
ARTN:NM_001136215,3
ST3GAL3:NM_001270462,69
KDM4A:NM_014663,38
PTPRF:NM_001329137,1
HYI:NM_001190880,5
SZT2:NM_015284,59
MED8:NM_001001653,59
ELOVL1:NM_022821,64
CDC20:NM_001255,45
MPL:NM_005373,4
TIE1:NM_001253357,2
C1orf210:NM_182517,2
TMEM125:NM_144626,3
CFAP57:NM_001378189,43
EBNA1BP2:NM_001159936,43
FAM183A:NM_001101376,5
SLC2A1:NM_006516,100
ZNF691:NM_015911,61
ERMAP:NM_001017922,32
SVBP:NM_199342,32
TMEM269:NM_001354602,0
C1orf50:NM_024097,88
P3H1:NM_001243246,88
CLDN19:NM_001123395,0
YBX1:NM_004559,108
PPIH:NM_006347,51
PPCS:NM_001287511,26
CCDC30:NM_001355226,26
ZMYND12:NM_032257,26
RIMKLA:NM_173642,2
FOXJ3:NM_001198850,90
GUCA2A:NM_033553,4
GUCA2B:NM_007102,0
HIVEP3:NM_024503,5
EDN2:NM_001956,3
FOXO6:NM_001291281.3_2,16
SCMH1:NM_001394302,37
SLFNL1:NM_001377532,1
CTPS1:NM_001905,53
CITED4:NM_133467,8
KCNQ4:NM_172163,6
NFYC:NM_001142589,58
RIMS3:NM_014747,17
ZNF684:NM_152373,45
EXO5:NM_001346948,8
ZFP69:NM_198494,24
ZFP69B:NM_001369565,38
SMAP2:NM_022733,48
COL9A2:NM_001852,1
ZMPSTE24:NM_005857,86
TMCO2:NM_001008740,3
RLF:NM_012421,77
PPT1:NM_001363695,19
CAP1:NM_001350480,67
MFSD2A:NM_001349821,1
MYCL:NM_001033081,50
TRIT1:NM_017646,53
OXCT2:NM_022120,1
BMP8B:NM_001720,14
PPIE:NM_001319293,38
HPCAL4:NM_001282396,5
NT5C1A:NM_032526,5
HEYL:NM_014571,9
PABPC4:NM_001135653,84
BMP8A:NM_181809,11
MACF1:NM_012090,2
NDUFS5:NM_001184979,49
AKIRIN1:NM_001136275,57
RHBDL2:NM_017821,6
GJA9:NM_030772,1
MYCBP:NR_037632,57
GJA9-MYCBP:NR_037633,1
RRAGC:NM_022157,45
POU3F1:NM_002699,9
UTP11:NM_016037,59
FHL3:NM_004468,78
SF3A3:NM_006802,44
INPP5B:NM_001365824,20
MTF1:NM_005955,55
C1orf122:NM_001142726,68
YRDC:NM_024640,68
MANEAL:NM_001031740,8
EPHA10:NM_001099439,0
CDCA8:NM_018101,81
C1orf109:NM_001350758,84
RSPO1:NM_001038633,6
GNL2:NM_001323623,44
DNALI1:NM_003462,2
SNIP1:NM_024700,43
MEAF6:NM_022756,55
ZC3H12A:NM_001323550,60
GRIK3:NM_000831,1
CSF3R:NM_156039,3
MRPS15:NM_031280,45
OSCP1:NM_001330493,1
LSM10:NM_032881,31
STK40:NM_032017,70
EVA1B:NM_018166,19
SH3D21:NM_001162530,9
THRAP3:NM_001321473,78
MAP7D1:NM_001286365,57
TRAPPC3:NM_001270895,57
COL8A2:NM_005202,1
ADPRS:NM_017825,39
TEKT2:NM_014466,3
AGO3:NM_177422,70
AGO1:NM_001317123,14
AGO4:NR_146062,24
CLSPN:NM_001330490,54
C1orf216:NM_152374,40
PSMB2:NM_002794,73
TFAP2E:NM_178548,0
NCDN:NM_001014841,60
KIAA0319L:NM_024874,62
ZMYM4:NM_005095,69
SFPQ:NR_136703,93
ZMYM1:NM_001289088,0
ZMYM6:NM_007167,45
TMEM35B:NM_001195156,25
DLGAP3:NM_001080418,2
SMIM12:NM_001164825,63
GJA4:NM_002060,3
GJB3:NM_024009,2
GJB4:NM_153212,3
GJB5:NM_005268,2
C1orf94:NM_032884,0
HMGB4:NM_145205,1
CSMD2:NM_052896,2
ZSCAN20:NM_145238,20
PHC2:NM_001385119,8
A3GALT2:NM_001080438,2
TRIM62:NM_018207,9
ZNF362:NM_152493,9
AZIN2:NM_001376727,17
AK2:NM_013411,46
RNF19B:NM_153341,34
TMEM54:NM_001329722,11
HPCA:NM_002143,2
FNDC5:NM_001171941,4
S100PBP:NM_001256121,120
YARS1:NM_003680,120
KIAA1522:NM_020888,27
SYNC:NM_030786,16
RBBP4:NM_001135255,79
ZBTB8OS:NM_001366255,79
ZBTB8A:NM_001291496,7
ZBTB8B:NM_001145720,0
BSDC1:NM_001300958,45
TSSK3:NM_052841,1
FAM229A:NM_001167676,1
MARCKSL1:NM_023009,48
HDAC1:NM_004964,43
LCK:NM_001330468,3
FAM167B:NM_032648,2
EIF3I:NM_001394168,63
TMEM234:NR_133636,63
DCDC2B:NM_001099434,2
IQCC:NM_018134,39
CCDC28B:NM_024296,33
TXLNA:NM_001376859,52
KPNA6:NM_012316,55
TMEM39B:NM_001319677,40
KHDRBS1:NR_073499,84
PTP4A2:NM_080391,56
SPOCD1:NM_144569,2
ADGRB2:NM_001364857,9
COL16A1:NM_001856,3
PEF1:NM_012392,64
HCRTR1:NM_001525,0
TINAGL1:NM_001204414,2
SERINC2:NM_001199038,4
FABP3:NM_001320996,0
ZCCHC17:NM_001282570,91
SNRNP40:NM_004814,91
NKAIN1:NM_024522,4
PUM1:NM_001020658,59
SDC3:NM_014654,22
LAPTM5:NM_006762,2
MATN1:NM_002379,5
PTPRU:NM_001195001,14
MECR:NM_001349711,41
SRSF4:NM_005626,74
TMEM200B:NM_001003682,23
EPB41:NM_001166007,63
OPRD1:NM_000911,1
YTHDF2:NM_001173128,84
GMEB1:NM_024482,34
TAF12:NM_001135218,73
RAB42:NM_001385188,3
TRNAU1AP:NM_017846,38
RCC1:NM_001381866,122
PHACTR4:NM_001048183,53
MED18:NM_001127350.2_2,45
SESN2:NM_031459.5_2,54
ATP5IF1:NM_016311.5_2,56
DNAJC8:NM_014280.3_2,32
PTAFR:NM_001164721,3
EYA3:NM_001990,58
XKR8:NM_018053,8
SMPDL3B:NM_014474,1
RPA2:NM_001297558,53
THEMIS2:NM_001039477,11
PPP1R8:NM_014110,80
STX12:NM_177424,38
FAM76A:NM_001143915,29
IFI6:NM_022873,15
FGR:NM_005248,6
AHDC1:NM_001371928,51
WASF2:NM_006990,60
GPR3:NM_005281,27
CD164L2:NM_207397,3
FCN3:NM_003665,3
MAP3K6:NM_004672,31
SYTL1:NM_032872,5
TMEM222:NM_032125,49
WDTC1:NM_015023,29
SLC9A1:NM_003047,22
TENT5B:NM_052943,9
TRNP1:NM_001013642,16
KDF1:NM_152365,15
NR0B2:NM_021969,2
NUDC:NM_006600,53
GPATCH3:NM_022078,50
GPN2:NM_018066,47
SFN:NM_006142,15
ZDHHC18:NM_032283,20
PIGV:NM_001374478,67
ARID1A:NM_139135,94
RPS6KA1:NM_002953.4_2,44
HMGN2:NM_005517,56
DHDDS:NM_001243565,38
LIN28A:NM_024674,5
ZNF683:NM_001307925,2
CRYBG2:NM_001039775,0
CD52:NM_001803,10
UBXN11:NM_145345,10
SH3BGRL3:NM_031286,21
CEP85:NM_001281517,56
CATSPER4:NM_198137,2
CNKSR1:NM_001297648,4
ZNF593:NM_015871,44
ZNF593OS:NM_001395468,45
C1orf232:NM_001364669,43
FAM110D:NM_024869,0
PDIK1L:NM_001243532,72
TRIM63:NM_032588,3
SLC30A2:NM_001004434,2
EXTL1:NM_004455,3
PAFAH2:NM_000437,30
STMN1:NM_001145454,72
PAQR7:NM_178422,20
AUNIP:NM_001287490,55
MTFR1L:NM_001099627,63
SELENON:NM_206926,11
MAN1C1:NM_001385184,12
LDLRAP1:NM_015627,36
MACO1:NM_001282564,82
RHCE:NM_001330430,1
TMEM50A:NM_014313,59
RHD:NM_001282867,4
RSRP1:NM_001321772,59
SYF2:NM_015484,51
RUNX3:NM_001031680,0
CLIC4:NM_013943,54
SRRM1:NM_001366592,86
NCMAP:NM_001010980,1
RCAN3:NM_001251984,18
NIPAL3:NM_001322854,40
STPG1:NM_001199012,57
GRHL3:NM_198174,1
IFNLR1:NM_170743,3
IL22RA1:NM_021258,1
MYOM3:NM_152372,6
SRSF10:NM_054016,54
PNRC2:NM_017761,83
CNR2:NM_001841,1
FUCA1:NM_000147,31
HMGCL:NM_000191,47
GALE:NM_001008216,69
LYPLA2:NM_007260,34
PITHD1:NM_020362,66
ELOA:NM_003198,79
RPL11:NM_000975,79
ID3:NM_002167.5_2,44
E2F2:NM_004091.4_2,41
ASAP3:NM_017707.4_2,27
TCEA3:NM_003196.3_2,0
ZNF436:NM_001077195.2_2,75
HNRNPR:NM_001102398.3_2,72
HTR1D:NM_000864,6
LUZP1:NM_001142546,10
KDM1A:NM_015013,73
TEX46:NM_001242521,2
LACTBL1:NM_001289974,2
EPHB2:NM_004442,0
C1QB:NM_001378156,0
C1QC:NM_001347620,1
C1QA:NM_001347466,0
EPHA8:NM_020526,0
ZBTB40:NM_001330398,37
WNT4:NM_030761,3
CDC42:NM_001791,52
CELA3A:NM_005747,2
CELA3B:NM_007352,1
HSPG2:NM_001291860,30
LDLRAD2:NM_001013693,3
USP48:NM_032236,95
RAP1GAP:NM_001388208,22
ALPL:NM_001369804,2
NBPF3:NM_001256417,6
ECE1:NM_001113348,40
EIF4G3:NM_001198802,29
HP1BP3:NM_001372052,63
SH2D5:NM_001103161,3
KIF17:NM_001287212,10
DDOST:NM_005216,59
PINK1:NM_032409,23
CDA:NM_001785,2
FAM43B:NM_207334,0
MUL1:NM_024544,28
CAMK2N1:NM_018584,9
VWA5B1:NM_001377531,0
UBXN10:NM_152376,39
PLA2G2C:NM_001367969,38
PLA2G2F:NM_001360869,1
PLA2G2D:NM_012400,0
PLA2G5:NM_000929,2
PLA2G2A:NM_000300,1
PLA2G2E:NM_014589,0
OTUD3:NM_015207,43
RNF186:NM_019062,1
TMCO4:NM_001349114,11
HTR6:NM_000871,3
NBL1:NM_001278164,5
MICOS10:NM_001204082,51
MICOS10-NBL1:NM_001204089,51
CAPZB:NM_001206541,57
SLC66A1:NR_109848,49
AKR7A2:NM_001320979,49
AKR7A3:NM_012067,2
AKR7L:NR_040288,0
MRTO4:NM_016183,103
EMC1:NM_001375820,103
UBR4:NM_020765,81
IFFO2:NM_001136265,15
ALDH4A1:NM_003748,38
TAS1R2:NM_152232,2
PAX7:NM_001135254,2
KLHDC7A:NM_152375,1
IGSF21:NM_032880,0
ACTL8:NM_030812,3
ARHGEF10L:NM_018125,2
RCC2:NM_018715.4_2,88
PADI6:NM_207421.4_2,1
PADI4:NM_012387.3_2,1
PADI3:NM_016233.2_2,3
PADI1:NM_013358.3_2,2
PADI2:NM_007365.3_2,2
SDHB:NM_003000.3_2,44
ATP13A2:NM_022089.4_2,23
MFAP2:NM_017459.3_2,4
CROCC:NM_014675.5_2,1
NBPF1:NM_017940.6_2,54
NECAP2:NM_001145278.2_2,54
SZRD1:NM_001271869.2_2,56
FBXO42:NM_018994.3_2,55
CPLANE2:NM_030907.4_2,30
ARHGEF19:NM_153213.5_2,1
EPHA2:NM_004431,0
FAM131C:NM_182623,6
CLCNKB:NM_000085,0
CLCNKA:NM_001257139,1
HSPB7:NM_001349682,3
SRARP:NM_178840,0
ZBTB17:NM_001287603,42
SPEN:NM_015001,107
UQCRHL:NM_001089591,1
FBLIM1:NM_001350151,1
TMEM82:NM_001013641,0
SLC25A34:NM_207348,0
PLEKHM2:NM_015164,42
RSC1A1:NM_006511,1
DDI2:NM_032341,45
AGMAT:NM_024758,1
DNAJC16:NM_001287811,56
CASP9:NM_032996,51
CELA2B:NM_015849,3
CELA2A:NM_033440,1
CTRC:NM_007272,1
EFHD2:NM_024329,31
FHAD1:NM_001391957,1
TMEM51:NM_001136217,11
KAZN:NM_201628,11
PRDM2:NM_001135610,9
PDPN:NM_198389,1
LRRC38:NM_001010847,0
PRAMEF20:NM_001099852,2
PRAMEF17:NM_001099851,0
PRAMEF19:NM_001099790,0
PRAMEF14:NM_001024661,0
PRAMEF15:NM_001098376,1
PRAMEF33:NM_001291381.1_4,0
PRAMEF8:NM_001012276.3_4,0
PRAMEF5:NM_001013407.5_4,0
PRAMEF18:NM_001099850.2_4,1
PRAMEF13:NM_001291380.1_3,1
PRAMEF9:NM_001010890.3_4,0
HNRNPCL4:NM_001302551.2_4,0
PRAMEF26:NM_001306072.3_4,0
HNRNPCL2:NM_001136561.3_4,0
PRAMEF25:NM_001310134.3_3,0
HNRNPCL3:NM_001382358.1_3,1
PRAMEF27:NM_001300891.2_3,0
PRAMEF6:NM_001010889.2_2,0
PRAMEF7:NM_001012277.5_2,0
PRAMEF10:NM_001039361.4_2,0
PRAMEF4:NM_001009611.4_2,0
PRAMEF2:NM_023014.1_2,0
HNRNPCL1:NM_001013631.3_2,2
PRAMEF11:NM_001146344.3_2,0
PRAMEF1:NM_023013,2
PRAMEF12:NM_001080830,2
CFAP107:NM_001330361,2
AADACL3:NM_001103170,3
AADACL4:NM_001013630,1
DHRS3:NM_004753,99
VPS13D:NM_018156,46
TNFRSF1B:NM_001066,31
TNFRSF8:NM_001281430,11
MIIP:NM_021933,31
MFN2:NM_001127660,40
PLOD1:NM_000302,36
KIAA2013:NM_138346,28
NPPB:NM_002521,2
NPPA:NM_006172,2
NPPA-AS1:NR_037806,6
CLCN6:NM_001256959,92
MTHFR:NM_005957,91
C1orf167:NM_001010881,3
AGTRAP:NM_001040195,46
DRAXIN:NM_198545,2
MAD2L2:NM_001127325,2
FBXO6:NM_018438,14
FBXO44:NM_183412,14
FBXO2:NM_012168,14
DISP3:NM_020780,13
UBIAD1:NM_001330350,41
ANGPTL7:NM_021146,4
MTOR:NM_001386500,42
EXOSC10:NM_001001998,29
SRM:NM_003132,56
MASP2:NM_006610,0
TARDBP:NM_007375,59
C1orf127:NM_001170754,1
CASZ1:NM_001079843,0
PEX14:NM_004565,53
DFFA:NM_004401,49
CORT:NM_001302,1
CENPS:NM_199294,32
CENPS-CORT:NM_199006,32
PGD:NM_001304451,62
KIF1B:NM_001365951,51
UBE4B:NM_006048,58
RBP7:NM_052960,3
NMNAT1:NM_001297778,49
LZIC:NM_001316975,49
CTNNBIP1:NM_020248,32
CLSTN1:NM_001302883,21
PIK3CD:NM_005026,15
TMEM201:NM_001130924,29
SLC25A33:NM_032315,45
SPSB1:NM_025106,7
H6PD:NM_004285,27
GPR157:NM_024980,6
SLC2A5:NM_001328619,5
SLC2A7:NM_207420,2
CA6:NM_001270502,0
ENO1:NM_001201483,85
RERE:NM_012102,76
SLC45A1:NM_001379618,1
ERRFI1:NM_018948,11
PARK7:NM_001123377,53
TNFRSF9:NM_001561,4
UTS2:NM_021995,1
PER3:NM_001377276,8
VAMP3:NM_004781,54
CAMTA1:NM_001349612,57
DNAJC11:NM_018198,52
THAP3:NM_001394498,21
PHF13:NM_153812,96
KLHL21:NM_001324309,95
ZBTB48:NM_001278647,39
TAS1R1:NM_177540,64
NOL9:NM_024654,64
PLEKHG5:NM_198681,0
TNFRSF25:NM_148965,3
ESPN:NM_001367473,3
HES2:NM_019089,5
ACOT7:NM_007274,49
GPR153:NM_207370,8
HES3:NM_001024598,6
ICMT:NM_012405,44
RNF207:NM_207396,32
RPL22:NM_000983,88
CHD5:NM_015557,0
KCNAB2:NM_001199861,50
NPHP4:NM_015102,50
AJAP1:NM_018836,0
C1orf174:NM_207356,75
DFFB:NM_004402,49
CEP104:NM_014704,49
LRRC47:NM_020710,58
SMIM1:NM_001379691,49
CCDC27:NM_152492,1
TP73:NM_001204186,11
WRAP73:NM_017818,25
TPRG1L:NM_182752,43
MEGF6:NM_001409,2
ARHGEF16:NM_014448,7
PRDM16:NM_199454,0
ACTRT2:NM_080431,2
TTC34:NM_001242672.3_2,1
MMEL1:NM_033467.4_2,2
TNFRSF14:NM_001297605.2_2,3
HES5:NM_001010926.4_2,2
PANK4:NM_018216.4_2,42
PLCH2:NM_001303012.2_2,0
PEX10:NM_001374426,53
RER1:NM_007033,68
MORN1:NM_024848,68
SKI:NM_003036,54
FAAP20:NM_001146310,4
PRKCZ:NM_002744,1
GABRD:NM_000815,2
CFAP74:NM_001304360,3
TMEM52:NM_178545,15
CALML6:NM_001330313,1
GNB1:NM_002074,54
NADK:NM_001198994,41
CDK11A:NM_024011,14
SLC35E2B:NM_001290264,8
CDK11B:NM_033489,19
MMP23B:NM_006983,0
MIB2:NM_001170687,83
FNDC10:NM_001242659,10
SSU72:NM_014188,66
TMEM240:NM_001114748,1
ATAD3A:NM_001170535,53
ATAD3B:NM_031921,41
ATAD3C:NM_001039211,2
VWA1:NM_199121,9
TMEM88B:NM_001146685,6
ANKRD65:NM_001375659,4
MRPL20:NM_001318485,86
CCNL2:NM_001350499,87
AURKAIP1:NM_001127229,50
MXRA8:NM_001282582,1
DVL1:NM_001330311,63
TAS1R3:NM_152228,0
CPTP:NM_001029885,29
INTS11:NM_001256456,29
PUSL1:NM_153339,60
ACAP3:NM_030649,60
SCNN1D:NM_001130413,1
UBE2J2:NM_194458,57
C1QTNF12:NM_001014980,1
B3GALT6:NM_080605,47
SDF4:NM_016547,46
TNFRSF4:NM_003327,0
TNFRSF18:NM_004195,4
TTLL10:NM_001130045,1
C1orf159:NM_001330306,28
RNF223:NM_001205252,0
AGRN:NM_198576,26
ISG15:NM_005101,23
HES4:NM_001142467,35
PERM1:NM_001369897,2
PLEKHN1:NM_032129,8
KLHL17:NM_198317,51
NOC2L:NM_015658,53
SAMD11:NM_001385641,11
OR4F16:NM_001005277,0
OR4F29:NM_001005221,0
OR4F5:NM_001005484,0
