gene_name,read_count
IL9R:NM_002186,0
VAMP7:NM_001145149,0
CDY1:NM_004680,0
BPY2C:NM_001002761,0
DAZ4:NM_020420,0
DAZ3:NM_020364,0
BPY2B:NM_001002760,0
CDY1B:NM_001003895,0
DAZ2:NM_001005786,0
DAZ1:NM_004081,0
BPY2:NM_004678,0
PRY:NM_004676,0
RBMY1J:NM_001006117,0
RBMY1F:NM_001382382,0
PRY2:NM_001002758,0
RBMY1E:NM_001006118,0
RBMY1D:NM_001320950,0
RBMY1A1:NM_001320945,0
RBMY1B:NM_001320948,0
RPS4Y2:NM_001039567,0
EIF1AY:NM_001278612,0
KDM5D:NM_001146705,0
HSFY2:NM_001001877,0
HSFY1:NM_152584,0
XKRY2:NM_001002906,0
CDY2A:NM_004825,0
CDY2B:NM_001001722,0
XKRY:NM_004677,0
NLGN4Y:NM_001206850,0
VCY1B:NM_181880,0
VCY:NM_004679,0
TMSB4Y:NM_004202,0
UTY:NM_001258262,0
DDX3Y:NM_001122665,0
USP9Y:NM_004654,0
TTTY15:NR_001545,0
TSPY10:NM_001282469,0
TSPY1:NM_001320964,0
TSPY3:NM_001077697,0
TSPY8:NM_001243721,0
TSPY4:NM_001164471,0
NMTRQ-TTG8-1:NMTRQ-TTG8-1,0
TBL1Y:NM_134258,0
AMELY:NM_001364814,0
TSPY2:NM_022573,0
PCDH11Y:NM_032973,0
TGIF2LY:NM_139214,0
ZFY:NM_001369708,0
RPS4Y1:NM_001008,0
SRY:NM_003140,0
CD99:NM_001321369,0
ZBED1:NM_001171136,0
DHRSX:NM_145177,0
ASMT:NM_004043,0
AKAP17A:NM_005088,0
P2RY8:NM_178129,0
ASMTL:NM_001173473,0
SLC25A6:NM_001636,0
IL3RA:NM_001267713,0
CSF2RA:NM_001379162,0
CRLF2:NM_022148,0
SHOX:NM_006883,0
PPP2R3B:NM_013239,0
GTPBP6:NM_012227,0
PLCXD1:NM_001370371,0
SPRY3:NM_001304990,1
TMLHE:NM_018196.4_2,1
H2AB3:NM_080720.3_2,0
F8A3:NM_001007524.2_2,0
F8A2:NM_001007523.2_2,2
H2AB2:NM_001017991.3_2,2
CLIC2:NM_001289.6_2,0
RAB39B:NM_171998.4_2,0
VBP1:NM_001303544.1_2,0
BRCC3:NM_001018055.3_2,1
MTCP1:NM_001018025.4_2,1
CMC4:NM_001018024.3_2,1
FUNDC2:NM_023934.4_2,0
F8A1:NM_012151.4_2,2
H2AB1:NM_001017990.2_2,5
F8:NM_000132.4_2,0
SMIM9:NM_001162936.2_2,0
MPP1:NM_001166462.2_2,1
DKC1:NM_001142463.3_2,0
CTAG2:NM_020994.5_2,0
CTAG1B:NM_001327.3_2,0
CTAG1A:NM_139250.2_2,0
IKBKG:NM_001377313.1_2,1
G6PD:NM_001042351.3_2,1
FAM3A:NM_001282311.2_2,4
SLC10A3:NM_019848.5_2,3
UBL4A:NM_014235.5_2,2
LAGE3:NM_006014.4_2,2
PLXNA3:NM_017514.5_2,12
FAM50A:NM_004699.4_2,2
GDI1:NM_001493.3_2,0
ATP6AP1:NM_001183.6_2,0
TAZ:NM_181313.4_2,1
DNASE1L1:NM_001009932.3_2,1
RPL10:NM_001256580.2_2,0
EMD:NM_000117.3_2,0
FLNA:NM_001110556.2_2,1
TKTL1:NM_001145933.2_2,0
OPN1MW2:NM_001048181.2_2,0
OPN1MW:NM_000513.2_2,0
OPN1LW:NM_020061.6_2,7
MECP2:NM_001316337.2_2,1
IRAK1:NM_001569.4_2,0
TMEM187:NM_003492.3_2,3
HCFC1:NM_005334.3_2,2
RENBP:NM_002910.6_2,3
NAA10:NM_003491.4_2,0
ARHGAP4:NM_001164741.2_2,2
L1CAM:NM_001278116.2_2,3
PDZD4:NM_001303513.3_2,2
SSR4:NM_001204527.2_2,0
IDH3G:NM_174869.3_2,0
SRPK3:NM_001170761.2_2,0
PLXNB3:NM_005393.3_2,0
ABCD1:NM_000033.4_2,1
BCAP31:NM_005745.8_2,1
SLC6A8:NM_001142805.2_2,1
PNCK:NM_001366975.1_2,1
DUSP9:NM_001395.4_2,0
CCNQ:NM_152274.5_2,1
ATP2B3:NM_001001344.2_2,1
BGN:NM_001711.6_2,1
HAUS7:NM_001385483.1_2,1
TREX2:NM_080701.4_2,0
ZFP92:NM_001386943.1_2,0
PNMA6E:NM_001367770.1_2,2
ZNF275:NM_001080485.4_2,0
PNMA6F:NM_001354980.2_2,3
MAGEA1:NM_004988.5_2,1
PNMA6A:NM_032882.6_2,1
PNMA3:NM_001282535.2_2,0
PNMA5:NM_001184924.2_2,2
ZNF185:NM_001178110.1_2,0
NSDHL:NM_015922.3_2,0
CETN2:NM_004344.3_2,0
MAGEA6:NM_175868.3_2,1
MAGEA2:NM_005361.3_2,0
CSAG1:NM_001102576.3_2,1
MAGEA12:NM_001166387.4_2,1
MAGEA2B:NM_001321404.1_2,0
MAGEA3:NM_005362.4_2,0
GABRQ:NM_018558.4_2,0
GABRA3:NM_000808,1
MAGEA10:NM_001011543,0
MAGEA5:NM_021049,0
MAGEA10-MAGEA5:NM_001204811,0
GABRE:NM_004961,1
MAGEA4:NM_001386196,1
CNGA2:NM_005140,1
FATE1:NM_033085,1
PRRG3:NM_001372165,1
PASD1:NM_173493,1
VMA21:NM_001363810,2
GPR50:NM_004224,0
HMGB3:NM_001301231.2_2,1
CD99L2:NM_001242614.2_2,0
MTMR1:NM_001353993.1_2,1
MTM1:NM_001376907.1_2,0
MAMLD1:NM_001177465.3_2,0
EOLA2:NM_001013845.2_2,0
HSFX4:NM_001351114.2_2,0
MAGEA8:NM_005364.5_2,0
MAGEA9:NM_005365.5_2,1
HSFX1:NM_016153.3_2,1
MAGEA11:NM_001011544.2_2,1
TMEM185A:NM_032508.4_2,0
HSFX2:NM_001164415.3_2,3
MAGEA9B:NM_001080790.1_2,0
HSFX3:NM_001323079.3_2,1
EOLA1:NM_001324279.2_2,0
IDS:NM_000202.8_2,1
AFF2:NM_001169125.2_2,0
FMR1NB:NM_152578.3_2,2
FMR1:NM_001185081.2_2,2
CXorf51A:NM_001144064.2_2,1
CXorf51B:NM_001244892.2_2,0
SLITRK2:NM_001144003.3_2,0
SPANXN1:NM_001009614.3_2,0
SPANXN2:NM_001009615.2_2,3
SLITRK4:NM_001184749.3_2,0
SPANXN3:NM_001009609.4_2,0
SPANXN4:NM_001009613,0
MAGEC2:NM_016249,0
MAGEC1:NM_005462,0
MAGEC3:NM_138702,1
SPANXD:NM_032417.4_2,1
SPANXA2:NM_145662.4_2,1
SPANXA1:NM_013453.3_2,2
LDOC1:NM_012317.4_2,0
SPANXB1:NM_032461.4_2,0
CDR1:NM_004065,0
SOX3:NM_005634,0
CXorf66:NM_001013403,0
ATP11C:NM_001353811,0
MCF2:NM_001171876,0
F9:NM_001313913,0
FGF13:NM_001139501,1
ZIC3:NM_001330661,0
GPR101:NM_054021,1
RBMX:NM_001164803,0
ARHGEF6:NM_004840,0
CD40LG:NM_000074,0
VGLL1:NM_016267,1
HTATSF1:NM_001163280,2
BRS3:NM_001727,1
ADGRG4:NM_153834,0
MAP7D3:NM_001173516,1
FHL1:NR_027621,0
SLC9A6:NM_001330652.2_2,0
MMGT1:NM_173470.3_2,1
SAGE1:NM_001381902.1_2,2
CT45A10:NM_001291530.2_2,2
CT45A9:NM_001291540.2_2,1
CT45A8:NM_001291535.1_2,1
CT45A3:NM_001370148.2_2,0
CT45A5:NM_001007551.4_2,1
CT45A1:NM_001017417.3_2,1
INTS6L:NM_001351606.3_2,0
SMIM10L2A:NM_203306.3_2,0
ZNF449:NM_152695.6_2,1
ETDC:NM_001358449.1_2,0
ETDA:NM_001355522.1_2,0
CT55:NM_017863.2_2,2
ETDB:NM_001355519.1_2,1
SMIM10L2B:NM_001348255.2_2,2
RTL8A:NM_001078172,1
RTL8C:NM_001078171,2
RTL8B:NM_001078173,1
SMIM10:NM_001163438,2
MOSPD1:NM_019556,0
PABIR3:NR_158603,0
PABIR2:NM_001387469,1
PLAC1:NM_001316887,1
HPRT1:NM_000194,0
PHF6:NM_001015877,0
CCDC160:NM_001101357,1
GPC3:NM_001164617,0
GPC4:NM_001448,2
TFDP3:NM_016521,2
USP26:NM_031907,0
HS6ST2:NM_001077188,0
MBNL3:NM_001386892,1
RAP2C:NM_001271186,1
FRMD7:NM_194277,0
STK26:NM_001042453,0
OR13H1:NM_001004486,0
IGSF1:NM_001170961,1
ARHGAP36:NM_001282607,1
ENOX2:NM_001382516,4
RBMX2:NM_016024,3
GPR119:NM_178471,1
SLC25A14:NM_001282198,2
ZNF280C:NM_017666,1
RAB33A:NM_004794,2
AIFM1:NM_001130847,1
ELF4:NM_001421,0
BCORL1:NM_001184772,4
UTP14A:NM_001166221,0
ZDHHC9:NM_016032,1
SASH3:NM_018990,0
XPNPEP2:NM_003399,0
APLN:NM_017413,0
OCRL:NM_001587,0
SMARCA1:NM_003069,0
ACTRT1:NM_138289,0
PRR32:NM_001122716,2
DCAF12L1:NM_178470,2
DCAF12L2:NM_001013628,2
TEX13C:NM_001195272,1
TENM1:NM_001163278,5
SH2D1A:NM_001114937,3
TEX13D:NM_001355534,3
STAG2:NM_001042749,2
XIAP:NM_001378592,2
THOC2:NM_001081550,0
GRIA3:NM_007325,0
GLUD2:NM_012084,0
CT47A1:NM_001080146,4
CT47A2:NM_001080145,0
CT47A3:NM_001080144,1
CT47A4:NM_001080143,0
CT47A5:NM_001080142,1
CT47A6:NM_001080141,1
CT47A7:NM_001080140,1
CT47A8:NM_001080139,2
CT47A9:NM_001080138,0
CT47A10:NM_001080137,0
CT47A11:NM_173571,0
CT47A12:NM_001242922,0
CT47B1:NM_001145718,2
C1GALT1C1:NM_152692,1
MCTS1:NM_014060,0
CUL4B:NM_003588,1
LAMP2:NM_001122606,4
ATP1B4:NM_012069,1
TMEM255A:NM_017938.4_2,1
ZBTB33:NM_006777.4_2,0
RHOXF2:NM_032498.3_2,0
RHOXF1:NM_139282.3_2,1
RHOXF2B:NM_001099685.3_2,0
NKAP:NM_024528,2
AKAP14:NM_001008534,2
NDUFA1:NM_004541,0
RNF113A:NM_006978,0
UPF3B:NM_080632,1
RPL39:NM_001000,0
SOWAHD:NM_001105576,2
SEPTIN6:NM_145800,1
NKRF:NM_017544,0
UBE2A:NM_001282161,1
CXorf56:NM_001170569,1
SLC25A5:NM_001152,1
SLC25A43:NM_145305,1
PGRMC1:NM_001282621,0
KIAA1210:NM_020721,1
LONRF3:NM_024778,1
ZCCHC12:NM_001312891,3
IL13RA1:NM_001560,0
DOCK11:NM_144658,1
WDR44:NM_001184966,2
KLHL13:NM_001168301,2
CT83:NM_001017978.4_2,0
SLC6A14:NM_007231.5_2,2
AGTR2:NM_001385624.1_2,1
PLS3:NM_005032.7_2,0
LUZP4:NM_001318840.2_2,0
RBMXL3:NM_001145346.2_2,4
LRCH2:NM_020871.4_2,1
IL13RA2:NM_000640.3_2,3
HTR2C:NM_001256761.2_2,2
AMOT:NM_001386999,0
LHFPL1:NM_178175,2
RTL4:NM_001004308,1
TRPC5OS:NM_001195576,4
TRPC5:NM_012471,1
ALG13:NM_001257230,1
SERTM2:NM_001354473,1
DCX:NM_178151,0
CAPN6:NM_014289,0
PAK3:NM_001128167,1
CHRDL1:NM_001367204,1
RTL9:NM_001385449,1
AMMECR1:NM_001171689,0
TMEM164:NM_001353849,0
ACSL4:NM_022977,2
KCNE5:NM_012282,0
NXT2:NM_018698,3
GUCY2F:NM_001522,1
IRS4:NM_001379150,0
COL4A5:NM_000495,1
COL4A6:NM_001847,1
ATG4A:NM_178270,1
PSMD10:NM_002814,2
VSIG1:NM_182607,0
TEX13B:NM_031273,4
MID2:NM_001382752,1
NCBP2L:NM_001348372,2
TSC22D3:NM_001318468,1
PRPS1:NM_001204402,0
FRMPD3:NM_032428,0
DNAAF6:NM_173494,2
NUP62CL:NM_017681,2
RBM41:NM_001324242,1
MORC4:NM_024657,0
CLDN2:NM_001171092,1
RIPPLY1:NM_138382,0
TBC1D8B:NM_017752,0
RNF128:NM_024539,0
RADX:NM_001184782,0
PWWP3B:NM_001171020,1
SERPINA7:NM_000354,0
NRK:NM_198465,1
TEX13A:NM_031274.5_2,0
IL1RAPL2:NM_017416.2_2,1
ESX1:NM_153448.4_2,0
FAM199X:NM_207318.4_2,3
ZCCHC18:NM_001143978.3_2,11
SLC25A53:NM_001012755.5_2,1
H2BW2:NM_001377073.1_2,0
H2BW1:NM_001002916.4_2,1
TMSB15B:NM_001350213.2_2,2
PLP1:NM_001128834,2
TMEM31:NM_182541,2
MORF4L2:NM_001142422,1
TCEAL1:NM_001006640,1
TCEAL3:NM_032926,2
TCEAL4:NM_001300901,1
RAB40A:NM_080879,1
BEX3:NM_001282674,0
TCEAL9:NM_001006614,3
TCEAL7:NM_001348258,1
BEX2:NM_001168399,1
TCEAL5:NM_001012979,1
TCEAL8:NM_153333,1
BEX4:NM_001080425,0
NXF3:NM_022052,3
BEX1:NM_018476,0
RAB40AL:NM_001031834,0
BHLHB9:NM_001142528,0
GPRASP2:NM_138437,1
GPRASP1:NM_001099411,1
ARMCX5:NM_001168485,1
TMSB15A:NM_021992.3_2,0
TCP11X2:NM_001277423.1_2,1
NXF2B:NM_001099686.3_2,2
NXF2:NM_022053.4_2,0
TCP11X1:NM_001368158.1_2,1
BEX5:NM_001012978.3_2,12
TCEAL6:NM_001006938.3_2,1
TCEAL2:NM_080390,3
ZMAT1:NM_001011657,0
NXF5:NM_032946,0
ARMCX2:NM_177949.4_2,2
ARMCX3:NM_177947.3_2,2
ARMCX6:NM_001184768.2_2,2
ARMCX1:NM_016608.2_2,0
HNRNPH2:NM_001032393.3_2,2
GLA:NM_000169.3_2,2
RPL36A:NM_021029.6_2,3
RPL36A-HNRNPH2:NM_001199974.2_2,3
BTK:NM_001287344.2_2,3
TIMM8A:NM_001145951.2_2,1
TAF7L:NM_024885,0
DRP2:NM_001171184,0
CENPI:NM_001318521,1
TMEM35A:NM_021637,0
TRMT2B:NM_001167972,0
ARL13A:NM_001162491,0
XKRX:NM_212559,2
NOX1:NM_007052,0
CSTF2:NM_001306209,2
SYTL4:NM_001370167,1
SRPX2:NM_014467,2
TSPAN6:NM_001278741,2
TNMD:NM_022144,0
PCDH19:NM_001184880,1
RPA4:NM_013347,1
DIAPH2:NM_006729,2
FAM133A:NM_173698,0
NAP1L3:NM_004538,0
PCDH11X:NM_032968,1
PABPC5:NM_080832,0
TGIF2LX:NM_138960,1
CPXCR1:NM_001184771,1
KLHL4:NM_057162,1
DACH2:NM_001139514,1
CHM:NM_000390,3
POF1B:NM_024921,0
ZNF711:NM_001375431,1
SATL1:NM_001367858,1
APOOL:NM_198450,0
HDX:NM_001177479,1
RPS6KA6:NM_014496,0
CYLC1:NM_001271680,0
POU3F4:NM_000307,0
SH3BGRL:NM_003022,0
HMGN5:NM_030763,0
BRWD3:NM_153252,0
TENT5D:NM_001170574,3
TBX22:NM_001109879,1
ITM2A:NM_004867,3
GPR174:NM_032553,0
P2RY10:NM_198333,2
LPAR4:NM_005296,0
RTL3:NM_152694,1
CYSLTR1:NM_001282188,1
TAF9B:NM_015975.5_2,1
PGK1:NM_000291.4_2,0
PGAM4:NM_001029891.3_2,0
ATP7A:NM_001282224.2_2,1
COX7B:NM_001866.3_2,2
MAGT1:NM_001367916.1_2,2
ATRX:NM_000489.6_2,1
FGF16:NM_003868.3_2,1
MAGEE1:NM_020932.3_2,0
PBDC1:NM_001300888.2_2,0
MAGEE2:NM_138703,1
ZDHHC15:NM_144969,1
UPRT:NM_001363821,1
ABCB7:NM_004299,1
NEXMIF:NM_001008537,1
RLIM:NM_183353,0
SLC16A2:NM_006517,2
ZCCHC13:NM_203303,0
CHIC1:NM_001300884,0
CDX4:NM_005193,0
NAP1L2:NM_021963,1
PABPC1L2A:NM_001012977.3_2,1
PABPC1L2B:NM_001042506.2_2,1
FAM236A:NM_001348071.2_2,1
FAM236C:NM_001351112.1_2,1
DMRTC1:NM_033053.3_2,0
FAM236D:NM_001348203.1_2,0
FAM236B:NM_001348072.1_2,2
DMRTC1B:NM_001386972.1_2,1
PHKA1:NM_002637.4_2,1
HDAC8:NM_018486.3_2,0
CITED1:NM_001144886,1
RPS4X:NM_001007,0
ERCC6L:NM_001009954,3
PIN4:NM_001170747,1
FLJ44635:NM_207422,10
RTL5:NM_001024455,1
NHSL2:NM_001013627,3
CXorf49B:NM_001145139,0
CXorf49:NM_001145140,2
CXCR3:NM_001142797,1
GCNA:NM_052957,1
OGT:NM_181673,0
TAF1:NR_104394,1
ITGB1BP2:NM_001303277,0
NONO:NM_001145410,2
ZMYM3:NM_001171162,0
GJB1:NM_001097642,13
NLGN3:NM_001321276,0
MED12:NM_005120,1
IL2RG:NM_000206,3
CXorf65:NM_001025265,0
FOXO4:NM_001170931,0
SNX12:NM_001256185,2
SLC7A3:NM_032803,1
TEX11:NM_001003811,3
DLG3:NM_021120,0
GDPD2:NM_001171191,2
KIF4A:NM_012310,0
PDZD11:NM_001370176,0
RAB41:NM_001032726,0
ARR3:NM_004312,1
P2RY4:NM_002565,0
AWAT1:NM_001013579,1
DGAT2L6:NM_198512,1
IGBP1:NM_001370193,1
OTUD6A:NM_207320,0
AWAT2:NM_001002254,2
EDA:NM_001005612,2
FAM155B:NM_015686,1
PJA1:NM_145119,1
EFNB1:NM_004429,3
STARD8:NM_014725,1
YIPF6:NM_001195214,0
OPHN1:NM_002547,0
AR:NM_000044,0
EDA2R:NM_001199687,0
HEPH:NM_138737,0
VSIG4:NM_001184830,1
MSN:NM_002444,0
LAS1L:NM_031206,1
ZC3H12B:NM_001010888,1
ZC4H2:NM_001178032,0
MTMR8:NM_017677,3
ASB12:NM_130388,0
AMER1:NM_152424,0
ARHGEF9:NM_001330495.2_2,0
SPIN4:NM_001012968.3_2,0
ZXDA:NM_007156,1
NLRP2B:NM_001319967,1
ZXDB:NM_007157,0
FAAH2:NM_001353841,2
SPIN2A:NM_019003,1
SPIN2B:NM_001006681,0
SPIN3:NR_027139,1
NBDY:NM_001348129,0
UBQLN2:NM_013444,1
KLF8:NM_001324105,0
RRAGB:NM_001354013,1
FOXR2:NM_198451,1
USP51:NM_201286,0
MAGEH1:NM_014061,1
PAGE3:NM_001303613,1
PAGE5:NM_001013435,1
MTRNR2L10:NM_001190708,0
NMTRQ-TTG1-1:NMTRQ-TTG1-1,0
FAM104B:NM_001166699,1
PAGE2:NM_207339,2
PAGE2B:NM_001015038,0
ALAS2:NM_001037968,0
APEX2:NM_001271748,3
PFKFB1:NM_001271805,2
TRO:NM_001271183,1
MAGED2:NM_177433,1
ITIH6:NM_198510,0
GNL3L:NM_019067,1
FGD1:NM_004463,0
TSR2:NM_001346792,2
WNK3:NM_020922.5_2,0
FAM120C:NM_017848.6_2,0
PHF8:NM_001184896.1_2,0
HUWE1:NM_031407.7_2,1
HSD17B10:NM_001037811.2_2,0
RIBC1:NM_001267053.4_2,0
SMC1A:NM_001281463.1_2,0
IQSEC2:NM_001111125.3_2,0
KDM5C:NM_001353981.2_2,20
TSPYL2:NM_022117.4_2,3
GPR173:NM_018969.6_2,0
FAM156A:NM_001242492.2_2,0
FAM156B:NM_001321186.2_2,16
XAGE3:NM_133179.3_2,0
XAGE5:NM_001386970.1_2,0
SPANXN5:NM_001009616.4_2,1
SSX2B:NM_001164417.3_2,0
SSX2:NM_003147.6_2,0
SSX7:NM_173358.2_2,0
XAGE1B:NM_001097604.2_2,0
XAGE1A:NM_001097594.3_2,0
XAGE2:NM_130777.3_2,0
MAGED4:NM_001272062.2_2,1
MAGED4B:NM_001242362.2_2,2
MAGED1:NM_001005332.2_2,2
GSPT2:NM_018094.5_2,3
CENPVL1:NM_001355277.1_2,0
CENPVL2:NM_001355278.1_2,0
CENPVL3:NM_001355276.2_2,1
NUDT11:NM_018159.4_2,2
EZHIP:NM_203407.3_2,3
NUDT10:NM_153183.4_2,1
BMP15:NM_005448.2_2,1
SHROOM4:NM_020717.4_2,1
DGKK:NM_001013742.4_2,1
CCNB3:NM_033031.3_2,2
AKAP4:NM_003886.3_2,2
CLCN5:NM_001127898.4_2,1
USP27X:NM_001145073.3_2,2
PAGE4:NM_001318877.1_2,0
PAGE1:NM_003785.4_2,0
GAGE1:NM_001040663.3_2,0
GAGE2A:NM_001127212.2_2,0
GAGE12H:NM_001098410.1_2,0
GAGE12G:NM_001354422.1_2,0
GAGE12F:NM_001098405.2_2,0
GAGE12E:NM_001098418.1_2,2
GAGE12D:NM_001127199.1_2,2
GAGE12C:NM_001098408.1_2,0
GAGE2B:NM_001098411,13
GAGE2C:NM_001472,0
GAGE12B:NM_001127345.2_2,2
GAGE2D:NM_001098407,0
GAGE2E:NM_001127200,2
GAGE13:NM_001098412.2_2,17
GAGE12J:NM_001098406.2_2,1
GAGE10:NM_001098413.3_2,4
PPP1R3F:NM_001184745.2_2,4
FOXP3:NM_014009.4_2,7
CCDC22:NM_014008.5_2,4
CACNA1F:NM_001256790.3_2,3
SYP:NM_003179.3_2,0
PRICKLE3:NM_006150.5_2,23
PLP2:NM_002668.3_2,2
MAGIX:NM_001099682.2_2,2
GPKOW:NM_015698.6_2,0
WDR45:NM_007075.4_2,46
PRAF2:NM_007213.3_2,2
CCDC120:NM_001271836.2_2,27
TFE3:NM_006521.6_2,4
GRIPAP1:NM_020137.5_2,0
KCND1:NM_004979.6_2,0
OTUD5:NM_001136159.2_2,2
PIM2:NM_006875.4_2,6
SLC35A2:NM_001282650.2_2,1
PQBP1:NM_001167990.2_2,2
TIMM17B:NM_001167947.2_2,2
PCSK1N:NM_013271.5_2,3
ERAS:NM_181532.3_2,4
HDAC6:NM_001321225.2_2,1
GATA1:NM_002049.4_2,1
GLOD5:NM_001080489.3_2,1
SUV39H1:NM_001282166.1_2,0
WAS:NM_000377.3_2,6
WDR13:NM_001347219.2_2,1
RBM3:NM_006743.5_2,3
TBC1D25:NM_002536.4_2,0
EBP:NM_006579.3_2,0
PORCN:NM_022825.4_2,1
FTSJ1:NM_001282157.1_2,0
SLC38A5:NM_033518.4_2,0
SSX4B:NM_001034832.4_2,1
SSX4:NM_175729.2_2,1
SSX3:NM_021014.4_2,0
SSX1:NM_005635.4_2,0
SSX5:NM_021015.4_2,0
SPACA5B:NM_001079900.2_2,0
ZNF630:NM_001282201.2_2,2
SPACA5:NM_205856.3_2,1
ZNF182:NM_001178099.2_2,1
ZNF81:NM_007137.5_2,2
UXT:NM_153477,1
ELK1:NM_001114123,1
CFP:NM_001145252,0
TIMP1:NM_003254,2
SYN1:NM_006950,1
ARAF:NM_001654,0
ZNF41:NM_001324150,1
ZNF157:NM_003446,0
USP11:NM_001371072,2
CDK16:NM_033018.4_2,0
UBA1:NM_153280.3_2,1
RBM10:NM_152856.3_2,1
NDUFB11:NM_019056.7_2,1
RGN:NM_004683.6_2,1
JADE3:NM_001077445.3_2,0
RP2:NM_006915.3_2,0
SLC9A7:NM_001257291.2_2,1
CHST7:NM_019886,1
ZNF674:NM_001039891,1
KRBOX4:NM_017776,2
DIPK2B:NM_176819,1
KDM6A:NM_001291421,1
DUSP21:NM_022076,1
FUNDC1:NM_173794,1
EFHC2:NM_025184,0
NDP:NM_000266,0
MAOB:NM_000898,2
MAOA:NM_001270458,3
PPP1R2C:NM_025210,1
GPR82:NM_080817,1
GPR34:NM_005300,0
CASK:NM_001367721,1
NYX:NM_001378477,0
DDX3X:NR_126093,3
USP9X:NM_001039591,0
MED14:NM_004229,0
CXorf38:NM_001330455,2
MPC1L:NM_001195522,1
ATP6AP2:NM_005765,1
BCOR:NM_001123383,1
MID1IP1:NM_001098791,1
TSPAN7:NM_004615,1
OTC:NM_000531,0
RPGR:NM_000328,0
SRPX:NM_006307,1
SYTL5:NM_138780,2
H2AP:NM_012274,0
DYNLT3:NM_006520,1
CYBB:NM_000397.4_2,3
XK:NM_021083.4_2,1
LANCL3:NM_001170331.2_2,1
PRRG1:NM_001142395.2_2,0
FTHL18:NM_001271682.2_2,3
FAM47C:NM_001013736.3_2,0
CFAP47:NM_001304548.2_2,1
MAGEB16:NM_001370158,1
FAM47B:NM_152631,1
TMEM47:NM_031442,1
FAM47A:NM_203408,0
DMD:NM_000109,0
FTHL17:NM_031894,0
TAB3:NM_152787,3
GK:NM_000167,0
TASL:NM_025159,0
NR0B1:NM_000475,0
MAGEB1:NM_177415,2
MAGEB4:NM_002367,1
MAGEB3:NM_001386865,13
MAGEB2:NM_002364,2
IL1RAPL1:NM_014271,2
DCAF8L1:NM_001017930,1
MAGEB10:NM_182506,0
DCAF8L2:NM_001353450,1
PPP4R3C:NM_207319,1
MAGEB5:NM_001271752,4
MAGEB6:NM_173523,0
MAGEB18:NM_173699,0
ARX:NM_139058,1
POLA1:NM_016937,0
PCYT1B:NM_001163264,0
PDK3:NM_001142386,1
SUPT20HL1:NM_001136234,1
SUPT20HL2:NM_001136233,0
ZFX:NM_001330327,0
EIF2S3:NM_001415,1
KLHL15:NM_030624,1
CXorf58:NM_001169574,1
APOO:NM_024122,1
SAT1:NM_002970,0
ACOT9:NM_001037171,1
PRDX4:NM_006406,0
PTCHD1:NM_173495,1
DDX53:NM_182699,2
CBLL2:NM_152577,1
PHEX:NM_001282754,0
SMS:NM_001258423,0
YY2:NM_206923,1
MBTPS2:NM_015884,0
SMPX:NM_014332,0
KLHL34:NM_153270,0
CNKSR2:NM_001330772,0
RPS6KA3:NM_004586,2
EIF1AX:NM_001412,0
MAP7D2:NM_001168465,3
BCLAF3:NM_001367774,4
SH3KBP1:NM_001353891,1
MAP3K15:NM_001001671,0
PDHA1:NM_000284,1
ADGRG2:NM_001079858,4
PHKA2:NM_000292,2
PPEF1:NM_001378382,0
RS1:NM_000330,0
CDKL5:NM_003159,1
SCML2:NM_006089,2
BEND2:NM_153346,1
RAI2:NM_001172743,0
SCML1:NM_001037536,0
NHS:NM_198270,2
REPS2:NM_001080975,1
RBBP7:NM_002893,2
TXLNG:NM_001168683,1
SYAP1:NM_032796,1
S100G:NM_004057,0
CTPS2:NM_019857,3
MAGEB17:NM_001277307,1
GRPR:NM_005314,1
AP1S2:NM_001272071,2
ZRSR2:NM_005089,0
CA5B:NM_007220,2
CLTRN:NM_020665,1
ACE2:NM_001386259,0
BMX:NM_001320866,2
PIR:NM_003662,3
VEGFD:NM_004469,1
PIGA:NM_020473,0
ASB11:NM_080873,32
ASB9:NM_001168531,0
MOSPD2:NM_152581,1
FANCB:NM_001018113,1
GLRA2:NM_001118885,1
GEMIN8:NM_017856,0
GPM6B:NM_001001994,1
OFD1:NM_001330209,0
TRAPPC2:NM_001011658,0
RAB9A:NM_001195328,3
TCEANC:NM_001297564,7
EGFL6:NM_015507,1
ATXN3L:NM_001135995,0
FAM9C:NM_174901,1
TMSB4X:NM_021109,3
TLR8:NM_138636,0
TLR7:NM_016562,0
PRPS2:NM_002765,0
FRMPD4:NM_001368395,4
MSL3:NM_001282174,0
AMELX:NM_182681,0
ARHGAP6:NM_013427,4
HCCS:NM_001171991,0
MID1:NM_033290,2
CLCN4:NM_001256944,1
WWC3:NM_015691,0
CLDN34:NM_001195081,0
SHROOM2:NM_001649,0
GPR143:NM_000273,2
TBL1X:NM_001139467,0
FAM9B:NM_205849,4
FAM9A:NM_174951,0
ANOS1:NM_000216,0
VCX3B:NM_001001888,1
VCX2:NM_016378,1
PNPLA4:NM_001142389,0
VCX:NM_013452,1
STS:NM_001320750,1
PUDP:NM_001135565,1
VCX3A:NM_016379,0
NLGN4X:NM_001282145,0
PRKX:NM_005044,0
MXRA5:NM_015419,1
ARSF:NM_001201538,1
ARSH:NM_001011719,0
ARSL:NM_001369080,0
ARSD:NM_001669,0
GYG2:NM_001184704,0
XG:NM_175569,1
RABL2B:NM_001350004.2_2,0
ACR:NM_001097,0
SHANK3:NM_001372044,0
ARSA:NM_000487,0
MAPK8IP2:NM_012324,0
CHKB:NM_005198,0
CPT1B:NM_152245,0
CHKB-CPT1B:NR_027928,0
SYCE3:NM_001123225,0
KLHDC7B:NM_138433,0
ODF3B:NM_001014440,0
TYMP:NM_001257988,0
SCO2:NM_001169109,0
NCAPH2:NM_152299,0
LMF2:NM_001363816,0
MIOX:NM_017584,0
ADM2:NM_001253845,0
SBF1:NM_001365819,0
PPP6R2:NM_001351648,7
DENND6B:NM_001001794,0
PLXNB2:NM_001376879,0
MAPK11:NM_002751,0
MAPK12:NM_002969,3
HDAC10:NM_032019,1
TUBGCP6:NM_020461,2
SELENOO:NM_031454,0
TRABD:NM_001320485,1
PANX2:NM_001160300,1
MOV10L1:NM_001164104,10
MLC1:NM_001376473,27
TTLL8:NM_001350317,2
IL17REL:NM_001001694,1
PIM3:NM_001001852,1
CRELD2:NM_001284317,4
ALG12:NM_024105,4
ZBED4:NM_014838,6
BRD1:NM_001304808,0
TAFA5:NM_001082967,0
TBC1D22A:NM_001284303,0
CERK:NM_022766,1
GRAMD4:NM_001366660,0
CELSR1:NM_001378328,2
TRMU:NM_001282784,1
GTSE1:NM_016426,1
TTC38:NM_017931,1
PKDREJ:NM_006071,1
CDPF1:NM_207327,0
PPARA:NM_001001928,1
WNT7B:NM_058238,0
ATXN10:NM_001167621,1
FBLN1:NM_006486,1
RIBC2:NM_015653,0
SMC1B:NM_148674,0
FAM118A:NM_001104595,0
UPK3A:NM_001167574,2
KIAA0930:NM_001009880,0
NUP50:NM_007172,0
PHF21B:NM_138415,1
ARHGAP8:NM_001198726,2
PRR5-ARHGAP8:NM_181334,0
PRR5:NM_001017529,1
RTL6:NM_032287,3
SHISAL1:NM_001099294,2
PARVG:NM_001137605,1
PARVB:NM_001003828,0
SAMM50:NM_015380,0
PNPLA3:NM_025225,2
PNPLA5:NM_001371410,0
SULT4A1:NM_014351,0
EFCAB6:NM_022785,0
MPPED1:NM_001044370,1
SCUBE1:NM_173050,2
TTLL12:NM_015140,0
TSPO:NM_000714,0
MCAT:NM_014507,0
BIK:NM_001197,0
TTLL1:NM_012263,1
PACSIN2:NM_001349969,1
ARFGAP3:NM_014570,1
A4GALT:NM_001318038,0
ATP5MGL:NM_001165877,2
CYB5R3:NM_000398,0
POLDIP3:NM_001278657,1
SERHL2:NM_001284334,1
RRP7A:NM_015703,0
NFAM1:NM_001371362,0
TCF20:NM_005650.4_2,0
CYP2D6:NM_000106.6_2,0
NDUFA6:NM_002490.6_3,1
SMDT1:NM_033318.5_3,0
PHETA2:NM_001002034.3_3,2
NAGA:NM_001362848,1
WBP2NL:NM_152613,2
SEPTIN3:NM_001363845,1
CENPM:NM_024053,1
TNFRSF13C:NM_052945,0
SHISA8:NM_001353438,1
SREBF2:NM_004599,0
CCDC134:NM_001304797,0
MEI1:NM_152513,1
SNU13:NM_005008,2
XRCC6:NM_001288978,1
DESI1:NM_015704,1
PMM1:NM_002676,0
CSDC2:NM_014460,1
POLR3H:NM_001282884,2
ACO2:NM_001098,0
PHF5A:NM_032758,0
TOB2:NM_016272,0
TEF:NM_001145398,0
ZC3H7B:NM_017590,0
RANGAP1:NM_001317930,1
CHADL:NM_138481,2
L3MBTL2:NM_031488,1
EP300:NM_001362843,1
RBX1:NM_014248,0
DNAJB7:NM_145174,0
XPNPEP3:NM_022098,2
ST13:NM_003932,2
SLC25A17:NM_001282726,0
MCHR1:NM_005297,4
MRTFA:NM_001282662,1
SGSM3:NM_001301849,1
ADSL:NM_001363840,2
TNRC6B:NM_001024843,0
FAM83F:NM_138435,0
GRAP2:NM_004810,0
ENTHD1:NM_152512,0
CACNA1I:NM_001003406,6
RPS19BP1:NM_194326,0
ATF4:NM_001675,2
MIEF1:NM_001304564,0
MGAT3:NM_002409,0
TAB1:NM_153497,1
SYNGR1:NM_004711,1
RPL3:NM_000967,2
PDGFB:NM_002608,0
CBX7:NM_175709,1
APOBEC3H:NM_001166002,2
APOBEC3G:NM_001349436,3
APOBEC3F:NM_145298,1
APOBEC3D:NM_152426,0
APOBEC3C:NM_014508,0
APOBEC3B:NM_001270411,0
APOBEC3A:NM_001270406,1
CBX6:NM_014292,2
NPTXR:NM_014293,1
DNAL4:NM_005740,2
SUN2:NM_001199579,8
GTPBP1:NM_004286,0
JOSD1:NM_001360235,0
TOMM22:NM_020243,3
CBY1:NM_015373,0
FAM227A:NM_001384270,0
DMC1:NM_007068,0
DDX17:NM_001098504,2
KDELR3:NM_006855,1
KCNJ4:NM_152868,0
CSNK1E:NM_001894,1
TPTEP2-CSNK1E:NM_001289912,13
TMEM184B:NM_001195072,0
MAFF:NM_001161574,0
PLA2G6:NM_003560,0
BAIAP2L2:NM_025045,45
SLC16A8:NM_013356,1
PICK1:NM_001039584,1
SOX10:NM_006941,0
POLR2F:NM_001363825,0
C22orf23:NM_001207062,0
MICALL1:NM_033386,2
EIF3L:NM_001363785,1
ANKRD54:NM_001349853,1
GALR3:NM_003614,0
GCAT:NM_001171690,20
H1-0:NM_005318,21
TRIOBP:NM_001039141,0
NOL12:NM_024313,3
LGALS1:NM_002305,1
PDXP:NM_020315,1
SH3BP1:NM_001350055,0
GGA1:NM_001001560,2
LGALS2:NM_006498,1
CDC42EP1:NM_152243,10
CARD10:NM_014550,1
MFNG:NM_001166343,0
CYTH4:NM_013385,16
RAC2:NM_002872,22
SSTR3:NM_001051,42
C1QTNF6:NM_001365878,1
IL2RB:NM_001346222,1
TMPRSS6:NM_001289000,0
KCTD17:NM_001282686,1
MPST:NM_001013436,0
TST:NM_001270483,0
TEX33:NM_001163857,1
CSF2RB:NM_000395,3
NCF4:NM_000631,0
PVALB:NM_002854,0
IFT27:NM_001177701,2
CACNG2:NM_006078,1
EIF3D:NM_003753,0
FOXRED2:NM_024955,2
TXN2:NM_012473,1
MYH9:NM_002473,1
APOL1:NM_145343,1
APOL2:NM_145637,1
APOL4:NM_030643,2
APOL3:NM_145641,0
RBFOX2:NM_001082578,3
APOL5:NM_030642,0
APOL6:NM_030641,0
MB:NM_001382809,0
RASD2:NM_001376515,0
MCM5:NM_006739,0
HMOX1:NM_002133,4
TOM1:NM_001135729,0
HMGXB4:NM_001362972,2
ISX:NM_001303508,2
LARGE1:NM_001362949,2
TIMP3:NM_000362,0
SYN3:NM_003490,1
FBXO7:NM_012179,2
BPIFC:NM_174932,3
RTCB:NM_014306,0
RFPL3:NM_006604,1
SLC5A4:NM_014227,1
RFPL2:NM_001364982,0
C22orf42:NM_001010859,2
SLC5A1:NM_000343,2
YWHAH:NM_003405,1
C22orf24:NM_015372,1
DEPDC5:NM_014662,2
PRR14L:NM_173566,1
PISD:NM_001326411,1
SFI1:NM_001258325,1
EIF4ENIF1:NM_019843,0
DRG1:NM_004147,0
PATZ1:NM_014323,2
PIK3IP1:NM_001135911,0
LIMK2:NM_005569,0
RNF185:NM_001135825,1
PLA2G3:NM_015715,2
INPP5J:NM_001284287,1
SELENOM:NM_080430,1
SMTN:NM_001382640,3
TUG1:NR_152867,1
MORC2:NM_001303256,1
OSBP2:NM_001282738,0
DUSP18:NM_001304795,16
SLC35E4:NM_001318371,0
TCN2:NM_001184726,0
PES1:NM_001282328,0
GAL3ST1:NM_001318104,40
SEC14L6:NM_001193336,0
SEC14L4:NM_174977,1
SEC14L3:NM_001376914,1
MTFP1:NM_001003704,1
SEC14L2:NM_001291932,3
RNF215:NM_001017981,2
CCDC157:NM_001318334,0
SF3A1:NM_005877,1
TBC1D10A:NM_001204240,0
CASTOR1:NM_001037666,1
OSM:NM_020530,1
LIF:NM_002309,1
HORMAD2:NM_001329458,1
MTMR3:NM_153051,1
ASCC2:NM_001369922,1
UQCR10:NM_013387,0
ZMAT5:NM_019103,0
CABP7:NM_182527,1
NF2:NM_016418,0
NIPSNAP1:NM_003634,1
THOC5:NM_001002877,0
NEFH:NM_021076,3
RFPL1:NM_021026,1
AP1B1:NM_001127,1
RASL10A:NM_006477,1
GAS2L1:NM_001278730,0
EWSR1:NM_001163286,0
RHBDD3:NM_001329536,0
EMID1:NM_001267895,17
KREMEN1:NM_032045,1
C22orf31:NM_001386866,1
ZNRF3:NM_001206998,1
XBP1:NM_005080,1
CCDC117:NM_001284263,0
HSCB:NM_001318314,2
CHEK2:NM_145862,2
TTC28:NM_001145418,2
PITPNB:NM_001284278,1
MN1:NM_002430,4
LINC01638:NM_001350812,1
CRYBA4:NM_001886,0
CRYBB1:NM_001887,2
TPST2:NM_001362923,1
TFIP11:NM_001346858,1
SRRD:NM_001013694,0
HPS4:NM_001349905,0
ASPHD2:NM_020437,1
SEZ6L:NM_001184776,0
MYO18B:NM_032608,1
GRK3:NM_001362778,2
CRYBB2:NM_000496,1
CRYBB3:NM_004076,1
KIAA1671:NM_001145206,0
TMEM211:NM_001001663,0
SGSM1:NM_001098498,0
PIWIL3:NM_001008496,2
LRRC75B:NM_207644,0
GGT1:NM_013430,1
GUCD1:NM_001284251,6
UPB1:NM_016327,0
ADORA2A:NM_001278500,1
SPECC1L:NM_001254732,0
SPECC1L-ADORA2A:NR_103546,0
GGT5:NM_001099781,0
SUSD2:NM_019601,1
CABIN1:NM_001201429,1
GSTT1:NM_001293807,1
GSTT4:NM_001358664,1
GSTT2:NR_126445,0
DDT:NM_001355,0
DDTL:NM_001084393,4
GSTT2B:NM_001363804,2
MIF:NM_002415,1
SLC2A11:NM_001024938,1
DERL3:NM_198440,0
SMARCB1:NM_001007468,0
MMP11:NM_005940,0
CHCHD10:NM_001301339,0
C22orf15:NM_182520,1
VPREB3:NM_013378,0
ZNF70:NM_021916,1
RGL4:NM_153615,1
DRICH1:NM_016449,0
IGLL1:NM_001369906,0
BCR:NM_021574,5
RAB36:NM_001349878,1
GNAZ:NM_002073,1
RSPH14:NM_014433,3
IGLL5:NM_001256296,10
GGTLC2:NM_001282879,7
PRAME:NM_206955,7
ZNF280A:NM_080740,7
ZNF280B:NM_080764,7
VPREB1:NM_001303509,12
TOP3B:NM_003935,7
PPM1F:NM_014634,2
MAPK1:NM_002745,1
YPEL1:NM_013313,5
PPIL2:NM_148175,8
SDF2L1:NM_022044,5
CCDC116:NM_152612,8
YDJC:NM_001017964,81
UBE2L3:NM_001256355,11
RIMBP3C:NM_001128633,8
TMEM191C:NM_001207052,10
HIC2:NM_015094,3
RIMBP3B:NM_001128635,18
GGT2:NM_001351304,32
LRRC74B:NM_001291006,0
SLC7A4:NM_004173,0
P2RX6:NM_001159554,0
TUBA3FP:NR_003608,0
THAP7:NM_030573,0
LZTR1:NM_006767,0
AIFM3:NM_001018060,0
CRKL:NM_005207,0
SNAP29:NM_004782,0
SERPIND1:NM_000185,0
PI4KA:NM_058004,0
MED15:NM_001293235,16
KLHL22:NM_032775,2
SCARF2:NM_153334,6
ZNF74:NM_001256525,7
RIMBP3:NM_015672,4
TMEM191B:NM_001242313,5
GGTLC3:NM_001355479,1
DGCR6L:NM_033257,1
RTN4R:NM_023004,1
CCDC188:NM_001365892,2
ZDHHC8:NM_001185024,107
RANBP1:NM_001278639,4
TRMT2A:NM_001331039,5
DGCR8:NM_001190326,6
TANGO2:NM_001283179,4
ARVCF:NM_001670,4
COMT:NM_000754,1
TXNRD2:NM_006440,1
RTL10:NM_024627,2
GNB1L:NM_053004,2
TBX1:NM_005992,2
GP1BB:NM_000407,10
SEPT5-GP1BB:NR_037611,5
SEPTIN5:NM_002688,2
CLDN5:NM_001130861,5
CDC45:NM_001369291,6
UFD1:NM_001362910,4
C22orf39:NM_173793,25
MRPL40:NM_003776,6
HIRA:NM_003325.4_2,6
CLTCL1:NM_007098.4_2,9
SLC25A1:NM_005984.5_2,3
GSC2:NM_005315.2_2,5
TSSK2:NM_053006,8
ESS2:NM_022719,4
DGCR2:NM_005137,9
PRODH:NM_001195226,0
DGCR6:NM_005675,0
USP18:NM_017414,0
TUBA8:NM_001193414,0
PEX26:NM_001199319,0
MICAL3:NM_015241,0
BID:NM_001244567,0
BCL2L13:NM_001270727,1
ATP6V1E1:NM_001039367,0
SLC25A18:NM_001303484,0
CECR2:NM_001290046,2
ADA2:NM_001282227,2
HDHD5:NM_017829,2
TMEM121B:NM_031890,5
IL17RA:NM_001289905,1
GAB4:NM_001037814,1
XKR3:NM_001386955,2
CCT8L2:NM_014406,3
OR11H1:NM_001005239,2
POTEH:NM_001136213,0
PRMT2:NM_001286678,0
S100B:NM_006272,0
DIP2A:NM_001353943,0
PCNT:NM_006031,0
C21orf58:NM_001286476,0
YBEY:NM_001314024,0
MCM3AP:NM_003906,0
LSS:NM_001145437,0
SPATC1L:NM_001142854,0
FTCD-AS1:NM_001350598,0
FTCD:NM_006657,0
COL6A2:NM_001849,0
COL6A1:NM_001848,0
PCBP3:NM_001382281,0
SLC19A1:NM_001352511,0
COL18A1:NM_001379500,0
POFUT2:NM_015227,0
ADARB1:NR_027673,1
FAM207A:NM_001316988,1
ITGB2:NM_001127491,1
PTTG1IP:NM_004339,2
SUMO3:NM_001286416,2
UBE2G2:NM_182688.3_2,1
KRTAP10-12:NM_198699.1_2,2
KRTAP12-1:NM_181686.2_2,5
KRTAP12-2:NM_181684.3_2,4
KRTAP12-3:NM_198697.2_2,3
KRTAP12-4:NM_198698.1_2,1
KRTAP10-11:NM_198692.3_2,2
KRTAP10-10:NM_181688.3_2,1
KRTAP10-9:NM_198690.3_2,0
KRTAP10-8:NM_198695.2_2,2
KRTAP10-7:NM_198689.3_2,5
KRTAP10-6:NM_198688.3_2,3
KRTAP10-5:NM_198694.3_2,1
KRTAP10-4:NM_198687.2_2,0
KRTAP10-3:NM_198696.3_2,1
KRTAP10-2:NM_198693.4_2,1
KRTAP10-1:NM_198691.3_2,3
TSPEAR:NM_001272037.2_2,1
LRRC3:NM_030891,2
TRPM2:NM_001320351,1
CFAP410:NM_004928,4
PFKL:NM_002626,3
AIRE:NM_000383,1
DNMT3L:NM_013369,3
ICOSLG:NM_001365759,1
GATD3A:NM_198155,7
PWP2:NM_005049,4
TRAPPC10:NM_003274,2
AGPAT3:NM_001369878,1
RRP1:NM_003683,0
CSTB:NM_000100,3
PDXK:NM_003681,2
RRP1B:NM_015056,6
H2BS1:NM_017445,1
HSF2BP:NM_007031,6
SIK1:NM_173354,3
CRYAA:NM_000394,0
U2AF1:NM_001025203,0
CBS:NM_001320298,3
PKNOX1:NM_001286258,2
ERVH48-1:NM_001308491,0
NDUFV3:NM_001001503,2
WDR4:NM_033661,33
PDE9A:NM_001001580,4
SLC37A1:NM_018964,6
RSPH1:NM_080860,19
UBASH3A:NM_001243467,0
TMPRSS3:NM_024022,2
TFF1:NM_003225,2
TFF2:NM_005423,4
TFF3:NM_003226,5
ABCG1:NM_207627,1
UMODL1:NM_001199528,0
ZBTB21:NM_001320731,0
C2CD2:NM_015500,2
PRDM15:NM_022115,1
RIPK4:NM_020639,0
TMPRSS2:NM_005656,70
MX1:NM_001144925,2
MX2:NM_002463,0
FAM3B:NM_206964,1
BACE2:NM_138991,0
DSCAM:NM_001389,3
PCP4:NM_006198,1
IGSF5:NM_001080444,1
B3GALT5:NM_001278650,2
SH3BGR:NM_001317742,4
LCA5L:NM_001384288,4
GET1-SH3BGR:NM_001350300,1
HMGN1:NM_004965,2
BRWD1:NM_018963,1
PSMG1:NM_003720,1
ETS2:NM_001256295,1
ERG:NM_001243432,0
KCNJ15:NM_001276438,5
KCNJ6:NM_002240,0
DYRK1A:NM_001396,3
VPS26C:NM_001331022,2
TTC3:NM_001330681,1
PIGP:NM_001320480,1
RIPPLY3:NM_001317768,4
HLCS:NM_000411,2
SIM2:NM_005069,6
CLDN14:NM_001146077,2
CHAF1B:NM_005441,0
MORC3:NM_001320445,3
DOP1B:NM_001320714,3
CBR3:NM_001236,3
CBR1:NM_001757,4
SETD4:NM_001286752,3
RUNX1:NM_001754,3
CLIC6:NM_053277,2
RCAN1:NM_004414,1
KCNE1:NM_000219,1
SMIM34A:NM_001367348,3
FAM243A:NM_001282537,0
SMIM11A:NM_058182,4
KCNE2:NM_172201,3
SLC5A3:NM_006933,3
MRPS6:NM_032476,3
ATP5PO:NM_001697,1
ITSN1:NM_001331010,2
CRYZL1:NM_145858,2
DONSON:NM_017613,3
SON:NM_001291412,2
GART:NM_001136006.1_2,2
DNAJC28:NM_001040192.3_2,2
IFNGR2:NM_001329128.2_2,3
IFNAR1:NM_001384504,1
IL10RB:NM_000628,0
IFNAR2:NM_001289126,0
OLIG1:NM_138983,0
OLIG2:NM_005806,0
C21orf62:NM_001162495.3_2,2
PAXBP1:NM_016631.4_2,2
SYNJ1:NM_003895,1
CFAP298:NM_021254,3
TCP10L:NM_144659,0
CFAP298-TCP10L:NR_146639,3
EVA1C:NM_001320745,2
URB1:NM_014825,4
MRAP:NM_206898,1
MIS18A:NM_018944,3
HUNK:NM_014586,1
SCAF4:NM_020706,0
SOD1:NM_000454,0
TIAM1:NM_001353693,3
KRTAP19-8:NM_001099219,2
KRTAP11-1:NM_175858,2
KRTAP7-1:NM_181606,4
KRTAP8-1:NM_175857,3
KRTAP21-1:NM_181619,2
KRTAP21-2:NM_181617,0
KRTAP21-3:NM_001164435,1
KRTAP20-3:NM_001128077,2
KRTAP20-2:NM_181616,1
KRTAP20-4:NM_001350977,2
KRTAP20-1:NM_181615,2
KRTAP6-1:NM_181602,2
KRTAP22-1:NM_181620,0
KRTAP6-2:NM_181604,0
KRTAP6-3:NM_181605,1
KRTAP22-2:NM_001164434,3
KRTAP19-7:NM_181614,3
KRTAP19-6:NM_181612,3
KRTAP19-5:NM_181611,2
KRTAP19-4:NM_181610,2
KRTAP19-3:NM_181609,0
KRTAP19-2:NM_181608,2
KRTAP19-1:NM_181607,2
KRTAP15-1:NM_181623,2
KRTAP13-4:NM_181600,2
KRTAP13-3:NM_181622,1
KRTAP13-1:NM_181599,1
KRTAP13-2:NM_181621,3
KRTAP23-1:NM_181624,4
KRTAP27-1:NM_001077711,4
KRTAP26-1:NM_203405,3
KRTAP25-1:NM_001128598,58
KRTAP24-1:NM_001085455,0
CLDN8:NM_199328,4
CLDN17:NM_012131,0
GRIK1-AS2:NR_033368,2
GRIK1:NM_001330994,2
MAP3K7CL:NM_001286634,1
CCT8:NM_001282907,0
USP16:NM_001001992,0
RWDD2B:NM_001320724,0
LTN1:NM_015565,2
N6AMT1:NM_013240,2
ADAMTS5:NM_007038,1
ADAMTS1:NM_006988,3
CYYR1:NM_001320768,1
APP:NM_001136131,2
GABPA:NM_001197297,1
ATP5PF:NM_001003696,1
JAM2:NM_001270407,2
MRPL39:NM_080794,2
NCAM2:NM_001352595,1
TMPRSS15:NM_002772,0
CHODL:NM_001204177,3
C21orf91:NM_001100420,3
BTG3:NM_001130914,0
CXADR:NM_001207066,3
USP25:NM_001388299,3
NRIP1:NM_003489,0
SAMSN1:NM_001256370,3
HSPA13:NM_006948,2
RBM11:NM_144770,2
LIPI:NM_001302998,1
POTED:NM_174981,1
TPTE:NM_199261,0
PCMTD2:NM_001104925,2
MYT1:NM_004535,26
NPBWR2:NM_005286,5
LKAAEAR1:NM_001386971,3
OPRL1:NM_000913,1
RGS19:NM_001039467,1
TCEA2:NM_198723,7
SOX18:NM_018419,1
C20orf204:NM_001348090,4
PRPF6:NM_012469,4
SAMD10:NM_080621,1
ZNF512B:NM_020713,1
UCKL1:NM_017859,0
DNAJC5:NM_025219,1
TPD52L2:NM_001243892,0
ABHD16B:NM_080622,3
ZBTB46:NM_001369741,0
SLC2A4RG:NM_020062,1
LIME1:NM_001305654,34
ZGPAT:NM_001083113,0
ARFRP1:NM_001267549,0
TNFRSF6B:NM_003823,0
RTEL1:NM_001283010,2
RTEL1-TNFRSF6B:NR_037882,2
STMN3:NM_015894,3
GMEB2:NM_012384,2
HELZ2:NM_001037335,3
FNDC11:NM_024059,47
SRMS:NM_080823,1
PTK6:NM_005975,0
PPDPF:NM_024299,0
EEF1A2:NM_001958,3
KCNQ2:NM_172107,0
CHRNA4:NM_000744,1
COL20A1:NM_020882,0
ARFGAP1:NM_001281483,1
NKAIN4:NM_152864,1
BIRC7:NM_022161,1
YTHDF1:NM_017798,0
BHLHE23:NM_080606,1
SLC17A9:NM_022082,1
GID8:NM_017896,1
DIDO1:NM_033081,1
DPH3P1:NM_080750,2
TCFL5:NM_006602,1
COL9A3:NM_001853,2
OGFR:NM_007346,1
MRGBP:NM_018270,2
NTSR1:NM_002531,0
SLCO4A1:NM_016354,0
MIR1-1HG:NM_001302812.2_2,1
GATA5:NM_080473.5_2,2
RBBP8NL:NM_080833,1
CABLES2:NM_031215,0
RPS21:NM_001024,3
LAMA5:NM_005560,1
ADRM1:NM_001281437,0
OSBPL2:NM_001278649,1
HRH3:NM_007232,0
MTG2:NM_001384348,3
SS18L1:NM_198935,3
PSMA7:NM_002792,4
LSM14B:NM_144703,0
TAF4:NM_003185,1
CDH4:NM_001794,0
CDH26:NM_177980,2
PPP1R3D:NM_006242,1
FAM217B:NM_001190826,0
SYCP2:NM_014258,0
PHACTR3:NM_001199505,3
EDN3:NM_001302456,1
ZNF831:NM_001384354,1
PRELID3B:NM_016045,0
ATP5F1E:NM_006886,0
TUBB1:NM_030773,1
CTSZ:NM_001336,2
NELFCD:NM_198976,2
GNAS:NM_016592,1
NPEPL1:NM_001204873,1
STX16:NM_001204868,0
STX16-NPEPL1:NR_037945,0
APCDD1L:NM_001304787,0
VAPB:NM_001195677,0
RAB22A:NM_020673,0
ANKRD60:NM_001304369,2
C20orf85:NM_178456,0
PMEPA1:NM_199171,1
ZBP1:NM_030776,0
PCK1:NM_002591,5
CTCFL:NM_001269043,0
RBM38:NM_183425,2
MTRNR2L3:NM_001190472,2
NMTRL-TAA5-1:NMTRL-TAA5-1,1
RAE1:NM_003610,3
SPO11:NM_198265,0
BMP7:NM_001719,2
TFAP2C:NM_003222,1
FAM209B:NM_001013646,2
FAM209A:NM_001012971,1
GCNT7:NR_160308,1
RTF2:NM_001283037,0
CASS4:NM_001164116,3
CSTF1:NM_001033521,0
AURKA:NM_198433,0
FAM210B:NM_080821,2
MC3R:NM_019888,1
CBLN4:NM_080617,0
DOK5:NM_177959,1
PFDN4:NM_002623,1
CYP24A1:NM_000782,3
BCAS1:NM_001366298,2
ZNF217:NM_006526,14
TSHZ2:NM_173485,2
ZFP64:NM_199427,3
SALL4:NM_020436,1
ATP9A:NM_006045,5
NFATC2:NM_001136021,1
KCNG1:NM_002237,3
MOCS3:NM_014484,2
DPM1:NM_001317034,2
ADNP:NM_001282531,2
BCAS4:NM_001010974,3
PARD6B:NM_032521,0
RIPOR3:NM_001290268,1
PTPN1:NM_001278618,1
PELATON:NM_001278655,2
CEBPB:NM_001285879,0
PEDS1:NM_199129,2
UBE2V1:NM_001282575,0
PEDS1-UBE2V1:NM_199203,2
SNAI1:NM_005985,0
RNF114:NM_018683,2
SPATA2:NM_006038,2
SLC9A8:NM_015266,0
B4GALT5:NM_004776,0
PTGIS:NM_000961,0
KCNB1:NM_004975,3
ZNFX1:NM_021035,3
DDX27:NM_017895,0
STAU1:NM_001319135,0
CSE1L:NM_001256135,1
ARFGEF2:NM_006420,2
PREX1:NM_020820,0
SULF2:NM_001387052,4
NCOA3:NM_006534,2
ZMYND8:NM_001281772,2
EYA2:NM_172110,2
SLC2A10:NM_030777,4
TP53RK:NM_033550,4
SLC13A3:NM_001011554,1
OCSTAMP:NM_080721,0
ZNF334:NM_001353819,0
ELMO2:NM_001318253,2
SLC35C2:NM_001281460,0
CDH22:NM_021248,2
CD40:NM_001322422,6
NCOA5:NM_001348149,0
SLC12A5:NM_001134771,7
MMP9:NM_004994,0
ZNF335:NM_022095,0
PCIF1:NM_022104,2
PLTP:NM_006227,0
CTSA:NM_001167594,2
NEURL2:NM_001278535,28
SPATA25:NM_080608,2
ZSWIM1:NM_080603,2
ZSWIM3:NM_080752,2
ACOT8:NM_005469,2
SNX21:NM_001042632,2
TNNC2:NM_003279,1
UBE2C:NM_181800,1
DNTTIP1:NM_052951,3
WFDC3:NM_080614,3
SPINT4:NM_178455,0
WFDC13:NM_172005,1
WFDC10B:NM_172006,0
WFDC11:NM_147197,0
WFDC10A:NM_080753,1
WFDC9:NM_147198,1
WFDC8:NM_181510,17
EPPIN:NM_001302861,0
EPPIN-WFDC6:NM_001198986,0
WFDC6:NM_080827,0
SPINT3:NM_006652,0
WFDC2:NM_006103,0
PIGT:NM_001184730,2
DBNDD2:NM_001197139,2
TP53TG5:NM_014477,0
SYS1-DBNDD2:NR_003189,0
SYS1:NM_001099791,0
SDC4:NM_002999,2
RBPJL:NM_001281449,2
MATN4:NM_003833,2
SLPI:NM_003064,2
SEMG2:NM_003008,1
SEMG1:NM_003007,1
PI3:NM_002638,0
WFDC12:NM_080869,1
WFDC5:NM_145652,3
KCNS1:NM_002251,4
STK4:NM_006282,2
TOMM34:NM_006809,11
PABPC1L:NM_001372179,3
YWHAB:NM_139323,16
RIMS4:NM_001205317,2
KCNK15:NM_022358,1
CCN5:NM_001323370,2
ADA:NM_000022,1
PKIG:NM_007066,3
SERINC3:NM_198941,4
TTPAL:NM_001261839,2
HNF4A:NM_001030003,1
R3HDML:NM_178491,0
FITM2:NM_001080472,3
GDAP1L1:NM_001256738,0
OSER1:NM_016470,2
JPH2:NM_020433,1
TOX2:NM_001098797,1
GTSF1L:NM_176791,1
MYBL2:NM_001278610,4
IFT52:NM_001303459,1
SGK2:NM_170693,0
L3MBTL1:NM_001377311,0
SRSF6:NM_006275,0
PTPRT:NM_133170,4
CHD6:NM_032221,0
EMILIN3:NM_052846,1
LPIN3:NM_022896,0
ZHX3:NM_001384315,1
PLCG1:NM_182811,1
TOP1:NM_003286,0
MAFB:NM_005461,1
DHX35:NM_001190809,2
FAM83D:NM_030919,1
PPP1R16B:NM_001172735,0
ACTR5:NM_024855,4
SLC32A1:NM_080552,2
ARHGAP40:NM_001164431,1
ADIG:NM_001018082,0
RALGAPB:NM_001282917,2
LBP:NM_004139,2
BPI:NM_001725,3
KIAA1755:NM_001029864,0
TGM2:NM_001323316,1
RPRD1B:NM_021215,2
TTI1:NM_014657,2
VSTM2L:NM_080607,3
CTNNBL1:NM_030877,0
NNAT:NM_181689,3
BLCAP:NM_001167820,1
SRC:NM_005417,1
MANBAL:NM_001003897,2
GHRH:NM_021081,0
RPN2:NM_001324306,2
MROH8:NM_152503,2
RBL1:NM_001323282,0
SAMHD1:NM_001363729,0
TLDC2:NM_001304783,0
SOGA1:NM_080627,1
DSN1:NM_001145316,0
NDRG3:NM_032013,1
SLA2:NM_032214,3
RAB5IF:NM_199483,1
TGIF2-RAB5IF:NM_001199535,1
TGIF2:NM_001199513,1
MYL9:NM_181526,4
DLGAP4:NM_001365621,3
AAR2:NM_001271874,39
EPB41L1:NM_001258331,15
CNBD2:NM_001207076,4
SCAND1:NM_001385710,3
PHF20:NM_016436,2
RBM39:NM_001323423,1
ROMO1:NM_080748,0
NFS1:NM_021100,0
RBM12:NM_006047,1
CPNE1:NM_152927,1
SPAG4:NM_003116,5
ERGIC3:NM_015966,0
CEP250:NM_007186,1
GDF5:NM_001319138,2
UQCC1:NM_018244,4
FAM83C:NM_178468,0
EIF6:NM_181466,2
MMP24OS:NM_001355003,5
MMP24:NM_006690,13
PROCR:NM_006404,0
EDEM2:NM_018217,2
MMP24-AS1-EDEM2:NM_001355008,5
TRPC4AP:NM_015638,2
MYH7B:NM_020884,3
GSS:NM_001322494,3
ACSS2:NM_001242393,2
GGT7:NM_178026,0
NCOA6:NM_014071,1
TP53INP2:NM_001329430,2
PIGU:NM_080476,2
MAP1LC3A:NM_181509,0
DYNLRB1:NM_001382365,1
ITCH:NM_001257138,0
AHCY:NM_001161766,1
ASIP:NM_001385218,1
EIF2S2:NM_003908,1
RALY:NM_007367,19
CHMP4B:NM_176812,1
ZNF341:NM_001282935,1
PXMP4:NM_007238,2
E2F1:NM_005225,0
ACTL10:NM_001024675,4
C20orf144:NM_080825,0
NECAB3:NM_031232,1
CBFA2T2:NM_001032999,1
SNTA1:NM_003098,3
CDK5RAP1:NM_001365728,1
BPIFB1:NM_033197,3
BPIFA1:NM_016583,1
BPIFA3:NM_001042439,4
BPIFA2:NM_001319164,1
BPIFB4:NM_182519,3
BPIFB3:NM_001376932,1
BPIFB6:NM_174897,0
BPIFB2:NM_025227,1
SUN5:NM_080675,2
EFCAB8:NM_001143967,3
MAPRE1:NM_012325,1
DNMT3B:NM_001207056,1
COMMD7:NM_053041,2
C20orf203:NM_182584,2
NOL4L:NM_001256798,3
ASXL1:NM_015338,0
KIF3B:NM_004798,1
POFUT1:NM_015352,0
PLAGL2:NM_002657,0
TM9SF4:NM_014742,1
HCK:NM_001172130,2
CCM2L:NM_080625,1
XKR7:NM_001011718,1
PDRG1:NM_030815,1
TTLL9:NM_001008409,0
DUSP15:NM_001320479,0
FOXS1:NM_004118,0
MYLK2:NM_033118,1
TPX2:NM_012112,1
BCL2L1:NM_001322240,0
COX4I2:NM_032609,0
ID1:NM_002165,1
HM13:NM_030789,0
REM1:NM_014012,0
DEFB124:NM_001037500,0
DEFB123:NM_153324,0
DEFB121:NM_001171832,0
DEFB118:NM_054112,0
DEFB116:NM_001037731,1
DEFB115:NM_001037730,1
ZNF337:NM_015655,0
NANP:NM_152667,0
NINL:NM_025176,2
GINS1:NM_021067,11
ABHD12:NM_015600,1
PYGB:NM_002862,2
ENTPD6:NM_001322382,2
VSX1:NM_001256272,3
ACSS1:NM_032501,0
APMAP:NM_020531,1
CST7:NM_003650,1
SYNDIG1:NM_024893,0
GGTLC1:NM_178311,0
CST5:NM_001900,0
CST2:NM_001322,0
CST1:NM_001898,1
CST4:NM_001899,1
CST3:NM_001288614,1
CST9:NM_001008693,0
CST9L:NM_080610,3
CST8:NM_001281730,0
CST11:NM_130794,0
CSTL1:NM_138283,39
NAPB:NM_001283018,0
GZF1:NM_022482,1
NXT1:NM_013248,1
CD93:NM_012072,1
THBD:NM_000361,1
SSTR4:NM_001052,1
FOXA2:NM_153675,2
PAX1:NM_006192,0
NKX2-2:NM_002509,1
NKX2-4:NM_033176,0
XRN2:NM_012255,0
KIZ:NM_001276389,1
RALGAPA2:NM_020343,1
INSM1:NM_002196,0
CFAP61:NM_015585,1
CRNKL1:NM_016652,0
NAA20:NM_181528,1
RIN2:NM_001378238,1
SLC24A3:NM_020689,1
SCP2D1:NM_178483,9
DTD1:NM_080820,20
SMIM26:NM_001348958,0
SEC23B:NM_032986,0
RBBP9:NM_006606,1
POLR3F:NM_006466,0
DZANK1:NM_001351683,0
ZNF133:NM_001283005,0
PET117:NM_001164811,1
KAT14:NM_001384192,1
OVOL2:NM_001303461,0
MGME1:NM_001363738,1
SNX5:NM_014426,1
BANF2:NM_001159495,1
RRBP1:NM_001365613,1
DSTN:NM_006870,1
BFSP1:NM_001278608,1
PCSK2:NM_001201528,0
OTOR:NM_020157,24
SNRPB2:NM_198220,0
KIF16B:NM_024704,1
FLRT3:NM_198391,1
MACROD2:NM_080676,0
SEL1L2:NR_073207,0
NDUFAF5:NM_001352403,2
ESF1:NM_016649,2
TASP1:NM_001323603,1
ISM1:NM_080826,1
SPTLC3:NM_001349945,0
BTBD3:NM_181443,0
JAG1:NM_000214,0
SLX4IP:NM_001009608,1
MKKS:NM_170784,1
SNAP25:NM_130811,1
ANKEF1:NM_198798,0
PAK5:NM_020341,1
LAMP5:NM_001199897,0
PLCB4:NM_001377134,1
PLCB1:NM_015192,1
TMX4:NM_021156,0
HAO1:NM_017545,0
BMP2:NM_001200,0
FERMT1:NM_017671,1
LRRN4:NM_152611,3
CRLS1:NM_001323562,3
MCM8:NM_001281521,0
TRMT6:NM_015939,0
CHGB:NM_001819,1
SHLD1:NM_152504,0
GPCPD1:NM_019593,4
PROKR2:NM_144773,1
CDS2:NM_003818,3
PCNA:NM_002592,2
TMEM230:NM_001330987,0
SLC23A2:NM_203327,0
RASSF2:NM_014737,2
PRND:NM_012409,1
PRNP:NM_001080122,0
ADRA1D:NM_000678,1
SMOX:NM_175841,1
RNF24:NM_007219,5
PANK2:NM_024960,0
MAVS:NM_001206491,1
AP5S1:NM_001204447,2
CDC25B:NM_001287517,17
CENPB:NM_001810,17
SPEF1:NM_015417,0
HSPA12B:NM_001318322,0
SIGLEC1:NM_023068,0
ADAM33:NM_025220,0
GFRA4:NM_145762,0
ATRN:NM_139321,2
C20orf194:NM_001009984,2
SLC4A11:NR_135000,1
ITPA:NM_001324240,0
DDRGK1:NM_023935,0
LZTS3:NM_001365618,2
FASTKD5:NM_021826,1
UBOX5:NM_014948,1
AVP:NM_000490,1
OXT:NM_000915,0
MRPS26:NM_030811,0
GNRH2:NM_001310220,0
PTPRA:NM_002836,2
VPS16:NM_080413,0
PCED1A:NM_001271168,0
TMEM239:NM_001318207,0
C20orf141:NM_001256538,1
CPXM1:NM_019609,2
EBF4:NR_138537,0
IDH3B:NM_006899,0
NOP56:NM_006392,0
TMC2:NM_080751,3
ZNF343:NM_001282495,0
SNRPB:NM_003091,2
TGM6:NM_001254734,0
TGM3:NM_003245,1
STK35:NM_080836,1
PDYN:NM_001190899,3
SIRPA:NM_080792,1
SIRPG:NM_018556,0
SIRPB1:NM_006065,0
SIRPD:NM_178460,0
SIRPB2:NM_001122962,0
NSFL1C:NM_001206736,3
FKBP1A:NM_001199786,0
SDCBP2:NM_080489,0
FKBP1A-SDCBP2:NR_037661,0
SNPH:NM_014723,2
RAD21L1:NM_001384357,1
C20orf202:NM_001009612,15
TMEM74B:NM_001387330,1
PSMF1:NM_001323407,3
RSPO4:NM_001029871,0
ANGPT4:NM_015985,1
FAM110A:NM_001289146,1
SLC52A3:NM_001370086,1
SCRT2:NM_033129,3
SRXN1:NM_080725,1
TCF15:NM_004609,0
CSNK2A1:NM_177559,0
TBC1D20:NM_144628,1
RBCK1:NM_001323958,1
TRIB3:NM_021158,3
NRSN2:NM_024958,42
SOX12:NM_006943,0
ZCCHC3:NM_033089,0
C20orf96:NM_080571,1
DEFB132:NM_207469,0
DEFB129:NM_080831,1
DEFB128:NM_001037732,0
DEFB127:NM_139074,3
DEFB126:NM_030931,1
DEFB125:NM_153325,1
MZF1:NM_003422,0
UBE2M:NM_003969,0
CHMP2A:NM_198426,0
TRIM28:NM_005762,0
ZBTB45:NM_001316980,0
SLC27A5:NM_012254,0
ZNF446:NM_001304453,0
ZNF324:NM_014347,0
ZNF324B:NM_207395,0
ZNF132:NM_003433,0
ZNF584:NM_001363680,0
RNF225:NM_001195135,0
RPS5:NM_001009,0
ZNF837:NM_138466,0
ZNF497:NM_198458,0
A1BG:NM_130786,0
ZSCAN22:NM_001321116,0
ZNF8:NM_021089,0
ZNF544:NM_001387421,0
ZNF274:NM_016324,0
ZNF329:NM_024620,0
ZSCAN18:NM_001145542,0
ZNF135:NM_001164529,5
ZSCAN1:NM_182572,74
ZNF606:NM_025027,13
C19orf18:NM_152474,1
ZNF256:NM_005773,0
ZNF418:NM_001317027,1
ZNF417:NM_152475,0
ZNF814:NM_001144989,15
ZNF587:NM_001204817,22
ZNF587B:NM_001204818,2
ZNF552:NM_024762,39
ZNF586:NM_001077426,31
ZNF776:NM_001348007,0
ZNF671:NM_001321376,2
ZNF154:NM_001085384,1
ZNF551:NM_001270938,3
ZSCAN4:NM_001384833,2
ZNF211:NM_001265600,1
ZNF134:NM_003435,2
ZNF530:NM_001387563,1
ZIK1:NM_001321147,1
ZNF416:NM_017879,1
ZNF550:NM_001277090,1
ZNF549:NM_153263,1
ZNF773:NM_001304337,9
ZNF419:NM_001098496,0
ZNF772:NM_001024596,1
VN1R1:NM_020633,0
ZNF749:NM_001321954,2
ZNF17:NM_006959,2
ZNF548:NM_152909,1
TRAPPC2B:NM_001355204,0
ZNF547:NM_173631,0
ZNF304:NM_020657,1
ZNF543:NM_213598,3
ZNF460:NM_001330622,2
ZNF805:NM_001145078,1
AURKC:NM_001015879,1
ZNF264:NM_003417,1
DUXA:NM_001012729,1
ZIM3:NM_052882,1
USP29:NM_020903,13
PEG3:NM_001369724,28
ZIM2:NM_001369770,28
ZNF835:NM_001005850,1
SMIM17:NM_001193628,1
ZNF71:NM_001370214,3
ZNF71-SMIM17:NR_163263,3
ZNF470:NM_001001668,0
ZFP28:NM_020828,0
ZNF471:NM_001321768,1
ZNF667:NM_001321356,0
ZNF583:NM_001159860,1
ZNF582:NM_001320371,1
EDDM13:NM_001354658,2
ZSCAN5A:NM_001322072,1
ZSCAN5C:NM_001358413,2
ZSCAN5B:NM_001080456,5
GALP:NM_001145546,0
ZNF444:NM_001253792,1
ZNF787:NM_001002836,1
NLRP5:NM_153447,2
NLRP8:NM_001317000,1
NLRP13:NM_001321057,0
NLRP4:NM_134444,1
NLRP11:NM_145007,1
RFPL4AL1:NM_001277397,0
RFPL4A:NM_001145014,3
NLRP9:NM_176820,2
EPN1:NM_013333,1
U2AF2:NM_001012478,3
CCDC106:NM_001370467,1
ZNF581:NM_016535,1
ZNF580:NM_207115,0
ZNF784:NM_203374,1
ZNF865:NM_001195605,1
ZNF524:NM_153219,1
FIZ1:NM_032836,1
ZNF579:NM_152600,0
SBK3:NM_001199824,0
SBK2:NM_001370096,1
SSC5D:NM_001144950,3
NAT14:NM_020378,1
ZNF628:NM_033113,1
C19orf85:NM_001386794,2
ISOC2:NM_024710,1
SHISA7:NM_001145176,2
UBE2S:NM_014501,0
RPL28:NM_001363697,0
TMEM238:NM_001190764,0
TMEM190:NM_139172,2
IL11:NM_000641,5
FAM71E2:NM_001145402,3
COX6B2:NM_001369800,0
KMT5C:NM_032701,1
TMEM150B:NM_001282011,2
BRSK1:NM_032430,2
HSPBP1:NM_001130106,1
PPP6R1:NM_014931,0
TMEM86B:NM_001372013,4
PTPRH:NM_002842,0
SYT5:NM_003180,0
DNAAF3:NM_001256714,19
TNNI3:NM_000363,0
TNNT1:NM_001291774,3
PPP1R12C:NM_017607,1
EPS8L1:NM_133180.3_10,4
RDH13:NM_138412.4_10,23
GP6:NM_001083899.2_10,2
NLRP2:NM_001174081.3_10,21
NLRP7:NM_001127255.1_10,8
NCR1:NM_001242357.3_10,1
FCAR:NM_133277.4_4,93
KIR3DL2:NM_001242867.2_8,1
KIR2DS4:NM_001281972.2_6,2
KIR3DL1:NM_013289,0
KIR2DL4:NM_001080770.2_4,0
KIR2DL1:NM_014218.3_7,32
KIR2DL3:NM_015868.3_7,1
KIR3DL3:NM_153443.4_7,1
LILRB4:NM_001278429.3_5,32
LILRB1:NM_006669.7_5,0
LILRA1:NM_001278318.2_4,0
LILRA2:NM_001290271.2_4,1
LAIR2:NM_021270.5_4,2
CDC42EP5:NM_145057.4_4,1
LENG9:NM_001301782.2_4,1
LENG8:NM_001375641.1_4,1
TTYH1:NM_001005367.3_4,1
LAIR1:NM_001289026.3_5,1
LILRA4:NM_012276.5_4,1
LILRA5:NM_021250.4_5,0
LILRB2:NM_005874.5_5,0
LILRB5:NM_001081442.3_5,0
LILRB3:NM_001320960.2_10,2
RPS9:NM_001321704.2_10,1
TSEN34:NM_001282333.2_10,3
MBOAT7:NM_024298.5_10,3
TMC4:NM_001145303.3_10,0
LENG1:NM_024316.3_10,2
CNOT3:NM_014516.4_10,0
PRPF31:NM_015629.4_10,2
TFPT:NM_013342.4_10,2
NDUFA3:NM_004542.4_10,0
OSCAR:NM_206818.3_10,0
TARM1:NM_001135686.3_10,0
VSTM1:NM_198481.4_10,2
CACNG8:NM_031895,13
CACNG7:NM_001384801,0
PRKCG:NM_001316329,0
MYADM:NM_001290193,0
NLRP12:NM_001277129,0
DPRX:NM_001012728,16
ZNF331:NM_001317120,1
ZNF813:NM_001004301,1
ZNF761:NM_001289951,1
ZNF765:NR_146721,4
ZNF765-ZNF761:NM_001350496,4
ZNF525:NM_001348157,25
ZNF845:NM_138374,1
VN1R4:NM_173857,3
VN1R2:NM_173856,2
ZNF677:NM_001385611,2
ZNF665:NM_001353457,1
ZNF347:NM_001172674,0
ZNF415:NM_001352151,0
ZNF160:NM_001322130,1
ERVV-2:NM_001191055,2
ERVV-1:NM_152473,1
ZNF816:NM_001202456,12
ZNF816-ZNF321P:NM_001202473,12
ZNF888:NM_001384653,0
ZNF320:NM_001387570,1
ZNF468:NM_001277120,1
ZNF28:NM_001369765,1
ZNF600:NM_001321866,1
ZNF611:NM_001161499,1
ZNF83:NM_001348019,12
ZNF701:NM_018260,2
ZNF808:NM_001363550,1
ZNF578:NM_001099694,3
ZNF534:NM_001291369,1
ZNF528:NM_032423,1
ZNF880:NM_001145434,4
ZNF610:NM_001161426,1
ZNF480:NM_001297625,0
ZNF766:NM_001010851,1
PPP2R1A:NM_014225,2
ZNF836:NM_001102657,0
ZNF616:NM_178523,0
ZNF841:NM_001369829,4
ZNF432:NM_014650,1
ZNF614:NM_025040,0
ZNF615:NM_001199324,1
ZNF350:NM_021632,2
ZNF613:NM_001031721,3
ZNF649:NM_023074,4
FPR3:NM_002030,17
FPR2:NM_001005738,2
FPR1:NM_001193306,3
HAS1:NM_001523,2
SPACA6:NM_001316994,22
SIGLEC14:NM_001098612,2
SIGLEC5:NM_003830,0
ZNF175:NM_007147,1
SIGLEC6:NM_001177548,5
SIGLEC12:NM_053003,0
CEACAM18:NM_001278392,1
SIGLEC8:NM_014442,1
SIGLEC10:NM_033130,0
C19orf84:NM_001193623,0
LIM2:NM_030657,1
NKG7:NM_005601,5
CLDND2:NM_152353,3
ETFB:NM_001985,0
VSIG10L:NM_001163922,3
IGLON5:NM_001101372,4
SIGLECL1:NM_001385466,3
CD33:NM_001082618,1
SIGLEC7:NM_001277201,0
SIGLEC9:NM_001198558,4
CTU1:NM_145232,3
KLK14:NM_001311182,2
KLK13:NM_015596,1
KLK12:NM_145894,4
KLK11:NM_001167605,1
KLK10:NM_001077500,2
KLK9:NM_012315,5
KLK8:NM_144505,0
KLK7:NM_001243126,1
KLK6:NM_002774,5
KLK5:NM_012427,2
KLK4:NM_001302961,0
KLK2:NM_001256080,2
KLK3:NM_001030048,1
KLK15:NM_017509,1
KLK1:NM_002257,3
C19orf48:NM_001290149,3
ACP4:NM_033068,1
GPR32:NM_001506,3
CLEC11A:NM_002975,13
SHANK1:NM_016148,8
C19orf81:NM_001195076,1
SYT3:NM_001160328,2
LRRC4B:NM_001080457,0
ASPDH:NM_001024656,3
JOSD2:NM_138334,1
EMC10:NM_206538,2
FAM71E1:NM_001308429,2
MYBPC2:NM_004533,0
SPIB:NM_001243998,3
POLD1:NM_001256849,1
NR1H2:NM_001256647,1
NAPSA:NM_004851,4
KCNC3:NR_110912,9
MYH14:NM_024729,1
IZUMO2:NM_001321449,2
ZNF473:NM_001308424,1
VRK3:NM_016440,1
SIGLEC16:NM_001348364,0
SIGLEC11:NM_052884,1
ATF5:NM_012068,12
NUP62:NM_153719,12
IL4I1:NM_001258018,12
TBC1D17:NM_001168222,1
AKT1S1:NM_001278160,3
PNKP:NM_007254,12
PTOV1:NM_001364745,1
MED25:NM_001378355,0
FUZ:NM_001352262,4
AP2A1:NM_130787,2
TSKS:NM_021733,0
CPT1C:NM_001378485,1
ADM5:NM_001101340,0
PRMT1:NM_001207042,3
BCL2L12:NM_001282517,1
IRF3:NM_001197122,1
SCAF1:NM_021228,2
RRAS:NM_006270,0
PRR12:NM_020719,0
PRRG2:NM_000951,2
NOSIP:NM_001363649,3
RCN3:NM_020650,2
FCGRT:NM_001136019,1
RPS11:NM_001015,0
RPL13A:NM_001270491,0
FLT3LG:NM_001459,0
ALDH16A1:NM_001145396,3
PIH1D1:NM_017916,4
SLC17A7:NM_020309,3
GFY:NM_001385187,46
PTH2:NM_178449,38
KASH5:NM_144688,13
DKKL1:NM_001197302,43
TEAD2:NM_001256658,41
CD37:NM_001040031,1
SLC6A16:NM_014037,1
TRPM4:NM_001321285,2
HRC:NM_002152,1
PPFIA3:NM_003660,0
C19orf73:NM_018111,0
LIN7B:NM_001308419,0
SNRNP70:NM_001301069,14
KCNA7:NM_031886,0
NTF4:NM_006179,1
CGB7:NM_001385261,2
CGB8:NM_033183,0
CGB5:NM_033043,2
CGB1:NM_001382421,3
CGB2:NM_033378,24
CGB3:NM_000737,6
LHB:NM_000894,0
RUVBL2:NM_001321191,64
GYS1:NM_002103,64
FTL:NM_000146,3
BAX:NM_001291431,2
DHDH:NM_014475,3
NUCB1:NM_006184,1
TULP2:NM_003323,1
PPP1R15A:NM_014330,2
PLEKHA4:NM_020904,1
HSD17B14:NM_016246,5
BCAT2:NM_001284325,3
FGF21:NM_019113,1
FUT1:NM_000148,1
IZUMO1:NM_182575,3
RASIP1:NM_017805,1
MAMSTR:NM_001130915,2
FUT2:NM_001097638,13
NTN5:NM_145807,2
CA11:NM_001217,62
DBP:NM_001352,2
SPHK2:NM_001243876,2
RPL18:NM_000979,3
SPACA4:NM_133498,0
FAM83E:NM_017708,18
SULT2B1:NM_177973,10
LMTK3:NM_001080434,3
CYTH2:NM_004228,0
KCNJ14:NM_013348,2
GRWD1:NM_031485,2
GRIN2D:NM_000836,3
KDELR1:NM_006801,3
SYNGR4:NM_012451,4
TMEM143:NM_018273,4
EMP3:NM_001425,1
ODAD1:NM_001364171,2
ZNF114:NM_001369811,0
ZSWIM9:NM_199341,2
LIG1:NM_000234,2
PLA2G4C:NM_001159323,2
CABP5:NM_019855,1
ELSPBP1:NM_022142,0
BSPH1:NM_001128326,11
SULT2A1:NM_003167,40
CRX:NM_000554,31
TPRX1:NM_198479,1
SELENOW:NM_003009,0
NOP53:NM_015710,3
EHD2:NM_014601,1
BICRA:NM_015711,6
ZNF541:NM_001277075,0
NAPA:NM_003827,2
KPTN:NM_007059,1
SLC8A2:NM_015063,1
MEIS3:NM_001346148,0
DHX34:NM_014681,1
C5AR2:NM_001271749,2
C5AR1:NM_001736,0
CCDC9:NM_015603,0
BBC3:NM_001127240,1
SAE1:NM_001145713,0
ZC3H4:NM_015168,1
TMEM160:NM_017854,2
NPAS1:NM_002517,0
ARHGAP35:NM_004491,0
AP2S1:NM_001301081,1
SLC1A5:NM_005628,3
FKRP:NM_024301,1
STRN4:NM_001039877,1
PRKD2:NM_016457,0
DACT3:NM_145056,0
GNG8:NM_033258,1
PTGIR:NM_000960,3
CALM3:NM_001329921,0
PNMA8B:NM_020709,3
PPP5D1:NM_001205281,0
PNMA8A:NM_018215,2
PNMA8C:NM_001386793,1
CCDC8:NM_032040,2
PPP5C:NM_001204284,34
HIF3A:NM_152795,1
IGFL1:NM_198541,0
IGFL2:NM_001002915,0
IGFL3:NM_207393,2
PGLYRP1:NM_005091,2
CCDC61:NM_001267723,0
NOVA2:NM_002516,2
NANOS2:NM_001029861,8
MYPOP:NM_001012643,5
IRF2BP1:NM_015649,2
FOXA3:NM_004497,0
SYMPK:NM_004819,0
RSPH6A:NM_030785,2
DMWD:NM_004943,0
DMPK:NM_001288764,0
SIX5:NM_175875,2
MEIOSIN:NM_001310124,3
FBXO46:NM_001329633,3
QPCTL:NM_001163377,1
SNRPD2:NM_004597,1
GIPR:NM_001308418,1
EML2:NM_001352052,2
GPR4:NM_005282,0
OPA3:NM_001017989,3
VASP:NM_003370,1
PPM1N:NM_001080401,2
RTN2:NM_005619,1
FOSB:NM_001114171,1
ERCC1:NM_001369413,2
POLR1G:NM_012099,1
PPP1R13L:NM_001142502,1
ERCC2:NM_000400,5
KLC3:NM_177417,0
CKM:NM_001824,0
MARK4:NM_001199867,0
EXOC3L2:NM_001382422,3
BLOC1S3:NM_212550,7
TRAPPC6A:NM_024108,7
NKPD1:NM_198478,0
PPP1R37:NM_019121,2
GEMIN7:NM_001319055,1
ZNF296:NM_145288,0
CLASRP:NM_001278439,0
RELB:NM_006509,18
CLPTM1:NM_001282176,3
APOC2:NM_000483,13
APOC4-APOC2:NR_037932,11
APOC4:NM_001646,11
APOC1:NM_001321065,1
APOE:NM_000041,20
TOMM40:NM_006114,1
NECTIN2:NM_001042724,1
BCAM:NM_001013257,0
CBLC:NM_001130852,1
BCL3:NM_005178,20
CEACAM16:NM_001039213,0
CEACAM19:NM_001127893,2
PVR:NM_001135769,0
IGSF23:NM_001205280,0
CEACAM20:NM_001102597,0
ZNF180:NM_001288759,3
ZNF229:NM_001278510,18
ZNF285:NM_001291489,7
ZNF112:NM_001348281,4
ZNF235:NM_004234,7
ZNF233:NM_001207005,2
ZNF227:NM_001289170,0
ZNF226:NM_001388178,0
ZNF234:NM_001144824,26
ZNF225:NM_013362,3
ZNF224:NM_013398,2
ZNF284:NM_001037813,1
ZNF223:NM_013361,2
ZNF222:NM_001129996,2
ZNF230:NM_006300,2
ZNF155:NM_001260487,0
ZNF221:NM_001297588,1
ZNF45:NM_003425,0
ZNF404:NM_001033719,2
ZNF283:NM_181845,1
LYPD5:NM_182573,0
KCNN4:NM_002250,2
SMG9:NM_019108,5
IRGC:NM_019612,2
PLAUR:NM_001005376,1
CADM4:NM_145296,8
SRRM5:NM_001145641,5
ZNF428:NM_182498,1
ZNF576:NM_001145347,0
IRGQ:NM_001007561,0
PINLYP:NM_001193621,1
XRCC1:NM_006297,2
ZNF575:NM_174945,1
ETHE1:NM_014297,1
PHLDB3:NM_198850,0
LYPD3:NM_014400,1
TEX101:NM_031451,1
CD177:NM_020406,1
PSG9:NM_002784,7
PSG4:NM_002780,1
PSG5:NM_002781,2
PSG2:NM_031246,2
PSG11:NM_002785,3
PSG7:NM_002783,1
PSG6:NM_001031850,0
PSG1:NM_001184825,0
PSG8:NM_001130167,0
PSG3:NM_021016,0
CEACAM8:NM_001816,3
CEACAM1:NM_001712,0
CXCL17:NM_198477,2
LIPE:NM_005357,1
CNFN:NM_032488,2
MEGF8:NM_001410,0
TMEM145:NM_173633,0
PRR19:NM_199285,0
PAFAH1B3:NM_001145940,0
CIC:NM_001304815,1
ERF:NM_006494,0
GSK3A:NM_019884,1
ZNF526:NM_133444,4
DEDD2:NM_001270614,4
POU2F2:NM_001207025,2
ZNF574:NM_001330519,2
GRIK5:NM_002088.4_2,0
ATP1A3:NM_001256214.2_2,1
RABAC1:NM_006423.3_2,0
ERFL:NM_001365103.2_2,2
ARHGEF1:NM_198977.2_2,3
CD79A:NM_021601.4_2,1
RPS19:NM_001022.4_2,0
DMRTC2:NM_001040283.3_2,1
LYPD4:NM_173506.7_2,1
CEACAM3:NM_001277163.3_2,21
CEACAM6:NM_002483.7_2,2
CEACAM5:NM_001291484.3_2,0
CEACAM7:NM_006890.5_2,3
CEACAM4:NM_001362495.2_2,4
CEACAM21:NM_001288773.3_2,2
ERICH4:NM_001130514.3_2,1
DMAC2:NM_018035.3_2,2
B3GNT8:NM_198540,2
BCKDHA:NM_001164783,1
EXOSC5:NM_020158,1
TMEM91:NM_001098825,0
B9D2:NM_030578,0
TGFB1:NM_000660,59
CCDC97:NM_052848,1
HNRNPUL1:NM_144732,4
AXL:NM_001699,1
CYP2S1:NM_030622,0
CYP2F1:NM_000774,1
CYP2A13:NM_000766,2
CYP2B6:NM_000767,1
CYP2A7:NM_030589,2
CYP2A6:NM_000762,2
EGLN2:NM_080732,1
RAB4B:NM_016154,0
RAB4B-EGLN2:NR_037791,0
MIA-RAB4B:NR_037775,0
MIA:NM_001202553,0
SNRPA:NM_004596,0
C19orf54:NM_198476,0
ITPKC:NM_025194,1
COQ8B:NM_024876,1
NUMBL:NM_004756,1
LTBP4:NM_003573,0
SHKBP1:NM_138392,2
SPTBN4:NM_020971,3
BLVRB:NM_000713,3
SERTAD3:NM_203344,2
SERTAD1:NM_013376,2
PRX:NM_181882,1
HIPK4:NM_144685,0
PLD3:NM_001031696,2
C19orf47:NR_156465,2
AKT2:NM_001626,4
CCNP:NM_024877,4
TTC9B:NM_152479,1
MAP3K10:NM_002446,1
ZNF780A:NM_001142579,10
ZNF780B:NM_001005851,1
ZNF546:NM_001297763,1
PSMC4:NM_153001,2
FCGBP:NM_003890,6
FBL:NM_001436,0
DYRK1B:NM_004714,0
LEUTX:NM_001143832,2
CLC:NM_001828,6
LGALS14:NM_020129,0
LGALS16:NM_001190441,2
LGALS13:NM_013268,8
EID2:NM_153232,1
EID2B:NM_152361,0
SELENOV:NM_001350809,2
DLL3:NM_203486,1
TIMM50:NM_001329559,51
SUPT5H:NM_001319991,1
RPS16:NM_001363860,0
PLEKHG2:NM_001351693,0
ZFP36:NM_003407,0
MED29:NM_001317770,0
PAF1:NM_019088,0
SAMD4B:NM_001303614,12
GMFG:NM_004877,0
LRFN1:NM_020862,0
IFNL1:NM_172140,1
IFNL2:NM_172138,5
IFNL4:NR_074079,3
IFNL3:NM_001346937,1
SYCN:NM_001080468,0
NCCRP1:NM_001001414,2
PAK4:NM_001014834,3
ACP7:NM_001363687,2
FBXO27:NM_178820,1
FBXO17:NM_024907,1
MRPS12:NM_033362,0
SARS2:NM_001145901,0
CCER2:NM_001243212,12
NFKBIB:NM_001243116,47
SIRT2:NM_012237,47
RINL:NM_001195833,2
HNRNPL:NM_001005335,47
ECH1:NM_001398,10
LGALS4:NM_006149,2
LGALS7B:NM_001042507,1
LGALS7:NM_002307,1
CAPN12:NM_144691,1
ACTN4:NM_001322033,4
EIF3K:NM_001308393,2
MAP4K1:NM_007181,2
RYR1:NM_001042723,0
RASGRP4:NM_170604,0
FAM98C:NM_001351675,0
SPRED3:NM_001042522,1
GGN:NM_152657,1
PSMD8:NM_002812,1
CATSPERG:NM_001330496,3
KCNK6:NM_004823,0
C19orf33:NM_033520,3
YIF1B:NM_001039672,0
SPINT2:NM_001166103,0
PPP1R14A:NM_033256,1
DPF1:NM_001363579,0
SIPA1L3:NM_015073,1
WDR87:NM_001291088,1
ZNF573:NM_152360,3
ZNF607:NM_032689,0
ZNF781:NM_152605,1
ZFP30:NM_001320668,0
ZNF571:NM_001321272,0
ZNF540:NM_152606,0
ZNF793:NM_001013659,0
ZNF570:NM_001300993,1
ZNF569:NM_001330482,1
ZNF527:NM_032453,1
ZNF875:NR_138103,0
ZNF383:NM_001345947,1
ZNF585B:NM_152279,3
ZNF585A:NM_152655,1
ZNF420:NM_001329519,1
ZNF568:NM_001204839,1
ZNF829:NM_001037232,1
ZNF790:NM_001242800,0
ZNF850:NM_001193552,0
ZNF567:NM_001387760,2
ZNF461:NM_001322821,2
ZNF382:NM_001256838,1
ZNF529:NM_001145649,2
ZNF260:NM_001375597,2
ZNF566:NM_001145345,2
ZFP82:NM_001321918,0
ZFP14:NM_001297619,1
ZNF146:NM_001099639,0
ZNF565:NM_001366188,1
COX7A1:NM_001864,0
CAPNS1:NM_001003962,0
TBCB:NR_155756,2
POLR2I:NM_006233,2
OVOL3:NM_001302757,0
WDR62:NM_173636,3
THAP8:NM_001331104,3
CLIP3:NM_015526,0
ALKBH6:NM_032878,0
SYNE4:NM_001039876,2
SDHAF1:NM_001042631,1
LRFN3:NM_024509,1
TYROBP:NM_003332,1
HCST:NM_014266,5
NFKBID:NM_032721,3
APLP1:NM_005166,1
KIRREL2:NM_199179,0
NPHS1:NM_004646,1
PRODH2:NM_021232,0
ARHGAP33:NM_001172630,6
PROSER3:NM_001039887,1
HSPB6:NM_144617,1
LIN37:NM_019104,2
PSENEN:NM_001281532,0
U2AF1L4:NM_001369824,0
IGFLR1:NM_001346006,0
KMT2B:NM_014727,3
ZBTB32:NM_001316903,0
UPK1A:NM_007000,0
COX6B1:NM_001863,52
ETV2:NM_001300974,3
RBM42:NM_001319113,1
HAUS5:NM_015302,1
ATP4A:NM_000704,55
TMEM147:NM_001242598,2
GAPDHS:NM_014364,0
SBSN:NM_001166034,2
DMKN:NM_033317,2
KRTDAP:NM_207392,1
FFAR2:NM_001370087,2
GPR42:NM_001348195,0
FFAR3:NM_005304,1
FFAR1:NM_005303,3
CD22:NM_001278417,3
MAG:NM_001199216,2
HAMP:NM_021175,6
USF2:NM_001321150,32
LSR:NM_001260490,22
FAM187B:NM_152481,47
FXYD5:NM_001320913,22
FXYD7:NM_022006,1
FXYD1:NM_021902,38
LGI4:NM_139284,2
FXYD3:NM_005971,1
HPN:NM_002151,1
SCN1B:NM_001037,2
GRAMD1A:NM_001320036,0
ZNF792:NM_175872,1
ZNF30:NM_194325,0
ZNF599:NM_001007248,2
ZNF181:NM_001145665,2
ZNF302:NM_001289186,4
SCGB2B2:NM_001025591,1
WTIP:NM_001080436,3
UBA2:NM_005499,3
PDCD2L:NM_001353433,1
GPI:NM_001184722,1
GARRE1:NM_014686.5_2,1
LSM14A:NM_001384422.1_2,2
KCTD15:NM_001129995,1
CHST8:NM_001127896,2
PEPD:NM_000285,1
CEBPG:NM_001806,0
CEBPA:NM_001287435,0
SLC7A10:NM_019849,0
LRP3:NM_002333,3
WDR88:NM_173479,1
GPATCH1:NM_018025,0
RHPN2:NM_033103,3
FAAP24:NM_001300978,1
CEP89:NM_032816,1
SLC7A9:NM_001243036,1
TDRD12:NM_001366102,0
NUDT19:NM_001105570,0
RGS9BP:NM_207391,1
ANKRD27:NM_032139,0
PDCD5:NM_004708,1
DPY19L3:NM_001172774,4
ZNF507:NM_014910,3
THEG5:NM_001278578,2
ZNF536:NM_001376110,0
URI1:NM_001252641,1
CCNE1:NM_001322262,1
C19orf12:NM_001256047,1
PLEKHF1:NM_024310,2
POP4:NM_006627,0
VSTM2B:NM_001384642,2
UQCRFS1:NM_006003,0
ZNF254:NM_001278663,0
ZNF726:NM_001348687,4
ZNF681:NM_138286,1
ZNF675:NM_138330,0
ZNF91:NM_003430,0
ZNF724:NM_001355406,0
ZNF730:NM_001277403,1
ZNF728:NM_001267716,0
ZNF723:NM_001349726,2
ZNF99:NM_001080409,3
ZNF492:NM_020855,0
ZNF98:NM_001098626,0
ZNF729:NM_001242680,1
ZNF676:NM_001001411.3_2,1
ZNF257:NM_001316998,0
ZNF208:NM_001329971,0
ZNF43:NM_001256648.2_2,1
ZNF100:NM_173531.4_2,2
ZNF429:NM_001346916,1
ZNF493:NM_175910,0
ZNF738:NM_001355237,2
ZNF708:NM_001297560,1
ZNF431:NM_133473,0
ZNF714:NM_182515,1
ZNF430:NM_001172671.2_2,1
ZNF85:NM_001256173.2_2,3
ZNF66:NM_001355197.2_2,1
ZNF626:NM_001076675.3_2,0
ZNF737:NM_001159293.2_2,0
ZNF486:NM_052852.4_2,1
ZNF90:NM_007138.2_2,1
ZNF682:NM_033196,0
ZNF93:NM_031218,3
ZNF253:NM_021047,2
ZNF506:NM_001099269,3
ZNF56:NM_001355194,1
ZNF14:NM_021030,2
ZNF101:NM_001300949,25
ATP13A1:NM_020410,15
GMIP:NM_016573,2
LPAR2:NM_004720,0
PBX4:NM_025245,3
CILP2:NM_153221,2
YJEFN3:NM_001190328,0
NDUFA13:NM_015965,0
TSSK6:NM_032037,0
GATAD2A:NM_001384540,0
MAU2:NM_015329,0
SUGP1:NM_172231,0
TM6SF2:NM_001001524,21
HAPLN4:NM_023002,2
NCAN:NM_004386,44
NR2C2AP:NM_176880,1
RFXANK:NM_134440,0
BORCS8:NM_001145784,0
MEF2B:NM_001145785,1
BORCS8-MEF2B:NM_005919,0
TMEM161A:NM_017814,2
SLC25A42:NM_001321544,3
ARMC6:NM_033415,0
SUGP2:NM_001352071,0
HOMER3:NM_004838,2
DDX49:NM_019070,9
COPE:NM_001330469,5
GDF1:NM_001492,1
CERS1:NM_001387440,1
UPF1:NM_002911,3
COMP:NM_000095,0
CRTC1:NM_015321,0
KLHL26:NM_018316,0
TMEM59L:NM_012109,1
CRLF1:NM_004750,1
REX1BD:NM_001100419,5
UBA52:NM_001321017,15
KXD1:NM_024069,1
FKBP8:NM_012181,0
ELL:NM_006532,1
ISYNA1:NM_016368,1
SSBP4:NM_001009998,0
LRRC25:NM_145256,3
GDF15:NM_004864,1
PGPEP1:NM_001329477,0
LSM4:NM_012321,8
JUND:NM_001286968,2
IQCN:NM_001145305,21
PDE4C:NM_000923,0
RAB3A:NM_002866,0
MPV17L2:NM_032683,12
IFI30:NM_006332,6
PIK3R2:NM_005027,1
MAST3:NM_015016,0
IL12RB1:NM_001290024,0
ARRDC2:NM_001025604,13
KCNN1:NM_002248,3
CCDC124:NM_001136203,5
SLC5A5:NM_000453,1
RPL18A:NM_000980,1
JAK3:NM_000215,4
INSL3:NM_001265587,36
B3GNT3:NM_014256,0
FCHO1:NM_001384385,44
MAP1S:NM_018174,8
UNC13A:NM_001080421,3
COLGALT1:NM_024656,1
NIBAN3:NM_173544,4
PGLS:NM_012088,3
SLC27A1:NM_198580,3
NXNL1:NM_138454,1
TMEM221:NM_001190844,0
MVB12A:NM_001304547,1
BST2:NM_004335,1
PLVAP:NM_031310,5
GTPBP3:NM_001195422,3
ANO8:NM_020959,3
DDA1:NM_024050,27
MRPL34:NM_001382342,0
ABHD8:NM_024527,0
ANKLE1:NM_001278443,8
BABAM1:NM_001288756,2
USHBP1:NM_001321417,1
NR2F6:NM_005234,0
OCEL1:NM_024578,72
USE1:NM_018467,1
MYO9B:NM_004145,0
HAUS8:NM_001011699,0
CPAMD8:NM_015692,0
F2RL3:NM_003950,2
SIN3B:NM_001297595,1
NWD1:NM_001007525,17
TMEM38A:NM_024074,1
SMIM7:NM_024104,1
MED26:NM_004831,1
SLC35E1:NM_024881,2
CHERP:NM_006387,5
C19orf44:NM_032207,2
CALR3:NM_145046,2
EPS15L1:NM_001258374,6
KLF2:NM_016270,2
AP1M1:NM_032493,0
FAM32A:NM_014077,1
CIB3:NM_054113,1
HSH2D:NM_032855,2
RAB8A:NM_005370,0
TPM4:NM_001145160,0
OR10H4:NM_001004465,1
CYP4F11:NM_001128932,2
CYP4F2:NM_001082,2
CLEC4O:NM_001302493,3
OR10H1:NM_013940,0
OR10H5:NM_001004466,1
OR10H3:NM_013938,0
OR10H2:NM_013939,13
CYP4F12:NM_023944,2
CYP4F3:NM_001199209,0
CYP4F8:NM_007253,1
CYP4F22:NM_173483,1
PGLYRP2:NM_001363546,1
RASAL3:NM_022904,1
WIZ:NM_001371589,1
AKAP8L:NM_014371,1
AKAP8:NM_005858,0
BRD4:NM_001379291,0
EPHX3:NM_001142886,0
NOTCH3:NM_000435,0
ILVBL:NM_006844,0
SYDE1:NM_001300910,1
OR1I1:NM_001004713,0
CASP14:NM_012114,1
CCDC105:NM_173482,1
SLC1A6:NR_073589,1
OR7C2:NM_012377,1
OR7A17:NM_030901,1
OR7A10:NM_001005190,1
OR7A5:NM_001370481,1
OR7C1:NM_001370485,1
ADGRE2:NM_013447,3
ZNF333:NM_001300912,3
ADGRE3:NM_032571,2
CLEC17A:NM_207390,1
NDUFB7:NM_004146,1
TECR:NM_001321170,0
DNAJB1:NM_001313964,0
GIPC1:NM_005716,0
PTGER1:NM_000955,1
PKN1:NM_002741,2
DDX39A:NR_046366,26
ADGRE5:NM_001784,0
ADGRL1:NM_001008701,1
ASF1B:NM_018154,0
PRKACA:NM_002730,0
SAMD1:NM_138352,0
C19orf67:NM_001277378,0
MISP3:NM_001291291,1
PALM3:NM_001145028,2
IL27RA:NM_004843,4
RLN3:NM_080864,18
RFX1:NM_002918,18
DCAF15:NM_138353,3
PODNL1:NM_001146254,2
CC2D1A:NM_017721,0
BRME1:NM_001345843,0
NANOS3:NR_146095,1
ZSWIM4:NM_023072,28
C19orf53:NM_014047,1
MRI1:NM_032285,2
CCDC130:NM_001320567,41
CACNA1A:NM_023035,1
IER2:NM_004907,3
STX10:NM_001271610,3
NACC1:NM_052876,0
TRMT1:NM_017722,0
LYL1:NM_005583,1
NFIX:NM_001365902,2
DAND5:NM_152654,7
GADD45GIP1:NM_052850,5
RAD23A:NM_001270362,0
CALR:NM_004343,0
FARSA:NM_004461,0
SYCE2:NM_001105578,3
GCDH:NR_102316,3
KLF1:NM_006563,18
DNASE2:NM_001375,0
MAST1:NM_014975,5
RTBDN:NM_001270440,44
RNASEH2A:NM_006397,2
THSD8:NM_001386800,2
PRDX2:NM_005809,2
JUNB:NM_002229,1
HOOK2:NM_013312,72
BEST2:NM_017682,3
GET3:NM_001371488,2
TRIR:NM_024038,2
TNPO2:NM_001382241,12
FBXW9:NM_032301,29
GNG14:NM_001316692,9
DHPS:NR_161468,70
WDR83OS:NM_016145,15
WDR83:NM_001099737,15
MAN2B1:NM_000528,15
ZNF791:NM_153358,73
ZNF490:NM_020714,72
ZNF564:NM_144976,1
ZNF709:NM_152601,2
ZNF443:NM_005815,32
ZNF799:NM_001322498,3
ZNF442:NM_030824,1
ZNF563:NM_145276,0
ZNF44:NM_001353549,2
ZNF136:NM_001348013,1
ZNF625:NM_145233,1
ZNF20:NM_021143,0
ZNF625-ZNF20:NR_037802,1
ZNF788P:NM_001348164,4
ZNF844:NM_001136501,1
ZNF878:NM_001080404,34
ZNF433:NM_001308351,1
ZNF763:NM_001367174,1
ZNF700:NM_144566,17
ZNF69:NM_021915,1
ZNF439:NM_001348724,0
ZNF440:NM_152357,39
ZNF491:NM_152356,1
ZNF441:NM_152355,1
ZNF823:NM_001080493,1
ZNF627:NM_001290085,1
ACP5:NM_001111035,3
ELOF1:NM_001363675,1
CNN1:NM_001299,3
ECSIT:NM_016581,20
ZNF653:NM_138783,0
ELAVL3:NM_001420,1
PRKCSH:NM_001001329,0
ODAD3:NM_001302453,0
RGL3:NM_001161616,22
EPOR:NM_000121,0
SWSAP1:NM_175871,2
PLPPR2:NM_001170635,1
CCDC159:NM_001080503,0
TMEM205:NM_198536,0
RAB3D:NM_004283,0
TSPAN16:NM_012466,2
ANGPTL8:NM_018687,0
DOCK6:NM_001367830,26
KANK2:NM_001379563,2
SPC24:NM_182513,2
LDLR:NM_001195799,1
SMARCA4:NM_001374457,1
TIMM29:NM_138358,0
YIPF2:NM_001321439,0
CARM1:NM_001370088,1
C19orf38:NM_001136482,21
TMED1:NM_006858,0
DNM2:NM_001005362,1
QTRT1:NM_031209,4
ILF3:NM_012218,1
SLC44A2:NM_001145056,2
AP1M2:NM_001300887,1
CDKN2D:NM_001800,1
KRI1:NM_023008,1
ATG4D:NM_032885,86
S1PR5:NM_001166215,1
KEAP1:NM_203500,0
PDE4A:NM_001243121,1
CDC37:NM_007065,1
TYK2:NM_001385204,3
ICAM3:NM_001320606,2
RAVER1:NM_133452,0
FDX2:NM_001031734,18
ZGLP1:NM_001103167,79
ICAM5:NM_003259,34
ICAM4:NM_001039132,2
ICAM1:NM_000201,34
MRPL4:NM_146387,2
S1PR2:NM_004230,1
DNMT1:NM_001130823,0
EIF3G:NM_003755,25
P2RY11:NM_002566,2
PPAN-P2RY11:NM_001040664,1
PPAN:NM_001346139,1
ANGPTL6:NM_001387348,1
SHFL:NM_001308277,10
RDH8:NM_015725,1
COL5A3:NM_015719,36
OLFM2:NM_058164,1
PIN1:NM_006221,1
UBL5:NM_001048241,1
FBXL12:NM_001316938,1
ZNF846:NM_001353800,0
ZNF562:NM_001130031,24
ZNF561:NM_152289,0
ZNF121:NM_001308269,1
ZNF426:NM_001300883,2
ZNF560:NM_152476,0
ZNF266:NM_001370392,1
ZNF177:NM_001384658,1
ZNF559-ZNF177:NM_001384659,31
ZNF559:NM_032497,31
ZNF699:NM_198535,1
OR7E24:NM_001386108,1
OR7D4:NM_001005191,1
OR7D2:NM_001386112,1
ZNF317:NM_001190791,2
OR7G3:NM_001001958,0
OR7G1:NM_001005192,1
OR7G2:NM_001005193,1
OR1M1:NM_001004456,1
MUC16:NM_024690,3
MBD3L1:NM_145208,0
ZNF558:NM_144693.3_2,5
OR2Z1:NM_001004699.2_2,0
ACTL9:NM_178525.5_2,6
NFILZ:NM_001378600.1_2,0
ADAMTS10:NM_030957.4_2,3
MYO1F:NM_012335,2
ZNF414:NM_001146175,3
PRAM1:NM_032152,2
HNRNPM:NM_001297418,0
MARCHF2:NM_001005416,0
RAB11B:NM_004218,2
ANGPTL4:NM_001039667,2
KANK3:NM_198471,2
RPS28:NM_001031,3
NDUFA7:NR_135539,3
CD320:NM_016579,0
CERS4:NM_024552,0
FBN3:NM_032447,3
CCL25:NM_001201359,2
ELAVL1:NM_001419,3
TIMM44:NM_006351,4
CTXN1:NM_206833,2
SNAPC2:NM_003083,3
TGFBR3L:NM_001195259,1
MAP2K7:NM_145185,1
LRRC8E:NM_001268285,2
PRR36:NM_001190467,4
EVI5L:NM_145245,3
CLEC4M:NM_001144904,6
CD209:NM_021155,0
CLEC4G:NM_198492,2
FCER2:NM_001220500,0
TRAPPC5:NM_001042462,1
MCEMP1:NM_174918,4
RETN:NM_001193374,1
STXBP2:NM_001127396,1
PCP2:NM_174895,2
PET100:NM_001171155,2
XAB2:NM_020196,2
CAMSAP3:NM_020902,1
PNPLA6:NM_006702,1
MCOLN1:NM_020533,3
ZNF358:NM_018083,1
TEX45:NM_198534,1
PEX11G:NM_001300881,3
ARHGEF18:NM_001367823,3
INSR:NM_000208,7
ZNF557:NM_001044387,47
MBD3L3:NM_001164425,0
MBD3L2:NM_144614,1
MBD3L4:NM_001164419,0
MBD3L5:NM_001136507,0
MBD3L2B:NM_001364674,0
ADGRE1:NM_001256254,0
VAV1:NM_001258207,8
SH2D3A:NM_005490,27
TRIP10:NM_004240,50
GPR108:NM_001080452,44
C3:NM_000064,1
TNFSF14:NM_003807,0
CD70:NM_001330332,2
TNFSF9:NM_003811,63
TUBB4A:NM_001289123,6
DENND1C:NM_024898,2
CRB3:NM_174882,0
SLC25A23:NM_024103,31
SLC25A41:NM_001321298,2
KHSRP:NM_001366299,43
GTF2F1:NM_002096,52
PSPN:NM_004158,4
ALKBH7:NM_032306,21
CLPP:NM_006012,23
ACER1:NM_133492,2
MLLT1:NM_005934,27
ACSBG2:NM_001289180,1
RFX2:NM_000635,24
RANBP3:NM_007322,51
CAPS:NM_080590,1
VMAC:NM_001017921,68
NDUFA11:NM_001193375,68
FUT5:NM_002034,2
FUT3:NM_001382748,1
FUT6:NM_001369505,2
NRTN:NM_004558,8
DUS3L:NM_020175,38
PRR22:NM_001134316,0
CATSPERD:NM_152784,74
LONP1:NM_001276480,75
RPL36:NM_033643,58
HSD11B1L:NM_198704,43
MICOS13:NM_001308240,42
SAFB:NM_001320571,129
SAFB2:NM_014649,127
ZNRF4:NM_181710,2
PTPRS:NM_002850,10
KDM4B:NM_015015,36
UHRF1:NM_001290050,0
ARRDC5:NM_001367189,0
PLIN3:NM_005817,38
TICAM1:NM_182919,29
FEM1A:NM_018708,36
DPP9:NM_001384627,56
MYDGF:NM_019107,31
TNFAIP8L1:NM_152362,16
SEMA6B:NM_032108,2
LRG1:NM_052972,24
PLIN5:NM_001013706,2
PLIN4:NM_001367868,1
HDGFL2:NM_032631,37
UBXN6:NM_025241,24
CHAF1A:NM_005483,50
SH3GL1:NM_003025,40
MPND:NM_001159846,22
STAP2:NM_017720,6
FSD1:NM_001330429,1
TMIGD2:NM_144615,0
SHD:NM_001372011,2
YJU2:NM_018074,25
EBI3:NM_005755,1
ANKRD24:NM_133475,35
SIRT6:NM_016539,34
CREB3L3:NM_001271995,2
MAP2K2:NM_030662,17
ZBTB7A:NM_015898,50
PIAS4:NM_015897,32
EEF2:NM_001961,92
DAPK3:NM_001348,24
NMRK2:NM_170678,2
ATCAY:NM_033064,1
ZFR2:NM_015174,2
MATK:NM_002378,0
RAX2:NM_001319074,0
MRPL54:NM_172251,38
APBA3:NM_004886,39
TJP3:NM_001267560,0
PIP5K1C:NM_012398,22
CACTIN:NM_001080543,37
TBXA2R:NM_001060,53
GIPC3:NM_133261,5
HMG20B:NM_006339,42
MFSD12:NM_174983,36
C19orf71:NM_001135580,1
FZR1:NM_016263,37
DOHH:NM_031304,44
SMIM24:NM_001136503,6
NFIC:NM_001245005,45
CELF5:NM_001172673,0
NCLN:NM_001321463,65
S1PR4:NM_003775,0
GNA15:NM_002068,1
GNA11:NM_002067,31
TLE5:NM_198969,26
TLE2:NM_001144761,3
TLE6:NM_001143986,8
ZNF77:NM_021217,51
ZNF57:NM_173480,37
ZNF556:NM_024967,2
ZNF555:NM_001172775,30
ZNF554:NM_001102651,19
THOP1:NM_003249,30
SGTA:NM_003021,35
SLC39A3:NM_144564,25
DIRAS1:NM_145173,13
GNG7:NM_052847,7
GADD45B:NM_015675,25
LMNB2:NM_032737,52
TIMM13:NM_012458,38
TMPRSS9:NM_182973,7
SPPL2B:NM_152988,62
LSM7:NM_016199,62
LINGO3:NM_001101391,1
PEAK3:NM_198532,5
OAZ1:NM_001301020,71
JSRP1:NM_144616,0
AMH:NM_000479,1
SF3A2:NM_007165,80
PLEKHJ1:NM_001300836,79
DOT1L:NM_032482,51
AP3D1:NM_001261826,40
IZUMO4:NM_001363588,27
MOB3A:NM_130807,29
MKNK2:NM_199054,31
BTBD2:NM_017797,8
CSNK1G2:NM_001319,63
ADAT3:NM_001329533,19
SCAMP4:NM_001329539,19
ABHD17A:NM_031213,24
KLF16:NM_031918,63
REXO1:NM_020695,45
ATP8B3:NM_001178002,11
ONECUT3:NM_001080488,2
TCF3:NM_003200,30
UQCR11:NM_006830,35
MBD3:NM_001281453,58
MEX3D:NM_203304,16
PLK5:NM_001243079,3
ADAMTSL5:NM_001367197,21
REEP6:NM_138393,33
PCSK4:NM_017573,32
C19orf25:NM_152482,39
APC2:NM_005883,3
RPS15:NM_001018,56
DAZAP1:NM_001352033,53
GAMT:NM_000156,16
NDUFS7:NM_024407,39
PWWP3A:NM_001369794,37
EFNA2:NM_001405,0
FAM174C:NM_017914,37
CIRBP:NR_023313,43
MIDN:NM_001388307,45
ATP5F1D:NM_001001975,48
CBARP:NM_152769,14
STK11:NM_000455,51
SBNO2:NM_014963,21
GPX4:NM_002085,35
POLR2E:NM_002695,24
ARHGAP45:NM_001258328,10
ABCA7:NM_019112,40
CNN2:NM_001303499,42
TMEM259:NM_001033026,42
GRIN3B:NM_138690,3
WDR18:NM_001372086,36
ARID3A:NM_005224,73
KISS1R:NM_032551,28
R3HDM4:NM_138774,31
MED16:NM_005481,31
CFD:NM_001928,21
ELANE:NM_001972,1
PRTN3:NM_002777,2
AZU1:NM_001700,3
PLPPR3:NM_024888,23
PTBP1:NM_031991,73
MISP:NM_173481,0
PALM:NM_001040134,8
PRSS57:NM_214710,2
FSTL3:NM_005860,2
RNF126:NM_194460,51
FGF22:NM_001300812,12
POLRMT:NM_005035,24
HCN2:NM_001194,6
BSG:NM_198590,36
GZMM:NM_001258351,3
CDC34:NM_004359,55
TPGS1:NM_033513,48
MADCAM1:NM_130762,1
ODF3L2:NM_001385599,8
SHC2:NM_012435,9
C2CD4C:NM_001136263,2
THEG:NM_016585,0
MIER2:NM_001387156,30
PLPP2:NM_003712,6
OR4F17:NM_001005240,1
PARD6G:NM_032510,1
ADNP2:NM_014913,0
RBFA:NM_001171967,1
TXNL4A:NM_001305563,2
HSBP1L1:NM_001136180,1
SLC66A2:NM_025078,0
KCNG2:NM_012283,0
CTDP1:NM_048368,0
NFATC1:NM_172388,1
ATP9B:NM_001306085,2
SALL3:NM_171999.4_2,2
GALR1:NM_001480,1
MBP:NM_001025101,1
ZNF236:NM_001306089,1
ZNF516:NM_014643,3
SMIM21:NM_001037331,1
TSHZ1:NM_005786,0
ZADH2:NM_175907,0
ZNF407:NM_017757,1
CNDP1:NM_032649,1
CNDP2:NM_001370248,1
DIPK1C:NM_001044369,1
C18orf63:NM_001174123,1
CYB5A:NM_001914,0
TIMM21:NM_014177,1
FBXO15:NM_152676,1
NETO1:NM_001354018,1
CBLN2:NM_182511,1
SOCS6:NM_004232,1
RTTN:NM_173630,1
CD226:NM_006566,1
DOK6:NM_152721,0
CCDC102B:NM_001093729,3
TMX3:NM_001350517,3
DSEL:NM_032160.3_2,1
CDH19:NM_021153,1
CDH7:NM_033646,1
SERPINB8:NM_001348367,0
HMSD:NM_001123366,2
SERPINB10:NM_005024,0
SERPINB2:NM_002575,1
SERPINB7:NM_001040147,0
SERPINB11:NM_080475,1
SERPINB3:NM_006919,0
SERPINB4:NM_002974,0
SERPINB13:NM_001348268,0
SERPINB12:NM_001307928,0
SERPINB5:NM_002639,0
VPS4B:NM_004869,3
KDSR:NM_002035,0
BCL2:NM_000633,0
PHLPP1:NM_194449,0
ZCCHC2:NR_126534,0
TNFRSF11A:NM_001278268,1
RELCH:NM_001346233,5
PIGN:NM_176787,5
RNF152:NM_173557,1
CDH20:NM_031891,0
MC4R:NM_005912,3
PMAIP1:NM_021127,1
CCBE1:NM_133459,1
LMAN1:NM_005570,5
CPLX4:NM_181654,2
RAX:NM_013435,0
GRP:NM_001012513,1
SEC11C:NM_001307941,2
ZNF532:NM_001353533,0
MALT1:NM_173844,1
ALPK2:NM_052947,0
NEDD4L:NM_001243960,1
ATP8B1:NM_001374385,1
NARS1:NM_004539,1
FECH:NM_001371095,2
ONECUT2:NM_004852,2
ST8SIA3:NM_015879,2
BOD1L2:NM_001257964,3
WDR7:NM_052834,1
TXNL1:NM_004786,1
TCF4:NM_001243226,1
CCDC68:NM_025214,1
RAB27B:NM_001375327,0
DYNAP:NM_001307955,2
C18orf54:NM_001288981,0
STARD6:NM_001371102,0
POLI:NM_001351621,0
MBD2:NM_003927,1
DCC:NM_005215,0
MEX3C:NM_016626,2
SMAD4:NM_005359,2
ELAC1:NM_018696,3
ME2:NM_001168335,1
MRO:NM_001369508,0
MAPK4:NM_001292039,1
SKA1:NM_145060.4_2,0
CXXC1:NM_001101654,1
MBD1:NM_001323953,0
CFAP53:NM_145020,0
MYO5B:NM_001080467,3
ACAA2:NM_006111,2
LIPG:NM_001308006,0
RPL17:NM_001199342,0
RPL17-C18orf32:NM_001199356,0
C18orf32:NM_001035005,0
DYM:NM_001374428,0
SMAD7:NM_005904,1
CTIF:NM_014772,0
C18orf12:NM_001350280,0
ZBTB7C:NM_001371287,1
SMAD2:NM_001003652,0
SKOR2:NM_001278063,3
IER3IP1:NM_016097,0
HDHD2:NM_001318765,3
ELOA2:NM_016427,2
KATNAL2:NM_001353903,1
PIAS2:NM_001324049,1
ST8SIA5:NM_001307986,3
LOXHD1:NM_001384474,0
RNF165:NM_152470,0
C18orf25:NM_001008239,0
HAUS1:NM_138443,0
ATP5F1A:NM_001001937,0
PSTPIP2:NM_024430,0
EPG5:NM_020964,1
SIGLEC15:NM_213602,3
SLC14A1:NM_001308279,1
SLC14A2:NM_001371319,2
SETBP1:NM_001379141,1
SYT4:NM_020783,1
RIT2:NM_001272077,3
PIK3C3:NM_001308020,1
CELF4:NM_001353740,3
KIAA1328:NR_136303,0
TPGS2:NM_001271956,0
FHOD3:NM_001281739,1
MOCOS:NM_017947,1
ELP2:NM_001324468,1
SLC39A6:NM_012319,1
RPRD1A:NM_001303411,4
C18orf21:NM_001201476,1
GALNT1:NM_001384438,0
INO80C:NM_001098817,1
ZNF396:NM_001322290,3
ZNF24:NM_006965,2
ZSCAN30:NM_001166012,5
ZNF397:NM_032347,1
MAPRE2:NM_001143826,2
DTNA:NM_001386768,0
NOL4:NM_001384469,0
ASXL3:NM_030632,3
CCDC178:NM_001371120,3
KLHL14:NM_020805,1
GAREM1:NM_001242409,1
MEP1B:NM_001308171,3
RNF138:NM_016271,0
RNF125:NM_017831,0
TRAPPC8:NM_014939,1
SLC25A52:NM_001034172,1
B4GALT6:NM_001378109,2
TTR:NM_000371,3
DSG2:NM_001943,2
DSG3:NM_001944,1
DSG4:NM_001134453,1
DSG1:NM_001942,4
DSC1:NM_004948,1
DSC2:NM_004949,4
DSC3:NM_024423,4
CDH2:NM_001792,6
CHST9:NM_031422,2
AQP4:NM_001364287,2
KCTD1:NM_001258222,3
TAF4B:NM_005640,1
PSMA8:NM_001025097,0
SS18:NM_001308201,3
ZNF521:NM_015461,50
HRH4:NM_001143828,5
IMPACT:NM_018439,5
OSBPL1A:NM_080597,4
CABYR:NM_138643,2
TTC39C:NM_153211,2
LAMA3:NM_001127717,3
ANKRD29:NM_173505,1
NPC1:NM_000271,0
RMC1:NM_001276342,2
RIOK3:NM_001348193,3
TMEM241:NM_001318834,0
CABLES1:NM_001256438,0
RBBP8:NM_002894,0
CTAGE1:NM_172241,0
GATA6:NM_005257,0
MIB1:NM_020774,0
ABHD3:NM_138340,0
SNRPD1:NM_001291916,0
ESCO1:NM_052911,1
GREB1L:NM_001142966,0
ROCK1:NM_005406,0
ANKRD30B:NM_001367607,0
POTEC:NM_001137671,0
ZNF519:NR_033354,5
MC2R:NM_001291911,1
MC5R:NM_005913,1
RNMT:NM_001378134,70
FAM210A:NM_001098801,70
LDLRAD4:NM_001378101,3
CEP192:NM_032142,45
SEH1L:NM_031216,35
PTPN2:NM_001207013,38
CEP76:NR_073537,96
PSMG2:NM_147163,28
SPIRE1:NM_001128626,30
PRELID3A:NM_006553,16
AFG3L2:NM_006796,45
TUBB6:NM_001303525,32
CIDEA:NM_001279,1
ANKRD62:NM_001277333,1
IMPA2:NM_014214,21
MPPE1:NM_023075,30
CHMP1B:NM_020412,62
GNAL:NM_182978,2
SLC35G4:NM_001282300,0
PIEZO2:NM_001378183,1
NAPG:NM_003826,43
APCDD1:NM_153000,1
VAPA:NM_194434,74
TXNDC2:NM_032243,6
RAB31:NM_006868,57
PPP4R1:NM_001042388,42
RALBP1:NM_006788,80
TWSG1:NM_020648,33
ANKRD12:NM_001083625,79
NDUFV2:NM_021074,73
MTCL1:NM_001378207,21
RAB12:NM_001025300,34
PTPRM:NM_002845,17
LRRC30:NM_001105581,2
LAMA1:NM_005559,3
ARHGAP28:NM_001366230,24
L3MBTL4:NM_001365765,0
TMEM200C:NM_001080209,2
EPB41L3:NM_001384698,2
ZBTB14:NM_001243704,43
AKAIN1:NM_001330553,3
DLGAP1:NM_004746,4
TGIF1:NM_174886,1
MYL12B:NM_033546,95
MYL12A:NM_001303048,92
MYOM1:NM_003803,2
LPIN2:NM_001375809,44
EMILIN2:NM_032048,23
SMCHD1:NM_015295,91
NDC80:NM_006101,87
METTL4:NM_022840,87
ADCYAP1:NM_001099733,3
YES1:NM_005433,107
ENOSF1:NM_001354067,49
TYMS:NM_001354868,85
TYMSOS:NM_001012716,84
CLUL1:NM_014410,8
CETN1:NM_004066,5
COLEC12:NM_130386,6
THOC1:NM_005131,71
USP14:NM_001037334,42
TUBB8B:NM_001358689,2
METRNL:NM_001004431,15
B3GNTL1:NM_001009905,1
ZNF750:NM_024702,0
TBCD:NM_005993,2
FN3K:NM_022158,0
FN3KRP:NM_024619,1
RAB40B:NM_006822,2
WDR45B:NM_019613,3
FOXK2:NM_004514,2
NARF:NM_001038618,38
CYBC1:NM_001193653,1
HEXD:NM_001369488,1
OGFOD3:NM_175902,1
UTS2R:NM_001381897,1
TEX19:NM_207459,0
SECTM1:NM_003004,0
CD7:NM_006137,1
CSNK1D:NM_001363749,0
SLC16A3:NM_001042422,1
CCDC57:NM_198082,2
FASN:NM_004104,2
DUS1L:NM_022156,0
GPS1:NM_001330539,2
RFNG:NM_002917,2
DCXR:NM_016286,0
RAC3:NM_005052,0
LRRC45:NM_144999,1
CENPX:NM_001330536,1
ASPSCR1:NM_001330528,0
NOTUM:NM_178493,1
MYADML2:NM_001145113,0
PYCR1:NM_006907,3
MAFG:NM_002359,2
SIRT7:NM_016538,1
NPB:NM_148896,0
PCYT2:NM_001256435,1
ANAPC11:NM_001289414,1
ALYREF:NR_158770,1
ARHGDIA:NM_001301243,4
P4HB:NM_000918,2
PPP1R27:NM_001007533,0
MCRIP1:NM_001288798,3
GCGR:NM_000160,1
SLC25A10:NM_001270953,2
MRPL12:NM_002949,1
HGS:NM_004712,3
ARL16:NM_001329608,3
CCDC137:NM_199287,1
OXLD1:NM_001304999,1
PDE6G:NM_001365724,1
TSPAN10:NM_001290212,2
NPLOC4:NM_001369698,1
FAAP100:NM_025161,2
FSCN2:NM_012418.4_2,0
ACTG1:NM_001199954.3_2,0
BAHCC1:NM_001377448.1_2,0
SLC38A10:NM_001037984,1
NDUFAF8:NM_001086521,3
TEPSIN:NM_001363764,3
CEP131:NM_001319228,0
PVALEF:NM_001354639,1
AATK:NM_001080395,1
BAIAP2:NM_001385127,24
CHMP6:NM_024591,0
RPTOR:NM_001163034,2
NPTX1:NM_002522,1
ENDOV:NM_001164637,1
RNF213:NM_001256071,1
SLC26A11:NM_001166349,4
SGSH:NM_001352922,4
CARD14:NM_001366385,8
EIF4A3:NM_014740,3
GAA:NM_001079804,0
CCDC40:NM_017950,0
TBC1D16:NM_019020,0
CBX4:NM_003655,0
CBX8:NM_020649,1
CBX2:NM_005189.3_2,0
ENPP7:NM_178543.5_2,1
RBFOX3:NM_001385807.1_2,1
ENGASE:NM_001042573,4
C1QTNF1:NM_153372,0
CANT1:NM_001159772,2
LGALS3BP:NM_005567,1
CEP295NL:NM_001243541,1
TIMP2:NM_003255,1
USP36:NM_001385169,0
CYTH1:NM_001365038,2
DNAH17:NM_173628,1
PGS1:NM_024419,0
SOCS3:NM_001378933,2
TMEM235:NM_001204212,1
BIRC5:NM_001012270,0
AFMID:NM_001010982,1
TK1:NM_001363848,1
SYNGR2:NM_001320523,1
C17orf99:NM_001163075,1
TMC8:NM_152468,4
TMC6:NM_001127198,5
TNRC6C:NM_001142640,2
SEPTIN9:NM_001293695,4
SEC14L1:NM_001204408,1
MGAT5B:NM_144677,1
MFSD11:NM_001353017,0
SRSF2:NM_003016,0
METTL23:NM_001378351,3
JMJD6:NM_001081461,2
MXRA7:NM_001008528,0
ST6GALNAC1:NM_001289107,2
ST6GALNAC2:NM_006456,0
PRCD:NR_033357,0
CYGB:NM_134268,1
RHBDF2:NM_024599,0
AANAT:NM_001166579,0
UBE2O:NM_022066,0
SPHK1:NM_001355139,1
PRPSAP1:NM_001366236,3
QRICH2:NM_032134,0
UBALD2:NM_182565,0
RNF157:NM_052916,0
FOXJ1:NM_001454,4
EXOC7:NM_001145297,0
ZACN:NM_180990,0
GALR2:NM_003857,0
SRP68:NM_014230,0
EVPL:NM_001320747,1
CDK3:NM_001258,0
TEN1:NM_001113324,4
TEN1-CDK3:NR_037709,4
ACOX1:NM_001185039,4
FBF1:NM_001319193,1
MRPL38:NM_032478,3
TRIM65:NM_173547,0
TRIM47:NM_033452,0
WBP2:NM_001348170,1
UNC13D:NM_199242,0
UNK:NM_001080419,0
H3-3B:NM_005324,1
GALK1:NM_001381985,1
ITGB4:NM_001321123,1
SAP30BP:NM_001301839,1
SMIM6:NM_001162997,3
SMIM5:NM_001162995,1
RECQL5:NM_004259,1
MYO15B:NM_001309242,2
LLGL2:NM_004524,1
TSEN54:NM_207346,1
CASKIN2:NM_020753,2
TMEM94:NM_001351202,0
GRB2:NM_002086,1
SLC25A19:NM_001126121,1
MIF4GD:NM_001242500,0
MRPS7:NM_015971,2
GGA3:NM_001172703,2
NUP85:NM_001303276,3
SUMO2:NM_006937,1
JPT1:NM_001002033,2
NT5C:NM_014595,1
ARMC7:NM_001304271,2
SLC16A5:NM_001271765,2
ATP5PD:NM_006356,1
KCTD2:NR_110835,0
MRPL58:NM_001303265,6
CDR2L:NM_014603,2
HID1:NM_030630,0
OTOP3:NM_178233,0
OTOP2:NM_178160,0
USH1G:NM_173477,0
FADS6:NM_178128,2
FDXR:NM_001258013,1
GRIN2C:NM_000835,0
TMEM104:NM_001321264,2
NAT9:NM_001305082,2
SLC9A3R1:NM_004252,0
CD300LF:NM_001289086,1
RAB37:NM_175738,2
CD300E:NM_181449,0
C17orf77:NM_001302809,1
CD300LD:NM_001115152,0
CD300H:NM_001324073,0
CD300C:NM_006678,0
CD300LB:NM_174892,0
CD300A:NM_001330456,1
GPRC5C:NM_001366261,0
GPR142:NM_181790,0
BTBD17:NM_001080466,1
KIF19:NM_153209,1
DNAI2:NM_001172810,0
TTYH2:NM_032646,0
RPL38:NM_001035258,0
SDK2:NM_001144952,1
CDC42EP4:NM_012121,5
CPSF4L:NM_001129885,0
C17orf80:NM_001288770,0
FAM104A:NM_001098832,0
COG1:NM_018714,2
SSTR2:NM_001050,0
SLC39A11:NM_001352691,1
SOX9:NM_000346,1
KCNJ2:NM_000891,3
KCNJ16:NM_170741,1
MAP2K6:NM_002758,1
ABCA5:NM_172232,3
ABCA10:NM_080282,8
ABCA6:NM_080284,4
ABCA9:NM_080283,3
ABCA8:NM_001288985,1
FAM20A:NM_001243746,0
WIPI1:NM_017983,2
PRKAR1A:NM_001278433,0
SLC16A6:NM_001174166.2_2,0
ARSG:NM_001352904.2_2,1
AMZ2:NM_001346480.1_2,3
KPNA2:NM_002266.4_2,1
C17orf58:NM_001382359.1_2,1
BPTF:NM_182641.4_2,5
NOL11:NM_001303272,0
PITPNC1:NM_012417,2
PSMD12:NM_001316341,2
HELZ:NM_001330447,3
CACNG1:NM_000727,1
CACNG4:NM_014405,0
CACNG5:NM_001371476,0
PRKCA:NM_002737,2
APOH:NM_000042,1
CEP112:NM_001353129,2
AXIN2:NM_004655,5
RGS9:NM_001081955,1
GNA13:NM_006572,2
LRRC37A3:NM_199340.5_2,4
SMURF2:NM_022739.4_2,4
CEP95:NM_001316990.2_2,1
DDX5:NM_001320595.2_2,1
POLG2:NM_007215.4_2,0
MILR1:NM_001369493.1_2,0
PECAM1:NM_000442.5_2,0
TEX2:NM_018469.5_2,4
ERN1:NM_001433,1
ICAM2:NM_001099786,1
PRR29:NM_001191030,1
SCN4A:NM_000334,0
CD79B:NM_001039933,1
GH1:NM_000515,3
CSHL1:NM_022579,1
CSH1:NM_001317,0
GH2:NM_022557,1
CSH2:NM_022644,3
SMARCD2:NM_001098426,2
PSMC5:NM_002805,5
FTSJ3:NM_017647,4
DDX42:NM_203499,5
CCDC47:NM_020198,5
STRADA:NM_001363788,0
LIMD2:NM_030576,0
MAP3K3:NM_001330431,1
TACO1:NM_016360,4
DCAF7:NM_005828,1
KCNH6:NM_173092,1
ACE:NM_001382700,0
CYB561:NM_001017916,1
TANC2:NM_025185,2
MARCHF10:NM_001288779,1
MRC2:NM_006039,2
TLK2:NM_001375271,0
METTL2A:NM_181725,3
EFCAB3:NM_001144933,2
MED13:NM_005121,2
INTS2:NM_001351695,1
BRIP1:NM_032043,1
NACA2:NM_199290,2
TBX4:NM_001321120,4
TBX2:NM_005994,1
BCAS3:NM_017679,21
PPM1D:NM_003620,0
APPBP2:NM_006380,1
C17orf64:NM_181707,0
USP32:NM_032582,1
HEATR6:NM_022070,3
RNFT1:NM_016125,2
RPS6KB1:NM_001369671,2
TUBD1:NM_001193612,2
VMP1:NM_001329402,1
PTRH2:NM_001015509,1
CLTC:NM_004859,1
DHX40:NM_001166301,1
YPEL2:NM_001005404,2
GDPD1:NM_001165993,2
SMG8:NM_018149,5
PRR11:NM_018304,1
SKA2:NM_001100595,0
TRIM37:NM_001005207,1
PPM1E:NM_014906,37
RAD51C:NM_058216,1
TEX14:NM_001201457,1
SEPTIN4:NM_001368771,2
MTMR4:NM_001378066,2
HSF5:NM_001080439,0
RNF43:NM_001305544,3
SUPT4H1:NM_003168,0
TSPOAP1:NM_004758,0
MPO:NM_000250,1
LPO:NM_001160102,2
MKS1:NM_001165927,2
EPX:NM_000502,2
OR4D2:NM_001004707,3
OR4D1:NM_012374,2
DYNLL2:NM_080677,2
SRSF1:NM_001078166,0
VEZF1:NM_001330393,2
CUEDC1:NM_001271875,3
MRPS23:NM_016070,1
CCDC182:NM_001282544,0
MSI2:NM_001322250,0
AKAP1:NM_003488,2
SCPEP1:NM_021626,1
COIL:NM_004645,0
TRIM25:NM_005082,4
DGKE:NM_003647,1
C17orf67:NM_001085430,1
NOG:NM_005450,1
ANKFN1:NM_001370326,1
PCTP:NM_001330378,1
TMEM100:NM_001099640,0
MMD:NM_012329,1
HLF:NM_002126,3
STXBP4:NM_178509,3
COX11:NR_135677,3
TOM1L1:NM_001321174,4
KIF2B:NM_032559,2
CA10:NM_001082534,3
UTP18:NM_016001,3
MBTD1:NM_017643,3
NME2:NM_001018137,2
NME1:NM_000269,21
NME1-NME2:NM_001018136,21
SPAG9:NM_001130528,0
TOB1:NM_001243877,43
WFIKKN2:NM_001330341,6
ANKRD40CL:NM_001358683,2
LUC7L3:NM_001330330,0
ANKRD40:NM_052855,0
ABCC3:NM_003786,1
CACNA1G:NM_001256332,5
SPATA20:NM_001258372,80
EPN3:NM_017957,15
MYCBPAP:NM_032133,9
RSAD1:NM_018346,10
CHAD:NM_001267,56
ACSF2:NM_001288971,2
LRRC59:NM_018509,4
EME1:NM_152463,1
MRPL27:NM_016504,1
XYLT2:NM_022167,1
TMEM92:NM_001168215,2
COL1A1:NM_000088,1
SGCA:NM_001135697,2
PPP1R9B:NM_032595,3
SAMD14:NM_174920,1
PDK2:NM_001199898,0
ITGA3:NM_002204,3
DLX3:NM_005220,1
DLX4:NM_138281,21
TAC4:NM_170685,1
KAT7:NM_001199158,5
FAM117A:NM_030802,25
SLC35B1:NM_005827,0
SPOP:NM_001007226,1
NXPH3:NM_007225,15
NGFR:NM_002507,0
PHB:NM_001281496,12
ZNF652:NM_014897,4
PHOSPHO1:NM_001143804,0
ABI3:NM_001135186,4
GNGT2:NM_001198754,4
B4GALNT2:NM_001159388,26
IGF2BP1:NM_001160423,1
GIP:NM_004123,1
SNF8:NM_001317194,1
UBE2Z:NM_023079,2
ATP5MC1:NM_001002027,1
CALCOCO2:NM_001261395,2
TTLL6:NM_001130918,2
HOXB13:NM_006361,1
PRAC2:NM_001282275,2
PRAC1:NM_032391,2
HOXB9:NM_024017,0
HOXB8:NM_024016,1
HOXB7:NM_004502,0
HOXB6:NM_001369397,0
HOXB5:NM_002147,0
HOXB4:NM_024015,0
HOXB3:NM_001384749,0
HOXB2:NM_002145,0
HOXB1:NM_002144,0
SKAP1:NM_003726,0
SNX11:NM_013323,3
CBX1:NM_001127228,1
NFE2L1:NM_001330261,2
COPZ2:NM_016429,3
CDK5RAP3:NM_001278197,3
PRR15L:NM_024320,1
PNPO:NM_018129,1
SP2:NM_003110,0
SP6:NM_199262,2
SCRN2:NM_001145023,0
LRRC46:NM_033413,4
MRPL10:NM_148887,4
OSBPL7:NM_145798,3
TBX21:NM_013351,0
TBKBP1:NM_014726,1
KPNB1:NM_002265,0
NPEPPS:NM_001330257,0
EFCAB13:NM_152347,1
ITGB3:NM_000212,0
MYL4:NM_001002841,2
CDC27:NM_001114091,1
RPRML:NM_203400,2
GOSR2:NM_001321133,1
WNT9B:NM_001320458,2
WNT3:NM_030753,2
NSF:NM_006178.4_2,3
LRRC37A2:NM_001385803.1_3,2
ARL17A:NM_001288812.1_3,1
LRRC37A:NM_014834.4_2,3
ARL17B:NM_001103154,4
KANSL1:NM_001379198.1_2,3
STH:NM_001007532.3_2,2
MAPT:NM_016841.5_2,1
SPPL2C:NM_175882.3_2,3
CRHR1:NM_001303018.2_2,1
LINC02210-CRHR1:NM_001256299.3_3,1
PLEKHM1:NM_014798.3_2,0
ARHGAP27:NM_001282290.2_2,1
MAP3K14:NM_003954,3
SPATA32:NM_152343,0
FMNL1:NM_005892,0
HEXIM2:NM_001303436,0
HEXIM1:NM_006460,0
ACBD4:NM_001321353,1
PLCD3:NM_133373,1
NMT1:NM_021079,1
DCAKD:NM_001288654,1
C1QL1:NM_006688,0
KIF18B:NM_001264573,11
FAM187A:NM_001258400,54
GFAP:NM_002055,1
CCDC103:NM_001258395,3
EFTUD2:NM_004247,1
HIGD1B:NM_001271880,2
GJC1:NM_001080383,1
ADAM11:NM_001318933,7
DBF4B:NM_025104,1
CCDC43:NM_144609,1
MEIOC:NM_001145080,2
FZD2:NM_001466,3
GPATCH8:NM_001304940,0
ITGA2B:NM_000419,2
FAM171A2:NM_198475,3
GRN:NM_002087,56
SLC25A39:NM_001143780,3
RUNDC3A:NM_001144825,34
SLC4A1:NM_000342,1
UBTF:NR_045058,4
ATXN7L3:NM_001382314,54
TMUB2:NM_001353183,2
ASB16:NM_080863,1
HROB:NM_001321310,1
HDAC5:NM_001382393,1
G6PC3:NM_001384168,3
LSM12:NM_152344,2
TMEM101:NM_001304813,1
NAGS:NM_153006,2
PYY:NM_004160,2
PPY:NM_002722,52
MPP2:NM_001278370,0
CD300LG:NM_145273,2
MPP3:NM_001353080,2
CFAP97D1:NM_001353400,1
DUSP3:NM_004090,0
SOST:NM_025237,21
MEOX1:NM_004527,2
ETV4:NM_001079675,3
DHX8:NM_001322219,2
ARL4D:NM_001661,1
CCDC200:NR_047479,0
TMEM106A:NM_001291588,2
NBR1:NM_031862,2
BRCA1:NM_007300,2
RND2:NM_005440,2
VAT1:NM_006373,4
IFI35:NM_001330230,0
RPL27:NM_001349921,2
RUNDC1:NM_173079,6
PTGES3L:NM_001261430,6
AARSD1:NM_001261434,1
PTGES3L-AARSD1:NM_001136042,6
G6PC:NM_001270397,1
AOC3:NM_001277731,2
AOC2:NM_001158,3
PSME3:NM_005789,1
BECN1:NM_003766,1
CNTD1:NM_001330222,1
COA3:NM_001040431,0
WNK4:NM_001321299,0
VPS25:NM_032353,1
RAMP2:NM_005854,2
EZH1:NM_001991,3
CNTNAP1:NM_003632,2
CCR10:NM_016602,0
PLEKHH3:NM_024927,8
TUBG2:NM_016437,1
TUBG1:NM_001070,5
RETREG3:NR_026697,5
PSMC3IP:NR_045669,4
MLX:NM_198205,2
COASY:NM_001042529,2
HSD17B1:NM_000413,0
NAGLU:NM_000263,0
ATP6V0A1:NM_001378549,0
CAVIN1:NM_012232,1
STAT3:NM_001384990,1
STAT5A:NM_003152,0
STAT5B:NM_012448,1
GHDC:NM_001142623,3
HCRT:NM_001524,2
KCNH4:NM_012285,0
RAB5C:NM_201434.3_2,3
HSPB9:NM_033194.3_2,1
KAT2A:NM_001376227.1_2,2
DHX58:NM_024119.3_2,1
C17orf113:NM_001358661.2_2,1
ZNF385C:NM_001378270.1_2,0
NKIRAS2:NM_001001349.2_2,1
DNAJC7:NM_003315.4_2,1
CNP:NM_033133.5_2,6
ODAD4:NM_031421.5_2,1
ACLY:NM_001303274.1_2,0
KLHL11:NM_018143.3_2,1
KLHL10:NM_001329595.1_2,3
NT5C3B:NM_052935.5_2,3
FKBP10:NM_021939.4_2,1
P3H4:NM_006455.3_2,1
JUP:NM_001352773.2_2,0
HAP1:NM_001367459.1_2,1
GAST:NM_000805.5_2,1
EIF1:NM_005801,3
KRT17:NM_000422,3
KRT16:NM_005557,2
KRT14:NM_000526,1
KRT9:NM_000226,22
KRT19:NM_002276,1
KRT15:NM_002275,0
KRT13:NM_153490,1
KRT36:NM_003771,1
KRT35:NM_002280,30
KRT32:NM_002278,0
KRT38:NM_006771,1
KRT37:NM_003770.5_2,1
KRT31:NM_002277.3_2,0
KRT34:NM_001386014.1_2,1
KRT33B:NM_002279.5_2,1
KRT33A:NM_004138.4_2,2
KRTAP17-1:NM_031964.2_2,1
KRTAP16-1:NM_001146182.1_2,28
KRTAP29-1:NM_001257309.1_3,7
KRTAP9-7:NM_001277332.1_2,0
KRTAP9-6:NM_001277331.1_2,2
KRTAP9-9:NM_030975.2_3,1
KRTAP9-4:NM_033191.3_3,3
KRTAP9-8:NM_031963,1
KRTAP9-3:NM_031962.3_2,2
KRTAP9-2:NM_031961.3_2,0
KRTAP9-1:NM_001190460,3
KRTAP4-1:NM_001386841,0
KRTAP4-2:NM_033062,1
KRTAP4-3:NM_033187,0
KRTAP4-4:NM_032524,1
KRTAP4-5:NM_033188,2
KRTAP4-6:NM_030976,2
KRTAP4-12:NM_031854.3_2,3
KRTAP4-11:NM_033059.4_2,1
KRTAP4-9:NM_001146041.1_2,0
KRTAP4-8:NM_031960.3_2,1
KRTAP4-7:NM_033061,0
KRTAP2-4:NM_033184.4_2,1
KRTAP2-3:NM_001165252.2_2,0
KRTAP2-2:NM_033032.3_2,0
KRTAP2-1:NM_001123387.1_2,10
KRTAP1-1:NM_030967.3_2,28
KRTAP1-3:NM_030966.2_2,2
KRTAP1-4:NM_001257305.1_2,1
KRTAP1-5:NM_031957.2_2,1
KRTAP3-1:NM_031958.2_2,1
KRTAP3-2:NM_031959.3_2,28
KRTAP3-3:NM_033185.3_2,0
KRT40:NM_182497.4_2,1
KRT39:NM_213656.4_2,1
KRT23:NM_015515.5_2,1
KRT20:NM_019010.3_2,3
KRT12:NM_000223.4_2,0
KRT10:NM_001379366,0
KRT28:NM_181535,2
KRT27:NM_181537,3
KRT26:NM_181539,3
KRT25:NM_181534,1
KRT24:NM_019016,2
KRT222:NM_152349,1
SMARCE1:NM_003079,1
CCR7:NM_001838,1
TNS4:NM_032865,1
IGFBP4:NM_001552,1
TOP2A:NM_001067,1
GJD3:NM_152219,0
RARA:NM_000964,3
CDC6:NM_001254,1
WIPF2:NM_133264,1
RAPGEFL1:NM_001303533,2
CASC3:NM_007359,7
MSL1:NM_001012241,0
NR1D1:NM_021724,11
THRA:NM_001190919,0
MED24:NM_001079518,0
CSF3:NM_001178147,0
PSMD3:NM_002809,0
GSDMA:NM_178171,0
LRRC3C:NM_001195545,0
ORMDL3:NM_139280,0
GSDMB:NM_001165958,0
ZPBP2:NM_198844,0
IKZF3:NM_001284514,0
GRB7:NM_001330207,1
MIEN1:NM_001330206,1
ERBB2:NM_001005862,3
PGAP3:NM_033419,3
PNMT:NR_073461,1
TCAP:NM_003673,1
STARD3:NM_001165937,2
PPP1R1B:NM_032192,1
NEUROD2:NM_006160,0
CDK12:NM_015083,0
MED1:NM_004774,31
FBXL20:NM_001370208,0
STAC2:NM_198993,1
RPL19:NM_000981,35
CACNB1:NM_000723,1
ARL5C:NM_001143968,4
PLXDC1:NM_020405,2
FBXO47:NM_001008777,4
LASP1:NM_001271608,1
RPL23:NM_000978,0
C17orf98:NM_001080465,2
CWC25:NM_017748,1
PIP4K2B:NM_003559,1
PSMB3:NM_002795,0
PCGF2:NM_007144,2
CISD3:NM_001136498,1
MLLT6:NM_005937,0
EPOP:NM_001130677,1
SRCIN1:NM_025248.3_2,5
ARHGAP23:NM_001199417.2_2,2
SOCS7:NM_014598.4_2,1
GPR179:NM_001004334.4_2,2
MRPL45:NM_001278279.3_2,0
TBC1D3:NM_001123391,0
TBC1D3L:NM_001291459,0
HNF1B:NM_000458,1
DDX52:NM_001291476,0
SYNRG:NM_007247,3
DUSP14:NM_007026,1
TADA2A:NM_001166105,2
C17orf78:NM_001321399,3
ACACA:NM_198839,3
AATF:NM_012138,0
LHX1:NM_005568,1
MRM1:NM_024864.5_2,3
DHRS11:NM_024308.4_2,4
GGNBP2:NM_024835.5_2,4
PIGW:NM_001346755.2_2,1
MYO19:NM_001163735.2_2,1
ZNHIT3:NM_001281432.2_2,2
TBC1D3F:NM_032258.5_2,0
TBC1D3H:NM_001123392.3_2,2
CCL3L1:NM_021006,2
TBC1D3C:NM_001001418.6_2,3
CCL4L2:NM_001291474.2_2,0
CCL3L3:NM_001001437.4_2,3
TBC1D3B:NM_001001417.7_2,2
CCL4:NM_002984,1
CCL3:NM_002983,1
CCL18:NM_002988,1
CCL23:NM_005064,1
CCL15:NM_032965,4
CCL15-CCL14:NR_027921,4
CCL14:NM_032962,2
CCL16:NM_004590,1
LYZL6:NM_020426,1
RDM1:NM_145654.4_2,2
CCL5:NM_001278736.2_2,0
HEATR9:NM_152781.4_2,0
TAF15:NM_003487.4_2,2
C17orf50:NM_145272.4_2,0
GAS2L2:NM_139285.4_2,1
RASL10B:NM_033315.4_2,3
AP2B1:NM_001282.3_2,1
PEX12:NM_000286,2
SLFN14:NM_001129820,4
SLFN12L:NM_001363830,4
SLFN13:NM_144682,1
SLFN12:NM_001289009,2
SLFN11:NM_001104587,1
SLFN5:NM_001330183,1
SLC35G3:NM_152462,1
UNC45B:NM_001267052,4
NLE1:NM_018096,2
FNDC8:NM_017559,2
RAD51D:NM_002878,2
RAD51L3-RFFL:NR_037714,2
RFFL:NR_037713,6
LIG3:NM_013975,3
ZNF830:NM_052857,2
CCT6B:NM_006584,2
TMEM132E:NM_001304438,4
CCL1:NM_002981,0
CCL13:NM_005408,1
CCL8:NM_005623,0
CCL11:NM_002986,0
CCL7:NM_006273,2
CCL2:NM_002982,2
ASIC2:NM_001094,1
SPACA3:NM_001317226,3
TMEM98:NM_001033504,2
MYO1D:NM_015194,6
CDK5R1:NM_003885,2
PSMD11:NM_002815,0
ZNF207:NM_003457,1
C17orf75:NM_022344,2
RHBDL3:NM_001330181,2
RHOT1:NM_001288755,2
LRRC37B:NM_001321350,0
SUZ12:NM_001321207,4
UTP6:NM_018428,0
COPRS:NM_018405,3
RAB11FIP4:NM_032932,1
EVI2A:NM_001003927,1
EVI2B:NM_006495,1
OMG:NM_002544,18
NF1:NM_000267,1
RNF135:NM_197939,1
ADAP2:NM_001346714,1
TEFM:NM_024683,1
ATAD5:NM_024857,2
CRLF3:NM_015986,1
GOSR1:NM_001007025,3
CPD:NM_001304,1
TMIGD1:NM_206832,76
BLMH:NM_000386,1
SLC6A4:NM_001045,0
NSRP1:NM_001261467,0
EFCAB5:NM_198529,2
SSH2:NM_001282129,1
CORO6:NM_032854,1
ANKRD13B:NM_152345,0
GIT1:NM_001085454,0
TP53I13:NM_001346078,8
ABHD15:NM_198147,12
TAOK1:NM_020791,0
NUFIP2:NM_020772,1
CRYBA1:NM_005208,11
TIAF1:NM_004740,2
MYO18A:NM_001346765,1
PIPOX:NM_016518,3
SEZ6:NM_001290202,11
PHF12:NM_001290131,1
DHRS13:NM_144683,1
FLOT2:NM_001330170,2
ERAL1:NM_001317985,3
FAM222B:NM_001288636,1
TRAF4:NM_004295,3
NEK8:NM_178170,2
TLCD1:NM_001160407,2
RPL23A:NM_000984,0
RAB34:NM_001142625,0
PROCA1:NM_001304949,2
SUPT6H:NM_003170,1
SDF2:NR_045585,1
KIAA0100:NM_001363829,1
RSKR:NM_001174103,5
SPAG5:NM_006461,0
ALDOC:NM_005165,0
PIGS:NM_033198,0
UNC119:NM_054035,0
FOXN1:NM_001369369,1
SLC13A2:NM_003984.4_2,2
SLC46A1:NM_080669.6_2,0
SARM1:NM_015077.4_2,0
VTN:NM_000638.4_2,0
SEBOX:NM_001080837.3_2,1
TMEM199:NM_152464.3_2,2
POLDIP2:NM_015584.5_2,2
TNFAIP1:NM_021137.5_2,0
IFT20:NM_001267774.2_2,0
TMEM97:NM_014573.3_2,1
NLK:NM_016231,0
LYRM9:NM_001076680,0
NOS2:NM_000625,0
LGALS9:NM_001330163,1
KSR1:NM_001367810,0
WSB1:NM_134265,0
NMTRS-TGA3-1:NMTRS-TGA3-1,0
MTRNR2L1:NM_001190452,0
KCNJ12:NM_021012.5_2,1
MAP2K3:NM_145109,0
NATD1:NM_152914,1
TMEM11:NM_003876,0
DHRS7B:NM_015510,0
USP22:NM_015276,2
CDRT15L2:NM_001190790,1
LGALS9B:NM_001367292,0
FAM106B:NM_001348161,1
SPECC1:NM_001243439,0
AKAP10:NM_007202,0
ULK2:NM_014683,0
ALDH3A1:NM_000691,2
SLC47A2:NR_135624,1
ALDH3A2:NM_001369146,0
NMTRQ-TTG12-1:NMTRQ-TTG12-1,6
SLC47A1:NM_018242,1
RNF112:NM_007148,0
MFAP4:NM_001198695,0
MAPK7:NM_139032,1
B9D1:NM_001368769,1
EPN2:NM_001102664,0
GRAPL:NM_001353418,0
GRAP:NM_006613,1
FAM83G:NM_001039999,0
SLC5A10:NM_001270648,9
PRPSAP2:NM_001243942,0
TVP23B:NM_001316921,5
FBXW10:NM_001267586,0
TRIM16L:NM_001353221,0
FOXO3B:NM_001368134,0
TBC1D28:NM_001039397,0
FAM106A:NM_024974,0
LGALS9C:NM_001040078,0
EVPLL:NM_001145127,0
SHMT1:NM_004169,2
SMCR8:NM_144775,2
TOP3A:NM_004618,2
MIEF2:NM_139162,1
FLII:NM_001256264,1
LLGL1:NM_004140,2
ALKBH5:NM_017758,24
MYO15A:NM_016239,2
DRG2:NM_001330144,0
GID4:NM_024052,1
ATPAF2:NM_145691,1
DRC3:NM_001130090,0
TOM1L2:NM_001350332,0
SREBF1:NM_001005291,0
RAI1:NM_030665,0
PEMT:NM_001267552,2
RASD1:NM_016084,3
MED9:NM_018019,2
NT5M:NM_020201,34
COPS3:NM_001316354,0
FLCN:NM_001353229,3
PLD6:NM_178836,0
MPRIP:NM_015134,0
TNFRSF13B:NM_012452,0
FAM106C:NM_001348162,0
CCDC144A:NM_001382000,2
ZNF624:NM_020787,1
ZNF287:NM_001346167,0
LRRC75A:NM_001113567,0
TRPV2:NM_016113,0
UBB:NM_001281716,3
CENPV:NM_181716,1
PIGL:NM_004278,1
NCOR1:NM_006311,1
TTC19:NM_017775,1
ZSWIM7:NM_001042697,1
ADORA2B:NM_000676,1
TBC1D26:NM_178571,0
ZNF286A:NM_001288649,0
TRIM16:NM_001348125,0
CDRT1:NM_001282540,1
TVP23C:NM_145301,2
CDRT4:NM_001204477,1
TVP23C-CDRT4:NM_001204478,2
TEKT3:NM_031898,1
PMP22:NM_000304,2
HS3ST3B1:NM_006041,2
CDRT15:NM_001007530,3
COX10:NM_001303,0
HS3ST3A1:NM_006042,1
ELAC2:NM_018127,0
ARHGAP44:NM_001321168,1
MYOCD:NM_153604,0
MAP2K4:NM_003010,0
ZNF18:NM_001303281,1
DNAH9:NM_001372,2
SHISA6:NM_001173462,3
PIRT:NM_001101387,2
TMEM220:NM_001359647,0
ADPRM:NM_020233,0
SCO1:NM_004589,0
MYH3:NM_002470,1
MYH2:NM_001100112,0
MYH1:NM_005963,0
MYH4:NM_017533,0
MYH8:NM_002472,2
MYH13:NM_003802,1
GAS7:NM_201433,0
RCVRN:NM_002903,0
GLP2R:NM_004246,0
GSG1L2:NM_001310219,1
DHRS7C:NM_001220493,0
USP43:NM_001267576,0
CFAP52:NM_001080556,0
STX8:NM_004853,0
NTN1:NM_004822,2
PIK3R5:NM_001251851,2
PIK3R6:NM_001290211,0
MFSD6L:NM_152599,1
SPDYE4:NM_001128076,0
CCDC42:NM_144681,1
MYH10:NM_001375266,1
NDEL1:NM_001330129,1
RNF222:NM_001146684,0
RPL26:NM_001315530,2
KRBA2:NM_001304947,1
ODF4:NM_001319953,1
ARHGEF15:NM_173728,4
RANGRF:NM_001330127,18
SLC25A35:NM_201520,1
PFAS:NM_012393,31
CTC1:NM_025099,27
AURKB:NM_001284526,2
BORCS6:NM_017622,1
TMEM107:NM_032354,1
VAMP2:NM_014232,0
PER1:NM_002616,0
HES7:NM_001165967,1
ALOXE3:NM_001165960,0
ALOX12B:NM_001139,4
ALOX15B:NM_001039131,2
GUCY2D:NM_000180,0
CNTROB:NM_001353207,25
TRAPPC1:NM_001166621,25
KCNAB3:NM_004732,12
CHD3:NM_001005271,2
CYB5D1:NM_001330110,1
NAA38:NM_001330111,2
TMEM88:NM_001319941,1
KDM6B:NM_001348716,1
DNAH2:NM_020877,0
EFNB3:NM_001406,1
WRAP53:NM_001143990,4
TP53:NM_001126118,2
ATP1B2:NM_001303263,4
SAT2:NM_001320845,1
SHBG:NM_001289114,2
FXR2:NM_004860,2
SOX15:NM_006942,1
MPDU1:NM_001330073,33
CD68:NM_001040059,31
EIF4A1:NM_001204510,9
SENP3-EIF4A1:NR_037926,1
SENP3:NM_015670,1
TNFSF13:NM_172088,1
TNFSF12:NM_003809,0
TNFSF12-TNFSF13:NM_172089,0
POLR2A:NM_000937,0
SLC35G6:NM_001102614,0
ZBTB4:NM_020899,0
CHRNB1:NM_000747,2
FGF11:NR_130156,1
TMEM102:NM_178518,1
SPEM3:NM_001364672,8
SPEM2:NM_175734,28
SPEM1:NM_199339,1
NLGN2:NM_020795,16
TMEM256:NM_152766,54
PLSCR3:NM_001369407,2
TMEM256-PLSCR3:NR_037719,54
TNK1:NM_003985,3
TMEM95:NM_001320435,0
KCTD11:NM_001002914,4
ACAP1:NM_014716,49
NEURL4:NM_032442,30
GPS2:NM_004489,32
EIF5A:NM_001143760,0
YBX2:NM_015982,1
SLC2A4:NM_001042,2
CLDN7:NM_001185022,0
ELP5:NM_203415,2
CTDNEP1:NM_015343,2
GABARAP:NM_007278,2
PHF23:NM_024297,1
DVL2:NM_004422,0
ACADVL:NM_001270447,2
DLG4:NM_001321075,2
ASGR1:NM_001671,0
ASGR2:NM_080912,6
CLEC10A:NM_182906,2
SLC16A11:NM_153357,1
SLC16A13:NM_201566,35
BCL6B:NM_181844,2
C17orf49:NM_001142799,1
RNASEK:NM_001004333,1
RNASEK-C17orf49:NR_037717,1
ALOX12:NM_000697,1
TEKT1:NM_053285,2
FBXO39:NM_153230,0
XAF1:NM_001353135,0
SLC13A5:NM_177550,1
C17orf100:NM_001105520,1
MED31:NM_016060,1
TXNDC17:NM_032731,2
KIAA0753:NM_001351225,2
PITPNM3:NM_031220,0
PIMREG:NM_001195228,0
AIPL1:NM_001285402,0
WSCD1:NM_015253,0
NLRP1:NM_001033053,41
MIS12:NM_001258220,1
DERL2:NM_016041,1
DHX33:NM_020162,1
C1QBP:NM_001212,1
RPAIN:NM_001160246,1
NUP88:NM_001320653,1
RABEP1:NM_001291581,1
SCIMP:NM_207103,1
ZNF594:NM_032530,1
USP6:NM_001304284,1
ZNF232:NM_001320953,0
ZFP3:NM_153018,1
SLC52A1:NM_001104577,46
KIF1C:NM_006612,2
INCA1:NM_001167986,2
CAMTA2:NM_015099,1
SPAG7:NM_004890,3
ENO3:NM_001374524,1
PFN1:NM_001375991,1
RNF167:NM_001370311,2
SLC25A11:NM_003562,2
GP1BA:NM_000173,36
C17orf107:NM_001145536,2
CHRNE:NM_000080,13
MINK1:NM_001024937,0
PLD2:NM_001243108,12
PSMB6:NM_002798,2
GLTPD2:NM_001014985,1
VMO1:NM_001144939,1
TM4SF5:NM_003963,0
ZMYND15:NM_001136046,2
CXCL16:NM_001386809,2
MED11:NM_001001683,0
ARRB2:NM_001330064,2
PELP1:NM_001278241,0
ALOX15:NM_001140,0
SMTNL2:NM_198501,1
GGT6:NM_001288702,0
MYBBP1A:NM_014520,1
SPNS2:NM_001124758,1
SPNS3:NM_001320449,2
UBE2G1:NM_003342,1
ANKFY1:NM_016376,2
CYB5D2:NM_001254756,2
ZZEF1:NM_015113,2
ATP2A3:NM_174953,1
P2RX1:NM_002558,0
CAMKK1:NM_032294,0
NCBP3:NM_001114118,3
HASPIN:NM_031965,1
ITGAE:NM_002208,0
P2RX5:NM_002561,2
EMC6:NM_031298,2
TAX1BP3:NM_014604,2
P2RX5-TAX1BP3:NR_037928,2
CTNS:NM_001031681,0
SHPK:NM_013276,0
TRPV1:NM_080704,1
TRPV3:NM_001258205,1
ASPA:NM_000049,0
SPATA22:NM_001321337,1
OR1E2:NM_003554,4
OR3A3:NM_012373,1
OR1E1:NM_003553,0
OR3A1:NM_002550,0
OR3A2:NM_002551,1
OR1A1:NM_001386104,1
OR1A2:NM_012352,1
OR1G1:NM_003555,0
OR1E3:NM_001348201,3
OR1D2:NM_002548,0
OR1D5:NM_014566,1
RAP1GAP2:NM_001330058,2
CCDC92B:NM_001355573,3
CLUH:NM_001366662,0
PAFAH1B1:NM_000430,0
METTL16:NM_024086,2
MNT:NM_020310,39
SGSM2:NM_001346700,0
TSR1:NM_018128,0
SRR:NM_001304803,1
SMG6:NM_017575,1
HIC1:NM_006497,1
OVCA2:NM_080822,0
DPH1:NM_001346576,1
RTN4RL1:NM_178568,1
RPA1:NM_001355121,2
SMYD4:NM_052928,2
SERPINF1:NM_001329904,1
SERPINF2:NM_000934,3
WDR81:NM_001163673,3
TLCD2:NM_001164407,0
PRPF8:NM_006445,2
RILP:NM_031430,2
SCARF1:NM_003693,0
SLC43A2:NM_001321364,0
PITPNA:NM_006224,0
INPP5K:NM_001135642,3
MYO1C:NM_001080779,2
CRK:NM_016823,0
YWHAE:NM_006761,1
TRARG1:NM_172367,0
BHLHA9:NM_001164405,0
ABR:NM_001322841,0
TIMM22:NM_013337,0
NXN:NM_022463,0
MRM3:NM_001317947,1
GLOD4:NM_001366249,1
GEMIN4:NM_015721,2
TLCD3A:NM_001318008,1
VPS53:NM_001128159,1
RFLNB:NM_182705.2_2,1
C17orf97:NM_001013672.5_2,1
RPH3AL:NM_006987.4_3,0
DOC2B:NM_003585.5_3,0
PRDM7:NM_001098173,0
GAS8:NM_001286209,0
DBNDD1:NM_001288708,0
CENPBD1:NM_145039,0
DEF8:NM_001242817,1
TUBB3:NM_001197181,1
MC1R:NM_002386,3
TCF25:NM_014972,5
SPIRE2:NM_032451,0
FANCA:NM_001286167,2
ZNF276:NR_110128,2
VPS9D1:NM_004913,1
SPATA2L:NM_152339,1
CDK10:NM_001098533,1
SPATA33:NM_153025,26
CHMP1A:NM_002768,29
DPEP1:NM_001128141,2
CPNE7:NM_153636,5
RPL13:NM_001243131,2
SPG7:NM_001363850,41
ANKRD11:NM_001256182,2
ZNF778:NM_001378881,0
SLC22A31:NM_001384768,0
CDH15:NM_004933,2
ACSF3:NM_001243279,0
CBFA2T3:NM_005187,0
PABPN1L:NM_001080487,1
TRAPPC2L:NR_134671,3
GALNS:NM_001323544,3
APRT:NM_000485,0
CDT1:NM_030928,1
PIEZO1:NM_001142864,0
CTU2:NM_001318513,16
RNF166:NM_178841,16
SNAI3:NM_178310,1
MVD:NM_002461,0
CYBA:NM_000101,2
IL17C:NM_013278,68
ZC3H18:NM_144604,6
ZFPM1:NM_153813,0
ZNF469:NM_001367624,2
BANP:NM_001384921,2
CA5A:NM_001367225,2
SLC7A5:NM_003486,1
KLHDC4:NM_001351937,1
JPH3:NR_073379,2
ZCCHC14:NM_015144,0
MAP1LC3B:NM_022818,0
FBXO31:NM_001282683,0
C16orf95:NM_001256917,0
FOXL1:NM_005250,0
FOXC2:NM_005251,0
MTHFSD:NM_001159378,2
FOXF1:NM_001451,2
IRF8:NM_002163,0
COX4I1:NM_001318797,1
EMC8:NM_006067,1
C16orf74:NM_206967,0
GINS2:NM_016095,1
GSE1:NM_001134473,0
CIBAR2:NM_198491,3
KIAA0513:NM_014732,0
ZDHHC7:NM_001145548,9
CRISPLD2:NM_031476,2
USP10:NM_005153,6
KLHL36:NM_001303451,5
COTL1:NM_021149,2
MEAK7:NM_020947,2
ATP2C2:NM_014861,3
WFDC1:NM_001282467,1
KCNG4:NM_172347,2
ADAD2:NM_001145400,1
TAF1C:NM_005679,1
DNAAF1:NM_178452,2
HSDL1:NM_031463,2
MBTPS1:NM_003791,3
SLC38A8:NM_001080442,2
NECAB2:NM_019065,2
OSGIN1:NM_182981,2
MLYCD:NM_012213,0
HSBP1:NM_001537,2
CDH13:NM_001220490,1
MPHOSPH6:NM_005792,2
HSD17B2:NM_002153,0
SDR42E1:NM_145168,1
PLCG2:NM_002661,1
CMIP:NM_198390,2
GAN:NM_001377486,1
BCO1:NM_017429,3
PKD1L2:NR_126532,1
GCSH:NM_004483,0
C16orf46:NM_001100873,1
ATMIN:NM_015251,2
CENPN:NM_001100625,4
CMC2:NM_001351967,3
CDYL2:NM_152342,6
DYNLRB2:NM_001305017,1
MAF:NM_001031804,1
WWOX:NM_001291997,0
CLEC3A:NM_005752,0
VAT1L:NM_020927,0
NUDT7:NM_001243661,3
ADAMTS18:NM_001326358,3
SYCE1L:NM_001348924,2
MON1B:NM_001286640,2
CNTNAP4:NM_001322191,4
CPHXL:NM_001355613,1
DUXB:NM_001351307,0
TERF2IP:NM_018975,2
KARS1:NM_001378148,1
ADAT1:NM_001324451,2
GABARAPL2:NM_007285,1
TMEM231:NM_001077418,4
CHST5:NM_024533,4
TMEM170A:NM_145254,3
CFDP1:NM_006324,2
BCAR1:NM_001170715,0
CTRB1:NM_001329190,21
CTRB2:NM_001025200,1
ZFP1:NM_001318472,1
LDHD:NM_153486,35
ZNRF1:NM_032268,2
WDR59:NM_030581,2
FA2H:NM_024306,0
MLKL:NM_152649,1
RFWD3:NM_001370540,10
GLG1:NM_001145667,0
CLEC18B:NM_001385192,1
NPIPB15:NM_001385737,1
PSMD7:NM_002811,0
ZFHX3:NM_001386735,2
PMFBP1:NM_001160213,2
DHX38:NM_014003,1
TXNL4B:NM_001142318,1
HPR:NM_020995,7
HP:NM_001126102,1
DHODH:NM_001361,1
PKD1L3:NM_181536,2
IST1:NM_001270976,3
ZNF821:NM_001376297,0
ATXN1L:NM_001137675,1
AP1G1:NM_001030007,0
PHLPP2:NM_015020,1
MARVELD3:NM_001271329,0
TAT:NM_000353,1
CHST4:NM_005769,2
ZNF19:NM_006961,3
ZNF23:NM_001381977,4
TLE7:NM_001367365,0
CALB2:NM_007088,0
CMTR2:NM_001324377,1
HYDIN:NM_001270974,0
VAC14:NM_018052,0
MTSS2:NM_138383,1
IL34:NM_001172771,2
SF3B3:NM_012426,2
COG4:NM_001365426,2
FCSK:NM_145059,1
ST3GAL2:NM_006927,0
DDX19A:NM_001320527,0
DDX19B:NM_001257174,2
AARS1:NM_001605,2
EXOSC6:NM_058219,6
CLEC18C:NM_173619,0
PDPR:NM_001322118,0
CLEC18A:NM_001136214,0
WWP2:NM_001270454,1
NOB1:NM_014062,1
NQO1:NM_000903,11
NFAT5:NM_001367709,1
CYB5B:NM_030579,3
TERF2:NM_005652,2
TMED6:NM_144676,45
NIP7:NM_001199434,0
PDF:NM_022341,2
COG8:NM_001379261,0
VPS4A:NM_013245,3
SNTB2:NM_006750.3_2,2
UTP4:NM_001318391.2_2,2
CHTF8:NM_001039690,2
DERPC:NM_001366602,2
HAS3:NM_138612,0
TANGO6:NM_024562,2
CDH1:NM_001317184,0
CDH3:NM_001317196,0
ZFP90:NM_001305204,2
SMPD3:NM_018667,0
PRMT7:NM_001378020,3
SLC7A6OS:NM_032178,3
SLC7A6:NM_003983,2
PLA2G15:NM_001363551,1
ESRP2:NM_001365264,1
NFATC3:NM_173165,2
DUS2:NM_001271762,0
DDX28:NM_018380,0
DPEP2NB:NM_001282442,2
DPEP2:NR_136706,0
DPEP3:NM_001370198,0
SLC12A4:NM_001145962,0
LCAT:NM_000229,4
PSMB10:NM_002801,12
CTRL:NM_001907,10
PSKH1:NM_006742,1
NRN1L:NM_001348682,2
EDC4:NM_014329,1
NUTF2:NM_005796,0
THAP11:NM_020457,13
CENPT:NM_025082,0
TSNAXIP1:NM_001288994,16
RANBP10:NM_001320240,16
GFOD2:NM_030819,2
C16orf86:NM_001012984,1
ENKD1:NM_032140,1
PARD6A:NM_001037281,0
ACD:NM_001082486,0
CARMIL2:NM_001317026,2
CTCF:NM_001191022,2
RIPOR1:NM_024519,67
AGRP:NM_001138,0
ATP6V0D1:NM_004691,0
HSD11B2:NM_000196,0
ZDHHC1:NM_001323627,0
TPPP3:NM_016140,2
LRRC36:NM_018296,2
KCTD19:NM_001100915,2
PLEKHG4:NM_001129727,0
SLC9A5:NM_001323972,2
FHOD1:NM_001318202,12
TMEM208:NM_014187,3
LRRC29:NM_001004055,3
ELMO3:NM_024712,3
E2F4:NM_001950,36
EXOC3L1:NM_178516,0
KIAA0895L:NM_001369682,1
NOL3:NM_001276309,0
HSF4:NM_001040667,2
FBXL8:NM_018378,47
TRADD:NM_001323552,47
B3GNT9:NM_033309,32
C16orf70:NM_001320540,2
CBFB:NM_001368707,0
CES4A:NM_173815,0
CES3:NM_001185177,2
CES2:NM_003869,2
CIAO2B:NM_016062,2
RRAD:NM_001128850,3
CDH16:NM_004062,4
PDP2:NM_001329934,1
CA7:NM_005182,8
NAE1:NM_001018159,0
TERB1:NM_001136505,0
DYNC1LI2:NM_006141,0
CMTM4:NM_181521,4
CMTM3:NM_001363918,2
CMTM2:NM_001199317,2
CMTM1:NM_181296,1
CKLF-CMTM1:NM_001202509,1
CKLF:NM_016326,1
TK2:NM_001172643,1
BEAN1:NM_001197225,3
CDH5:NM_001795,1
CDH11:NM_001308392,3
CDH8:NM_001796,1
GOT2:NM_002080,1
SLC38A7:NM_018231,0
CNOT1:NM_016284,0
SETD6:NM_001160305,2
NDRG4:NM_020465,1
GINS3:NM_001126130,0
PRSS54:NM_001080492,4
CCDC113:NM_001142302,0
CSNK2A2:NM_001896,2
CFAP20:NM_013242,0
MMP15:NM_002428,0
USB1:NM_001330568,3
ZNF319:NM_020807,3
TEPP:NM_199456,1
CNGB1:NM_001297,0
KIFC3:NM_001318710.2_2,4
KATNB1:NM_005886.3_2,0
DRC7:NM_001289163,1
ADGRG3:NM_001308360,4
ADGRG1:NM_001370435,0
ADGRG5:NM_001318481,0
CCDC102A:NM_033212,3
DOK4:NM_001369618,0
POLR2C:NM_032940,3
COQ9:NM_020312,3
CIAPIN1:NM_020313,3
CCL17:NM_002987,0
CX3CL1:NM_001304392,3
CCL22:NM_002990,1
PLLP:NM_015993,0
ARL2BP:NM_012106,1
RSPRY1:NM_001305164,0
PSME3IP1:NM_001354087,0
CPNE2:NM_152727,3
NLRC5:NM_001384960,2
CETP:NM_001286085,1
HERPUD1:NM_001010989,2
SLC12A3:NM_001126107,1
NUP93:NM_014669,3
MT1X:NM_005952,0
MT1H:NM_005951,2
MT1G:NM_001301267,1
MT1F:NM_005949,4
MT1B:NM_005947,0
MT1A:NM_005946,0
MT1M:NM_176870,1
MT1E:NM_175617,3
MT2A:NM_005953,4
MT3:NM_005954,0
MT4:NM_032935,2
BBS2:NM_001377456,2
OGFOD1:NM_001324357,2
NUDT21:NM_007006,2
AMFR:NM_001323512,2
GNAO1:NM_020988,2
CES5A:NM_001190158.1_2,0
CES1:NM_001025195.2_2,1
SLC6A2:NM_001172501,1
CAPNS2:NM_032330,0
LPCAT2:NM_017839,3
MMP2:NM_001302508,0
IRX6:NM_024335,2
IRX5:NM_005853,1
CRNDE:NM_001308963,0
IRX3:NM_024336,2
FTO:NM_001080432,2
RPGRIP1L:NM_015272,2
AKTIP:NM_001012398,2
RBL2:NM_001323610,3
CHD9:NM_025134,1
TOX3:NM_001146188,0
SALL1:NM_002968,0
CYLD:NM_001378749,5
NOD2:NM_001370466,4
SNX20:NM_153337,0
NKD1:NM_033119,2
BRD7:NM_001173984,2
ADCY7:NM_001114,4
TENT4B:NM_001040285,1
HEATR3:NM_001329731,0
CNEP1R1:NM_001281789,1
ZNF423:NM_001271620,2
C16orf78:NM_144602,0
CBLN1:NM_004352,1
N4BP1:NM_153029,1
SIAH1:NM_003031,0
LONP2:NM_001348078,2
ABCC11:NM_001370497,2
ABCC12:NM_033226,2
PHKB:NM_001363837,5
ITFG1:NM_001305002,5
NETO2:NM_018092,2
DNAJA2:NM_005880,3
GPT2:NM_133443,0
C16orf87:NM_001001436,1
MYLK3:NM_001308301,1
ORC6:NM_014321,3
VPS35:NM_018206,4
SHCBP1:NM_024745,0
TP53TG3B:NR_158181,0
TP53TG3C:NR_158183,0
TP53TG3:NR_158180,0
TP53TG3D:NM_001243722,0
ZNF267:NM_003414,4
VN1R3:NM_174980,1
ZNF720:NM_001130913,1
AHSP:NM_001318221,2
RUSF1:NM_022744,0
SLC5A2:NM_003041,0
TGFB1I1:NM_001042454,2
ARMC5:NM_001288767,3
ZNF843:NM_001353381,4
COX6A2:NM_005205,1
ITGAD:NM_005353,10
ITGAX:NM_001286375,0
ITGAM:NM_000632,3
PYDC1:NM_152901,4
TRIM72:NM_001008274,2
PYCARD:NM_013258,5
FUS:NM_001170634,1
PRSS36:NM_173502,1
PRSS8:NM_002773,3
KAT8:NM_182958,2
BCKDK:NM_001271926,27
VKORC1:NM_001311311,2
PRSS53:NM_001039503,0
ZNF646:NM_014699,0
ZNF668:NM_024706,0
STX4:NM_001272096,0
STX1B:NM_052874,3
HSD3B7:NM_001142778,15
SETD1A:NM_014712,3
ORAI3:NM_152288,13
FBXL19:NM_001382780,1
CTF1:NM_001142544,2
BCL7C:NM_001286526,5
ZNF629:NM_001345970,0
RNF40:NM_001207034,4
CCDC189:NM_001014979,7
PHKG2:NM_001172432,25
TMEM265:NM_001256829,2
SRCAP:NM_006662,1
FBRS:NM_001105079,0
PRR14:NM_001320464,20
ZNF785:NM_152458,3
ZNF688:NM_001024683,23
ZNF764:NM_033410,11
ZNF747:NM_023931,1
ZNF768:NM_024671,14
ITGAL:NM_001114380,0
SEPHS2:NM_012248,1
DCTPP1:NM_024096,1
ZNF771:NM_001142305,3
ZNF48:NM_001214906,0
SEPTIN1:NM_052838,34
MYLPF:NM_001324459,3
TBC1D10B:NM_015527,3
CD2BP2:NM_006110,22
NPIPB13:NM_001321892,1
SULT1A3:NM_177552,0
SLX1A:NM_001015000,0
BOLA2B:NM_001039182,0
CORO1A:NM_007074,0
MAPK3:NM_002746,0
GDPD3:NM_024307,10
YPEL3:NM_031477,1
TBX6:NM_004608,2
PPP4C:NM_001303507,1
ALDOA:NM_184043,45
TLCD3B:NM_001352173,1
C16orf92:NM_001353379,0
DOC2A:NM_001282062,2
INO80E:NM_001304562,2
HIRIP3:NM_001197323,2
TAOK2:NM_004783,3
TMEM219:NM_001369690,39
KCTD13:NM_178863,1
ASPHD1:NM_181718,2
SEZ6L2:NM_001243332,2
CDIPT:NM_006319,7
MVP:NM_017458,1
PAGR1:NM_024516,1
PRRT2:NM_145239,2
MAZ:NM_001276275,56
KIF22:NM_007317,2
ZG16:NM_152338,34
C16orf54:NM_175900,0
QPRT:NM_001318249,3
SPN:NM_001030288,1
NPIPB12:NM_001355401,0
SULT1A4:NM_001017390,0
SLX1B:NM_178044,0
BOLA2:NM_001031827,0
BOLA2-SMG1P6:NM_001320627,0
NPIPB11:NM_001310137,0
LAT:NM_001014989,0
SPNS1:NM_001142448,0
NFATC2IP:NM_032815,0
CD19:NM_001385732,2
RABEP2:NM_024816,12
ATP2A1:NM_173201,0
SH2B1:NM_001387404,0
TUFM:NM_003321,0
ATXN2L:NM_001387203,0
NPIPB9:NM_001287250,0
EIF3C:NM_001199142,0
NPIPB8:NM_001385922,0
SULT1A1:NM_177536,2
SULT1A2:NM_001363863,8
SGF29:NM_138414,4
NUPR1:NM_001042483,2
IL27:NM_145659,0
APOBR:NM_018690,0
CLN3:NM_001286109,1
EIF3CL:NM_001317856,0
NPIPB6:NM_001282524,1
SBK1:NM_001024401,0
XPO6:NM_001270940,1
GSG1L:NM_001323900,2
KATNIP:NM_015202,2
GTF3C1:NM_001520,2
IL21R:NM_181078,4
IL4R:NM_001257997,0
NSMCE1:NM_145080,0
KDM8:NM_024773,1
C16orf82:NM_001145545,1
HS3ST4:NM_006040,0
ZKSCAN2:NM_001012981,0
AQP8:NM_001169,3
LCMT1:NM_001032391,1
ARHGAP17:NM_001006634,1
SLC5A11:NM_001352237,0
TNRC6A:NM_001351850,0
RBBP6:NM_018703,3
CACNG3:NM_006539,2
PRKCB:NM_212535,7
CHP2:NM_022097,3
ERN2:NM_033266,1
PLK1:NM_005030,0
DCTN5:NM_032486,2
PALB2:NM_024675,2
NDUFAB1:NM_005003,1
UBFD1:NM_019116,1
EARS2:NM_001083614,1
GGA2:NM_015044,1
COG7:NM_153603,3
SCNN1B:NM_000336,1
SCNN1G:NM_001039,3
USP31:NM_020718,2
HS3ST2:NM_006043,0
NPIPB5:NM_001135865,0
CDR2:NM_001802,1
POLR3E:NM_001258035,0
EEF2K:NM_013302,2
SDR42E2:NM_001365288,1
VWA3A:NM_173615,1
MOSMO:NM_001164579,1
PDZD9:NM_001370530,1
UQCRC2:NM_003366,0
NPIPB4:NM_001384982,0
OTOA:NM_144672,0
IGSF6:NM_005849,3
METTL9:NM_001288660,0
NPIPB3:NM_130464,0
CRYM:NM_001888,2
ANKS4B:NM_145865,1
ZP2:NM_003460,0
TMEM159:NM_001301774,2
DNAH3:NM_017539,2
LYRM1:NM_001369632,1
DCUN1D3:NM_173475,1
REXO5:NM_001144924,1
ERI2:NM_080663,1
ACSM3:NM_005622,2
THUMPD1:NM_017736,2
ACSM1:NM_001318890,1
ACSM2B:NM_182617,1
ACSM2A:NM_001308169,0
ACSM5:NM_001324371,1
PDILT:NM_174924,3
UMOD:NM_001378233,0
GP2:NM_001007240,1
GPR139:NM_001002911,3
GPRC5B:NM_016235,1
IQCK:NM_001305121,0
KNOP1:NM_001348531,0
VPS35L:NM_001300743,2
CCP110:NM_001323577,3
GDE1:NM_016641,1
TMC5:NM_001308161,1
CLEC19A:NM_001256720,0
SYT17:NM_001330509,2
ITPRIPL2:NM_001034841,0
COQ7:NM_001370490,3
TMC7:NM_001324268,1
SMG1:NM_015092,0
ARL6IP1:NM_015161,2
RPS15A:NM_001019,49
NOMO2:NM_173614,1
NPIPA8:NM_001282511,0
XYLT1:NM_022166,0
NPIPA7:NM_001282507,0
NOMO3:NM_001004067,0
ABCC6:NM_001171,0
ABCC1:NM_004996,1
CEP20:NM_001304499,0
MYH11:NM_001040113,33
NDE1:NM_001143979,0
MARF1:NM_014647,0
BMERB1:NM_033201,1
MPV17L:NM_173803,5
NPIPA5:NM_001351200,1
RRN3:NM_001301064,1
NTAN1:NM_173474,1
PDXDC1:NM_001324020,0
NPIPA1:NM_006985,0
NOMO1:NM_014287,1
NPIPA2:NM_001277324,0
NPIPA3:NM_001277323,0
PLA2G10:NR_133651,0
BFAR:NM_001330500,0
PARN:NM_002582,0
MRTFB:NM_014048,3
ERCC4:NM_005236,3
SHISA9:NM_001145204,0
CPPED1:NM_018340,1
SNX29:NM_032167,0
TNFRSF17:NM_001192,1
NPIPB2:NM_001355514,2
GSPT1:NM_001130007,0
RSL1D1:NM_015659,1
ZC3H7A:NM_014153,0
TXNDC11:NM_001303447,0
SNN:NM_003498,1
LITAF:NR_024320,1
RMI2:NM_152308,3
PRM1:NM_002761,0
PRM2:NM_001286359,1
PRM3:NM_021247,1
TNP2:NM_005425,2
SOCS1:NM_003745,2
CLEC16A:NM_015226,1
DEXI:NM_014015,0
CIITA:NM_001286403,0
TVP23A:NR_134901,2
NUBP1:NM_001323594,0
TEKT5:NM_144674,0
EMP2:NM_001424,0
ATF7IP2:NM_024997,2
GRIN2A:NM_000833,0
C16orf72:NM_014117,2
USP7:NM_003470,1
CARHSP1:NM_001278260,53
PMM2:NM_000303,3
TMEM186:NM_015421,3
ABAT:NM_001386612,2
METTL22:NM_024109,1
RBFOX1:NM_001142333,0
EEF2KMT:NM_201400,1
ALG1:NM_019109,3
C16orf89:NM_152459,1
NAGPA-AS1:NR_038913,1
NAGPA:NM_016256,1
SEC14L5:NM_014692,4
PPL:NM_002705,1
UBN1:NM_001079514,1
GLYR1:NM_032569,1
ROGDI:NM_024589,4
SMIM22:NM_001253790,1
SEPTIN12:NM_144605,1
ZNF500:NM_021646,0
C16orf71:NM_139170,0
ANKS3:NM_133450,0
NUDT16L1:NM_032349,2
MGRN1:NM_001142289,1
UBALD1:NM_145253,0
C16orf96:NM_001387219,0
CDIP1:NM_013399,0
HMOX2:NM_001127206,0
NMRAL1:NM_001351994,1
DNAJA3:NM_001286516,60
VASN:NM_138440,2
CORO7:NM_024535,0
PAM16:NM_016069,2
CORO7-PAM16:NM_001201479,0
GLIS2:NM_001318918,1
TFAP4:NM_003223,3
SRL:NM_001323667,1
ADCY9:NM_001116,1
CREBBP:NM_004380,1
TRAP1:NM_016292,1
DNASE1:NM_001387140,3
SLX4:NM_032444,3
NLRC3:NM_178844,3
CLUAP1:NM_015041,3
C16orf90:NM_001353382,0
NAA60:NM_001317093,0
ZNF597:NM_152457,0
ZNF174:NM_001347868,3
ZSCAN32:NM_001324340,3
MTRNR2L4:NM_001190476,2
OR2C1:NM_012368,2
ZNF75A:NM_001352495,1
TIGD7:NM_033208,1
ZNF263:NM_005741,0
MEFV:NM_000243,21
ZNF200:NM_003454,40
OR1F1:NM_001370640,3
ZNF213:NM_004220,20
ZNF205:NM_001042428,2
ZSCAN10:NM_032805,25
IL32:NM_001369593,11
MMP25:NM_022468,2
BICDL2:NM_001369667,1
THOC6:NM_001347703,0
HCFC1R1:NM_001288667,0
TNFRSF12A:NM_016639,0
CLDN6:NM_021195,0
CLDN9:NM_020982,3
PKMYT1:NM_001258451,3
PAQR4:NM_001284513,41
KREMEN2:NM_001253725,1
FLYWCH1:NM_032296,7
FLYWCH2:NM_001142499,1
PRSS22:NM_022119,5
ZG16B:NM_145252,4
PRSS21:NM_001270452,11
PRSS41:NM_001354586,0
PRSS33:NM_001385464,2
ELOB:NM_007108,1
SRRM2:NM_016333,0
PRSS27:NM_031948,1
KCTD5:NM_018992,2
PDPK1:NM_031268,1
CEMP1:NM_001048212,0
AMDHD2:NM_001330449,0
ATP6V0C:NM_001198569,0
TBC1D24:NM_020705,1
NTN3:NM_006181,22
TEDC2:NM_025108,2
CCNF:NM_001323538,2
ABCA3:NM_001089,2
RNPS1:NM_080594,3
ECI1:NM_001919,0
DNASE1L2:NM_001301680,1
E4F1:NM_001288778,3
PGP:NM_001042371,7
BRICD5:NM_182563,2
MLST8:NM_001199173,1
CASKIN1:NM_020764,1
TRAF7:NM_032271,42
RAB26:NM_001308053,7
PKD1:NM_001009944,1
TSC2:NM_001318829,0
NTHL1:NM_002528,0
SLC9A3R2:NM_004785,0
NPW:NM_001099456,2
ZNF598:NM_178167,1
SYNGR3:NM_004209,3
GFER:NM_005262,7
NOXO1:NM_172168,5
TBL3:NM_006453,10
RNF151:NM_001348711,1
RPS2:NM_002952,2
NDUFB10:NM_004548,59
RPL3L:NM_005061,2
MSRB1:NM_016332,33
HS3ST6:NM_001009606,1
MEIOB:NM_001163560,3
FAHD1:NM_001142398,1
HAGH:NM_005326,1
NUBP2:NM_001284502,5
SPSB3:NM_080861,5
EME2:NM_001257370,0
MRPS34:NM_001300900,0
NME3:NM_002513,0
MAPK8IP3:NM_001318852,2
JPT2:NM_144570,2
CRAMP1:NM_020825,1
TMEM204:NM_001256541,1
IFT140:NM_014714,1
TELO2:NM_001351846,1
PTX4:NM_001328608,2
CLCN7:NM_001287,1
CCDC154:NM_001143980,33
PERCC1:NM_001365310,2
C16orf91:NM_001272051,3
UNKL:NM_001372107,1
GNPTG:NM_032520,1
TSR3:NM_001001410,1
BAIAP3:NM_001199099,0
UBE2I:NM_194261,1
TPSD1:NM_012217,3
TPSAB1:NM_003294,2
TPSB2:NM_024164,2
TPSG1:NM_012467,0
CACNA1H:NM_001005407,3
C1QTNF8:NM_207419,0
SSTR5:NM_001172560,0
SOX8:NM_014587,1
LMF1:NM_001352018,1
PRR25:NM_001013638,0
GNG13:NM_016541,2
CHTF18:NM_022092,1
RPUSD1:NM_001324415,1
MSLN:NM_001177355,2
CIAO3:NM_001304799,18
HAGHL:NM_001365282,1
CCDC78:NM_001378033,1
ANTKMT:NM_001271285,2
METRN:NM_024042,0
FBXL16:NM_153350,2
WDR24:NM_032259,30
JMJD8:NM_001005920,0
STUB1:NM_005861,12
RHBDL1:NM_001278721,12
RHOT2:NM_001352287,5
WDR90:NM_145294,2
MCRIP2:NM_001331230,19
METTL26:NM_032366,7
WFIKKN1:NM_053284,49
RAB40C:NM_001172663,7
PIGQ:NM_148920,1
NHLRC4:NM_176677,1
PRR35:NM_145270,1
CAPN15:NM_005632,2
RAB11FIP3:NM_014700,0
DECR2:NM_020664,0
NME4:NM_001286436,0
PGAP6:NM_021259,1
MRPL28:NM_006428,2
AXIN1:NM_003502,36
PDIA2:NM_006849,3
ARHGDIG:NM_001176,1
RGS11:NM_003834,6
FAM234A:NR_104317,2
LUC7L:NM_001330420,3
HBQ1:NM_005331,44
HBA1:NM_000558,19
HBA2:NM_000517,0
HBM:NM_001003938,1
HBZ:NM_005332,2
NPRL3:NM_001243249,3
MPG:NM_001015054,0
RHBDF1:NM_022450,3
SNRNP25:NM_024571,5
POLR3K:NM_016310,5
OR4F4:NM_001004195,0
OR4F15:NM_001001674,0
OR4F6:NM_001005326,0
TARS3:NM_152334,0
TM2D3:NM_001308026,0
PCSK6:NM_002570,0
SNRPA1:NM_003090,1
SELENOS:NM_203472,3
CHSY1:NM_014918,0
LRRK1:NM_024652,2
ALDH1A3:NM_001293815,0
ASB7:NM_198243,2
LINS1:NM_001352507,2
CERS3:NM_001290343,13
ADAMTS17:NM_139057,1
LYSMD4:NM_001284420,2
MEF2A:NM_001352617,1
LRRC28:NM_001321678,0
TTC23:NM_001353869.2_2,0
SYNM:NM_015286.6_2,1
PGPEP1L:NM_001167902.2_2,1
IGF1R:NM_001291858,0
FAM169B:NM_182562,1
ARRDC4:NM_183376,0
NR2F2:NM_001145155,1
MCTP2:NM_001385010,2
RGMA:NM_020211,0
CHD2:NM_001271,1
FAM174B:NM_207446,1
ST8SIA2:NM_001330416,3
SLCO3A1:NM_001145044,1
SV2B:NM_001323031,1
VPS33B:NM_001289149,0
PRC1:NM_003981,0
RCCD1:NM_001017919,0
UNC45A:NM_001039675,4
HDDC3:NM_001286451,4
MAN2A2:NM_001320977,1
FES:NM_001143785,2
FURIN:NM_001382622,1
BLM:NM_001287247,0
CRTC3:NM_001042574,3
IQGAP1:NM_003870,64
ZNF774:NM_001004309,1
NGRN:NR_028052,0
GDPGP1:NM_001013657,2
SEMA4B:NM_001324029,1
IDH2:NM_002168,0
ZNF710:NM_198526,5
ARPIN:NM_182616,3
AP3S2:NM_005829,2
ARPIN-AP3S2:NM_001199058,3
ANPEP:NM_001381923,2
MESP2:NM_001039958,2
MESP1:NM_018670,0
WDR93:NM_001284395,44
PEX11A:NM_003847,44
PLIN1:NM_002666,0
KIF7:NM_198525,1
TICRR:NM_152259,0
RHCG:NM_016321,3
POLG:NM_002693,2
FANCI:NM_018193,2
RLBP1:NM_000326,0
ABHD2:NM_152924,0
MFGE8:NM_001310320,2
HAPLN3:NM_001307952,0
ACAN:NM_001135,2
ISG20:NM_001303235,1
AEN:NM_022767,2
MRPS11:NM_001321970,0
MRPL46:NM_022163,0
NTRK3:NM_001012338,1
AGBL1:NM_152336,2
KLHL25:NM_022480,0
AKAP13:NM_006738,2
GOLGA6L3:NM_001310153,1
PDE8A:NM_001243137,1
SLC28A1:NM_001321721,1
ALPK3:NM_020778,3
ZNF592:NM_014630,0
SEC11A:NM_001271918,1
NMB:NM_021077,0
WDR73:NM_032856,0
ZSCAN2:NM_181877,0
GOLGA6L4:NM_001267536,3
UBE2Q2L:NR_166151,2
ADAMTSL3:NM_207517,0
SH3GL3:NM_001301108,1
BNC1:NM_001717,1
HDGFL3:NM_016073,0
TM6SF1:NM_001353884,1
BTBD1:NM_025238,2
C15orf40:NM_001160116,1
RAMAC:NM_031452,0
HOMER2:NM_199330,0
WHAMM:NM_001080435,3
FSD2:NM_001281805,0
AP3B2:NM_001278512,0
CPEB1:NM_001387069,0
RPS17:NM_001021,25
GOLGA6L10:NM_001164465,2
GOLGA6L9:NM_198181,3
SAXO2:NM_001008226,3
EFL1:NM_024580,3
MEX3B:NM_032246,0
TMC3:NM_001080532,0
STARD5:NM_181900,3
IL16:NM_001172128,1
CFAP161:NM_173528,3
TLNRD1:NM_022566,1
MESD:NR_126327,1
CEMIP:NM_018689,1
ABHD17C:NM_021214,37
ARNT2:NM_014862,7
CTXND1:NM_001352888,0
FAH:NM_001374380,0
ZFAND6:NM_001242918,2
BCL2A1:NM_001114735,0
MTHFS:NM_001199758,1
ST20-MTHFS:NM_001199760,0
MINAR1:NM_015206,2
TMED3:NM_001330376,2
ANKRD34C:NM_001146341,1
RASGRF1:NM_002891,1
CTSH:NM_001319137,0
MORF4L1:NM_001265603,1
ADAMTS7:NM_014272,1
CHRNB4:NM_000750,1
CHRNA3:NM_001166694,2
CHRNA5:NM_001307945,1
PSMA4:NM_001102668,1
HYKK:NM_001083612,1
IREB2:NM_001354994,2
CRABP1:NM_004378,2
WDR61:NM_001303247,1
DNAJA4:NM_018602,5
ACSBG1:NM_015162,1
IDH3A:NM_005530,4
CIB2:NR_125435,3
SH2D7:NM_001101404,4
TBC1D2B:NM_144572,2
LINGO1:NM_001301186,0
HMG20A:NM_001304505,3
PEAK1:NM_001387085,2
TSPAN3:NM_005724,0
PSTPIP1:NM_001321137,2
RCN2:NM_002902,3
SCAPER:NM_001353010,1
ISL2:NM_145805,2
ETFA:NM_000126,0
TMEM266:NM_152335,2
NRG4:NM_138573,2
FBXO22:NM_147188,3
UBE2Q2:NM_001284382,2
ODF3L1:NM_175881,0
CSPG4:NM_001897,2
SNX33:NM_153271,3
IMP3:NM_018285,0
SNUPN:NM_001042581,1
PTPN9:NM_002833,1
SIN3A:NM_001145357,1
MAN2C1:NM_001256494,2
NEIL1:NM_001352520,77
COMMD4:NR_104312,5
GOLGA6D:NM_001145224,1
GOLGA6C:NM_001164404,1
C15orf39:NM_015492,2
PPCDC:NM_001301103,2
SCAMP5:NM_138967,0
RPP25:NM_017793,0
COX5A:NM_004255,0
FAM219B:NM_020447,2
MPI:NM_001289156,0
SCAMP2:NM_001320778,1
ULK3:NM_001099436,1
CPLX3:NM_001030005,1
LMAN1L:NM_021819,2
CSK:NM_001127190,0
CYP1A2:NM_000761,1
CYP1A1:NM_001319217,1
EDC3:NM_001142443,1
CLK3:NM_003992,3
ARID3B:NM_006465,1
UBL7:NM_001286740,0
SEMA7A:NM_003612,4
CYP11A1:NM_000781,2
CCDC33:NM_025055,0
STRA6:NM_001199040,2
ISLR:NM_005545,1
ISLR2:NM_001130136,0
GOLGA6A:NM_001038640,7
PML:NM_033238,1
STOML1:NM_001324230,2
LOXL1:NM_005576,0
TBC1D21:NM_001286434,1
INSYN1:NM_001384351,0
CD276:NM_001329629,1
NPTN:NM_012428,3
REC114:NM_001348772,1
HCN4:NM_005477,0
NEO1:NM_002499,0
ADPGK:NM_001365226,1
BBS4:NM_001252678,1
HIGD2B:NM_001350932,1
GOLGA6B:NM_018652,3
ARIH1:NM_005744,6
TMEM202:NM_001080462,1
HEXA:NM_001318825,0
CELF6:NM_052840,1
PARP6:NM_001323523,3
PKM:NM_001206796,2
GRAMD2A:NM_001012642,2
SENP8:NM_001166340,3
MYO9A:NM_006901,1
NR2E3:NM_014249,1
THSD4:NM_024817,1
THAP10:NM_020147,2
LRRC49:NM_001284357,2
LARP6:NM_018357,2
UACA:NM_018003,0
TLE3:NM_005078,1
RPLP1:NM_213725,0
KIF23:NM_001281301,1
PAQR5:NM_017705,0
GLCE:NM_001324092,100
SPESP1:NM_145658,2
NOX5:NM_001184780,2
ANP32A:NM_006305,4
CORO2B:NM_001324014,2
ITGA11:NM_001004439,0
FEM1B:NM_015322,0
CLN6:NM_017882,0
CALML4:NM_001286694,0
PIAS1:NM_016166,1
SKOR1:NM_001365915,3
MAP2K5:NM_002757,6
C15orf61:NM_001143936,1
IQCH:NM_001322472,3
AAGAB:NM_001271885,2
SMAD3:NM_005902,2
SMAD6:NM_005585,0
LCTL:NM_001278562,2
ZWILCH:NM_001287823,2
RPL4:NM_000968,1
SNAPC5:NM_006049,5
MAP2K1:NM_002755,3
TIPIN:NM_017858,1
DIS3L:NM_001323936,21
MEGF11:NM_001387150.1_2,1
RAB11A:NM_001206836,2
DENND4A:NM_001320835,2
SLC24A1:NM_001301033,0
INTS14:NM_001366364,0
HACD3:NM_016395,3
DPP8:NM_001320876,3
IGDCC4:NM_020962,1
IGDCC3:NM_004884,4
PARP16:NM_017851,1
CILP:NM_003613,3
CLPX:NM_006660,0
PDCD7:NM_005707,2
UBAP1L:NM_001163692,2
KBTBD13:NM_001101362,1
RASL12:NM_001379429,1
SLC51B:NM_178859,0
MTFMT:NM_139242,2
SPG21:NM_016630,3
ANKDD1A:NM_182703,1
PLEKHO2:NM_001195059,36
PIF1:NM_001286499,1
RBPMS2:NM_194272,4
OAZ2:NM_002537,1
ZNF609:NM_015042,0
TRIP4:NM_016213,0
PCLAF:NR_109934,0
CSNK1G1:NM_001329605,2
PPIB:NM_000942,1
SNX22:NM_024798,5
SNX1:NM_148955,25
CIAO2A:NM_032231,19
DAPK2:NM_001384997,2
HERC1:NM_003922,1
FBXL22:NM_203373,1
USP3:NM_001256702,2
CA12:NM_001218,3
APH1B:NM_001145646,2
RAB8B:NM_016530,0
RPS27L:NM_015920,1
LACTB:NM_032857,0
TPM1:NM_001018004,3
TLN2:NM_015059,2
C2CD4B:NM_001007595,2
C2CD4A:NM_207322,1
VPS13C:NM_020821,1
RORA:NM_134261,1
ICE2:NM_024611,1
ANXA2:NM_001002858,1
FOXB1:NM_012182,0
NMNAT1P5:NMNAT1P5,1
BNIP2:NM_001320674,1
GTF2A2:NM_001320930,1
GCNT3:NM_004751,1
FAM81A:NM_152450,1
LDHAL6B:NM_033195,2
MYO1E:NM_004998,0
CCNB2:NM_004701,1
RNF111:NM_001270529,1
SLTM:NM_024755,2
MINDY2:NM_001040453,4
ADAM10:NM_001110,1
LIPC:NM_000236,1
AQP9:NM_001320636,1
ALDH1A2:NM_001206897,2
POLR2M:NM_001018102,2
MYZAP:NM_152451,2
GCOM1:NM_001018091,2
CGNL1:NM_032866,0
TCF12:NM_001322157,2
ZNF280D:NM_017661,1
MNS1:NM_018365,3
TEX9:NM_001385043,4
RFX7:NM_001370561,4
NEDD4:NM_001329212,1
PRTG:NM_173814,2
PYGO1:NM_015617,1
DNAAF4:NM_001033560,2
C15orf65:NM_001198784,0
CCPG1:NM_004748,0
PIGB:NM_004855,4
PIGBOS1:NM_001308421,4
RAB27A:NM_183235,0
RSL24D1:NM_016304,2
UNC13C:NM_001329919,3
WDR72:NR_102334,1
ONECUT1:NM_004498,1
FAM214A:NM_001385014,2
ARPP19:NM_001306191,1
MYO5A:NM_000259,2
MYO5C:NM_018728,4
GNB5:NM_016194,1
BCL2L10:NM_001306168,1
MAPK6:NM_002748,1
LEO1:NM_001323903,0
TMOD3:NM_014547,1
TMOD2:NM_001142885,3
LYSMD2:NM_001143917,3
SCG3:NM_001165257,16
DMXL2:NM_001378457,1
GLDN:NM_181789,2
CYP19A1:NM_031226,2
TNFAIP8L3:NM_207381,1
AP4E1:NM_007347,2
SPPL2A:NM_032802,0
TRPM7:NM_017672,1
USP50:NM_203494,4
USP8:NM_001283049,2
GABPB1:NM_001320910,2
HDC:NM_002112,2
SLC27A2:NM_001159629,1
ATP8B4:NM_024837,0
DTWD1:NM_001144955,1
FGF7:NM_002009,2
FAM227B:NM_152647,1
GALK2:NM_001001556,1
COPS2:NM_001143887,1
SECISBP2L:NM_001193489,0
EID1:NM_014335,46
SHC4:NM_203349,2
CEP152:NM_001194998,1
FBN1:NM_000138,1
DUT:NM_001330286,1
SLC12A1:NM_001184832,1
CTXN2:NM_001370415,2
MYEF2:NM_016132,2
SLC24A5:NM_205850,6
SEMA6D:NM_001198999,0
SQOR:NM_001271213,1
BLOC1S6:NR_132354,2
SLC30A4:NM_013309,3
C15orf48:NM_197955,1
SPATA5L1:NM_024063,2
GATM:NM_001321015,2
SLC28A2:NM_004212,4
SHF:NM_138356,2
DUOX1:NM_175940,3
DUOXA1:NM_144565,2
DUOXA2:NM_207581,3
DUOX2:NM_014080,4
SORD:NM_003104,0
TERB2:NM_152448,0
TRIM69:NM_001301146,3
B2M:NM_004048,0
PATL2:NM_001387260,0
SPG11:NM_025137,4
EIF3J:NM_001284336,2
CTDSPL2:NM_016396,1
GOLM2:NM_177974,3
FRMD5:NM_001286491,3
WDR76:NM_001167941,2
MFAP1:NM_005926,1
HYPK:NM_016400,2
SERINC4:NM_001258032,2
SERF2-C15ORF63:NR_037673,0
SERF2:NM_001199877,3
ELL3:NM_025165,3
PDIA3:NM_005313,0
CKMT1A:NM_001015001,2
CATSPER2:NM_172095,1
STRC:NM_153700,2
CKMT1B:NM_020990,1
PPIP5K1:NM_001354383,0
MAP1A:NM_002373,2
TP53BP1:NM_005657,22
TUBGCP4:NM_014444,0
ZSCAN29:NM_001372080,0
ADAL:NM_001159280,1
LCMT2:NM_014793,1
TGM7:NM_052955,0
TGM5:NM_201631,1
EPB42:NM_000119,5
CCNDBP1:NM_012142,4
TMEM62:NM_001347030,2
UBR1:NM_174916,3
TTBK2:NM_173500,0
CDAN1:NM_138477,2
STARD9:NM_020759,1
HAUS2:NM_001130447,3
LRRC57:NM_153260,3
SNAP23:NM_130798,1
ZNF106:NM_001366845,2
CAPN3:NM_173087,0
GANC:NM_198141,1
TMEM87A:NM_001286487,1
VPS39:NM_001301138,6
PLA2G4F:NM_213600,1
PLA2G4D:NM_178034,0
PLA2G4E:NM_001206670,1
EHD4:NM_139265,0
SPTBN5:NM_016642,2
PLA2G4B:NM_001114633,1
JMJD7:NM_001114632,3
JMJD7-PLA2G4B:NM_001198588,3
MAPKBP1:NM_001265611,0
MGA:NM_001080541,2
TYRO3:NM_006293,0
RPAP1:NM_015540,1
LTK:NM_002344,0
ITPKA:NM_002220,1
RTF1:NM_015138,0
NDUFAF1:NM_016013,1
NUSAP1:NM_001243144,0
OIP5:NM_007280,0
CHP1:NM_007236,2
EXD1:NM_001286441,2
INO80:NM_017553,2
CHAC1:NM_001142776,2
DLL4:NM_019074,0
VPS18:NM_020857,1
RHOV:NM_133639,2
SPINT1:NM_001386875,2
PPP1R14D:NM_001130143,0
ZFYVE19:NM_032850,0
C15orf62:NM_001130448,0
DNAJC17:NM_018163,0
GCHFR:NM_005258,1
RMDN3:NM_001323895,1
RAD51:NM_001164269,1
KNL1:NM_144508,2
RPUSD2:NM_001286407,1
CCDC32:NM_001382439,1
CHST14:NM_130468,14
BAHD1:NM_001301132,1
IVD:NM_001354601,13
KNSTRN:NM_001142762,1
DISP2:NM_033510,2
PHGR1:NM_001145643,3
CCDC9B:NM_207380,0
INAFM2:NM_001301268,2
PLCB2:NM_004573,0
ANKRD63:NM_001190479,0
PAK6:NM_001276718,0
BUB1B-PAK6:NM_001128629,7
BUB1B:NM_001211,1
BMF:NM_001003940,1
SRP14:NM_001309434,5
EIF2AK4:NM_001013703,2
GPR176:NM_001271854,3
FSIP1:NM_152597,2
THBS1:NM_003246,1
RASGRP1:NM_005739,3
FAM98B:NM_173611,4
SPRED1:NM_152594,1
TMCO5A:NM_001370737,0
MEIS2:NM_001220482,1
CDIN1:NM_001321758,2
DPH6:NM_080650,2
NANOGP8:NM_001355281,1
ZNF770:NM_014106,2
AQR:NM_014691,1
ACTC1:NM_005159,1
GJD2:NM_020660,2
GOLGA8B:NM_001023567,1
GOLGA8A:NM_181077,1
LPCAT4:NM_153613,38
NUTM1:NM_001284293,2
NOP10:NM_018648,2
SLC12A6:NM_001042495,1
EMC4:NM_001286420,7
KATNBL1:NM_024713,2
PGBD4:NM_152595,0
EMC7:NM_020154,0
CHRM5:NM_001320917,2
AVEN:NM_020371,1
RYR3:NM_001243996,2
FMN1:NM_001277313,2
GREM1:NM_013372,2
SCG5:NM_003020,1
ARHGAP11A-SCG5:NM_001368319,1
ARHGAP11A:NM_001286479,1
GOLGA8N:NM_001282494,2
GOLGA8O:NM_001277308,2
GOLGA8K:NM_001282493,2
CHRNA7:NM_000746,0
OTUD7A:NM_130901,0
KLF13:NM_001302461,0
TRPM1:NM_001252020,3
MTMR10:NM_017762,1
FAN1:NM_014967,1
ARHGAP11B:NR_148423,2
GOLGA8H:NM_001282490,0
GOLGA8Q:NM_001355476,1
GOLGA8R:NM_001282484,0
CHRFAM7A:NM_139320,0
GOLGA8T:NM_001355469,0
GOLGA8J:NM_001282472,0
TJP1:NM_001301025,0
NSMCE3:NM_138704,0
FAM189A1:NM_001387215,0
APBA2:NM_001353789,2
GOLGA6L7:NM_001365371,1
GOLGA8M:NM_001282468,1
GOLGA8G:NM_001368078.1_2,0
HERC2:NM_004667,0
OCA2:NM_000275,0
GABRG3:NM_033223,0
GABRA5:NM_001165037,2
GABRB3:NM_021912,0
ATP10A:NM_024490,1
UBE3A:NM_001354507,0
SNURF:NM_005678,1
SNRPN:NM_022806,0
NPAP1:NM_018958,1
NDN:NM_002487,1
MAGEL2:NM_019066,2
MKRN3:NM_005664,0
GOLGA6L2:NM_001304388,2
GOLGA8S:NM_001355465,2
NIPA1:NM_001142275,0
NIPA2:NM_001184888,2
CYFIP1:NM_001324119,2
TUBGCP5:NM_001354374,2
GOLGA6L1:NM_001001413,0
OR4N4:NM_001005241,0
OR4M2:NM_001004719,0
POTEB:NM_001277304,0
POTEB2:NM_001277303,0
GOLGA6L6:NM_001145004,0
TMEM121:NM_025268.4_2,1
TEDC1:NM_001198983.2_2,0
CRIP1:NM_001311.5_2,0
CRIP2:NM_001270837.2_2,2
MTA1:NM_001203258.2_2,1
TEX22:NM_001195082.2_2,2
PACS2:NM_001243127.3_2,0
BTBD6:NM_033271,0
BRF1:NM_001242786,1
NUDT14:NM_177533,0
JAG2:NM_002226,0
GPR132:NM_001278694,0
CDCA4:NM_017955,0
CLBA1:NM_174891,1
AHNAK2:NM_138420,0
PLD4:NM_001308174,0
CEP170B:NM_015005,2
ZBTB42:NM_001370342,0
AKT1:NM_001382432,0
SIVA1:NM_021709,0
ADSS1:NM_152328,1
INF2:NM_001031714,0
TMEM179:NM_001286389,2
C14orf180:NM_001008404,1
KIF26A:NM_015656,0
ASPG:NM_001080464,0
RD3L:NM_001257268,0
TDRD9:NM_153046,1
ATP5MPL:NM_001127393,0
PPP1R13B:NM_015316,1
ZFYVE21:NM_024071,0
XRCC3:NM_001100119,0
KLC1:NM_182923,2
COA8:NM_001302652,3
BAG5:NM_001015048,3
TRMT61A:NM_152307,2
CKB:NM_001362531,0
MARK3:NM_001128921,2
EIF5:NM_001969,2
TNFAIP2:NM_001371221,1
EXOC3L4:NM_001077594,0
LBHD2:NM_001330236,0
CDC42BPB:NM_006035,14
AMN:NM_030943,8
TRAF3:NM_001199427,1
RCOR1:NM_015156,4
ANKRD9:NM_001348651,0
TECPR2:NM_014844,2
CINP:NM_032630,2
ZNF839:NM_001385074,0
WDR20:NM_001353662,1
HSP90AA1:NM_001017963,2
DYNC1H1:NM_001376,0
PPP2R5C:NM_001352914,2
DIO3:NM_001362,0
RTL1:NM_001134888,0
DLK1:NM_001317172,0
BEGAIN:NM_001385085,0
WDR25:NM_001161476,1
WARS1:NM_173701,1
SLC25A47:NM_207117,1
SLC25A29:NM_001352820,0
YY1:NM_003403,0
DEGS2:NM_206918,3
EVL:NM_001330221,0
EML1:NM_001375411,0
CYP46A1:NM_006668,0
HHIPL1:NM_001329411,1
CCDC85C:NM_001144995,2
CCNK:NM_001099402,1
SETD3:NM_032233,1
BCL11B:NM_138576,0
LINC00618:NR_104113,1
VRK1:NM_003384,0
PAPOLA:NM_001293627,2
AK7:NM_001350891,3
GSKIP:NM_001271906,2
ATG2B:NM_018036,2
BDKRB1:NM_001386007,2
BDKRB2:NM_000623,0
C14orf132:NM_001282464,7
TCL1A:NM_021966,2
TCL1B:NM_004918,4
GLRX5:NM_016417,2
SYNE3:NM_152592,1
CLMN:NM_024734,1
DICER1:NM_030621,2
GSC:NM_173849,2
SERPINA3:NM_001085,1
SERPINA5:NM_000624,1
SERPINA4:NM_006215,1
SERPINA12:NM_173850,1
SERPINA9:NM_001284276,0
SERPINA11:NM_001080451,1
SERPINA1:NM_001127701,0
SERPINA2:NR_110563,0
SERPINA6:NM_001756,1
SERPINA10:NM_001100607,2
PPP4R4:NM_058237,1
IFI27L2:NM_032036,2
IFI27:NM_001288958,0
IFI27L1:NM_206949,1
DDX24:NM_020414,1
OTUB2:NM_023112,0
ASB2:NM_001202429,1
FAM181A:NM_001207071,0
PRIMA1:NM_178013,2
COX8C:NM_182971,2
UNC79:NM_020818,0
BTBD7:NM_001002860,0
UBR7:NM_175748,3
GON7:NM_032490,3
TMEM251:NM_015676,1
MOAP1:NM_022151,1
ITPK1:NM_014216,1
CHGA:NM_001301690,2
GOLGA5:NM_005113,2
LGMN:NM_001008530,0
RIN3:NM_024832,2
SLC24A4:NM_153648,1
CPSF2:NM_001322271,2
NDUFB1:NM_004545,2
ATXN3:NM_004993,0
TRIP11:NM_004239,1
FBLN5:NM_001384161,0
TC2N:NM_001128596,0
CATSPERB:NM_024764,0
PPP4R3A:NR_169193,1
CCDC88C:NM_001080414,0
GPR68:NM_001348437,1
DGLUCY:NM_001358311,0
RPS6KA5:NM_001322227,0
TTC7B:NM_001010854,1
CALM1:NM_001363669,0
NRDE2:NM_017970,2
PSMC1:NM_002802,1
KCNK13:NM_022054,2
TDP1:NM_001008744,1
EFCAB11:NM_001284267,1
FOXN3:NM_001085471,1
TTC8:NM_001366536,1
EML5:NM_183387,0
ZC3H14:NM_001326311,1
PTPN21:NM_007039,0
SPATA7:NM_001040428,2
KCNK10:NM_021161,10
GPR65:NM_003608,2
GALC:NM_001201402,0
FLRT2:NM_001346146,0
SEL1L:NM_005065,0
STON2:NM_001366849,0
GTF2A1:NM_201595,1
NMNAT1P1:NMNAT1P1,1
TSHR:NM_000369,7
CEP128:NM_152446,0
DIO2:NM_000793,1
NRXN3:NM_001366425,0
ADCK1:NM_001142545,1
SNW1:NM_001318844,2
SLIRP:NM_001267863,0
ALKBH1:NM_006020,0
SPTLC2:NM_004863,0
ISM2:NM_199296,2
AHSA1:NM_001321441,2
VIPAS39:NM_001193314,2
NOXRED1:NM_001113475,1
SAMD15:NM_001010860,1
TMED8:NM_001346133,1
GSTZ1:NM_145871,1
POMT2:NM_013382,1
NGB:NM_021257,0
TMEM63C:NM_020431,0
ZDHHC22:NM_174976,5
CIPC:NM_033426,1
IRF2BPL:NM_024496,0
LRRC74A:NM_194287,0
ANGEL1:NM_001370747,0
VASH1:NM_014909,0
ESRRB:NM_004452,1
GPATCH2L:NM_017926,0
IFT43:NR_045664,0
TGFB3:NM_001329939,0
TTLL5:NM_015072,1
ERG28:NM_007176,1
FLVCR2:NM_017791,2
BATF:NM_006399,2
JDP2:NM_001135047,0
FOS:NM_005252,2
TMED10:NM_006827,0
NEK9:NM_001329237,1
ZC2HC1C:NM_001042430,2
ACYP1:NM_001302617,2
MLH3:NM_001040108,1
EIF2B2:NM_014239,0
PGF:NM_002632,0
RPS6KL1:NM_031464,0
DLST:NM_001933,1
PROX2:NM_001384314,2
YLPM1:NM_019589,0
FCF1:NM_015962,1
AREL1:NM_001039479,2
LTBP2:NM_000428,0
ISCA2:NM_001272007,0
NPC2:NM_001363688,0
SYNDIG1L:NM_001105579,2
VRTN:NM_018228,0
ABCD4:NM_020325,2
VSX2:NM_182894,0
LIN52:NM_001372006,0
ALDH6A1:NM_001278594,0
BBOF1:NM_025057,3
ENTPD5:NM_001382262,3
COQ6:NM_182480,3
FAM161B:NM_152445,3
ZNF410:NM_001242927,1
PTGR2:NM_001371327,0
MIDEAS:NM_001043318,3
PNMA1:NM_006029,1
DNAL1:NM_031427,1
ACOT6:NM_001365789,1
ACOT4:NM_152331,2
ACOT2:NR_046028,1
ACOT1:NM_001037161,1
RIOX1:NM_024644,0
HEATR4:NM_001220484,1
NUMB:NM_001320114,1
PAPLN:NM_173462,1
PSEN1:NM_007318,0
RBM25:NM_021239,1
ZFYVE1:NM_021260,13
DCAF4:NM_001352448,0
DPF3:NM_001280542,2
RGS6:NM_001204423,0
SIPA1L1:NM_001354287,0
PCNX1:NM_001308160,1
MAP3K9:NM_033141,1
TTC9:NM_015351,1
MED6:NM_001284209,1
ADAM20:NM_003814,1
ADAM21:NM_003813,2
SYNJ2BP:NM_018373,1
COX16:NM_016468,0
SYNJ2BP-COX16:NM_001202547,1
SLC8A3:NM_033262,1
SMOC1:NM_022137,1
SLC10A1:NM_003049,1
SRSF5:NM_006925,2
SUSD6:NM_014734,1
CCDC177:NM_001271507,0
PLEKHD1:NM_001161498,1
SLC39A9:NM_001252152,1
ERH:NM_004450,1
GALNT16:NM_020692,4
EXD2:NM_018199,2
DCAF5:NM_001284206,1
ACTN1:NM_001130004,2
ZFP36L1:NM_001244701,4
RAD51B:NM_001321818,2
ZFYVE26:NM_015346,2
RDH12:NM_152443,1
RDH11:NM_016026,0
VTI1B:NM_006370,0
ARG2:NM_001172,1
PIGH:NM_001363694,0
PLEKHH1:NM_020715,3
TMEM229B:NM_001348546,3
PLEK2:NM_016445,1
EIF2S1:NM_004094,1
ATP6V1D:NM_015994,1
MPP5:NM_001256550,0
FAM71D:NM_173526,1
GPHN:NM_001024218,0
CCDC196:NM_001351576,0
FUT8:NM_178156,1
MAX:NM_197957,0
FNTB:NM_002028,3
RAB15:NM_001330182,0
GPX2:NM_002083,2
CHURC1:NM_001204064,2
CHURC1-FNTB:NM_001202559,2
SPTB:NM_001355436,1
PLEKHG3:NM_001308147,2
PPP1R36:NM_172365,1
HSPA2:NM_001387931,1
ZBTB1:NM_014950,2
AKAP5:NM_004857,2
ZBTB25:NM_001304508,2
MTHFD1:NM_001364837,1
ESR2:NM_001291712,4
SYNE2:NM_015180,3
SGPP1:NM_030791,3
WDR89:NM_001258272,0
PPP2R5E:NM_006246,1
GPHB5:NM_145171,1
RHOJ:NM_020663,2
KCNH5:NM_139318,0
SYT16:NM_001367650,1
SNAPC1:NM_003082,2
HIF1A:NM_181054,0
PRKCH:NM_006255,0
TMEM30B:NM_001017970,6
SLC38A6:NM_001172702,2
TRMT5:NM_001350253,2
MNAT1:NM_001177963,1
SIX4:NM_017420,3
SIX1:NM_005982,1
SIX6:NM_007374,2
C14orf39:NM_174978,2
PPM1A:NM_177952,1
DHRS7:NM_001322280,1
PCNX4:NM_001330177,2
LRRC9:NM_001355272,1
RTN1:NM_021136,2
CCDC175:NM_001164399,1
JKAMP:NM_001098625,0
L3HYPDH:NM_001331158,0
GPR135:NM_022571,2
DAAM1:NM_001270520,0
DACT1:NR_046093,0
KIAA0586:NM_001244191,0
TIMM9:NM_012460,0
TOMM20L:NM_207377,2
ARID4A:NM_023001,2
PSMA3:NM_152132,0
ACTR10:NM_018477,0
ARMH4:NM_001001872,1
SLC35F4:NM_001352014,2
CCDC198:NM_001283058,0
NAA30:NM_001011713,1
AP5M1:NM_018229,0
EXOC5:NM_006544,0
OTX2:NM_001270524,0
TMEM260:NM_017799,1
PELI2:NM_021255,2
KTN1:NR_073128,0
TBPL2:NM_199047,1
ATG14:NM_014924,0
FBXO34:NM_017943,1
DLGAP5:NM_001146015,0
LGALS3:NM_002306,0
MAPK1IP1L:NM_144578,0
SOCS4:NM_080867,0
WDHD1:NM_007086,0
GCH1:NM_000161,0
SAMD4A:NM_015589,1
CGRRF1:NM_006568,1
GMFB:NM_004124,1
CNIH1:NM_005776,1
CDKN3:NM_001130851,0
BMP4:NM_130850,3
DDHD1:NM_001160147,0
FERMT2:NM_001134999,2
GNPNAT1:NM_198066,2
STYX:NM_001130701,0
PSMC6:NM_002806,0
ERO1A:NM_001382472,0
GPR137C:NM_001099652,0
TXNDC16:NM_020784,0
PTGER2:NM_000956,1
PTGDR:NM_000953,3
NID2:NM_007361,2
RTRAF:NM_016039,0
GNG2:NM_001243774,0
FRMD6:NM_001042481,0
TMX1:NM_030755,1
TRIM9:NM_001387360,1
PYGL:NM_002863,1
ABHD12B:NM_181814,1
NIN:NM_020921,1
SAV1:NM_021818,0
ATL1:NM_001127713,1
MAP4K5:NM_198794,2
CDKL1:NM_001367064,0
DMAC2L:NM_001382509,1
L2HGDH:NM_024884,1
SOS2:NM_006939,0
VCPKMT:NM_024558,1
ARF6:NM_001663,3
NEMF:NM_004713,7
KLHDC2:NM_014315,0
KLHDC1:NM_172193,0
POLE2:NM_001348385,0
DNAAF2:NM_018139,1
MGAT2:NM_002408,3
RPL36AL:NM_001001,3
LRR1:NM_203467,4
RPS29:NM_001030001,1
MDGA2:NM_001113498,1
RPL10L:NM_080746,2
MIS18BP1:NM_018353,0
FANCM:NM_001308133,1
FKBP3:NM_002013,1
PRPF39:NM_017922,0
TOGARAM1:NM_015091,0
KLHL28:NM_017658,0
C14orf28:NM_001017923,1
FSCB:NM_032135,1
LRFN5:NM_001346175,2
FBXO33:NM_203301,2
MIA2:NM_001354145,0
PNN:NM_002687,3
TRAPPC6B:NM_001079537,1
GEMIN2:NM_001009182,0
SEC23A:NM_006364,5
CLEC14A:NM_175060,0
SSTR1:NM_001049,1
TTC6:NM_001310135,1
FOXA1:NM_004496,1
MIPOL1:NM_138731,2
SLC25A21:NM_030631,0
PAX9:NM_006194,0
NKX2-8:NM_014360,1
NKX2-1:NM_001079668,1
SFTA3:NR_161365,1
MBIP:NM_016586,1
BRMS1L:NM_032352,2
RALGAPA1:NM_001346249,1
INSM2:NM_032594,3
NFKBIA:NM_020529,0
PSMA6:NM_001282234,1
PRORP:NM_001256679,2
PPP2R3C:NM_001305156,2
FAM177A1:NM_001079519,4
SRP54:NM_001146282,0
BAZ1A:NM_013448,0
CFL2:NM_001243645,0
SNX6:NM_021249,1
EAPP:NM_018453,1
SPTSSA:NM_138288,0
EGLN3:NM_022073,3
NPAS3:NM_022123,0
AKAP6:NM_004274,1
ARHGAP5:NM_001173,1
NUBPL:NM_025152,1
GPR33:NM_001197184,1
DTD2:NM_080664,2
HEATR5A:NM_015473,2
HECTD1:NM_015382,1
AP4S1:NM_001254729,0
STRN3:NM_001083893,2
COCH:NM_004086,2
SCFD1:NM_182835,0
G2E3:NM_001308097,31
PRKD1:NM_001330069,1
FOXG1:NM_005249,3
NOVA1:NM_001366391,1
STXBP6:NM_001351943,1
GZMB:NM_001346011,0
GZMH:NM_033423,2
CTSG:NM_001911,0
CMA1:NM_001836,0
SDR39U1:NM_001290292,3
KHNYN:NM_001290256,0
CBLN3:NM_001039771,0
NYNRIN:NM_025081,0
NFATC4:NM_001198967,1
RIPK3:NM_006871,0
ADCY4:NM_001198568,1
LTB4R:NM_001143919,2
LTB4R2:NM_019839,1
CIDEB:NM_001318807,2
NOP9:NM_001286367,1
DHRS1:NM_001136050,1
RABGGTA:NM_004581,5
TGM1:NM_000359,1
TINF2:NM_012461,1
GMPR2:NM_001002001,0
NEDD8:NM_006156,0
MDP1:NM_001199822,0
NEDD8-MDP1:NM_001199823,0
CHMP4A:NM_014169,2
TSSK4:NM_001308067,1
TM9SF1:NM_006405,3
IPO4:NM_024658,0
REC8:NM_005132,0
IRF9:NM_001385402,3
RNF31:NM_001310332,3
PSME2:NM_002818,3
EMC9:NM_001346877,1
PSME1:NM_001281529,1
FITM1:NM_203402,0
DCAF11:NM_001163484,1
PCK2:NM_004563,1
NRL:NM_001354768,1
CPNE6:NM_001385057,2
CARMIL3:NM_138360,1
DHRS4L1:NM_001277864,1
DHRS4L2:NM_001193637,3
DHRS4:NM_001282991,1
DHRS2:NM_001318835,0
JPH4:NM_032452,0
AP1G2:NM_001354681,0
ZFHX2:NM_033400,0
NGDN:NM_015514,3
MYH7:NM_000257,0
MYH6:NM_002471,1
CMTM5:NM_001288745,1
IL25:NM_172314,0
EFS:NM_005864,2
SLC22A17:NM_016609,0
PABPN1:NM_004643,2
BCL2L2:NM_004050,3
BCL2L2-PABPN1:NM_001199864,3
PPP1R3E:NM_001276318,0
HOMEZ:NM_020834,0
RNF212B:NM_001370218,1
SLC7A8:NM_012244,2
CEBPE:NM_001805,1
LMLN2:NM_001354640,0
C14orf119:NM_017924,5
ACIN1:NM_014977,5
CDH24:NM_022478,1
PSMB11:NM_001099780,3
PSMB5:NM_001130725,1
C14orf93:NM_001130706,3
AJUBA:NM_032876,3
HAUS4:NM_001166269,3
PRMT5:NM_001039619,1
RBM23:NM_001352765,1
REM2:NM_173527,1
LRP10:NM_001329226,1
MMP14:NM_004995,35
MRPL52:NM_180982,8
SLC7A7:NM_001126106,8
OXA1L:NM_005015,3
OR6J1:NM_001348233,4
ABHD4:NM_022060,3
DAD1:NM_001344,21
OR4E1:NM_001317107,1
OR4E2:NM_001001912,1
OR10G2:NM_001005466,1
OR10G3:NM_001005465,0
SALL2:NM_005407,0
METTL3:NM_019852,0
TOX4:NM_001303523,0
RAB2B:NM_032846,0
CHD8:NM_001170629,2
SUPT16H:NM_007192,1
RPGRIP1:NM_020366,1
HNRNPC:NM_031314,1
OR5AU1:NM_001004731,1
TMEM253:NM_001146683,3
ZNF219:NM_001102454,0
ARHGEF40:NM_001278530,1
RNASE8:NM_138331,15
RNASE7:NM_032572,36
RNASE13:NM_001012264,0
TPPP2:NM_173846,3
NDRG2:NM_001282211,1
SLC39A2:NM_001256588,0
METTL17:NM_022734,14
RNASE2:NM_002934,0
RNASE3:NM_002935,2
RNASE1:NM_198235,20
RNASE6:NM_005615,4
EDDM3B:NM_022360,2
EDDM3A:NM_006683,0
RNASE4:NM_001282193,1
ANG:NM_001145,1
OR6S1:NM_001001968,0
RNASE12:NM_001024822,0
RNASE11:NM_145250,0
RNASE9:NM_001110359,1
RNASE10:NM_001012975,8
PNP:NM_000270,0
PIP4P1:NM_001100814,0
APEX1:NM_080648,1
OSGEP:NM_017807,1
KLHL33:NM_001365790,0
TEP1:NM_007110,0
PARP2:NM_001042618,0
CCNB1IP1:NM_182852,18
TTC5:NM_138376,0
OR11H4:NM_001004479,1
OR11H6:NM_001004480,1
OR11G2:NM_001005503,1
OR4N5:NM_001004724,4
OR4K17:NM_001004715,4
OR4L1:NM_001004717,2
OR4K13:NM_001386029,2
OR4K14:NM_001004712,2
OR4K15:NM_001005486,0
OR4K1:NM_001004063,3
OR4K5:NM_001005483,0
OR4K2:NM_001005501,31
OR4K3:NM_001348266,1
OR4N2:NM_001004723,1
OR4M1:NM_001005500,1
OR4Q3:NM_172194,2
OR11H2:NM_001197287,2
POTEM:NM_001145442,0
POTEG:NM_001005356,0
OR11H12:NM_001013354,1
CHAMP1:NM_001164145.3_2,0
UPF3A:NM_001353644,0
CDC16:NM_001330104,0
RASA3:NM_001320821,0
C13orf46:NM_001365455,0
GAS6:NM_000820,0
TMEM255B:NM_001348663,0
GRK1:NM_002929,3
ATP4B:NM_000705,10
TFDP1:NR_026580,0
TMCO3:NM_001349743,0
DCUN1D2:NM_001014283,0
ADPRHL1:NM_138430,3
GRTP1:NM_001286733,2
LAMP1:NM_005561,0
CUL4A:NM_001278513,15
PCID2:NM_001320660,16
PROZ:NM_003891,0
F10:NM_001312674,1
F7:NM_001267554,8
MCF2L:NM_001112732,0
ATP11A:NM_032189,0
TUBGCP3:NM_006322,0
SPACA7:NM_145248,0
SOX1:NM_005986,3
TEX29:NM_001303133,3
ARHGEF7:NM_001354048,0
ANKRD10:NM_017664,2
ING1:NM_198217,0
CARS2:NR_147941,2
NAXD:NR_040104,0
RAB20:NM_017817,3
COL4A2-AS2:NM_001267044,1
COL4A2:NM_001846,3
COL4A1:NM_001845,3
IRS2:NM_003749,0
MYO16:NM_015011,0
TNFSF13B:NM_001145645,5
ABHD13:NM_032859,2
LIG4:NM_001352599,2
FAM155A:NM_001080396,0
ARGLU1:NM_018011,1
EFNB2:NM_004093,0
DAOA:NM_001161814,1
SLC10A2:NM_000452,3
METTL21EP:NR_026965,2
ERCC5:NM_000123,0
BIVM-ERCC5:NM_001204425,0
BIVM:NM_001159596,1
POGLUT2:NM_001318732,1
TEX30:NM_138779,2
CCDC168:NM_001146197,1
METTL21C:NM_001010977,0
TPP2:NM_003291,2
FGF14:NM_001321938,0
ITGBL1:NM_001271754,1
NALCN:NM_001350748,1
TMTC4:NM_001350572,0
GGACT:NM_001195087,0
PCCA:NM_001352608,2
ZIC2:NM_007129,1
CLYBL:NR_104592,3
TM9SF2:NM_004800,1
GPR183:NM_004951,0
GPR18:NM_005292,1
UBAC2:NM_001144072,0
DOCK9:NM_015296,1
SLC15A1:NM_005073,0
STK24:NM_001032296,2
RNF113B:NM_178861,0
FARP1:NM_001286839,1
IPO5:NM_002271,0
RAP2A:NM_021033,3
MBNL2:NM_001382696,1
OXGR1:NM_001346195,1
HS6ST3:NM_153456,0
UGGT2:NM_020121,0
DNAJC3:NM_006260,0
DZIP1:NM_198968,1
CLDN10:NM_001160100,2
ABCC4:NM_005845,1
SOX21:NM_007084,2
GPR180:NM_180989,2
TGDS:NM_001304430,2
DCT:NM_001322186,1
GPC6:NM_005708,0
GPC5:NM_004466,1
SLITRK5:NM_001384609,1
SLITRK6:NM_032229,2
SLITRK1:NM_001281503,1
SPRY2:NM_005842,0
NDFIP2:NM_001161407,3
RBM26:NM_001286631,1
OBI1:NM_024546,0
POU4F1:NM_006237,0
EDNRB:NM_000115,2
SLAIN1:NM_001242868,1
SCEL:NM_001160706,3
MYCBP2:NM_015057,0
FBXL3:NM_012158,2
CLN5:NM_006493,0
ACOD1:NM_001258406,0
KCTD12:NM_138444,2
LMO7:NM_005358,0
UCHL3:NM_001270952,1
COMMD6:NM_001287394,1
TBC1D4:NM_014832,0
KLF12:NM_007249,0
KLF5:NM_001286818,2
PIBF1:NM_006346,2
DIS3:NM_001322349,2
BORA:NM_001366664,0
MZT1:NM_001071775,0
DACH1:NM_001366712,1
KLHL1:NM_020866,2
PCDH9:NM_203487,1
PCDH20:NM_022843,0
TDRD3:NM_030794,1
DIAPH3:NM_001042517,3
PCDH17:NM_001040429,1
PRR20E:NM_001130407,2
PRR20D:NM_001130406,0
PRR20C:NM_001130405,1
PRR20B:NM_001130404,0
PRR20A:NM_198441,2
OLFM4:NM_006418,1
PCDH8:NM_002590,0
CNMD:NM_007015,2
SUGT1:NM_006704,0
HNRNPA1L2:NM_001011725,0
CKAP2:NM_018204,0
VPS36:NM_016075,0
THSD1:NM_018676,1
NEK3:NM_002498,1
NEK5:NM_001365552,1
UTP14C:NM_021645,2
ALG11:NM_001004127,0
ATP7B:NM_000053,0
CCDC70:NM_031290,2
TMEM272:NM_001351003,0
DHRS12:NM_001377931,1
WDFY2:NM_052950,8
INTS6:NM_001306091,2
SERPINE3:NM_001386375,0
FAM124A:NM_001242312,1
C13orf42:NR_102431,1
RNASEH2B:NM_001142279,0
DLEU7:NM_198989,0
DLEU1-AS1:NR_125753,1
KCNRG:NM_173605,0
TRIM13:NM_005798,2
SPRYD7:NM_020456,3
KPNA3:NM_002267,0
EBPL:NM_032565,1
ARL11:NM_138450,1
RCBTB1:NM_001352500,2
PHF11:NM_001040443,1
SETDB2:NM_001320699,1
SETDB2-PHF11:NM_001320727,1
CAB39L:NM_001287337,1
CDADC1:NM_001193478,4
MLNR:NM_001507,11
FNDC3A:NM_001079673,0
CYSLTR2:NM_001308471,0
RCBTB2:NM_001352429,11
LPAR6:NM_005767,0
RB1:NM_000321,1
ITM2B:NM_021999,2
MED4:NM_014166,1
SUCLA2:NM_003850,1
HTR2A:NM_001378924,1
ESD:NM_001984,1
LRCH1:NM_001164213,2
RUBCNL:NM_025113,1
LRRC63:NM_001282460,0
LCP1:NM_002298,0
CPB2:NM_001872,3
ZC3H13:NM_001330566,1
SIAH3:NM_198849,0
CBY2:NM_001286341,1
ERICH6B:NM_182542,0
COG3:NM_031431,0
SLC25A30:NM_001286807,2
TPT1:NM_001286272,0
KCTD4:NM_198404,1
GTF2F2:NM_004128,1
GPALPP1:NM_001316952,0
NUFIP1:NM_012345,0
TSC22D1:NM_001243799,0
SERP2:NM_001346980,1
SMIM2:NM_024058,1
LACC1:NM_001128303,1
CCDC122:NM_144974,1
ENOX1:NM_001347966,1
DNAJC15:NM_013238,4
EPSTI1:NM_001002264,0
FAM216B:NM_182508,0
TNFSF11:NM_033012,1
AKAP11:NM_016248,1
DGKH:NM_001204504,1
VWA8:NM_015058,0
RGCC:NM_014059,1
NAA16:NM_024561,0
MTRF1:NM_001354073,3
KBTBD7:NM_032138,0
KBTBD6:NM_152903,0
WBP4:NM_007187,0
ELF1:NM_001370329,0
SLC25A15:NM_014252,0
MRPS31:NM_005830,1
FOXO1:NM_002015,1
COG6:NM_001145079,1
LHFPL6:NM_005780,0
NHLRC3:NR_073109,2
PROSER1:NM_025138,2
STOML3:NM_001144033,0
FREM2:NM_207361,2
UFM1:NM_001286703,1
TRPC4:NM_003306,0
POSTN:NM_006475,1
CSNK1A1L:NM_145203,1
SUPT20H:NM_001278482,0
EXOSC8:NM_181503,0
ALG5:NM_013338,0
SMAD9:NM_001127217,0
RFXAP:NM_000538,0
SERTM1:NM_203451,0
CCNA1:NM_001111047,2
SPART:NM_001142294,1
CCDC169:NM_001198908,1
SOHLH2:NM_017826,2
CCDC169-SOHLH2:NM_001198910,1
NMTRQ-TTG10-1:NMTRQ-TTG10-1,0
DCLK1:NM_001330072,0
MAB21L1:NM_005584,0
NBEA:NM_001379245,2
RFC3:NM_181558,1
STARD13:NM_001243476,3
KL:NM_004795,2
PDS5B:NM_015032,1
N4BP2L2:NM_001278432,0
N4BP2L1:NM_001353631,0
BRCA2:NM_000059,0
ZAR1L:NM_001136571,0
FRY:NM_023037,0
RXFP2:NM_001166058,11
B3GLCT:NM_194318,0
HSPH1:NM_001286504,1
TEX26:NM_001353390,1
MEDAG:NM_032849,0
ALOX5AP:NM_001204406,3
USPL1:NM_001321533,1
HMGB1:NM_001370340,1
UBE2L5:NM_001355247,0
KATNAL1:NM_032116,1
UBL3:NM_007106,2
SLC7A1:NM_003045,0
MTUS2:NM_001384605,1
SLC46A3:NM_181785,1
POMP:NM_015932,1
FLT1:NM_002019,1
PAN3:NM_175854,4
FLT3:NM_004119,1
URAD:NM_001105577,3
CDX2:NM_001265,1
PDX1:NM_000209,1
GSX1:NM_145657,0
POLR1D:NM_001206559,1
LNX2:NM_153371,1
MTIF3:NM_001166262,0
GTF3A:NM_002097,2
RASL11A:NM_206827,2
RPL21:NM_000982,1
USP12:NM_182488,1
GPR12:NM_005288,1
WASF3:NM_006646,2
CDK8:NM_001346501,0
RNF6:NM_183045,0
SHISA2:NM_001007538,0
ATP8A2:NM_016529,0
NUP58:NM_001008564,0
MTMR6:NM_001385230,2
AMER2:NM_152704,2
PABPC3:NM_030979,0
CENPJ:NM_018451,0
RNF17:NM_001184993,2
ATP12A:NM_001676,0
PARP4:NM_006437,0
C1QTNF9:NM_001303138,0
SPATA13:NM_001286792,0
C1QTNF9B:NR_104426,0
PCOTH:NM_001014442,1
MIPEP:NM_005932,1
TNFRSF19:NM_001204459,0
SACS:NM_014363,0
SGCG:NM_001378244,0
NME1P1:NME1P1,2
FGF9:NM_002010,0
MICU2:NM_152726,0
ZDHHC20:NM_001330059,0
MRPL57:NM_024026,1
SKA3:NM_145061,1
SAP18:NM_005870,3
LATS2:NM_014572,1
XPO4:NM_022459,4
EEF1AKMT1:NM_174928,1
IL17D:NM_001385225,0
IFT88:NM_001353574,35
CRYL1:NM_015974,1
GJB6:NM_001370092,1
GJB2:NM_004004,3
GJA3:NM_021954,2
ZMYM2:NM_001353159,0
ZMYM5:NM_001142684,1
PSPC1:NM_001354908,0
MPHOSPH8:NM_017520,1
TPTE2:NR_073485,2
TUBA3C:NM_006001,0
ANHX:NM_001372060,0
ZNF268:NM_001165881,0
ZNF10:NM_015394,0
ZNF891:NM_001277291,0
ZNF140:NM_001300776,0
ZNF84:NM_003428,0
ZNF26:NM_001256280,0
ZNF605:NM_183238,0
CHFR:NM_001161346,0
GOLGA3:NM_005895,0
ANKLE2:NM_015114,0
PGAM5:NM_001170544,0
PXMP2:NM_018663,1
POLE:NM_006231,1
P2RX2:NM_174872,1
LRCOL1:NM_001195520,2
FBRSL1:NM_001382740,0
GALNT9:NM_001122636.2_2,0
NOC4L:NM_024078,0
DDX51:NM_175066,0
EP400:NM_015409,0
PUS1:NM_001002020,1
ULK1:NM_003565,2
MMP17:NM_016155,0
SFSWAP:NM_004592,0
ADGRD1:NM_198827,0
RAN:NM_001300796,0
STX2:NM_001351052,1
RIMBP2:NM_001351230,0
PIWIL1:NM_004764,1
FZD10:NM_007197,1
TMEM132D:NM_133448,0
GLT1D1:NM_001366888,1
SLC15A4:NM_145648,1
TMEM132C:NM_001136103,3
TMEM132B:NM_001366854,1
AACS:NM_001319840,3
BRI3BP:NM_080626,2
DHX37:NM_032656,3
UBC:NM_021009,1
SCARB1:NM_001367983,1
NCOR2:NM_006312,1
RFLNA:NM_181709,1
ZNF664:NM_001204298,1
ZNF664-RFLNA:NM_001347902,1
CCDC92:NM_001304958,1
DNAH10:NM_001372106,1
ATP6V0A2:NM_012463,3
TCTN2:NM_001143850,1
GTF2H3:NM_001271867,5
EIF2B1:NM_001414,5
DDX55:NM_020936,1
TMED2:NM_006815,3
RILPL1:NM_001319243,1
SNRNP35:NR_104103,3
RILPL2:NM_145058,0
KMT5A:NM_001367389,0
SBNO1:NM_001167856,0
CDK2AP1:NR_073007,2
C12orf65:NM_152269,3
MPHOSPH9:NM_022782,3
PITPNM2:NM_001384668,49
ARL6IP4:NM_001278379,3
OGFOD2:NM_001304837,27
ABCB9:NM_001243014,2
VPS37B:NM_024667,5
HIP1R:NM_003959,1
CCDC62:NM_201435,1
DENR:NM_003677,3
HCAR1:NM_032554,4
HCAR3:NM_006018,1
HCAR2:NM_177551,0
KNTC1:NM_014708,0
RSRC2:NM_023012,0
ZCCHC8:NM_001350936,3
CLIP1:NM_001247997,0
VPS33A:NM_001351019,11
DIABLO:NM_019887,0
B3GNT4:NM_001330492,1
IL31:NM_001014336,2
LRRC43:NM_152759,1
MLXIP:NM_014938,1
BCL7A:NM_001024808,0
CFAP251:NM_144668,0
PSMD9:NM_001261400,0
HPD:NM_001171993,0
SETD1B:NM_001353345,2
RHOF:NM_019034,0
TMEM120B:NM_001080825,2
MORN3:NM_001363685.2_2,2
ORAI1:NM_032790.3_2,25
KDM2B:NM_032590.5_2,1
RNF34:NM_001256858.2_2,15
ANAPC5:NM_001137559.1_2,6
CAMKK2:NM_006549,1
P2RX4:NM_001261397,0
P2RX7:NM_002562,1
OASL:NM_003733,1
C12orf43:NM_001286191,1
HNF1A:NM_000545,2
SPPL3:NM_139015,1
ACADS:NM_001302554,1
UNC119B:NM_001080533,1
MLEC:NM_001303628,1
CABP1:NM_001033677,0
POP5:NM_015918,1
RNF10:NM_014868,0
COQ5:NM_032314,0
DYNLL1:NM_001037494,1
SRSF9:NM_003769,0
GATC:NM_176818,2
TRIAP1:NM_016399,2
COX6A1:NM_004373,1
MSI1:NM_002442,4
PLA2G1B:NM_000928,2
SIRT4:NM_001385735,2
NME2P1:NME2P1,4
PXN:NM_001385981,1
RPLP0:NM_053275,7
GCN1:NM_006836,2
RAB35:NM_006861,1
BICDL1:NM_001367886,2
CIT:NM_001206999,7
PRKAB1:NM_006253,2
TMEM233:NM_001136534,2
CCDC60:NM_178499,2
HSPB8:NM_014365,2
SRRM4:NM_194286,2
SUDS3:NM_022491,2
TAOK3:NM_001346491,2
PEBP1:NM_002567,1
VSIG10:NM_019086,0
WSB2:NM_001278557,0
RFC5:NM_001206801,0
KSR2:NM_173598,1
NOS1:NM_001204218,0
FBXO21:NM_033624,0
TESC:NM_017899,0
FBXW8:NM_012174,0
HRK:NM_003806,1
RNFT2:NM_032814,2
SPRING1:NM_024738,2
MAP1LC3B2:NM_001085481,2
MED13L:NM_015335,4
TBX3:NM_016569,1
TBX5:NM_000192,0
RBM19:NM_001146699,2
LHX5:NM_022363,0
SDSL:NM_001304993,2
SDS:NM_006843,2
PLBD2:NM_001159727,2
SLC8B1:NM_001358345,16
TPCN1:NM_017901,2
IQCD:NM_001330452,2
RITA1:NM_001286215,1
DDX54:NM_001111322,1
CFAP73:NM_001144872,3
RASAL1:NM_004658,1
DTX1:NM_004416,0
OAS2:NM_016817,1
OAS3:NM_006187,0
OAS1:NM_001320151,1
RPH3A:NM_001347952,0
PTPN11:NM_001374625,3
RPL6:NM_001320141,3
HECTD4:NM_001109662,2
TRAFD1:NM_006700,3
NAA25:NM_024953,1
ERP29:NM_001034025,0
TMEM116:NR_122119,0
MAPKAPK5:NM_001371487,1
ALDH2:NM_001204889,0
ACAD10:NM_025247,14
BRAP:NM_006768,13
ATXN2:NM_001310121,6
SH2B3:NM_005475,61
PHETA1:NM_001177996,3
CUX2:NM_015267,2
MYL2:NM_000432,4
CCDC63:NM_001286244,0
PPP1CC:NM_002710,0
HVCN1:NM_001040107,0
TCTN1:NM_001319680,2
PPTC7:NM_139283,2
RAD9B:NM_001368056,0
VPS29:NM_001282150,0
FAM216A:NM_013300,0
GPN3:NM_001164372,0
ARPC3:NM_001278556,4
ANAPC7:NM_001385209,1
ATP2A2:NM_001681,2
IFT81:NM_001347947,3
C12orf76:NR_148514,4
ANKRD13A:NM_033121,2
GIT2:NM_001135213,1
TCHP:NM_001143852,3
GLTP:NM_016433,4
TRPV4:NM_021625,4
FAM222A:NM_032829,1
MVK:NM_001114185,3
MMAB:NM_052845,3
UBE3B:NM_183415,2
KCTD10:NM_001317395,1
MYO1H:NM_001101421,0
FOXN4:NM_213596,1
ACACB:NM_001093,3
UNG:NM_080911,1
ALKBH2:NM_001145374,0
USP30:NM_001301175,4
SVOP:NM_018711,1
DAO:NM_001917,1
SSH1:NM_018984,2
CORO1C:NM_014325,0
SELPLG:NM_003006,0
TMEM119:NM_181724,1
ISCU:NM_001301141,0
SART3:NM_014706,0
FICD:NM_007076,1
CMKLR1:NM_001142343,43
WSCD2:NM_014653,2
ASCL4:NM_203436,1
PRDM4:NM_012406,1
PWP1:NM_007062,0
BTBD11:NM_001347943,1
CRY1:NM_004075,4
MTERF2:NM_001033050,0
TMEM263:NM_001319661,3
RIC8B:NM_001351363,1
RFX4:NM_213594,0
POLR3B:NM_018082,0
TCP11L2:NM_152772,1
CKAP4:NM_006825,1
NUAK1:NM_014840,1
C12orf75:NM_001145199,0
APPL2:NM_001251904,0
WASHC4:NM_015275,1
ALDH1L2:NM_001034173,1
C12orf45:NM_152318,1
SLC41A2:NM_001387126,3
CHST11:NM_001173982,0
EID3:NM_001008394,1
TXNRD1:NM_001093771,4
NFYB:NM_006166,2
HCFC2:NM_013320,89
GLT8D2:NM_001384721,89
TDG:NM_001363612,3
C12orf73:NM_001135570,0
HSP90B1:NM_003299,0
NT5DC3:NM_001031701,2
STAB2:NM_017564,2
C12orf42:NM_001386867,2
ASCL1:NM_004316,1
PAH:NM_001354304,1
IGF1:NM_001111283,2
PMCH:NM_002674,1
PARPBP:NM_001382735,3
NUP37:NM_024057,3
WASHC3:NM_001301107,0
DRAM1:NM_018370,1
GNPTAB:NM_024312,0
SYCP3:NM_001177949,2
CHPT1:NM_020244,0
MYBPC1:NM_001254722,1
SPIC:NM_152323,1
ARL1:NM_001301068,2
UTP20:NM_014503,1
SLC5A8:NM_145913.5_2,1
ANO4:NM_178826.4_2,3
GAS2L3:NM_001303130,1
NR1H4:NM_001206978,1
SLC17A8:NM_001145288,2
SCYL2:NM_001317784,3
DEPDC4:NM_001387206,3
ACTR6:NM_022496,1
UHRF1BP1L:NM_015054,0
FAM71C:NM_153364,1
ANKS1B:NM_152788,3
APAF1:NM_001160,1
IKBIP:NM_201612,1
SLC25A3:NM_002635,3
TMPO:NM_001032284,1
NEDD1:NM_001135176,0
CFAP54:NM_001306084,0
CDK17:NM_001170464,1
ELK3:NM_005230,1
LTA4H:NM_001256643,1
HAL:NM_002108,1
AMDHD1:NM_152435,1
CCDC38:NM_182496,1
SNRPF:NM_003095,4
NTN4:NM_001329701,1
USP44:NM_032147,1
METAP2:NM_001317183,0
VEZT:NM_001352114,0
FGD6:NM_018351,0
NR2C1:NM_003297,1
NDUFA12:NM_018838,1
TMCC3:NM_020698,2
CEP83:NM_001346457,1
PLXNC1:NM_005761,1
CRADD:NM_001320100,3
SOCS2:NM_003877,1
MRPL42:NM_014050,0
UBE2N:NM_003348,3
NUDT4:NM_019094,1
EEA1:NM_003566,0
PLEKHG7:NM_001377329,3
BTG1:NM_001731,6
DCN:NM_001920,5
LUM:NM_002345,2
KERA:NM_007035,2
EPYC:NM_004950,1
CCER1:NM_152638,1
ATP2B1:NM_001366520,3
GALNT4:NM_003774,1
POC1B-GALNT4:NM_001199782,1
POC1B:NM_172240,1
DUSP6:NM_001946,1
KITLG:NM_000899,1
TMTC3:NM_001366583,0
CEP290:NM_025114,0
C12orf29:NM_001009894,0
C12orf50:NM_152589,2
MGAT4C:NM_001351285,0
NTS:NM_006183,0
RASSF9:NM_005447,0
ALX1:NM_006982,3
LRRIQ1:NM_001079910,0
TSPAN19:NM_001100917,0
SLC6A15:NM_182767,2
TMTC2:NM_001320321,2
METTL25:NM_032230,0
CCDC59:NR_033192,1
PPFIA2:NM_003625,0
ACSS3:NM_001330242,2
LIN7A:NM_004664,0
MYF5:NM_005593,2
MYF6:NM_002469,0
PTPRQ:NM_001145026,1
OTOGL:NM_001378609,1
PPP1R12A:NM_001143885,3
PAWR:NM_002583,4
SYT1:NM_001135805,0
NAV3:NM_014903,1
E2F7:NM_203394,1
CSRP2:NM_001321,1
ZDHHC17:NM_015336,2
OSBPL8:NM_001319652,1
BBS10:NM_024685,2
NAP1L1:NM_004537,4
PHLDA1:NM_007350,4
KRR1:NM_007043,2
GLIPR1:NM_006851,2
GLIPR1L2:NM_001270396,1
GLIPR1L1:NM_152779,2
CAPS2:NM_001286548,1
KCNC2:NM_001260497,1
ATXN7L3B:NM_001136262,1
TRHDE:NM_013381,1
TPH2:NM_173353,1
TBC1D15:NM_001385854,1
RAB21:NM_014999,1
TMEM19:NM_018279,4
THAP2:NM_031435,2
ZFC3H1:NM_144982,1
LGR5:NM_001277227,2
TSPAN8:NM_004616,0
PTPRR:NM_002849,2
PTPRB:NM_001109754,0
KCNMB4:NM_014505,2
CNOT2:NM_001199302,2
MYRFL:NM_182530,0
RAB3IP:NM_175624,0
BEST3:NM_001282614,3
LRRC10:NM_201550,1
CCT2:NM_006431,1
FRS2:NM_001278357,1
YEATS4:NM_001300950,1
LYZ:NM_000239,2
CPSF6:NM_007007,3
CPM:NM_001874,2
MDM2:NM_001145340,2
SLC35E3:NM_001354997,0
NUP107:NM_020401,0
RAP1B:NM_001251918,0
MDM1:NM_001354970,0
IL22:NM_020525,3
IL26:NM_018402,2
IFNG:NM_000619,0
DYRK2:NM_003583,4
CAND1:NM_018448,3
GRIP1:NM_001379349,1
HELB:NM_033647,2
IRAK3:NM_001142523,0
TMBIM4:NM_001282606,0
LLPH:NM_032338,0
HMGA2:NM_003483,3
MSRB3:NM_198080,1
LEMD3:NM_001167614,3
WIF1:NM_007191,1
TBC1D30:NM_001330187,3
GNS:NM_002076,3
RASSF3:NM_178169,3
TBK1:NM_013254,0
XPOT:NM_007235,3
C12orf56:NM_001170633,2
C12orf66:NM_001300940,1
SRGAP1:NM_001346201,3
RXYLT1:NM_014254,1
DPY19L2:NM_173812,0
AVPR1A:NM_000706,0
PPM1H:NM_020700,1
MON2:NM_001278471,1
USP15:NM_001351160,2
TAFA2:NM_178539,1
SLC16A7:NM_001270622,0
LRIG3:NM_153377,1
ATP23:NM_001320409.2_2,0
CTDSP2:NM_005730,3
AVIL:NM_006576,0
TSFM:NM_001172697,0
EEF1AKMT3:NM_015433,0
METTL1:NM_005371,1
CYP27B1:NM_000785,0
MARCHF9:NM_138396,3
CDK4:NM_000075,4
TSPAN31:NM_001330168,2
AGAP2:NM_014770,3
OS9:NM_001261423,4
B4GALNT1:NM_001478,0
ARHGEF25:NM_001111270,1
DTX3:NM_001286245,0
PIP4K2C:NM_001146259,1
KIF5A:NM_001354705,30
DCTN2:NM_001348066,38
MBD6:NM_052897,2
DDIT3:NM_001195056,3
MARS1:NM_004990,2
ARHGAP9:NM_001319850,2
GLI1:NM_001160045,1
INHBE:NM_031479,9
INHBC:NM_005538,3
R3HDM2:NM_001351207,3
STAC3:NM_145064,4
NDUFA4L2:NM_020142,11
SHMT2:NM_001166356,2
NXPH4:NM_007224,6
LRP1:NM_002332,54
STAT6:NM_001178078,0
NAB2:NM_001330305,0
NEMP1:NM_001130963,1
MYO1A:NM_001256041,0
TAC3:NM_013251,2
ZBTB39:NM_014830,0
GPR182:NM_007264,0
RDH16:NM_003708,1
SDR9C7:NM_148897,1
HSD17B6:NM_003725,1
PRIM1:NM_000946,1
NACA:NM_001113201,1
PTGES3:NM_001282604,0
ATP5F1B:NM_001686,4
BAZ2A:NM_001351156,2
RBMS2:NM_002898,0
GLS2:NM_001280796,0
SPRYD4:NM_207344,3
MIP:NM_012064,2
TIMELESS:NM_003920,1
APOF:NM_001638,0
STAT2:NM_005419,11
IL23A:NM_016584,0
PAN2:NM_014871,7
CNPY2:NM_014255,1
CS:NM_004077,3
COQ10A:NM_144576,1
ANKRD52:NM_173595,2
SLC39A5:NM_173596,1
NABP2:NM_024068,1
RNF41:NM_194358,2
SMARCC2:NM_001330288,3
MYL6:NM_079423,1
MYL6B:NM_002475,0
ESYT1:NM_015292,3
ZC3H10:NM_032786,1
RPL41:NM_021104,1
PA2G4:NM_006191,0
ERBB3:NM_001982,1
RPS26:NM_001029,2
IKZF4:NM_001351091,0
SUOX:NM_001032387,2
RAB5B:NM_001252036,1
CDK2:NM_001290230,40
PMEL:NM_006928,40
DGKA:NM_001345,3
PYM1:NM_032345,3
MMP19:NM_002429,1
DNAJC14:NM_032364,51
ORMDL2:NM_014182,3
SARNP:NR_026723,1
GDF11:NM_005811,1
CD63:NM_001257389,0
RDH5:NM_002905,5
BLOC1S1:NM_001487,2
BLOC1S1-RDH5:NR_037658,2
ITGA7:NM_001367993,81
METTL7B:NM_152637,1
OR10P1:NM_206899,0
OR2AP1:NM_001258285,43
OR6C4:NM_001385975,1
OR6C68:NM_001005519,1
OR6C70:NM_001005499,3
OR6C2:NM_054105,3
OR6C76:NM_001005183,22
OR6C65:NM_001005518,2
OR6C75:NM_001005497,2
OR6C3:NM_054104,11
OR6C1:NM_001005182,17
OR6C6:NM_001005493,0
OR6C74:NM_001005490,0
OR10A7:NM_001005280,3
OR9K2:NM_001005243,1
NEUROD4:NM_021191,2
TESPA1:NM_001351149,0
MUCL1:NM_058173,1
DCD:NM_001300854,3
LACRT:NM_033277,4
PPP1R1A:NM_006741,1
PDE1B:NM_000924,0
NCKAP1L:NM_005337,0
GTSF1:NM_144594,2
ITGA5:NM_002205,1
ZNF385A:NM_001130967,1
GPR84:NM_020370,0
COPZ1:NM_001271734,1
NFE2:NM_001261461,1
HNRNPA1:NM_002136,0
CBX5:NM_012117,0
SMUG1:NM_001351254,2
HOXC6:NM_153693,0
HOXC4:NM_014620,0
HOXC8:NM_022658,0
HOXC9:NM_006897,5
HOXC10:NM_017409,5
HOXC11:NM_014212,6
HOXC12:NM_173860,0
HOXC13:NM_017410,2
CALCOCO1:NM_020898,1
ATP5MC2:NM_001369754,0
ATF7:NR_073163,15
NPFF:NM_001320296,1
ATF7-NPFF:NM_001366559,15
TARBP2:NM_004178,3
MAP3K12:NM_001193511,3
PCBP2:NM_001128914,2
PRR13:NM_001005354,1
AMHR2:NM_001164691,2
SP1:NM_001251825,2
SP7:NM_001300837,0
AAAS:NM_015665,3
MYG1:NM_021640,0
PFDN5:NM_145897,2
ESPL1:NM_012291,2
MFSD5:NM_001170790,2
RARG:NM_000966,55
ITGB7:NM_000889,3
ZNF740:NM_001004304,3
CSAD:NM_001244705,3
SOAT2:NM_003578,2
IGFBP6:NM_002178,18
SPRYD3:NM_032840,1
TNS2:NM_198316,42
EIF4B:NM_001330654,2
KRT18:NM_199187,2
KRT8:NM_001256293,12
KRT78:NM_173352,2
KRT79:NM_175834,1
KRT4:NM_002272,1
KRT3:NM_057088,1
KRT76:NM_015848,0
KRT77:NM_175078,11
KRT1:NM_006121,2
KRT2:NM_000423,29
KRT73:NM_175068,5
KRT72:NM_080747,1
KRT74:NM_175053,1
KRT71:NM_033448,10
KRT5:NM_000424,2
KRT6A:NM_005554,2
KRT6C:NM_173086,2
KRT6B:NM_005555,1
KRT75:NM_004693,2
KRT82:NM_033033,1
KRT84:NM_033045,1
KRT85:NM_002283,1
KRT83:NM_002282,1
KRT81:NM_002281,0
KRT86:NM_001320198,5
KRT7:NM_005556,0
KRT80:NM_001081492,2
SMIM41:NM_001369216,1
ATG101:NM_001098673,2
NR4A1:NM_001202233,1
TAMALIN:NM_181711,1
ACVR1B:NM_004302,3
ACVRL1:NM_000020,0
ANKRD33:NM_001304460,2
FIGNL2:NM_001384996,0
TMDD1:NM_001386737,1
SCN8A:NM_001369788,1
SLC4A8:NM_001258401,3
GALNT6:NM_007210,3
CELA1:NM_001971,1
BIN2:NM_001290007,4
SMAGP:NM_001031628,1
DAZAP2:NM_001136269,1
POU6F1:NM_001330422,2
TFCP2:NM_005653,0
CSRNP2:NM_030809,0
LETMD1:NM_001351337,3
SLC11A2:NM_001379446,2
HIGD1C:NM_001109619,3
METTL7A:NM_014033,2
TMPRSS12:NM_182559,12
ATF1:NM_005171,0
DIP2B:NM_173602,1
LARP4:NM_001352315,1
FAM186A:NM_001145475,1
LIMA1:NM_001113546,3
CERS5:NM_001331069,6
COX14:NM_032901,30
GPD1:NM_001257199,1
SMARCD1:NM_139071,3
ASIC1:NM_001095,2
RACGAP1:NM_001126104,3
AQP6:NM_001652,5
AQP5:NM_001651,1
AQP2:NM_000486,3
FAIM2:NM_012306,2
BCDIN3D:NM_181708,0
NMTRQ-TTG6-1:NMTRQ-TTG6-1,1
NCKAP5L:NM_001368048,54
TMBIM6:NM_003217,1
FMNL3:NM_001367835,2
PRPF40B:NM_001379037,1
FAM186B:NR_027450,1
MCRS1:NM_006337,0
KCNH3:NM_001314030,3
SPATS2:NM_001293286,1
DNAJC22:NM_024902,40
C1QL4:NM_001008223,0
TROAP:NM_005480,0
PRPH:NM_006262,3
TUBA1C:NM_001303117,12
TUBA1A:NM_001270399,2
TUBA1B:NM_006082,2
LMBR1L:NM_001300750,0
DHH:NM_021044,4
RHEBL1:NM_001303126,2
KMT2D:NM_003482,0
PRKAG1:NM_001206710,2
DDN:NM_015086,0
WNT1:NM_005430,1
WNT10B:NM_003394,29
ARF3:NM_001659,0
FKBP11:NM_016594,0
CCDC65:NM_001286957,5
RND1:NM_014470,2
DDX23:NM_004818,2
CACNB3:NM_001206917,0
ADCY6:NM_015270,3
TEX49:NM_001351123,1
CCNT1:NM_001240,39
KANSL2:NM_017822,0
LALBA:NM_001384350,2
OR8S1:NM_001005203,0
C12orf54:NM_152319,0
ANP32D:NM_012404,5
ZNF641:NM_001365804,0
H1-7:NM_181788,1
OR10AD1:NM_001004134,1
CCDC184:NM_001013635,0
ASB8:NM_001319296,3
PFKM:NM_001354747,0
SENP1:NM_001267594,1
COL2A1:NM_001844,2
TMEM106C:NM_001143841,4
VDR:NM_001374661,9
HDAC7:NM_001368046,4
SLC48A1:NM_017842,2
RAPGEF3:NM_001098531,3
ENDOU:NM_001172439,14
RPAP3:NM_024604,1
PCED1B:NM_001281429,1
AMIGO2:NM_181847,1
SLC38A4:NM_018018,2
SLC38A2:NM_018976,3
SLC38A1:NM_001278387,2
SCAF11:NM_004719,36
ARID2:NM_152641,0
ANO6:NM_001142679,0
DBX2:NM_001004329,3
NELL2:NM_001145110,1
TMEM117:NM_001286213,0
TWF1:NM_001242397,1
IRAK4:NM_001145258,0
PUS7L:NM_001098615,0
ADAMTS20:NM_025003,4
PRICKLE1:NM_153026,2
PPHLN1:NM_001364825,0
ZCRB1:NM_033114,0
YAF2:NM_001190979,2
GXYLT1:NM_173601,1
PDZRN4:NM_001164595,0
CNTN1:NM_001843,0
MUC19:NM_173600,4
LRRK2:NM_198578,0
SLC2A13:NM_052885,0
C12orf40:NR_135051,3
ABCD2:NM_005164,0
KIF21A:NM_001378439,1
CPNE8:NM_153634,1
ALG10B:NM_001308340,2
ALG10:NM_032834,3
SYT10:NM_198992,2
PKP2:NM_004572,2
YARS2:NM_001040436,2
DNM1L:NM_005690,3
FGD4:NM_001384126,2
BICD1:NM_001354188,3
RESF1:NM_018169,5
H3-5:NM_001013699,3
AMN1:NR_103523,1
ETFBKMT:NM_001135864,3
DENND5B:NM_144973,2
SINHCAF:NM_001135811,1
DDX11:NM_001257145,1
TSPAN11:NM_001370302,0
CAPRIN2:NM_001385518,0
IPO8:NM_006390,1
TMTC1:NM_175861,2
OVCH1:NM_001353179,1
ERGIC2:NM_016570,0
FAR2:NM_001271783,1
CCDC91:NM_001352087,1
PTHLH:NM_198965,2
KLHL42:NM_020782,3
MANSC4:NM_001146221,3
MRPS35:NM_001190864,2
REP15:NM_001029874,0
PPFIBP1:NM_001198915,1
SMCO2:NM_001387218,2
ARNTL2:NM_001248004,3
STK38L:NM_015000,0
C12orf71:NM_001384983,5
MED21:NM_001271811,0
TM7SF3:NM_016551,0
FGFR1OP2:NM_001171887,0
INTS13:NM_018164,0
ITPR2:NM_002223,1
SSPN:NM_001135823,2
BHLHE41:NM_030762,0
RASSF8:NM_007211,2
LMNTD1:NM_001352232,4
KRAS:NM_033360,0
ETFRF1:NM_001001660,1
CFAP94:NM_001352066,1
IRAG2:NM_001366540,1
C12orf77:NM_001101339,1
BCAT1:NM_005504,3
SOX5:NM_001261414,1
ETNK1:NM_018638,0
C2CD5:NM_001385333,1
ST8SIA1:NM_003034,0
CMAS:NM_018686,0
ABCC9:NM_001377273,1
KCNJ8:NM_004982,0
LDHB:NM_001174097,1
GYS2:NM_021957,2
SPX:NM_030572,1
GOLT1B:NM_016072,32
RECQL:NM_002907,31
PYROXD1:NM_001350913,1
IAPP:NM_001329201,1
SLCO1A2:NM_001386881,1
SLCO1B1:NM_006446,0
SLCO1B7:NM_001009562,2
SLCO1B3-SLCO1B7:NM_001371097,1
SLCO1B3:NM_019844,1
SLCO1C1:NM_001145945,2
PDE3A:NM_001378407,2
AEBP2:NM_001363736,1
PLEKHA5:NM_001385948,1
CAPZA3:NM_033328,0
PLCZ1:NM_001330774,0
PIK3C2G:NM_001288774,0
RERGL:NM_024730,1
LMO3:NM_001243609,3
MGST1:NM_001267598,1
SLC15A5:NM_001170798,0
DERA:NM_001300779,1
STRAP:NM_007178,1
EPS8:NM_004447,2
PTPRO:NM_002848,3
RERG:NM_032918,0
PDE6H:NM_006205,0
ARHGDIB:NM_001321420,0
ERP27:NM_152321,0
MGP:NM_001190839,0
ART4:NM_021071,0
SMCO3:NM_001013698,0
C12orf60:NM_175874,1
WBP11:NM_016312,1
H2AJ:NR_027716,1
H4-16:NM_175054,1
GUCY2C:NM_004963,1
PLBD1:NM_024829,1
ATF7IP:NM_001286514,1
GRIN2B:NM_000834,4
EMP1:NM_001423,1
GSG1:NM_001367361,1
FAM234B:NM_020853,0
HEBP1:NM_015987,2
GPRC5D:NM_018654,5
GPRC5A:NM_003979,21
DDX47:NM_201224,1
APOLD1:NM_001130415,3
CDKN1B:NM_004064,1
GPR19:NM_006143,0
CREBL2:NM_001310,0
DUSP16:NM_030640,25
BORCS5:NM_001300742,3
MANSC1:NM_018050,1
LRP6:NM_002336,1
BCL2L14:NM_001370268,1
ETV6:NM_001987,0
PRB2:NM_006248,1
PRB1:NR_160307,0
PRB4:NM_002723,0
PRB3:NM_006249,0
TAS2R42:NM_181429,1
SMIM10L1:NM_001271592.2_3,1
TAS2R30:NM_001097643.1_3,0
TAS2R43:NM_176884.2_2,0
TAS2R46:NM_176887.2_3,0
TAS2R31:NM_176885.2_3,2
TAS2R19:NM_176888.2_3,3
TAS2R20:NM_176889.4_3,2
TAS2R50:NM_176890.2_3,2
TAS2R14:NM_023922.1_3,0
PRH1-TAS2R14:NM_001316893.2_3,1
PRH2:NM_001110213.1_3,0
TAS2R13:NM_023920.2_3,1
PRH1:NM_001291314.2_3,1
PRR4:NM_007244.3_3,1
TAS2R10:NM_023921.1_3,2
TAS2R9:NM_023917.2_3,0
TAS2R8:NM_023918.3_3,0
TAS2R7:NM_023919.2_3,3
YBX3:NM_003651,4
STYK1:NM_018423,6
MAGOHB:NM_018048,1
EIF2S3B:NM_001357731,1
KLRC1:NM_001304448,1
KLRC2:NM_002260,1
KLRC3:NM_002261,0
KLRC4:NM_013431,1
KLRK1:NM_007360,0
KLRC4-KLRK1:NM_001199805,1
KLRD1:NM_001351060,2
GABARAPL1:NM_031412,24
TMEM52B:NM_001384898,1
OLR1:NM_002543,1
CLEC7A:NM_197947,2
CLEC1A:NM_001297750,2
CLEC9A:NM_207345,0
CLEC12B:NM_001319241,0
CLEC1B:NM_016509,3
CLEC12A:NM_001207010,0
CLEC2A:NM_207375,0
KLRF2:NM_001190765,5
CLEC2B:NM_005127,1
CD69:NM_001781,1
CLECL1:NM_001253750,0
CLEC2D:NM_001197319,2
KLRB1:NM_002258,35
PZP:NM_002864,1
A2M:NM_001347423,0
KLRG1:NM_001329103,2
M6PR:NM_002355,2
PHC1:NM_004426,1
A2ML1:NM_144670,2
RIMKLB:NR_147945,1
MFAP5:NM_003480,2
AICDA:NM_020661,1
CLEC4E:NM_014358,0
CLEC4D:NM_080387,3
CLEC6A:NM_001317999,0
FAM90A1:NM_018088,0
ZNF705A:NM_001004328,0
CLEC4A:NM_194448,0
NECAP1:NM_015509,0
C3AR1:NM_001326477,1
FOXJ2:NM_018416,0
SLC2A3:NM_006931,0
SLC2A14:NM_001286237,2
NANOG:NM_024865,0
NANOGNB:NM_001145465,0
CLEC4C:NM_001371391,1
DPPA3:NM_199286,0
GDF3:NM_020634,0
APOBEC1:NM_001304566,0
CD163:NM_004244,0
CD163L1:NM_001297650,1
ACSM4:NM_001080454,0
PEX5:NM_001131026,1
CLSTN3:NM_014718,1
RBP5:NM_001329454,1
C1RL:NM_001297642,0
C1R:NM_001733,1
C1S:NM_001734.5_2,1
LPCAT3:NM_005768.6_2,4
PHB2:NM_001267700.1_2,3
PTPN6:NM_080548.5_2,1
C12orf57:NM_001301836.2_2,0
ATN1:NM_001007026.2_2,1
ENO2:NM_001975.3_2,0
LRRC23:NM_006992.4_2,1
SPSB2:NM_001319670.2_2,2
TPI1:NM_001159287.1_2,1
USP5:NM_001382589.1_2,15
CDCA3:NM_001297603.3_2,13
GNB3:NM_001297571.2_2,1
P3H3:NM_014262.5_2,5
GPR162:NM_014449.2_2,12
CD4:NM_001195017.3_2,0
LAG3:NM_002286,0
PTMS:NM_002824,4
MLF2:NM_001382225,1
COPS7A:NM_016319,0
PIANP:NM_001244014,1
ZNF384:NM_001385799,0
ING4:NM_001127582,1
ACRBP:NM_032489,2
LPAR5:NM_020400,0
CHD4:NM_001273,1
NOP2:NM_001033714,2
IFFO1:NM_001039670,7
GAPDH:NM_001357943,1
NCAPD2:NM_014865,13
MRPL51:NM_016497,5
VAMP1:NM_199245,4
TAPBPL:NR_147126,0
CD27:NM_001242,1
LTBR:NM_001270987,0
SCNN1A:NM_001159575,0
TNFRSF1A:NM_001346092,5
PLEKHG6:NM_001384604,1
CD9:NM_001330312,4
VWF:NM_000552,1
ANO2:NM_001278597,0
NTF3:NM_001102654,0
KCNA5:NM_002234,0
KCNA1:NM_000217,1
KCNA6:NM_002235,0
GALNT8:NM_017417,1
NDUFA9:NM_005002,0
AKAP3:NM_001278309,0
DYRK4:NM_001371301,3
RAD51AP1:NM_006479,31
C12orf4:NM_020374,29
FGF6:NM_020996,1
FGF23:NM_020638,4
TIGAR:NM_020375,0
CCND2:NM_001759,0
PARP11:NM_001286522,0
CRACR2A:NM_001144958,0
PRMT8:NM_001256536,1
TSPAN9:NM_001168320,0
TEAD4:NM_201441,1
TULP3:NM_001160408,3
FOXM1:NM_202002,0
TEX52:NM_001365175,1
NRIP2:NM_031474,4
ITFG2:NR_147202,0
FKBP4:NM_002014,2
CACNA1C:NM_001129844,1
CACNA1C-IT2:NR_046768,1
DCP1B:NR_135060,0
LRTM2:NM_001039029,0
CACNA2D4:NM_172364,2
ADIPOR2:NM_024551,0
WNT5B:NM_030775,3
FBXL14:NM_152441,1
ERC1:NM_178039,1
RAD52:NM_001297419,2
WNK1:NM_014823,1
NINJ2:NM_016533,1
B4GALNT3:NM_173593,11
CCDC77:NM_001130148,0
KDM5A:NM_001042603,0
SLC6A13:NM_016615,1
SLC6A12:NM_001122848,1
IQSEC3:NM_001170738.2_3,0
B3GAT1:NM_054025,3
GLB1L2:NM_138342,2
GLB1L3:NM_001080407,2
ACAD8:NM_014384,1
THYN1:NM_014174,1
VPS26B:NM_052875,0
NCAPD3:NM_001372070,0
JAM3:NM_001205329,2
IGSF9B:NM_001277285,0
SPATA19:NM_174927,3
OPCML:NM_001319104,1
NTM:NM_001048209,0
SNX19:NM_001347920,0
ADAMTS15:NM_139055,1
ADAMTS8:NM_007037,1
ZBTB44:NM_001370219,0
ST14:NM_021978,1
APLP2:NM_001382542,0
PRDM10:NM_020228,1
NFRKB:NM_001143835,1
TMEM45B:NM_138788,0
BARX2:NM_003658,0
ARHGAP32:NM_001378025,0
TP53AIP1:NM_001195195,2
KCNJ5:NM_000890,2
KCNJ1:NM_153767,4
FLI1:NM_001271012,3
ETS1:NM_001143820,3
KIRREL3:NM_032531,1
ST3GAL4:NM_001348398,1
DCPS:NM_014026,1
TIRAP:NM_001318777,1
FOXRED1:NM_017547,2
SRPRA:NM_003139,2
FAM118B:NM_001330446,0
RPUSD4:NM_032795,0
CDON:NM_001243597,0
VSIG10L2:NM_001365077,0
DDX25:NM_001330438,4
PUS3:NM_031307,4
HYLS1:NM_145014,2
PATE4:NM_001144874,1
PATE3:NM_001129883,3
PATE2:NM_212555,1
PATE1:NM_138294,0
ACRV1:NM_001612,0
CHEK1:NM_001114121,3
STT3A:NM_001278504,2
EI24:NM_001290135,3
STT3A-AS1:NR_132372,2
FEZ1:NM_005103,0
PKNOX2:NM_001382333,1
TMEM218:NM_001387241,0
SLC37A2:NM_001145290,2
CCDC15:NM_025004,3
HEPACAM:NM_152722,1
ROBO4:NM_019055,1
ROBO3:NM_022370,2
MSANTD2:NM_001352400,4
ESAM:NM_138961,1
VSIG2:NM_014312,33
NRGN:NM_006176,3
SPA17:NM_017425,5
SIAE:NM_001199922,6
TBRG1:NM_032811,2
PANX3:NM_052959,8
OR8A1:NM_001005194,4
OR8B12:NM_001005195,0
OR8B8:NM_012378,3
OR8B4:NM_001005196,2
OR8B3:NM_001005467,3
OR8B2:NM_001005468,2
OR8D2:NM_001002918,3
OR8D1:NM_001002917,0
OR8G5:NM_001005198,0
OR8G2P:NM_001291438,2
OR10D3:NM_001355213,2
VWA5A:NM_014622,0
OR10G7:NM_001004463,4
OR10G8:NM_001004464,0
OR10G9:NM_001001953,0
OR10G4:NM_001004462,3
OR10G6:NM_001355219,1
OR10S1:NM_001004474,2
OR6T1:NM_001005187,0
OR4D5:NM_001001965,1
OR8D4:NM_001005197,0
TMEM225:NM_001013743,1
OR6M1:NM_001005325,1
OR6X1:NM_001005188,0
ZNF202:NM_001301779,0
SCN3B:NM_018400,0
GRAMD1B:NM_001367418,1
CLMP:NM_024769,10
HSPA8:NM_006597,3
BSX:NM_001098169,1
JHY:NM_001363088,1
CRTAM:NM_019604,0
UBASH3B:NM_032873,1
BLID:NM_001001786,1
SORL1:NM_003105,1
SC5D:NM_006918,0
TECTA:NM_005422,1
TBCEL:NM_001130047,2
TBCEL-TECTA:NM_001378761,2
GRIK4:NM_014619,2
ARHGEF12:NM_001198665,1
TLCD5:NM_001198675,1
POU2F3:NM_001244682,2
OAF:NM_178507,0
TRIM29:NM_012101,0
NECTIN1:NM_203285,3
THY1:NM_001311162,0
USP2:NM_004205,2
C1QTNF5:NM_015645,1
MFRP:NM_031433,1
RNF26:NM_032015,33
MCAM:NM_006500,1
CBL:NM_005188,1
CCDC153:NM_001145018,35
PDZD3:NM_024791,40
NLRX1:NM_001282358,2
ABCG4:NM_001348191,70
HINFP:NM_001351963,3
C2CD2L:NM_001382613,1
DPAGT1:NM_001382,1
H2AX:NM_002105,0
HMBS:NM_001258208,1
VPS11:NM_001378220.1_2,1
HYOU1:NM_006389.5_2,24
SLC37A4:NM_001164277.2_2,1
TRAPPC4:NM_001318494.2_2,2
RPS25:NM_001028.3_2,1
CENATAC:NM_198489.3_2,1
FOXR1:NM_181721.3_2,0
UPK2:NM_006760,0
BCL9L:NM_001378213,3
CXCR5:NM_001716,2
DDX6:NM_004397.6_2,1
TREH:NM_007180.3_2,0
PHLDB1:NM_015157.4_2,0
ARCN1:NM_001142281.2_2,5
IFT46:NM_020153.4_2,62
TMEM25:NM_001144038.2_2,62
TTC36:NM_001080441.4_2,2
KMT2A:NM_005933.4_2,1
ATP5MG:NM_006476.5_2,2
UBE4A:NM_001204077.2_2,3
CD3G:NM_000073,1
CD3D:NM_001040651,1
CD3E:NM_000733,1
MPZL2:NM_005797,1
MPZL3:NM_198275,0
JAML:NM_001098526,1
SCN2B:NM_004588,3
SCN4B:NM_174934,3
TMPRSS4:NM_001173552,2
SMIM35:NM_001354434,3
IL10RA:NR_026691,1
TMPRSS13:NM_001077263,4
FXYD6:NM_001164831,0
FXYD2:NM_021603,2
FXYD6-FXYD2:NM_001204268,2
DSCAML1:NM_020693,1
CEP164:NM_001271933,2
BACE1:NM_012104,0
RNF214:NM_207343,2
PCSK7:NM_004716,2
TAGLN:NM_001001522,3
SIDT2:NM_001040455,2
PAFAH1B2:NR_110268,1
SIK3:NM_001366686,0
APOA1:NM_001318021,0
APOC3:NM_000040,0
APOA4:NM_000482,0
APOA5:NM_052968,2
ZPR1:NM_003904,0
BUD13:NM_032725,0
CADM1:NM_001301043,0
NXPE2:NM_182495,4
NXPE4:NM_001077639,1
NXPE1:NM_001367953,3
REXO2:NM_015523,0
RBM7:NM_001286048,0
C11orf71:NM_019021,0
NNMT:NM_001372047,1
ZBTB16:NM_006006,1
HTR3A:NM_000869,1
HTR3B:NM_006028,19
USP28:NM_001346270,1
CLDN25:NM_001101389,1
ZW10:NM_004724,1
TMPRSS5:NM_001288751,0
DRD2:NM_000795,4
ANKK1:NM_178510,0
NCAM1:NM_001386292.1_2,1
PLET1:NM_001145024,3
PTS:NM_000317,2
BCO2:NM_001256398,1
TEX12:NM_031275,0
IL18:NM_001386420,0
SDHD:NM_001276504,1
TIMM8B:NM_012459,1
NKAPD1:NM_001301017,2
PIH1D2:NM_001082619.2_2,4
DLAT:NM_001372037.1_2,2
DIXDC1:NM_001037954.4_2,2
C11orf52:NM_080659.3_2,0
HSPB2:NM_001541.4_2,2
CRYAB:NM_001368245.1_2,1
C11orf1:NM_001330371.2_2,3
FDXACB1:NM_138378.3_2,4
ALG9:NM_001352413.1_2,2
PPP2R1B:NM_181699.3_2,2
SIK2:NM_015191,0
LAYN:NM_001318799,1
HOATZ:NM_001100388,2
BTG4:NM_017589,2
POU2AF1:NM_006235,0
COLCA2:NM_001271458,2
C11orf53:NM_198498,2
ARHGAP20:NM_001258416,0
FDX1:NM_004109,0
RDX:NM_001260493,2
ZC3H12C:NM_033390,0
C11orf87:NM_207645,2
DDX10:NM_004398,2
EXPH5:NM_015065,3
POGLUT3:NM_153705,1
C11orf65:NM_001351110,0
ATM:NM_000051,2
NPAT:NM_001321307,3
ACAT1:NM_001386681,1
CUL5:NM_003478,1
RAB39A:NM_017516,2
SLC35F2:NM_017515,2
SLN:NM_003063,0
ELMOD1:NM_001130037,0
ALKBH8:NM_138775,2
CWF19L2:NM_152434,3
GUCY1A2:NM_001256424,1
AASDHPPT:NM_015423,2
KBTBD3:NM_198439,1
MSANTD4:NM_001318747,1
GRIA4:NM_000829,0
CARD18:NM_021571,1
CARD17:NM_001007232,2
CARD16:NM_052889,4
CASP1:NM_033292,2
CASP5:NM_001136112,2
CASP4:NM_033306,1
CASP12:NR_034070,1
DDI1:NM_001001711,1
PDGFD:NM_025208,0
DYNC2H1:NM_001377,1
DCUN1D5:NM_001318739,4
MMP13:NM_002427.4_2,3
MMP12:NM_002426.6_2,0
MMP3:NM_002422.5_2,4
MMP1:NM_002421,2
MMP10:NM_002425,2
MMP8:NM_001304441,4
MMP27:NM_022122,2
MMP20:NM_004771,0
MMP7:NM_002423,4
TMEM123:NM_052932,2
BIRC2:NM_001166,3
BIRC3:NM_182962,2
YAP1:NM_006106,3
CFAP300:NM_001363505,1
CEP126:NM_020802,2
ANGPTL5:NM_178127,2
TRPC6:NM_004621,0
PGR:NM_000926,2
ARHGAP42:NM_152432,2
CNTN5:NM_001243270,5
JRKL:NM_001261833,0
CCDC82:NM_001363594,0
MAML2:NM_032427,4
MTMR2:NM_001243571,1
CEP57:NM_001243777,0
FAM76B:NM_144664,0
SESN3:NM_001271594,2
ENDOD1:NM_015036.3_2,1
KDM4E:NM_001161630.1_2,1
KDM4D:NM_018039.3_2,0
CWC15:NM_001363371.2_2,0
AMOTL1:NM_001301007,0
PIWIL4:NM_152431,1
FUT4:NM_002033,1
C11orf97:NM_001190462,1
ANKRD49:NM_017704,2
MRE11:NM_005590,2
GPR83:NM_016540,0
IZUMO1R:NM_001199206,1
PANX1:NM_015368,0
HEPHL1:NM_001098672,0
VSTM5:NM_001144871,2
MED17:NM_004268,1
C11orf54:NM_001351993,0
TAF1D:NR_146090,0
CEP295:NM_033395,1
SMCO4:NM_020179,1
DEUP1:NM_181645,1
SLC36A4:NM_152313,0
MTNR1B:NM_005959,0
FAT3:NM_001008781,1
CHORDC1:NM_012124,0
NAALAD2:NM_001300930,1
UBTFL1:NM_001143975,0
TRIM49C:NM_001195234,0
TRIM64:NM_001136486,1
TRIM49D2:NM_001105522,1
TRIM49D1:NM_001384911,1
TRIM64B:NM_001164397,0
TRIM49:NM_020358,1
TRIM77:NM_001271942,0
FOLH1B:NM_153696,1
NOX4:NM_001143837,0
TYR:NM_000372,0
GRM5:NM_001143831,2
CTSC:NM_001814,0
RAB38:NM_022337,0
TMEM135:NM_001168724,1
FZD4:NM_012193,4
PRSS23:NR_120592,1
ME3:NM_001351934,4
CCDC81:NM_021827,4
HIKESHI:NM_001322404,4
EED:NM_001330334,3
PICALM:NM_001206947,3
CCDC83:NM_001286159,3
SYTL2:NM_206927,1
CCDC89:NM_152723,1
TMEM126A:NM_001244735,1
TMEM126B:NM_001350393,1
DLG2:NM_001351275,1
CCDC90B:NM_021825,0
ANKRD42:NM_001300973,5
PCF11:NM_001346415,1
RAB30:NM_014488,1
DDIAS:NM_001363481,1
PRCP:NM_001319214,1
FAM181B:NM_175885,2
TENM4:NM_001098816,1
NARS2:NM_024678,4
GAB2:NM_080491,3
USP35:NM_020798,2
KCTD21:NM_001029859,2
ALG8:NM_001007027,4
NDUFC2:NM_004549,5
THRSP:NM_003251,7
KCTD14:NM_001282406,0
NDUFC2-KCTD14:NM_001203260,5
INTS4:NM_033547,1
AAMDC:NM_001316957,5
RSF1:NM_016578,4
CLNS1A:NM_001293,1
AQP11:NM_001363477,5
PAK1:NM_001376277,0
GDPD4:NM_182833,1
MYO7A:NM_001127180.2_2,1
OMP:NM_006189.1_2,0
CAPN5:NM_004055.5_2,1
B3GNT6:NM_138706.5_2,4
ACER3:NM_001300953.2_2,2
TSKU:NM_001258210,3
LRRC32:NM_001128922,51
EMSY:NM_020193,2
GVQW3:NM_001347884,2
THAP12:NM_004705,2
WNT11:NM_004626,1
UVRAG:NM_001386672,26
DGAT2:NM_001253891,1
MOGAT2:NM_025098,1
MAP6:NM_033063,3
SERPINH1:NM_001235,1
GDPD5:NM_030792,2
KLHL35:NM_001039548,3
RPS3:NM_001256802,2
ARRB1:NM_004041,0
TPBGL:NM_001195528,18
SLCO2B1:NM_001145212,2
OR2AT4:NM_001005285,1
NEU3:NM_001367863,0
SPCS2:NM_014752,0
XRRA1:NM_001378157,0
RNF169:NM_001098638,3
CHRDL2:NM_015424,3
POLD3:NM_006591,0
LIPT2:NM_001329941,5
KCNE3:NM_005472,1
PGM2L1:NM_173582,1
P4HA3:NM_182904,2
PPME1:NM_016147,3
C2CD3:NM_001286577,3
UCP3:NM_003356,2
UCP2:NM_001381944,0
DNAJB13:NM_153614,3
PAAF1:NM_001267806,3
COA4:NM_016565,3
MRPL48:NM_001318500,1
RAB6A:NM_002869,1
PLEKHB1:NM_001130033,0
FAM168A:NM_001286050,14
RELT:NM_152222,3
ARHGEF17:NM_014786,1
P2RY6:NM_176797,1
P2RY2:NM_002564,1
FCHSD2:NM_014824,3
ATG16L2:NM_033388,1
STARD10:NM_006645,3
ARAP1:NM_001040118,1
PDE2A:NM_002599,0
CLPB:NM_001258394,3
PHOX2A:NM_005169,1
INPPL1:NM_001567,0
FOLR2:NM_001113536,51
FOLR1:NM_016725,1
FOLR3:NM_000804,0
ANAPC15:NM_001330321,1
LAMTOR1:NM_017907,4
LRTOMT:NM_001145308,0
NUMA1:NM_001286561,0
IL18BP:NM_173044,3
RNF121:NM_001300926,0
DEFB131B:NM_001242853,0
DEFB108B:NM_001002035,3
ZNF705E:NM_001278713,1
KRTAP5-11:NM_001005405,0
KRTAP5-10:NM_001012710,1
KRTAP5-9:NM_005553,2
KRTAP5-8:NM_021046,0
KRTAP5-7:NM_001012503,1
NADSYN1:NM_018161,1
DHCR7:NM_001360,3
SHANK2:NM_012309.5_2,0
CTTN:NM_001184740,1
PPFIA1:NM_003626,1
FADD:NM_003824,1
ANO1:NM_001378092.1_2,0
FGF3:NM_005247.4_2,2
FGF4:NM_002007,3
FGF19:NM_005117,1
LTO1:NM_153451,4
CCND1:NM_053056,2
MYEOV:NM_001300924,1
SMIM38:NR_161183,1
TPCN2:NM_139075,0
MRGPRF:NM_001098515,1
MRGPRD:NM_198923,2
IGHMBP2:NM_002180,0
MRPL21:NM_181515,0
CPT1A:NM_001031847,1
TESMIN:NM_004923,1
GAL:NM_015973,0
PPP6R3:NM_001352353,0
LRP5:NM_001291902,2
C11orf24:NM_022338,48
KMT5B:NM_001369428,1
CHKA:NM_001376219,0
TCIRG1:NM_006019,19
NDUFS8:NM_002496,0
ALDH3B1:NM_001161473,0
UNC93B1:NM_030930,0
ALDH3B2:NM_001031615,0
ACY3:NM_080658,1
TBX10:NM_005995,2
NUDT8:NM_181843,1
NDUFV1:NM_001166102,57
GSTP1:NM_000852,9
CABP2:NM_001318496,24
CDK2AP2:NM_001271849,6
PITPNM1:NM_004910,3
AIP:NM_001302960,1
TMEM134:NM_025124,0
CABP4:NM_001300896,2
GPR152:NM_206997,2
PTPRCAP:NM_005608,1
CORO1B:NM_001018070,1
RPS6KB2:NM_003952,4
CARNS1:NM_020811,1
TBC1D10C:NM_001256508,1
PPP1CA:NM_001008709,3
RAD9A:NM_004584,1
CLCF1:NM_001166212,0
POLD4:NR_046413,57
SSH3:NM_017857,0
ANKRD13D:NM_207354,2
GRK2:NM_001619,2
KDM2A:NM_012308,0
RHOD:NM_001300886,0
SYT12:NM_001177880,1
C11orf86:NM_001136485,28
LRFN4:NM_001363524,3
PC:NM_001040716,8
RCE1:NM_001032279,0
C11orf80:NM_024650,23
SPTBN2:NM_006946,0
RBM4B:NM_031492,1
RBM4:NM_001198844,2
RBM14:NM_001198837,3
RBM14-RBM4:NM_001198846,3
CCS:NM_005125,1
CCDC87:NM_018219,1
CTSF:NM_003793,5
ACTN3:NM_001258371,17
ZDHHC24:NM_001348571,17
BBS1:NM_024649,0
DPP3:NM_001256670,1
PELI3:NM_001243135,0
MRPL11:NM_170739,1
NPAS4:NM_001318804,1
SLC29A2:NM_001300868,2
B4GAT1:NM_006876,3
BRMS1:NM_015399,2
RIN1:NM_001363559,1
CD248:NM_020404,3
TMEM151A:NM_153266,0
YIF1A:NM_020470,2
CNIH2:NM_182553,1
RAB1B:NM_030981,2
KLC2:NM_001134775,4
PACS1:NM_018026,1
SF3B2:NM_006842,9
GAL3ST3:NM_033036,10
CATSPER1:NM_053054,1
CST6:NM_001323,37
BANF1:NM_001143985,2
EIF1AD:NM_001242481,2
SART1:NM_005146,2
TSGA10IP:NM_152762,25
DRAP1:NM_006442,0
C11orf68:NM_001135635,1
FOSL1:NR_125339,1
CCDC85B:NM_006848,3
FIBP:NM_198897,4
CTSW:NM_001335,1
EFEMP2:NM_016938,18
MUS81:NR_146598,2
CFL1:NM_005507,2
SNX32:NM_152760,0
OVOL1:NM_004561,2
AP5B1:NM_138368,14
RNASEH2C:NM_032193,1
KAT5:NM_182709,33
RELA:NM_021975,14
SIPA1:NM_006747,3
PCNX3:NM_032223,7
MAP3K11:NM_002419,6
KCNK7:NM_005714,1
EHBP1L1:NM_001351087,1
FAM89B:NM_152832,5
ZNRD2:NM_006396,3
LTBP3:NM_001130144,2
SCYL1:NM_001048218,0
FRMD8:NM_001300832,1
SLC25A45:NM_001278251,3
TIGD3:NM_145719,60
DPF2:NM_006268,1
CDC42EP2:NM_006779,51
POLA2:NM_002689,11
CAPN1:NM_001198868,1
SPDYC:NM_001008778,1
SYVN1:NM_172230,1
MRPL49:NR_037567,3
FAU:NM_001997,3
ZNHIT2:NM_014205,2
TM7SF2:NM_001277233,52
VPS51:NM_013265,3
TMEM262:NM_001282448,3
ZFPL1:NM_006782,0
CDCA5:NM_080668,0
NAALADL1:NM_005468,0
SAC3D1:NM_001367485,13
SNX15:NM_147777,1
ARL2:NM_001199745,6
ARL2-SNX15:NR_037650,6
BATF2:NM_138456,1
MAJIN:NM_001318808,3
GPHA2:NM_130769,1
PPP2R5B:NM_006244,1
ATG2A:NM_015104,1
EHD1:NM_001282444,2
CDC42BPG:NM_017525,3
MEN1:NM_130803,1
MAP4K2:NM_004579,0
SF1:NM_001378957,1
PYGM:NM_001164716,0
RASGRP2:NM_153819,3
NRXN2:NM_015080,2
SLC22A12:NM_153378,18
SLC22A11:NM_001307985,1
RPS6KA4:NM_001318361,2
CCDC88B:NM_032251,1
PRDX5:NM_181652,3
TRMT112:NM_001372071,2
ESRRA:NM_001282451,0
CATSPERZ:NM_001039496,0
KCNK4:NM_033310,1
GPR137:NM_001378076,3
BAD:NM_004322,2
PLCB3:NM_001184883,0
PPP1R14B:NM_138689,0
FKBP2:NM_001370367,5
VEGFB:NM_001243733,1
DNAJC4:NM_001307981,0
NUDT22:NM_001271831,0
TRPT1:NM_001160389,0
FERMT3:NM_001382448,17
STIP1:NM_001282652,1
FLRT1:NM_013280,4
MACROD1:NM_014067,2
OTUB1:NM_017670,3
COX8A:NM_004074,1
NAA40:NM_024771,1
RCOR2:NM_173587,12
MARK2:NM_001163297,3
SPINDOC:NM_138471,2
C11orf95:NM_001144936,4
RTN3:NM_201429,0
ATL3:NM_001290048,0
PLAAT3:NM_007069,0
PLAAT2:NM_017878,0
PLAAT4:NM_004585,0
LGALS12:NM_001142536,1
PLAAT5:NM_054108,1
SLC22A9:NM_080866,0
SLC22A10:NM_001039752,0
SLC22A25:NM_199352,1
SLC22A24:NM_001136506,1
SLC22A8:NM_004254,0
SLC22A6:NM_004790,20
CHRM1:NM_000738,0
SLC3A2:NM_001012664,16
WDR74:NM_001369451,4
STX5:NM_003164,62
NXF1:NM_001081491,77
TMEM223:NM_001080501,3
TMEM179B:NM_001363600,3
TAF6L:NM_006473,2
POLR2G:NM_002696,0
ZBTB3:NM_001370809,2
TTC9C:NM_001318812,0
HNRNPUL2:NM_001079559,0
GNG3:NM_012202,3
BSCL2:NM_001386027,1
HNRNPUL2-BSCL2:NR_037946,0
LRRN4CL:NM_203422,0
UBXN1:NM_015853,4
UQCC3:NM_001085372,1
CSKMT:NM_001043229,2
C11orf98:NR_104414,2
LBHD1:NM_001367941,1
INTS5:NM_030628,1
GANAB:NM_198335,2
B3GAT3:NM_001288721,1
ROM1:NM_000327,2
EML3:NM_001300793,3
MTA2:NM_004739,0
TUT1:NM_022830,2
EEF1G:NM_001404,2
AHNAK:NM_024060,0
SCGB1A1:NM_003357,3
ASRGL1:NM_025080,5
SCGB1D4:NM_206998,0
SCGB2A2:NM_002411,2
SCGB1D2:NM_006551,1
SCGB2A1:NM_002407,4
SCGB1D1:NM_006552,3
INCENP:NM_020238,26
FTH1:NM_002032,0
BEST1:NM_001139443,2
RAB3IL1:NM_001271686,0
FADS3:NM_021727,1
FADS2:NM_001281501,3
FADS1:NM_013402,1
FEN1:NM_004111,2
TMEM258:NM_014206,2
MYRF:NM_001127392,1
DAGLA:NM_006133,1
SYT7:NM_001365809,3
LRRC10B:NM_001145077,4
PPP1R32:NM_001170753,2
SDHAF2:NM_017841,0
CPSF7:NM_024811,0
TMEM216:NM_001173990,41
TMEM138:NM_001330281,3
CYB561A3:NM_001161454,3
TKFC:NM_001351977,0
DDB1:NM_001923,0
VWCE:NM_152718,2
PGA5:NM_014224,1
PGA4:NM_001079808,2
PGA3:NM_001079807,2
VPS37C:NM_017966,0
CD5:NM_001346456,2
CD6:NM_001254750,1
SLC15A3:NM_016582,2
TMEM132A:NM_178031,2
TMEM109:NM_024092,0
PRPF19:NM_014502,1
ZP1:NM_207341,1
PTGDR2:NM_004778,0
CCDC86:NM_024098,3
MS4A10:NM_206893,1
MS4A15:NM_152717,2
MS4A18:NM_001354471,2
MS4A8:NM_031457,2
MS4A13:NM_001278320,6
MS4A12:NM_001164470,1
MS4A1:NM_021950,1
MS4A5:NM_023945,0
MS4A14:NM_001079692,2
MS4A7:NM_206940,3
MS4A6E:NR_170614,2
MS4A4A:NM_001243266,1
MS4A4E:NM_001351235,0
MS4A6A:NM_152852,0
MS4A2:NM_001256916,5
MS4A3:NM_001031666,2
OOSP2:NM_173801,9
OOSP4B:NM_001368161,2
TCN1:NM_001062,0
CBLIF:NM_005142,23
MRPL16:NM_017840,4
STX3:NM_001178040,1
OR10V1:NM_001005324,0
PATL1:NM_152716,1
OSBP:NM_002556,1
OR4D9:NM_001004711,1
OR4D11:NM_001004706,3
OR4D10:NM_001004705,1
OR4D6:NM_001004708,1
OR5A1:NM_001004728,1
OR5A2:NM_001001954,1
OR5AN1:NM_001004729,1
MPEG1:NM_001039396,0
DTX4:NM_001300727,3
FAM111A:NM_001374856,1
FAM111B:NM_001142704,0
GLYATL1B:NM_001355566,1
GLYATL1:NM_001354699,0
GLYATL2:NM_145016,2
GLYAT:NM_201648,3
CNTF:NM_000614,3
ZFP91-CNTF:NR_024091,1
ZFP91:NM_001197051,1
LPXN:NM_001307951,2
OR5B21:NM_001005218,0
OR5B12:NM_001004733,3
OR5B2:NM_001005566,1
OR5B3:NM_001005469,1
OR5B17:NM_001005489,0
OR10W1:NM_207374,1
OR10Q1:NM_001004471,0
OR1S1:NM_001004458,2
OR1S2:NM_001004459,1
OR9Q2:NM_001005283,3
OR9I1:NM_001005211,2
OR6Q1:NM_001005186,0
OR9Q1:NM_001005212,1
CTNND1:NM_001085469,38
BTBD18:NM_001145101,0
SELENOH:NM_001321335,0
TMX2:NM_001347892,2
TMX2-CTNND1:NR_037646,2
MED19:NM_001317078,2
ZDHHC5:NM_015457,4
CLP1:NM_001142597,59
YPEL4:NM_001363487,0
SERPING1:NM_000062,0
UBE2L6:NM_198183,30
SMTNL1:NM_001105565,1
TIMM10:NM_012456,2
SLC43A1:NM_003627,2
RTN4RL2:NM_178570,1
SLC43A3:NM_017611,0
PRG2:NM_001302927,2
PRG3:NM_006093,2
P2RX3:NM_002559,0
SSRP1:NM_003146,1
TNKS1BP1:NM_033396,0
APLNR:NM_005161,0
LRRC55:NM_001005210,1
OR5AK2:NM_001005323,2
OR9G4:NM_001005284.1_2,1
OR9G1:NM_001005213.2_2,2
OR5AR1:NM_001004730,2
OR5AP2:NM_001002925,0
OR5M1:NM_001004740,1
OR5M10:NM_001004741,2
OR5M11:NM_001005245,2
OR5M8:NM_001005282,1
OR5M3:NM_001004742,0
OR5M9:NM_001004743,0
OR8U3:NM_001004744,0
OR5AL1:NR_145506,1
OR8U1:NM_001005204,1
OR8J1:NM_001005205.3_2,2
OR8K1:NM_001002907.1_2,4
OR8K3:NM_001005202.1_2,3
OR8H1:NM_001005199.2_2,1
OR5T1:NM_001004745.2_2,0
OR5T3:NM_001004747.1_2,0
OR5T2:NM_001004746.2_2,1
OR5J2:NM_001005492,0
OR8K5:NM_001004058,2
OR8J3:NM_001004064,1
OR8H3:NM_001005201,1
OR8H2:NM_001386064,0
OR8I2:NM_001003750,0
OR5AS1:NM_001001921,0
OR5F1:NM_003697,0
OR10AG1:NM_001005491,2
OR5I1:NM_006637,3
OR5W2:NM_001001960,0
TRIM51:NM_032681,0
OR5D16:NM_001005496,0
OR5L2:NM_001004739,1
OR5D18:NM_001001952,3
OR5L1:NM_001004738,0
OR5D14:NM_001004735,0
OR5D13:NM_001001967,1
OR4C6:NM_001004704,0
OR4S2:NM_001004059,1
OR4P4:NM_001004124,0
OR4C11:NM_001004700,0
OR4C16:NM_001004701,1
OR4C15:NM_001001920,0
OR4A15:NM_001005275,0
OR4A16:NM_001005274,0
TRIM48:NM_024114,2
OR4C46:NM_001004703,1
OR4A5:NM_001005272,0
OR4C12:NM_001005270.4_2,1
OR4C13:NM_001001955.2_2,0
FOLH1:NM_001193471,1
TRIM64C:NM_001206631,2
TRIM49B:NM_001206626,0
OR4A47:NM_001005512,0
OR4C5:NM_001348223,2
OR4C3:NM_001004702,1
OR4S1:NM_001004725,1
OR4X1:NM_001004726,2
OR4X2:NM_001004727,2
OR4B1:NM_001005470,0
PTPRJ:NM_002843,3
NUP160:NM_015231,1
FNBP4:NM_001318339,0
AGBL2:NM_024783,0
MTCH2:NM_001317231,1
C1QTNF4:NM_031909,3
FAM180B:NM_001367967,3
NDUFS3:NM_004551,0
KBTBD4:NM_016506,0
PTPMT1:NM_175732,0
CELF1:NM_001376458,0
RAPSN:NM_005055,1
PSMC3:NM_002804,0
SLC39A13:NR_134854,6
SPI1:NM_001080547,7
MYBPC3:NM_000256,0
MADD:NM_001376651,2
NR1H3:NM_001251934,44
ACP2:NM_001357016,46
DDB2:NM_001300734,2
PACSIN3:NM_016223,0
ARFGAP2:NM_032389,1
C11orf49:NM_001003678,2
LRP4:NM_002334,1
CKAP5:NM_001008938,2
F2:NM_000506,3
ZNF408:NM_024741,2
ARHGAP1:NM_004308,2
ATG13:NM_001205122,2
HARBI1:NM_173811,2
AMBRA1:NM_001387011,21
CHRM4:NM_000741,1
MDK:NM_001270550,1
DGKZ:NM_201532,3
CREB3L1:NM_052854,4
PHF21A:NM_001352032,1
LARGE2:NM_001300722,5
PEX16:NM_004813,5
C11orf94:NM_001080446,0
MAPK8IP1:NM_005456,2
CRY2:NM_001127457,3
SLC35C1:NM_001145266,2
CHST1:NM_003654,2
SYT13:NM_001247987,1
PRDM11:NM_001359633,0
TP53I11:NM_001258322,0
TSPAN18:NM_130783,0
CD82:NM_001024844,1
ALX4:NM_021926,4
EXT2:NM_207122,1
ACCS:NM_001127219,2
ACCSL:NM_001031854,2
C11orf96:NM_001145033,3
ALKBH3:NM_139178,3
HSD17B12:NM_016142,0
TTC17:NM_001376526,3
API5:NM_001142931,0
LRRC4C:NM_001258419,2
IFTAP:NM_001276727,0
RAG2:NM_001243786,1
RAG1:NM_001377280,1
TRAF6:NM_145803,1
PRR5L:NM_001160167,3
COMMD9:NM_001307937,0
LDLRAD3:NM_001304263,1
TRIM44:NM_017583,0
FJX1:NM_014344,1
PAMR1:NM_001282675,1
SLC1A2:NM_001252652,3
CD44:NM_001001392,1
PDHX:NM_001135024,5
APIP:NM_015957,6
EHF:NM_001378042,3
ELF5:NM_001422,1
CAT:NM_001752,1
ABTB2:NM_145804,3
NAT10:NM_001144030,1
CAPRIN1:NM_005898,3
LMO2:NM_005574,3
FBXO3:NM_033406,3
CD59:NM_203330,1
C11orf91:NM_001166692,3
KIAA1549L:NM_012194,0
HIPK3:NM_001278163,4
CSTF3:NM_001326,1
TCP11L1:NM_018393,4
DEPDC7:NM_001077242,12
QSER1:NM_001076786,1
PRRG4:NM_024081,1
CCDC73:NM_001008391,2
EIF3M:NM_001307929,1
WT1:NM_024426,1
RCN1:NM_002901,0
PAX6:NM_001368919,0
ELP4:NM_019040,3
IMMP1L:NM_144981,3
DNAJC24:NM_181706,5
DCDC1:NM_001387274,5
MPPED2:NM_001145399,1
ARL14EP:NM_152316,1
FSHB:NM_001018080,0
KCNA4:NM_002233,1
METTL15:NM_001297775,1
KIF18A:NM_031217,1
BDNF:NM_170731,1
LIN7C:NM_018362,2
LGR4:NM_018490,2
CCDC34:NM_030771,1
BBOX1:NM_001376259,3
FIBIN:NM_203371,2
SLC5A12:NM_178498,1
MUC15:NM_001135091,0
ANO3:NM_001313726,0
LUZP2:NM_001252008,1
CCDC179:NM_001195637,2
SVIP:NM_148893,0
GAS2:NM_001143830,0
FANCF:NM_022725,0
SLC17A6:NM_020346,0
ANO5:NM_001142649,3
NELL1:NM_001288714,0
SLC6A5:NM_001318369,0
PRMT3:NM_001145166,2
HTATIP2:NM_006410,16
DBX1:NM_001029865,1
NAV2:NM_001111018,2
E2F8:NM_001256372,2
CSRP3:NM_003476,0
ZDHHC13:NM_001001483,0
MRGPRX2:NM_054030,2
MRGPRX1:NM_147199,0
PTPN5:NM_001278236,2
IGSF22:NM_173588,0
TMEM86A:NM_153347,5
SPTY2D1:NM_194285,2
SPTY2D1OS:NR_038360,0
UEVLD:NM_001040697,2
TSG101:NM_006292,2
LDHAL6A:NM_001144071,2
LDHC:NM_017448,3
LDHA:NM_001135239,4
GTF2H1:NM_005316,0
HPS5:NM_181508,0
SAA1:NM_199161,3
SAA2:NM_001385667,0
SAA4:NM_006512,2
SAA2-SAA4:NM_001199744,0
MRGPRX4:NM_054032,2
MRGPRX3:NM_054031,2
SAAL1:NM_138421,0
TPH1:NM_004179,1
SERGEF:NM_012139,2
KCNC1:NM_001112741,3
MYOD1:NM_002478,1
OTOG:NM_001292063,0
USH1C:NM_005709,0
ABCC8:NM_001351295,0
KCNJ11:NM_001166290,1
NCR3LG1:NM_001202439,1
NUCB2:NM_001352667,3
PIK3C2A:NM_001321378,3
RPS13:NM_001017,1
PLEKHA7:NM_001329630,1
C11orf58:NM_014267,2
SOX6:NM_001367872,3
INSC:NM_001031853,2
CALCB:NM_000728,2
CALCA:NM_001033953.3_2,1
CYP2R1:NM_024514.5_2,2
PDE3B:NM_001363569.2_2,0
PSMA1:NM_148976,0
COPB1:NM_016451,35
RRAS2:NM_001177314.2_2,1
SPON1:NM_006108.4_2,2
FAR1:NM_032228,2
PTH:NM_001316352,0
BTBD10:NM_032320,1
ARNTL:NM_001351804,1
RASSF10:NM_001080521,0
TEAD1:NM_021961,2
PARVA:NM_018222,5
MICALCL:NM_032867,3
MICAL2:NM_001346294,0
DKK3:NM_001330220,0
USP47:NM_001372102,4
CSNK2A3:NM_001256686,5
GALNT18:NM_198516,2
ZBED5:NM_021211,4
EIF4G2:NM_001418,0
CTR9:NM_001346279,2
IRAG1:NM_001100163,2
LYVE1:NM_006691,0
RNF141:NM_016422,4
MTRNR2L8:NM_001190702,0
AMPD3:NM_001172431,1
ADM:NM_001124,2
SBF2:NM_001386339,3
SWAP70:NM_001297714,6
WEE1:NM_003390,2
ZNF143:NM_001282657,0
IPO7:NM_006391,0
TMEM41B:NM_015012,1
DENND5A:NM_001348750,4
SCUBE2:NM_001367977,3
NRIP3:NM_020645,0
TMEM9B:NM_001286095,1
ASCL3:NM_020646,59
C11orf16:NM_020643,0
AKIP1:NM_001206648,1
DENND2B:NM_005418,1
RPL27A:NM_000990,0
TRIM66:NM_001388022,0
STK33:NM_001289058,1
LMO1:NM_001270428,1
TUB:NM_003320,0
EIF3F:NM_003754,0
NLRP10:NM_176821,11
OR10A3:NM_001003745,0
OR10A6:NM_001004461,1
OR5P3:NM_153445,0
OR5P2:NM_153444,1
OVCH2:NM_198185,3
CYB5R2:NM_001302826,0
PPFIBP2:NM_001351854,1
OLFML1:NM_001370498,0
SYT9:NM_175733,0
RBMXL2:NM_014469,2
NLRP14:NM_176822,0
ZNF214:NM_001354831,0
ZNF215:NR_149005,1
OR2D3:NM_001004684,1
OR2D2:NM_003700,1
OR10A4:NM_207186,4
OR10A2:NM_001004460,1
OR10A5:NM_178168,3
OR6A2:NM_003696,1
OR2AG1:NM_001004489,0
OR2AG2:NM_001004490,1
MRPL17:NM_022061,0
DCHS1:NM_003737,4
TPP1:NM_000391,1
TAF10:NM_006284,1
ILK:NM_001278442,0
RRP8:NM_015324,0
DNHD1:NM_144666,0
TIMM10B:NM_012192,2
ARFIP2:NM_001242854,2
TRIM3:NM_001248006,1
HPX:NM_000613,2
APBB1:NM_145689,2
SMPD1:NM_001007593,0
CAVIN3:NM_145040,0
CCKBR:NM_001318029,2
CNGA4:NM_001037329,0
FAM160A2:NM_032127,0
C11orf42:NM_173525,3
OR52W1:NM_001005178,1
OR52B2:NM_001004052,2
OR56B4:NM_001005181,2
OR56A1:NM_001001917,1
OR56A4:NM_001005179,1
OR52L1:NM_001005173,2
OR56A5:NM_001146033,3
OR56A3:NM_001003443,0
OR52E5:NM_001005166,2
OR52E4:NM_001005165,2
OR52E8:NM_001005168,2
OR52E6:NM_001005167,1
OR52N2:NM_001005174,0
OR52N1:NM_001001913,2
OR52N5:NM_001385662,0
OR52N4:NM_001005175,0
OR56B1:NM_001005180,2
TRIM22:NM_001199573,1
TRIM5:NM_033034,1
TRIM34:NM_001003827,2
TRIM6-TRIM34:NM_001003819,1
TRIM6:NM_058166,1
OR52B6:NM_001005162,4
OR52H1:NM_001005289,4
UBQLNL:NM_145053,2
UBQLN3:NM_001347096,0
OR52D1:NM_001005163,1
OR51I2:NM_001004754,1
OR51I1:NM_001005288,1
OR51Q1:NM_001004757,4
OR51J1:NM_001348224,0
OR51M1:NM_001004756,1
OR51B6:NM_001004750,1
OR51B5:NR_038321,5
OR51B2:NM_033180,1
OR51B4:NM_033179,0
HBE1:NM_005330,3
HBG2:NM_000184,3
HBG1:NM_000559,9
HBD:NM_000519,22
HBB:NM_000518,55
OR51V1:NM_001004760,0
OR52Z1:NM_001348257,1
OR52A1:NM_012375,3
OR52A5:NM_001005160,3
OR52E1:NR_145505,2
OR52E2:NM_001005164,2
OR52J3:NM_001001916,0
OR51L1:NM_001004755,1
OR51A2:NM_001004748,2
OR51A4:NM_001005329,4
OR51G1:NM_001005237,6
OR51G2:NM_001005238,1
OR51A7:NM_001004749,2
OR51T1:NM_001004759,2
OR51H1:NM_001348291,3
OR51S1:NM_001004758,1
OR51F2:NM_001004753,0
OR52R1:NM_001005177,2
OR51F1:NM_001004752,2
MMP26:NM_001384608,1
OR51E2:NM_030774,3
OR51E1:NM_152430,1
OR51D1:NM_001004751,2
TRIM68:NM_018073,3
OR52I1:NM_001005169,1
OR52I2:NM_001005170,22
OR52M1:NM_001004137,2
OR52K1:NM_001385736,2
OR52K2:NM_001005172,0
TRIM21:NM_003141,1
OR52B4:NM_001005161,0
RRM1:NM_001318064,1
STIM1:NM_001382576,2
RHOG:NM_001665,8
PGAP2:NM_001256235,2
NUP98:NR_157591,2
CHRNA10:NM_001303034,2
ART1:NM_004314,1
ART5:NM_001079536,2
ZNF195:NM_001256825,2
MRGPRE:NM_001039165,0
MRGPRG:NM_001164377,1
OSBPL5:NM_020896,3
CARS1:NM_001378136,4
NAP1L4:NM_001369375,0
PHLDA2:NM_003311,1
SLC22A18:NM_183233,0
CDKN1C:NM_001362474,0
KCNQ1:NM_000218,0
TRPM5:NM_014555,2
TSSC4:NM_001297661,0
CD81:NM_001297649,3
TSPAN32:NM_139022,0
ASCL2:NM_005170,1
TH:NM_199292,1
INS:NM_001185098,0
INS-IGF2:NR_003512,0
IGF2:NM_001007139,0
MRPL23:NM_021134,0
TNNT3:NM_001367851,0
LSP1:NM_002339,1
TNNI2:NM_003282,0
SYT8:NM_001290334,2
CTSD:NM_001909,4
IFITM10:NM_001170820,2
KRTAP5-6:NM_001012416,0
KRTAP5-5:NM_001001480,0
KRTAP5-4:NM_001347674,2
KRTAP5-3:NM_001012708,1
KRTAP5-2:NM_001004325,0
KRTAP5-1:NM_001005922,1
DUSP8:NM_004420,0
MOB2:NM_001172223,0
BRSK2:NM_003957,1
TOLLIP:NM_019009,3
MUC5B:NM_002458,0
MUC5AC:NM_001304359,1
MUC2:NM_002457,0
MUC6:NM_005961,1
AP2A2:NM_012305,17
CHID1:NM_001142675,1
TSPAN4:NM_001025238,47
POLR2L:NM_021128,47
CD151:NM_001039490,26
CRACR2B:NM_001286606,26
PNPLA2:NM_020376,34
RPLP2:NM_001004,78
PIDD1:NM_145886,19
SLC25A22:NM_001191061,23
CEND1:NM_016564,1
GATD1:NM_001318821,45
TALDO1:NM_006755,57
EPS8L2:NM_022772,4
TMEM80:NM_001276274,53
DEAF1:NM_001367390,4
DRD4:NM_000797,1
SCT:NM_021920,2
CDHR5:NM_021924,2
IRF7:NM_004031,14
PHRF1:NM_001286583,40
RASSF7:NM_001143993,27
LMNTD2:NM_173573,26
LRRC56:NM_198075,14
HRAS:NM_176795,35
RNH1:NM_203387,65
PTDSS2:NM_001329548,18
ANO9:NM_001347882,4
SIGIRR:NM_001135053,0
PKP3:NM_001303029,25
B4GALNT4:NM_178537,5
IFITM3:NM_021034,8
IFITM1:NM_003641,49
IFITM2:NM_006435,12
IFITM5:NM_001025295,4
PGGHG:NM_025092,36
NLRP6:NM_001276700,0
PSMD13:NM_175932,49
SIRT3:NM_001370321,49
RIC8A:NM_001286134,85
BET1L:NM_016526,85
ODF3:NM_001286136,0
SCGB1C1:NM_145651,1
FRG2B:NM_001080998,0
SYCE1:NM_130784,0
CYP2E1:NM_000773,0
SPRN:NM_001012508,0
MTG1:NM_138384,0
PAOX:NM_207127,0
ECHS1:NM_004092,0
FUOM:NM_001301828,0
PRAP1:NM_001145201,0
CALY:NM_001321617,0
ZNF511:NM_145806,0
TUBGCP2:NR_046330,0
ADAM8:NM_001109,0
VENTX:NM_014468,0
UTF1:NM_003577,0
KNDC1:NM_152643,0
ADGRA1:NM_001083909,0
CFAP46:NM_001200049,0
NKX6-2:NM_177400,0
INPP5A:NM_005539,0
PWWP2B:NM_001098637,0
LRRC27:NM_030626,0
STK32C:NM_001318878,0
DPYSL4:NM_006426,0
JAKMIP3:NM_001323089,0
BNIP3:NM_004052.3_2,0
PPP2R2D:NM_001291310.2_2,0
TCERG1L:NM_174937,0
GLRX3:NM_001199868,1
C10orf143:NM_001355042,4
EBF3:NM_001375380,2
MGMT:NM_002412,1
MKI67:NM_002417,0
PTPRE:NM_001323356,0
CLRN3:NM_152311,1
FOXI2:NM_207426,1
NPS:NM_001030013,1
INSYN2A:NM_001039762,0
DOCK1:NM_001377548,1
C10orf90:NM_001350921,1
ADAM12:NM_003474,1
FANK1:NM_145235,2
DHX32:NM_018180,2
BCCIP:NM_016567,0
UROS:NR_136677,0
MMP21:NM_147191,1
EDRF1:NM_015608,2
TEX36:NM_001318133,0
CTBP2:NM_001083914,0
ZRANB1:NM_017580,1
ABRAXAS2:NM_032182,0
EEF1AKMT2:NM_001304467,0
FAM53B:NM_014661,0
LHPP:NM_001318331,0
NKX1-2:NM_001146340,1
OAT:NM_001322970,1
CHST15:NM_001270764,0
CPXM2:NM_198148,0
GPR26:NM_153442,2
BUB3:NM_004725,0
HMX2:NM_005519,1
HMX3:NM_001105574,0
ACADSB:NM_001330174,1
IKZF5:NM_001372130,0
PSTK:NM_001363531,6
C10orf88:NM_024942,0
FAM24A:NM_001029888,2
FAM24B:NM_001204364,0
CUZD1:NM_022034,2
FAM24B-CUZD1:NR_037915,0
C10orf120:NM_001010912,0
DMBT1:NM_017579,3
HTRA1:NM_002775,1
ARMS2:NM_001099667,0
PLEKHA1:NM_001377252,1
BTBD16:NM_144587,0
TACC2:NM_206861,0
NSMCE4A:NM_017615,1
ATE1:NM_001288736,0
FGFR2:NM_022970,0
WDR11:NM_018117,0
PLPP4:NM_001318169,0
SEC23IP:NM_007190,0
MCMBP:NM_001256379,0
INPP5F:NM_014937,0
BAG3:NM_004281,1
TIAL1:NM_001323968,0
RGS10:NM_001005339,0
GRK5:NM_005308,0
PRDX3:NM_006793,0
SFXN4:NM_213649,1
DENND10:NM_207009,1
EIF3A:NM_003750,1
NANOS1:NM_199461,1
CACUL1:NM_153810,2
PRLHR:NM_004248,2
FAM204A:NM_022063,3
RAB11FIP2:NM_001330167,1
EMX2:NM_001165924,1
PDZD8:NM_173791,1
SLC18A2:NM_003054,1
KCNK18:NM_181840,1
VAX1:NM_199131,1
SHTN1:NM_001258300,1
ENO4:NM_001242699,1
HSPA12A:NM_001330164.2_2,1
C10orf82:NM_001350930.2_2,2
PNLIPRP1:NM_006229.4_2,0
PNLIP:NM_000936,2
PNLIPRP3:NM_001011709,1
CCDC172:NM_198515,1
GFRA1:NM_001382556,3
ATRNL1:NM_207303.4_2,1
TRUB1:NM_139169,3
FAM160B1:NM_001135051,0
ABLIM1:NM_001322886,2
AFAP1L2:NM_001351068,1
VWA2:NM_001272046,0
TDRD1:NM_001385363,3
CCDC186:NM_001321829,0
ADRB1:NM_000684,2
NHLRC2:NM_198514,0
DCLRE1A:NM_001271816,0
PLEKHS1:NM_024889,0
CASP7:NM_033340,1
NRAP:NM_198060,1
HABP2:NM_001177660,1
TCF7L2:NM_001198530,0
VTI1A:NM_001365711,1
ZDHHC6:NM_001363544,1
ACSL5:NM_203379,2
TECTB:NM_058222,3
GPAM:NM_001244949,1
ADRA2A:NM_000681,0
SHOC2:NM_001324336,1
BBIP1:NM_001195306,1
PDCD4:NM_001199492,1
RBM20:NM_001134363,1
SMC3:NM_005445,0
DUSP5:NM_004419,1
SMNDC1:NM_005871,0
MXI1:NM_130439,0
ADD3:NM_001320591,0
XPNPEP1:NM_001324131,1
SORCS1:NM_001206572,0
SORCS3:NM_014978,1
CFAP58:NM_001008723,3
ITPRIP:NM_001272013,0
GSTO2:NM_001191013,3
GSTO1:NM_001191003,1
CFAP43:NM_025145,0
SFR1:NM_001384830,1
COL17A1:NM_000494,1
SLK:NM_001304743,1
STN1:NM_024928,0
SH3PXD2A:NM_014631,1
NEURL1:NM_004210,0
CALHM3:NM_001129742,0
CALHM1:NM_001001412,1
CALHM2:NM_015916,1
PDCD11:NM_014976,1
ATP5MD:NM_001206427,1
TAF5:NM_139052,1
PCGF6:NM_001011663,1
INA:NM_032727,1
RPEL1:NM_001143909,2
NT5C2:NM_001351175,0
CNNM2:NM_199076,3
AS3MT:NM_020682,1
BORCS7:NM_001136200,2
BORCS7-ASMT:NR_037644,2
CYP17A1:NM_000102,0
WBP1L:NM_001083913,0
SFXN2:NM_178858,1
ARL3:NM_004311,1
TRIM8:NM_030912,2
SUFU:NM_016169,2
ACTR1A:NM_005736,2
MFSD13A:NM_024789,2
C10orf95:NM_001363580,1
CUEDC2:NM_024040,1
FBXL15:NM_001387294,0
PSD:NM_001270965,0
NFKB2:NM_001322935,1
GBF1:NM_001377140,1
PITX3:NM_005029,1
ELOVL3:NM_152310,0
NOLC1:NM_004741,0
PPRC1:NM_001288728,0
LDB1:NM_001113407,4
HPS6:NM_024747,0
ARMH3:NM_024541,3
KCNIP2:NM_014591,0
OGA:NM_012215,0
NPM3:NM_006993,0
FGF8:NM_001206389,0
FBXW4:NM_001323541,0
DPCD:NM_001329743,7
POLL:NR_033406,7
BTRC:NM_003939,1
LBX1:NM_006562,6
TLX1:NM_005521,0
KAZALD1:NM_001319303,1
SFXN3:NM_030971,1
PDZD7:NM_001195263,1
LZTS2:NM_032429,1
TWNK:NM_001368275,4
MRPL43:NM_176792,4
SEMA4G:NM_001203244,1
SLF2:NM_018121,2
PAX2:NM_001304569,2
HIF1AN:NM_017902,1
NDUFB8:NM_001284368,2
SEC31B:NM_015490,2
WNT8B:NM_003393,0
SCD:NM_005063,2
PKD2L1:NM_001253837,1
BLOC1S2:NM_001282437,3
CWF19L1:NM_001303405,0
CHUK:NM_001278,0
ERLIN1:NM_006459,0
CPN1:NM_001308,8
DNMBP:NM_015221,0
ABCC2:NM_000392,2
CUTC:NM_015960,1
COX15:NM_001320974,1
ENTPD7:NM_020354,1
SLC25A28:NM_031212,4
NKX2-3:NM_145285,8
GOT1:NM_002079,0
CNNM1:NM_001345888,0
HPSE2:NM_001166246,13
HPS1:NM_001322487,1
PYROXD2:NM_032709,1
LOXL4:NM_032211,0
R3HCC1L:NM_001351016,1
CRTAC1:NM_018058,0
GOLGA7B:NM_001010917,1
SFRP5:NM_003015,1
ZFYVE27:NM_001174121,1
MARVELD1:NM_031484,1
AVPI1:NM_021732,2
PI4K2A:NM_018425,0
MORN4:NM_001098831,2
C10orf62:NM_001009997,1
HOGA1:NM_001134670,0
ANKRD2:NM_001291218,1
UBTD1:NM_024954,1
MMS19:NM_001289405,1
ZDHHC16:NM_198045,3
EXOSC1:NM_001318365,4
PGAM1:NM_002629,0
RRP12:NM_001284337,0
FRAT2:NM_012083,2
FRAT1:NM_005479,2
ARHGAP19:NM_032900,0
ARHGAP19-SLIT1:NR_037909,0
SLIT1:NM_003061,1
LCOR:NM_001346516,3
PIK3AP1:NM_152309,0
TM9SF3:NM_020123,0
TLL2:NM_012465,1
OPALIN:NM_001284322,1
DNTT:NM_001017520,0
BLNK:NM_013314.4_2,0
CCNJ:NM_001134376,1
CC2D2B:NM_001349008,0
ENTPD1:NM_001098175,2
TCTN3:NM_015631,2
ALDH18A1:NM_001323414,0
SORBS1:NM_001384456,12
PDLIM1:NM_020992,0
ACSM6:NM_207321,3
CYP2C8:NM_001198855,1
CYP2C9:NM_000771,1
CYP2C19:NM_000769,1
CYP2C18:NM_001128925,1
HELLS:NM_001289068,2
TBC1D12:NM_015188,0
NOC3L:NM_022451,3
PLCE1:NM_001288989,0
SLC35G1:NR_144335,6
LGI1:NM_001308276,2
FRA10AC1:NM_001347714,0
PDE6C:NM_006204,1
RBP4:NM_001323518,1
FFAR4:NM_001195755,1
CEP55:NM_001127182,1
MYOF:NM_013451,1
CYP26A1:NM_057157,1
CYP26C1:NM_183374,2
EXOC6:NM_001013848,0
HHEX:NM_002729,0
KIF11:NM_004523,0
IDE:NM_001322795,1
MARCHF5:NM_017824,2
CPEB3:NM_014912,2
BTAF1:NM_003972,0
FGFBP3:NM_152429,2
TNKS2:NM_025235,0
PPP1R3C:NM_005398,1
HECTD2:NM_001348365,2
PCGF5:NM_001257101,1
ANKRD1:NM_014391,0
RPP30:NM_001104546,0
HTR7:NM_019860,0
KIF20B:NM_001382506,0
PANK1:NM_148977,1
SLC16A12:NM_213606,1
IFIT5:NM_012420,2
IFIT1:NM_001548,2
IFIT1B:NM_001010987,0
IFIT3:NM_001549,1
IFIT2:NM_001547,0
LIPA:NM_001127605,0
CH25H:NM_003956,1
FAS:NM_152871,3
ACTA2:NM_001141945,3
STAMBPL1:NM_020799,0
ANKRD22:NM_144590,2
LIPM:NM_001128215,0
LIPN:NM_001102469,1
LIPK:NM_001080518,0
LIPF:NM_001198828,0
LIPJ:NM_001010939,0
RNLS:NM_018363,1
PTEN:NM_001304718,0
KLLN:NM_001126049,0
ATAD1:NM_032810,0
PAPSS2:NM_004670,1
MINPP1:NM_001178117,1
NUTM2D:NM_001009610,0
NUTM2A:NM_001099338,2
SHLD2:NM_001377164,0
GLUD1:NM_001318905,0
FAM25A:NM_001146157,1
AGAP11:NM_133447,1
ADIRF:NM_006829,2
SNCG:NM_001330120,1
MMRN2:NM_024756,2
BMPR1A:NM_004329,2
LDB3:NM_001368064,0
OPN4:NM_033282,1
WAPL:NM_015045,1
GRID1:NM_017551,0
CCSER2:NM_001284240,2
RGR:NM_001012722,2
LRIT1:NM_015613,2
LRIT2:NM_001284223,0
CDHR1:NM_001171971,1
C10orf99:NM_207373,1
GHITM:NM_014394,1
NRG3:NM_001370081,4
SH2D4B:NM_207372,0
TSPAN14:NM_001128309,0
PRXL2A:NM_001243779,1
DYDC2:NM_001270042,1
DYDC1:NM_001370155,2
MAT1A:NM_000429,1
ANXA11:NM_001278407,0
PLAC9:NR_138551,1
TMEM254:NM_025125,2
SFTPD:NM_003019,1
NUTM2E:NM_001355263,2
NUTM2B:NM_001278495,1
SFTPA1:NM_001093770,1
SFTPA2:NM_001320813,3
EIF5AL1:NM_001099692,2
ZCCHC24:NM_153367,1
PPIF:NM_005729,4
ZMIZ1:NM_020338,3
RPS24:NM_001142285,0
POLR3A:NM_007055,1
DLG5:NM_004747,0
KCNMA1:NM_001322830,2
LRMDA:NM_001305581,4
COMTD1:NM_144589,1
VDAC2:NM_001184823,0
SAMD8:NM_001174156,2
DUSP13:NM_001007271,0
DUSP29:NM_001384909,2
KAT6B:NM_001370139,2
ADK:NM_001202450,0
AP3M1:NM_001320264,0
VCL:NM_003373,3
PLAU:NM_001319191,1
CAMK2G:NM_001367542,1
NDST2:NR_160743,4
ZSWIM8:NM_001242488,1
CHCHD1:NM_203298,2
FUT11:NM_173540,0
SEC24C:NM_198597,1
AGAP5:NM_001144000,0
SYNPO2L:NM_001114133,0
MYOZ1:NM_021245,6
USP54:NM_001378208,1
PPP3CB:NM_001142353,0
MSS51:NM_001024593,3
ANXA7:NM_004034,1
CFAP70:NM_001367801,1
MRPS16:NM_016065,2
DNAJC9:NM_015190,2
FAM149B1:NM_173348,1
ECD:NM_007265,1
NUDT13:NM_001283019,1
P4HA1:NM_001142595,3
PLA2G12B:NM_032562,0
OIT3:NM_152635,2
MCU:NM_138357,2
MICU1:NM_001363513,0
DNAJB12:NM_001002762,0
DDIT4:NM_019058,2
ANAPC16:NM_001242548,2
ASCC1:NM_001369085,1
SPOCK2:NM_014767,2
CHST3:NM_004273,2
PSAP:NM_001042465,4
VSIR:NM_022153,1
C10orf105:NM_001168390,23
CDH23:NM_022124,2
SLC29A3:NM_018344,4
UNC5B:NM_001244889,0
PCBD1:NM_001323004,1
SGPL1:NM_003901,2
TBATA:NM_001318242,3
ADAMTS14:NM_080722,2
PRF1:NM_001083116,3
PALD1:NM_014431,0
NODAL:NM_001329906,2
EIF4EBP2:NM_004096,2
LRRC20:NM_001278211,4
NPFFR1:NM_022146,4
PPA1:NM_021129,3
SAR1A:NM_001142648,1
TYSND1:NM_173555,3
AIFM2:NM_001198696,0
MACROH2A2:NM_018649,0
COL13A1:NM_001368896,2
FAM241B:NM_145306,1
NEUROG3:NM_020999,0
TSPAN15:NM_001351263,8
TACR2:NM_001057,2
HK1:NM_033500,0
HKDC1:NM_025130,1
SUPV3L1:NM_001323587,0
VPS26A:NM_001318946,2
SRGN:NM_001321053,3
KIFBP:NM_015634,1
DDX21:NM_004728,0
DDX50:NM_024045,5
STOX1:NM_001130161,3
CCAR1:NM_001282960,3
TET1:NM_030625,1
SLC25A16:NM_001324314,0
DNA2:NR_102264,69
RUFY2:NR_103475,3
HNRNPH3:NM_001322445,3
PBLD:NM_022129,4
ATOH7:NM_145178,0
MYPN:NM_001256267,2
HERC4:NM_022079,2
SIRT1:NM_012238,2
DNAJC12:NM_021800,0
LRRTM3:NM_178011,1
CTNNA3:NM_013266,1
REEP3:NM_001001330,2
JMJD1C:NM_001318154,2
NRBF2:NM_001282405,2
EGR2:NM_001136178,1
ADO:NM_032804,1
ZNF365:NM_199450,6
RTKN2:NM_145307,2
ARID5B:NM_032199,0
CABCOCO1:NM_001366905,3
TMEM26:NM_178505,1
RHOBTB1:NM_001350907,4
CDK1:NM_001320918,0
ANK3:NM_001204403,3
CCDC6:NM_005436,1
MRLN:NM_001304732,1
SLC16A9:NM_001323977,2
FAM13C:NM_001347840,1
PHYHIPL:NM_032439,3
BICC1:NM_001080512,4
TFAM:NM_001270782,1
UBE2D1:NM_001204880,2
CISD1:NM_018464,0
IPMK:NM_152230,1
ZWINT:NM_007057,1
MTRNR2L5:NM_001190478,1
PCDH15:NM_001354404,4
MBL2:NM_001378374,3
DKK1:NM_012242,2
CSTF2T:NM_015235,3
PRKG1:NM_001098512,1
A1CF:NM_001198819,3
ASAH2B:NM_001321957,0
SGMS1:NM_147156,0
ASAH2:NM_019893,2
WASHC2A:NM_001330102.2_2,1
AGAP6:NM_001077665.2_2,4
TIMM23:NM_006327.4_2,4
NCOA4:NM_001145263.2_2,1
MSMB:NM_138634.3_2,0
TIMM23B:NM_001365871.1_2,0
PARG:NM_003631.5_2,0
OGDHL:NM_001347823,3
C10orf53:NM_182554,1
SLC18A3:NM_003055,1
CHAT:NM_020984,2
PGBD3:NM_170753,1
ERCC6:NM_001346440,0
DRGX:NM_001276451,3
C10orf71:NM_001135196,0
TMEM273:NM_001288743,4
FAM170B:NM_001164484,4
VSTM4:NM_001031746,5
LRRC18:NM_001378102,0
WDFY4:NM_020945,1
ARHGAP22:NM_001347738,0
MAPK8:NM_001323320,2
FRMPD2:NM_001018071,2
FAM25C:NM_001137548.3_2,2
PTPN20:NM_001352542.2_2,1
GDF10:NM_004962.5_2,4
GDF2:NM_016204.4_2,2
RBP3:NM_002900.3_2,3
ZNF488:NM_153034.4_2,0
ANXA8:NM_001271703.2_2,2
FAM25G:NM_001137549.1_2,2
AGAP9:NM_001190810.1_2,5
ANTXRL:NM_001354208.1_2,1
ANXA8L1:NM_001278924.2_2,1
NPY4R:NM_001278794.2_2,3
GPRIN2:NM_001385287.1_2,2
SYT15:NM_181519.3_2,0
AGAP4:NM_001291379.2_2,0
FAM25E:NM_001351234.1_2,0
WASHC2C:NM_001367393.1_2,1
ZFAND4:NM_001282906,2
MARCHF8:NM_145021.6_2,1
ALOX5:NM_001256153.3_2,0
OR13A1:NM_001004297.3_2,2
ZNF22:NM_006963,6
DEPP1:NM_007021,1
RASSF4:NM_032023,1
TMEM72:NM_001345926,0
CXCL12:NM_000609,1
ZNF32:NM_001324164,1
ZNF485:NM_001318141,1
ZNF239:NM_001324349,1
ZNF487:NM_001355445,2
HNRNPF:NM_004966,0
FXYD4:NM_173160,0
RASGEF1A:NM_145313,0
CSGALNACT2:NM_018590,0
RET:NM_020975,31
BMS1:NM_014753,1
ZNF37A:NM_001324258,0
ZNF25:NM_001329664,0
MTRNR2L7:NM_001190489,0
ANKRD30A:NM_052997,2
FZD8:NM_031866,2
GJD4:NM_153368,2
CCNY:NM_181698,1
CREM:NM_001352465,1
CUL2:NM_001198777,9
PARD3:NM_019619,0
NRP1:NM_003873,1
ITGB1:NM_002211,2
CCDC7:NM_001321115,0
EPC1:NM_001382754,0
KIF5B:NM_004521,58
ARHGAP12:NM_001270695,1
ZEB1:NM_001323638,1
ZNF438:NM_001143766,38
LYZL2:NM_183058,2
MAP3K8:NM_001244134,1
MTPAP:NM_018109,2
JCAD:NM_001350022,0
SVIL:NM_001323599,0
LYZL1:NM_032517,1
BAMBI:NM_012342,3
WAC:NM_100264,7
MPP7:NM_001318170,3
ODAD2:NM_018076,3
MKX:NM_173576,1
RAB18:NM_001256415,3
PTCHD3:NM_001034842.4_2,1
ACBD5:NM_001352570,6
MASTL:NM_001172304,1
YME1L1:NM_139312,0
ANKRD26:NM_014915,1
ABI1:NM_001178116,1
PDSS1:NM_014317,1
APBB1IP:NM_019043,0
GAD2:NM_000818,1
MYO3A:NM_017433,0
GPR158:NM_020752,4
THNSL1:NM_024838,3
ENKUR:NM_001270383,0
PRTFDC1:NM_020200,3
ARHGAP21:NM_020824,2
KIAA1217:NM_001098500,1
OTUD1:NM_001145373,0
C10orf67:NM_001365862,2
PTF1A:NM_178161,0
MSRB2:NM_012228,1
ARMC3:NM_001282747,1
PIP4K2A:NM_005028,0
SPAG6:NM_172242,3
BMI1:NM_005180,2
COMMD3:NM_012071,4
COMMD3-BMI1:NM_001204062,4
EBLN1:NM_001199938,4
DNAJC1:NM_022365,1
MLLT10:NM_001324297,2
SKIDA1:NM_207371,1
NEBL:NM_001377327,1
PLXDC2:NM_001282736,1
NMTRQ-CTG1-1:NMTRQ-CTG1-1,0
MALRD1:NM_001142308,2
ARL5B:NM_178815,2
NSUN6:NM_001351116,2
CACNB2:NM_201597,0
SLC39A12:NM_001282734.2_2,1
MRC1:NM_002438.4_2,0
TMEM236:NM_001098844.3_2,1
STAM:NM_001324286.2_2,2
HACD1:NM_014241.4_2,1
ST8SIA6:NM_001345961,3
VIM:NM_003380,0
TRDMT1:NM_001321007,3
CUBN:NM_001081,0
RSU1:NM_012425,3
C1QL3:NM_001010908,2
PTER:NM_001261838,2
MINDY3:NM_024948,1
ITGA8:NM_003638,2
FAM171A1:NM_001010924,5
NMT2:NM_001308295,2
RPP38:NM_006414,1
ACBD7:NM_001039844,1
OLAH:NM_001039702,2
DCLRE1C:NR_146960,0
SUV39H2:NM_001193426,2
HSPA14:NM_016299,70
CDNF:NM_001029954,72
FAM107B:NM_001282695,0
FRMD4A:NM_018027,0
PRPF18:NM_003675,4
BEND7:NM_001378150,2
SEPHS1:NM_012247,3
PHYH:NM_001323082,1
UCMA:NM_145314,3
MCM10:NM_018518,2
OPTN:NM_021980,1
CCDC3:NM_001282658,1
CAMK1D:NM_153498,2
CDC123:NM_006023,1
NUDT5:NM_001321648,1
SEC61A2:NM_001142627,2
DHTKD1:NM_018706,1
UPF2:NM_080599,2
PROSER2:NM_153256,2
ECHDC3:NM_024693,1
USP6NL:NM_014688,0
CELF2:NM_001326317,1
GATA3:NM_002051,0
TAF3:NM_031923,1
ATP5F1C:NM_001320886,3
KIN:NM_012311,3
ITIH2:NM_002216,0
ITIH5:NM_030569,3
SFMBT2:NM_001029880,0
PRKCQ:NM_001323267,4
PFKFB3:NM_001145443,3
RBM17:NM_032905,2
IL2RA:NM_000417,0
IL15RA:NM_001351095,2
FBH1:NM_001258452,1
ANKRD16:NM_019046,0
GDI2:NM_001494,1
TASOR2:NM_017782,2
ASB13:NM_024701,5
CALML3:NM_005185,0
CALML5:NM_017422,0
NET1:NM_001047160,4
TUBAL3:NM_024803.3_2,46
UCN3:NM_053049.4_2,1
AKR1C4:NM_001818.5_2,1
AKR1C3:NM_001253908.2_2,2
AKR1C2:NM_001354.6_2,2
AKR1C1:NM_001353.6_2,2
AKR1E2:NR_073126,7
KLF6:NM_001300,7
PITRM1:NM_001242309,0
PFKP:NM_001323069,1
ADARB2:NM_018702,0
WDR37:NM_014023,1
IDI1:NM_001317955,1
IDI2:NM_033261,1
GTPBP4:NM_012341,0
LARP4B:NM_001351277,0
DIP2C:NM_014974,2
ZMYND11:NM_001370103,0
TUBB8:NM_177987.3_2,2
CACNA1B:NM_001243812,0
EHMT1:NM_001354263,0
ARRDC1:NM_152285,0
ZMYND19:NM_138462,0
DPH7:NM_001346389,0
MRPL41:NM_032477,0
PNPLA7:NM_001098537,0
NSMF:NM_001130969,0
ENTPD8:NM_001033113,0
NOXA1:NM_001256068,0
EXD3:NM_017820,0
NRARP:NM_001004354,0
TOR4A:NM_017723,0
NELFB:NM_015456,0
STPG3:NM_001256701,0
FAM166A:NM_001001710,0
TUBB4B:NM_006088,0
SLC34A3:NM_001177317,0
RNF224:NM_001190228,0
CYSRT1:NM_199001,0
RNF208:NM_001388297,0
NDOR1:NM_001144027,0
TMEM203:NM_053045,0
TPRN:NM_001128228,0
SSNA1:NM_003731,0
ANAPC2:NM_013366,0
TMEM210:NM_001282477,0
LRRC26:NM_001013653,0
GRIN1:NM_000832,0
DPP7:NM_013379,0
MAN1B1:NM_016219,0
UAP1L1:NM_207309,0
SAPCD2:NM_178448,0
ENTPD2:NM_203468,0
NPDC1:NM_015392,0
FUT7:NM_004479,0
C9orf139:NM_207511,0
ABCA2:NM_212533,0
CLIC3:NM_004669,0
PAXX:NM_001329678,0
LCNL1:NM_207510,0
PTGDS:NM_000954,0
LCN12:NM_178536,0
C8G:NM_000606,0
FBXW5:NM_018998,0
TRAF2:NM_021138,0
EDF1:NM_001281297,0
MAMDC4:NM_206920,0
PHPT1:NM_014172,0
AJM1:NM_001080482,0
RABL6:NM_024718,0
CCDC183:NM_001039374,0
TMEM141:NM_032928,0
LCN15:NM_203347,0
LCN8:NM_001345934,0
LCN6:NM_198946,0
LCN10:NM_001001712,0
DIPK1B:NM_152421,0
AGPAT2:NM_006412,0
EGFL7:NR_046367,0
NOTCH1:NM_017617,0
C9orf163:NM_152571,0
SEC16A:NM_001276418,0
INPP5E:NM_019892,0
PMPCA:NM_001282944,0
ENTR1:NM_001039707,0
SNAPC4:NM_003086,0
CARD9:NM_052813,0
DNLZ:NM_001080849,0
GPSM1:NM_001145638.3_2,0
CCDC187:NM_001378188.1_2,0
QSOX2:NM_181701.4_2,0
LHX3:NM_178138,0
TMEM250:NM_152833,0
NACC2:NM_144653,0
UBAC1:NM_016172,0
CAMSAP1:NM_015447,0
KCNT1:NM_001272003,0
SOHLH1:NM_001012415,0
LCN9:NM_001001676,0
GLT6D1:NM_182974,0
PAEP:NM_001018048,0
OBP2A:NM_001293193,0
LCN1:NM_001252619.2_2,0
MRPS2:NM_001371401,0
C9orf116:NM_001048265,0
PPP1R26:NM_014811,0
C9orf62:NM_173520,0
OLFM1:NM_014279,0
FCN1:NM_002003,3
FCN2:NM_015837,2
COL5A1:NM_000093,5
RXRA:NM_002957,7
WDR5:NM_001384414,1
BRD3:NM_007371,2
BRD3OS:NM_001355256,2
VAV2:NM_001134398,0
SARDH:NM_007101,2
DBH:NM_000787,0
FAM163B:NM_001080515,1
ADAMTSL2:NM_001145320,13
MYMK:NM_001080483,3
SLC2A6:NM_017585.4_2,3
CACFD1:NM_001135775.4_2,2
REXO4:NM_001279351.1_2,0
STKLD1:NM_153710.5_2,26
SURF4:NM_001280788.2_2,29
SURF2:NM_001278928.2_2,1
SURF1:NM_003172.4_2,1
RPL7A:NM_000972.3_2,3
MED22:NM_133640.5_2,3
SURF6:NM_001278942.2_2,1
ABO:NM_020469.3_2,1
OBP2B:NM_001288987.2_2,0
GBGT1:NM_001288572,3
RALGDS:NM_001042368,0
CEL:NM_001807,0
GTF3C5:NM_001286709,45
GFI1B:NM_004188,0
TSC1:NM_000368,0
SPACA9:NM_001316898,0
AK8:NM_001371773,0
GTF3C4:NR_133925,0
DDX31:NM_022779,0
BARHL1:NM_020064,0
CFAP77:NM_001282957,1
TTF1:NM_007344,2
SETX:NM_001351528,0
NTNG2:NM_032536,1
MED27:NM_004269,0
RAPGEF1:NM_001377935,0
PRRT1B:NM_001365666,0
UCK1:NM_031432,1
POMT1:NM_001353200,1
PRRC2B:NM_001384822,0
PLPP7:NM_032728,5
FAM78A:NM_033387,0
NUP214:NM_001318324,1
AIF1L:NM_001185096,0
LAMC3:NM_006059,0
FIBCD1:NM_032843,1
QRFP:NM_198180,0
ABL1:NM_007313,0
EXOSC2:NM_001282709,0
PRDM12:NM_021619,3
FUBP3:NM_003934,2
ASS1:NM_000050,1
HMCN2:NM_001291815.2_2,20
NCS1:NM_014286.4_2,0
GPR107:NM_020960.5_2,0
FNBP1:NM_015033,2
USP20:NM_001110303,1
C9orf78:NM_016520,1
TOR1A:NM_000113,1
TOR1B:NM_001317894,0
PTGES:NM_004878,2
PRRX2:NM_016307,1
ASB6:NM_017873,22
C9orf50:NM_199350,1
NTMT1:NM_001286796,1
IER5L:NM_203434,1
PTPA:NM_021131,0
CRAT:NM_004003,0
DOLPP1:NM_001135917,0
MIGA2:NM_001329990,1
SH3GLB2:NM_001287045,0
NUP188:NM_015354,0
DOLK:NM_014908,0
PHYHD1:NM_174933,0
LRRC8A:NM_001127245,1
KYAT1:NM_001352988,1
SPOUT1:NM_016390,0
ENDOG:NM_004435,0
TBC1D13:NM_001286772,1
ZER1:NM_001375956,1
ZDHHC12:NM_001318015,1
PKN3:NM_001317926,1
SET:NM_001374326,1
DYNC2I2:NM_052844,0
SPTAN1:NM_001195532,1
GLE1:NM_001003722,10
ODF2:NM_001351584,10
CERCAM:NM_001286760,18
URM1:NM_001135947,9
SLC27A4:NM_005094,16
COQ4:NM_001305942,12
TRUB2:NM_001329863,11
SWI5:NM_001318092,7
GOLGA2:NM_001366244,7
DNM1:NM_001288739,11
CIZ1:NM_012127,9
C9orf16:NM_024112,7
LCN2:NM_005564,4
PTGES2:NM_198938,5
SLC25A25:NM_001006641,11
NAIF1:NM_197956,12
FAM102A:NM_001035254,6
DPM2:NM_003863,2
PIP5KL1:NM_001135219,33
ST6GALNAC4:NM_175039,2
ST6GALNAC6:NM_001287002,0
AK1:NM_001318121,0
ENG:NM_000118,1
FPGS:NM_001288803,1
CDK9:NM_001261,0
SH2D3C:NM_170600,1
TOR2A:NM_130459,1
TTC16:NM_001317037,0
PTRH1:NM_001345977,0
CFAP157:NM_001012502,1
STXBP1:NM_001374314,1
NIBAN2:NM_001035534,1
LRSAM1:NM_138361,2
RPL12:NM_000976,2
ZNF79:NM_007135,7
SLC2A8:NM_001271712,2
GARNL3:NM_001286779,0
ANGPTL2:NM_012098,39
RALGPS1:NM_014636,2
ZBTB34:NM_001099270,3
ZBTB43:NM_001135776,10
LMX1B:NM_002316,2
MVB12B:NM_033446,0
PBX3:NM_001330782,0
MAPKAP1:NM_001006617,1
GAPVD1:NM_001282681,1
HSPA5:NM_005347,3
RABEPK:NM_001174153,1
PPP6C:NM_001123355,3
SCAI:NM_173690,3
GOLGA1:NM_002077,2
ARPC5L:NM_030978,0
RPL35:NM_007209,0
WDR38:NM_001276375,3
OLFML2A:NM_182487,2
NR6A1:NM_033334,1
NR5A1:NM_004959,2
PSMB7:NM_002799,2
NEK6:NM_001166167,1
LHX2:NM_004789,1
DENND1A:NM_001352964,0
CRB2:NM_173689,2
STRBP:NM_001376109,0
GPR21:NM_005294,1
RABGAP1:NM_012197,3
ZBTB26:NM_020924,3
ZBTB6:NM_006626,0
RC3H2:NM_001100588,0
PDCL:NM_005388,2
OR1K1:NM_080859,3
OR5C1:NM_001001923,1
OR1L6:NM_001004453,3
OR1L4:NM_001005235,2
OR1L3:NM_001005234,0
OR1L1:NM_001005236,1
OR1B1:NM_001004450,3
OR1Q1:NM_012364,0
OR1L8:NM_001004454,3
OR1N2:NM_001004457,1
OR1N1:NM_012363,5
OR1J4:NM_001004452,3
OR1J2:NM_054107,1
OR1J1:NM_001004451,92
PTGS1:NM_001271166,1
MRRF:NM_001346347,4
RBM18:NM_033117,4
LHX6:NM_014368,1
MORN5:NM_001286828,2
NDUFA8:NM_001318195,2
TTLL11:NM_001139442,5
DAB2IP:NM_032552,0
GGTA1:NR_168460,2
STOM:NM_004099,1
GSN:NM_001353053,0
RAB14:NM_016322,0
CNTRL:NM_007018,5
C5:NM_001317163,5
TRAF1:NM_001190945,0
PHF19:NM_001286840,3
PSMD5:NM_005047,0
B3GALT9:NM_001386823,3
FBXW2:NM_001375890,3
MEGF9:NM_001080497,3
CDK5RAP2:NM_018249,1
BRINP1:NM_014618,1
TLR4:NM_138557,1
TRIM32:NM_001099679,2
ASTN2:NM_001365068,0
PAPPA:NM_002581,3
TNC:NM_002160,0
TNFSF8:NM_001252290,2
TNFSF15:NM_005118,1
TEX48:NM_001199233,1
TEX53:NM_001354645,2
TMEM268:NM_153045,1
ATP6V1G1:NM_004888,1
WHRN:NM_015404,2
AKNA:NM_030767,0
ORM2:NM_000608,1
ORM1:NM_000607,0
COL27A1:NM_032888,0
KIF12:NM_138424,2
AMBP:NM_001633,2
ZNF618:NM_001318040,3
RGS3:NM_144488,1
C9orf43:NM_001278630,0
POLE3:NM_001278255,0
ALAD:NM_001003945,1
HDHD3:NM_001371923,0
BSPRY:NM_001317944,1
WDR31:NM_001012361,2
RNF183:NM_001371236,3
PRPF4:NM_001244926,1
CDC26:NM_139286,1
SLC31A1:NM_001859,2
FKBP15:NM_015258,2
SLC31A2:NM_001860,1
ZFP37:NM_001282515,0
ZNF883:NM_001101338,0
SLC46A2:NM_033051,4
SNX30:NM_001012994,3
INIP:NM_001329588,0
KIAA1958:NM_133465,0
C9orf147:NM_001350649,0
HSDL2:NM_001195822,1
PTBP3:NM_001163790,0
SUSD1:NM_001282640,1
UGCG:NM_003358,1
SHOC1:NM_001378211,2
GNG10:NM_001198664,2
DNAJC25:NM_001015882,3
DNAJC25-GNG10:NM_004125,3
PTGR1:NM_001146109,2
ZNF483:NM_001007169,0
ECPAS:NM_001364929,0
OR2K2:NM_205859,1
LPAR1:NM_001387476,1
MUSK:NM_001166281,2
SVEP1:NM_153366,24
TXNDC8:NM_001003936,1
TXN:NM_003329,0
C9orf152:NM_001012993,2
PALM2AKAP2:NM_147150,0
PTPN3:NM_002829,0
EPB41L4B:NM_001385623,2
FRRS1L:NM_014334,1
TMEM245:NM_032012,1
CTNNAL1:NM_001286974,0
ABITRAM:NM_017832,0
ELP1:NM_003640,0
ACTL7A:NM_006687,0
ACTL7B:NM_006686,2
KLF4:NM_001314052,4
RAD23B:NM_002874,1
ZNF462:NM_001347997,2
TMEM38B:NM_018112,0
TAL2:NM_005421,1
FKTN:NM_006731,0
FSD1L:NM_001287192,2
SLC44A1:NM_001330731,0
ABCA1:NM_005502,2
NIPSNAP3B:NM_018376,0
NIPSNAP3A:NM_001329570,1
OR13D1:NM_001004484,0
OR13C9:NM_001001956,2
OR13C2:NM_001004481,0
OR13C5:NM_001004482,1
OR13C8:NM_001004483,1
OR13C3:NM_001001961,5
OR13C4:NM_001001919,5
OR13F1:NM_001004485,4
SMC2:NM_006444,2
CYLC2:NM_001340,0
PPP3R2:NM_147180,0
GRIN3A:NM_133445,0
RNF20:NM_019592,0
PGAP4:NM_001303107,1
ALDOB:NM_000035,0
ZNF189:NM_001278232,2
MRPL50:NM_019051,2
BAAT:NM_001701,1
PLPPR1:NM_207299,0
CAVIN4:NM_001018116,2
TMEFF1:NM_003692,1
MSANTD3-TMEFF1:NM_001198812,0
MSANTD3:NM_080655,1
TEX10:NM_017746,0
INVS:NM_014425,4
ERP44:NM_015051,4
STX17:NM_017919,0
NR4A3:NM_006981,1
SEC61B:NM_006808,2
ALG2:NM_033087,2
TGFBR1:NM_001130916,1
COL15A1:NM_001855,4
NME2P3:NME2P3,3
GALNT12:NM_024642,0
ANKS6:NM_173551,6
GABBR2:NM_005458,2
TBC1D2:NM_001267571,1
CORO2A:NM_052820,1
TRIM14:NM_014788,0
NANS:NM_018946,0
ANP32B:NM_006401,0
HEMGN:NM_018437,2
TRMO:NM_001371657,0
FOXE1:NM_004473,1
XPA:NM_001354975,2
NCBP1:NM_001351505,0
TSTD2:NM_139246,0
TMOD1:NM_001166116,0
TDRD7:NM_001302884,2
CCDC180:NM_020893,2
CTSV:NM_001201575,2
MFSD14C:NM_001355230,3
NUTM2G:NM_001045477,1
ZNF782:NM_001001662,2
ZNF510:NM_001314059,1
PRXL2C:NM_153698,1
CDC14B:NM_033331,2
HABP4:NM_014282,3
ZNF367:NM_153695,3
SLC35D2:NR_104627,2
HSD17B3:NM_000197,2
ERCC6L2:NM_001375291,2
PTCH1:NM_001083602,1
FANCC:NM_000136,4
AOPEP:NM_001386061,2
FBP1:NM_001127628,2
FBP2:NM_003837,0
MFSD14B:NM_032558,0
NUTM2F:NM_017561,0
ZNF169:NM_194320,0
PTPDC1:NM_001253830,1
BARX1:NM_021570,1
PHF2:NM_005392,0
FAM120A:NM_001286722,0
FAM120AOS:NM_198841,0
WNK2:NM_006648,2
NINJ1:NM_004148,0
CARD19:NM_001318011,0
SUSD3:NM_001287007,0
FGD3:NM_001083536,1
ZNF484:NM_001261459,0
BICD2:NM_001003800,0
IPPK:NM_022755,8
ECM2:NM_001197296,1
ASPN:NM_017680,0
OMD:NM_005014,1
OGN:NM_024416,2
CENPP:NM_001012267,1
NOL8:NM_017948,1
IARS1:NM_001378569,2
PRSS47:NM_001350291,2
SPTLC1:NM_001368273,2
ROR2:NM_004560,1
NFIL3:NM_001289999,2
AUH:NM_001351432,1
SYK:NM_001174168,4
DIRAS2:NM_017594,2
GADD45G:NM_006705,4
SEMA4D:NM_001371198,0
SECISBP2:NM_001282689,1
CKS2:NM_001827,0
SHC3:NM_016848,2
S1PR3:NM_005226,2
C9orf47:NM_001142413,1
NXNL2:NM_145283,0
SPIN1:NM_006717,0
SPATA31C2:NM_001350978,0
CDK20:NM_178432,3
SPATA31C1:NM_001145124,2
SPATA31E1:NM_178828,2
CTSL:NM_001257972,2
DAPK1:NM_001288731,2
GAS1:NM_002048,1
TUT7:NM_001330718,1
ISCA1:NM_030940,0
C9orf153:NM_001276367,0
GOLM1:NM_177937,0
NAA35:NM_001321881,0
AGTPBP1:NM_001286715,0
NTRK2:NM_001369533,1
SLC28A3:NM_022127,1
RMI1:NM_001358294,1
HNRNPK:NM_002140,1
C9orf64:NM_001317997,0
KIF27:NM_001354069,0
GKAP1:NM_025211,0
UBQLN1:NM_013438,0
IDNK:NM_001001551,1
FRMD3:NM_001244959,1
RASEF:NM_152573,2
SPATA31D1:NM_001001670,1
SPATA31D3:NM_207416,1
SPATA31D4:NM_001145197,1
TLE1:NM_001303103,0
TLE4:NM_001351552,0
PSAT1:NM_021154,2
CEP78:NM_001330693,2
GNAQ:NM_002072,0
GNA14:NM_004297,2
VPS13A:NM_001018037,2
FOXB2:NM_001013735,2
PRUNE2:NM_001308048,1
GCNT1:NM_001097634,3
RFK:NM_018339,1
PCSK5:NM_001190482,2
OSTF1:NM_012383,1
NMRK1:NM_001330679,1
CARNMT1:NR_135282,1
C9orf40:NM_017998,0
TRPM6:NM_017662,2
RORB:NM_006914,1
ANXA1:NM_000700,0
ALDH1A1:NM_000689,0
TMC1:NM_138691,2
ZFAND5:NM_001102420,1
GDA:NM_001242507,2
C9orf57:NM_001128618,1
C9orf85:NM_001365057,0
ABHD17B:NM_016014,0
CEMIP2:NM_013390,0
TRPM3:NM_001366142,1
KLF9:NM_001206,10
SMC5:NM_015110,2
C9orf135:NM_001308085,2
PTAR1:NM_001366936,1
APBA1:NM_001163.4_2,0
FAM189A2:NM_001127608,3
TJP2:NM_001170414,2
FXN:NM_000144,1
PRKACG:NM_002732,2
PABIR1:NM_138333,1
PIP5K1B:NM_001278253,0
TMEM252:NM_153237,2
PGM5:NM_021965.4_2,1
FOXD4L3:NM_199135.4_2,0
CBWD3:NM_001378115.1_2,0
CBWD5:NM_001286835,2
FOXD4L4:NM_199244,1
FOXD4L5:NM_001126334,0
CBWD6:NM_001085457,2
FOXD4L6:NM_001085476,0
ANKRD20A1:NM_032250,0
SPATA31A7:NM_015667,0
CNTNAP3B:NM_001201380,0
SPATA31A6:NM_001145196,0
SPATA31A5:NM_001113541,0
ZNF658:NR_134255,0
SPATA31A3:NM_001083124,0
SPATA31A1:NM_001085452,0
CNTNAP3:NM_033655,0
FAM240B:NM_001386811,1
ANKRD18A:NM_001331100,0
FAM95C:NR_047651,0
IGFBPL1:NM_001007563,2
ALDH1B1:NM_000692,41
SHB:NM_003028,50
DCAF10:NM_001286810,74
EXOSC3:NM_001002269,71
TRMT10B:NM_001286953,28
FRMPD1:NM_001371225,2
TOMM5:NM_001134484,59
FBXO10:NM_012166,2
POLR1E:NM_022490,55
ZBTB5:NM_014872,93
GRHPR:NM_012203,37
ZCCHC7:NR_110317,58
PAX5:NM_016734,2
MELK:NM_001256692,32
RNF38:NM_194330,26
GNE:NM_001128227,4
CLTA:NM_001311203,46
CCIN:NM_005893,1
RECK:NM_021111,11
OR2S2:NM_019897,0
SPAAR:NM_001348107,0
HRCT1:NM_001039792,2
OR13J1:NM_001004487,1
TMEM8B:NM_001042589,10
FAM221B:NM_001012446,10
HINT2:NM_032593,31
SPAG8:NM_172312,2
NPR2:NM_003995,0
MSMP:NM_001044264,0
RGP1:NM_001080496,35
GBA2:NM_001330660,35
CREB3:NM_006368,47
TLN1:NM_006289,50
TPM2:NM_213674,16
CA9:NM_001216,3
ARHGEF39:NM_032818,24
CCDC107:NM_001195217,20
SIT1:NM_014450,0
CD72:NM_001782,2
TESK1:NM_001318230,14
FAM166B:NM_001287238,1
RUSC2:NM_001330740,30
UNC13B:NM_001371186,17
FAM214B:NM_025182,18
STOML2:NM_001287032,24
PIGO:NM_001201484,21
FANCG:NM_004629,27
VCP:NM_001354928,33
C9orf131:NM_001040411,0
DNAJB5:NM_012266,14
PHF24:NM_001304333,3
FAM205C:NM_001309426,1
FAM205A:NM_001141917,1
CCL21:NM_002989,1
CCL19:NM_006274,2
CCL27:NM_006664,1
IL11RA:NM_001142784,5
GALT:NM_001258332,29
SIGMAR1:NM_001282208,24
ARID3C:NM_001017363,5
DCTN3:NM_024348,12
RPP25L:NM_148179,30
CNTFR:NM_001207011,3
ENHO:NM_198573,0
DNAI1:NM_012144,12
FAM219A:NM_001184940,12
C9orf24:NM_032596,1
MYORG:NM_020702,11
NUDT2:NM_001244390,40
KIF24:NM_194313,40
UBAP1:NM_001171201,47
DCAF12:NM_015397,47
UBAP2:NM_001370059,36
UBE2R2:NM_017811,30
PRSS3:NM_007343,3
ANKRD18B:NM_001353432,7
NOL6:NM_022917,40
AQP3:NM_004925,16
AQP7:NM_001376191,0
NFX1:NM_002504,36
CHMP5:NM_001195536,54
BAG1:NM_001172415,54
SPINK4:NM_014471,2
B4GALT1:NM_001378497,39
SMU1:NM_018225,21
DNAJA1:NM_001314039,50
APTX:NM_001368999,50
TMEM215:NM_212558,2
TAF1L:NM_153809,0
NDUFB6:NM_002493,34
TOPORS:NM_005802,38
DDX58:NM_001385910,7
ACO1:NM_002197,16
LINGO2:NM_001258282,0
C9orf72:NM_001256054,15
IFNK:NM_020124,3
MOB3B:NM_024761,22
EQTN:NM_020641,0
TEK:NM_001290078,1
LRRC19:NM_022901,1
IFT74:NM_001099223,20
PLAA:NM_001031689,20
CAAP1:NM_001167575,19
TUSC1:NM_001004125,0
IZUMO3:NM_001365008,0
ELAVL2:NM_001351456,0
DMRTA1:NM_022160,0
CDKN2B:NM_078487,0
CDKN2A:NM_001363763,0
MTAP:NM_002451,0
IFNE:NM_176891,0
IFNA1:NM_024013,0
IFNA8:NM_002170,0
IFNA2:NM_000605,0
IFNA13:NM_006900,0
IFNA6:NM_021002,0
KLHL9:NM_018847,0
IFNA5:NM_002169,0
IFNA14:NM_002172,0
IFNA17:NM_021268,0
IFNA16:NM_002173,0
IFNA10:NM_002171,0
IFNA7:NM_021057,0
IFNA4:NM_021068,0
IFNA21:NM_002175,0
IFNW1:NM_002177,0
IFNB1:NM_002176,0
HACD4:NM_001321883,0
FOCAD:NM_017794,2
MLLT3:NM_004529,1
SLC24A2:NM_001375850,8
ACER2:NM_001010887,19
RPS6:NM_001010,53
DENND4C:NR_169842,49
PLIN2:NM_001122,21
HAUS6:NM_017645,31
RRAGA:NM_006570,32
SAXO1:NM_001287049,32
ADAMTSL1:NM_001040272,0
SH3GL2:NM_003026,0
CNTLN:NM_001365029,2
BNC2:NM_001317940,0
C9orf92:NM_001364979,1
CCDC171:NM_173550,16
PSIP1:NM_033222,20
SNAPC3:NM_001369651,42
TTC39B:NM_001168340,5
FREM1:NM_144966,1
CER1:NM_005454,3
ZDHHC21:NM_001354118,4
NFIB:NM_001369458,8
MPDZ:NM_001375421,8
LURAP1L:NM_203403,3
TYRP1:NM_000550,1
PTPRD:NM_002839,2
DMAC1:NM_001318058,20
KDM4C:NM_001304340,32
GLDC:NM_000170,0
UHRF2:NM_152896,37
TPD52L3:NM_001001874,0
IL33:NM_001314047,0
RANBP6:NM_012416,31
KIAA2026:NM_001017969,25
MLANA:NM_005511,0
ERMP1:NM_024896,23
RIC1:NM_001206557,51
PDCD1LG2:NM_025239,0
CD274:NM_001267706,7
PLGRKT:NM_018465,6
RLN1:NM_006911,1
RLN2:NM_005059,0
INSL4:NM_002195,1
INSL6:NM_007179,1
JAK2:NR_169764,46
RCL1:NM_001286699,45
AK3:NM_001199853,38
CDC37L1:NM_017913,45
PLPP6:NM_203453,19
SPATA6L:NR_148445,2
SLC1A1:NM_004170,0
GLIS3:NM_001042413,4
RFX3:NM_134428,52
PUM3:NM_014878,34
KCNV2:NM_133497,1
VLDLR:NM_001322226,1
SMARCA2:NM_001289397,58
DMRT2:NM_001387558,1
DMRT3:NM_021240,0
DMRT1:NM_021951,2
KANK1:NM_001256876,5
DOCK8:NM_203447,16
CBWD1:NM_018491,4
FOXD4:NM_207305,0
WASHC1:NM_182905,0
C8orf33:NM_023080,0
ZNF16:NM_001029976,0
ZNF250:NM_001363099,0
COMMD5:NM_001081003,0
ZNF7:NM_001282796,0
ZNF517:NM_001384906,0
RPL8:NM_001317782,0
ZNF34:NM_001378028,0
ZNF251:NM_138367,0
ARHGAP39:NM_001308208,0
C8orf82:NM_001001795,0
LRRC24:NM_001024678,0
LRRC14:NM_014665,0
RECQL4:NM_004260,0
MFSD3:NM_138431,0
GPT:NM_001382664,0
PPP1R16A:NM_001329443,0
FOXH1:NM_003923,0
KIFC2:NM_001369769,0
CYHR1:NM_138496,0
TONSL:NM_013432.5_2,0
VPS28:NM_183057.3_2,0
SLC39A4:NM_130849.4_2,0
CPSF1:NM_013291.3_2,0
ADCK5:NM_174922.5_2,0
SLC52A2:NM_001253816.2_2,0
FBXL6:NM_012162.4_2,0
TMEM249:NM_001252402.3_2,0
SCRT1:NM_031309.6_2,0
DGAT1:NM_012079.6_2,0
HSF1:NM_005526.4_2,0
SCX:NM_001080514.3_2,0
BOP1:NM_015201.5_2,0
MROH1:NM_032450.3_2,0
HGH1:NM_016458,0
WDR97:NM_001316309,0
MAF1:NM_032272,0
SHARPIN:NM_030974,0
CYC1:NM_001916,0
GPAA1:NM_003801.4_2,0
EXOSC4:NM_019037.3_2,0
OPLAH:NM_017570.5_2,0
SPATC1:NM_001134374.2_2,0
GRINA:NM_001009184.2_2,2
PARP10:NM_001317895.2_2,2
PLEC:NM_000445.5_2,39
EPPK1:NM_031308.4_2,10
NRBP2:NM_178564.4_2,1
PUF60:NM_078480.3_2,0
SCRIB:NM_182706.5_2,7
IQANK1:NM_001381874.1_2,3
FAM83H:NM_198488.5_2,3
MAPK15:NM_139021.3_2,19
CCDC166:NM_001162914.1_2,45
ZNF707:NM_001288808.2_2,3
ZNF623:NM_001261843,3
GFUS:NM_001317783,1
PYCR3:NM_023078,1
TIGD5:NM_032862,3
EEF1D:NM_001130057,3
NAPRT:NM_145201,1
MROH6:NM_001100878,2
GSDMD:NM_001166237,0
ZC3H3:NM_015117,3
MAFA:NM_201589,1
RHPN1:NM_052924,3
TOP1MT:NM_001258446,28
ZNF696:NM_030895,21
GLI4:NM_138465,1
ZFP41:NM_173832,9
GPIHBP1:NM_001301772,7
LY6H:NM_001130478,0
LY6L:NM_001368160,0
LY6E:NM_001127213,3
CYP11B2:NM_000498,3
CYP11B1:NM_000497,0
GML:NM_002066,0
LY6D:NM_003695,1
LYNX1:NM_177457,0
SLURP2:NM_177458,2
LYNX1-SLURP2:NM_023946,0
LYPD2:NM_205545,0
SLURP1:NM_020427,0
THEM6:NM_001363000.2_2,2
LY6K:NM_017527.4_2,0
JRK:NM_003724.4_2,0
ARC:NM_015193,3
ADGRB1:NM_001702,0
TSNARE1:NM_001363740,0
MROH5:NR_160399,0
PTP4A3:NM_032611,17
GPR20:NM_005293,1
SLC45A4:NM_001286646,0
DENND3:NM_014957,1
PTK2:NM_001352699,0
AGO2:NM_012154,0
CHRAC1:NM_017444,3
TRAPPC9:NM_031466,1
KCNK9:NR_104210,1
COL22A1:NM_152888,1
FAM135B:NM_001362965,2
KHDRBS3:NM_006558,0
ZFAT:NM_001289394,1
ST3GAL1:NM_003033,2
NDRG1:NM_001135242,0
CCN4:NM_001204870,3
SLA:NM_001045556,2
TG:NM_003235,2
PHF20L1:NM_001362971,1
TMEM71:NM_001382397,0
LRRC6:NM_001321965,1
KCNQ3:NM_004519,1
HHLA1:NM_001145095,0
OC90:NM_001080399,3
EFR3A:NM_015137,0
ADCY8:NM_001115,2
ASAP1:NM_001247996,1
CYRIB:NM_001353245,1
GSDMC:NM_031415,1
MYC:NM_001354870,0
POU5F1B:NM_001159542,1
LRATD2:NM_174911,1
TRIB1:NM_025195,2
NSMCE2:NM_001349485,0
WASHC5:NM_014846,0
SQLE:NM_003129,0
ZNF572:NM_152412,1
MTSS1:NM_001363296,0
NDUFB9:NM_001278645,3
TATDN1:NM_001317890,3
RNF139:NM_007218,1
TRMT12:NM_017956,3
TMEM65:NM_194291,3
FER1L6:NM_001039112,1
FAM91A1:NM_144963,0
ANXA13:NM_001003954,5
KLHL38:NM_001081675,1
FBXO32:NM_058229,1
NTAQ1:NR_133926,1
ATAD2:NM_014109,1
ZHX1:NR_037873,1
ZHX1-C8orf76:NM_001204180,1
C8orf76:NM_032847,2
FAM83A:NM_207006,0
TBC1D31:NM_001363151,2
DERL1:NM_024295,2
ZHX2:NM_014943,3
HAS2:NM_005328,3
SNTB1:NM_021021,1
MTBP:NM_022045,3
MRPL13:NM_014078,2
COL14A1:NM_021110,1
DEPTOR:NM_001283012,2
DSCC1:NM_024094,1
TAF2:NM_003184,0
ENPP2:NM_001330600,1
CCN3:NM_002514,7
MAL2:NM_052886,2
COLEC10:NM_001324095,1
TNFRSF11B:NM_002546,1
EXT1:NM_000127,4
MED30:NM_001282986,2
SLC30A8:NM_001172811,1
AARD:NM_001025357,1
RAD21:NM_006265,1
UTP23:NM_032334,1
EIF3H:NM_003756,1
TRPS1:NM_014112,2
CSMD3:NM_198123,1
KCNV1:NM_014379,2
SYBU:NM_001099744,1
EBAG9:NM_198120,2
PKHD1L1:NM_177531,0
ENY2:NM_001193557,3
NUDCD1:NM_032869,3
TRHR:NM_003301,2
TMEM74:NR_136411,1
EMC2:NM_014673,1
EIF3E:NM_001568,0
RSPO2:NM_001282863,2
ANGPT1:NM_001146,1
ABRA:NM_139166,1
OXR1:NM_018002,1
ZFPM2:NM_001362836,3
LRP12:NM_013437,0
DPYS:NM_001385,2
DCSTAMP:NM_001257317,3
RIMS2:NM_001348497,3
DCAF13:NM_015420,0
SLC25A32:NM_030780,0
CTHRC1:NM_138455,0
FZD6:NM_001164615,0
BAALC:NM_001024372,2
ATP6V1C1:NM_001695,2
AZIN1:NM_001363083,3
KLF10:NM_005655,1
ODF1:NM_024410,0
UBR5:NM_015902,0
RRM2B:NM_015713,1
NCALD:NM_001040630,3
GRHL2:NM_024915,2
ZNF706:NM_001267709,2
YWHAZ:NM_003406,0
PABPC1:NM_002568,0
SNX31:NM_152628,3
ANKRD46:NM_001270379,1
RNF19A:NM_001280539,0
SPAG1:NM_172218,2
POLR2K:NM_005034,0
FBXO43:NM_001029860,2
RGS22:NM_015668,2
COX6C:NM_004374,1
VPS13B:NM_017890,0
OSR2:NM_053001,1
STK3:NM_001256312,2
KCNS2:NM_020697,0
NIPAL2:NM_024759,0
POP1:NM_001145861,2
RIDA:NM_005836,2
ERICH5:NM_001170806,1
RPL30:NM_000989,3
MATN2:NM_001317748,2
LAPTM4B:NM_018407,0
MTDH:NM_001363139,2
TSPYL5:NM_033512,1
CPQ:NM_016134,2
SDC2:NM_002998,2
PTDSS1:NM_001290225,2
MTERF3:NM_001286643,2
UQCRB:NM_001199975,0
GDF6:NM_001001557,2
C8orf37:NM_177965,1
PLEKHF2:NM_024613,1
TP53INP1:NM_001135733,0
NDUFAF6:NM_001354534,1
CCNE2:NM_057749,0
INTS8:NM_017864,1
DPY19L4:NM_181787,1
ESRP1:NM_001122827,5
VIRMA:NM_015496,1
FSBP:NM_001256141,4
RAD54B:NM_012415,4
GEM:NM_005261,1
CDH17:NM_001144663,5
PDP1:NM_018444,1
TMEM67:NR_024522,2
RBM12B:NM_001377961,1
CIBAR1:NM_001283034,1
TRIQK:NM_001191035,4
RUNX1T1:NM_175634,1
SLC26A7:NM_001282357,1
LRRC69:NM_001354470,1
OTUD6B:NM_016023,0
PIP4P2:NM_018710,0
C8orf88:NM_001363275,0
NECAB1:NM_022351,0
TMEM64:NM_001008495,0
CALB1:NM_004929,2
DECR1:NM_001359,5
NBN:NM_001024688,1
OSGIN2:NM_004337,2
RIPK2:NM_001375360,1
MMP16:NM_005941,2
DCAF4L2:NM_152418,0
CNBD1:NM_173538,2
CNGB3:NM_019098,0
CPNE3:NM_003909,0
RMDN1:NM_001317807,0
WWP1:NM_007013,0
SLC7A13:NM_138817,1
ATP6V0D2:NM_152565,1
PSKH2:NM_033126,1
CA2:NM_001293675,1
CA3:NM_005181,1
CA1:NM_001738,2
CA13:NM_198584,1
RBIS:NM_001099670,1
E2F5:NM_001083588,1
LRRCC1:NM_001349639,2
RALYL:NM_001354325,1
SNX16:NM_022133,0
CHMP4C:NM_152284,1
ZFAND1:NM_001170796,1
SLC10A5:NM_001010893,1
IMPA1:NM_001144878,0
FABP12:NM_001105281,2
FABP4:NM_001442,1
FABP9:NM_001080526,0
PMP2:NM_002677,1
FABP5:NM_001444,1
PAG1:NM_018440,1
ZNF704:NM_001033723,1
ZBTB10:NM_001277145,2
MRPS28:NM_014018,3
TPD52:NM_001387778,3
HEY1:NM_001040708,3
STMN2:NM_007029,2
IL7:NM_000880,2
ZC2HC1A:NM_016010,1
PKIA:NM_181839,1
PEX2:NM_001172086,2
ZFHX4:NM_024721,1
HNF4G:NM_001330561,2
CRISPLD1:NM_031461,0
PI15:NM_015886,0
GDAP1:NM_001362931,0
JPH1:NM_020647,1
LY96:NM_001195797,1
TMEM70:NM_017866,1
ELOC:NM_001204860,1
UBE2W:NM_001271015,0
STAU2:NM_001164380,1
RDH10:NM_172037,0
RPL7:NM_001363737,0
C8orf89:NM_001243237,1
SBSPON:NM_153225,1
TERF1:NM_003218,0
KCNB2:NM_004770,1
TRPA1:NM_007332,1
MSC:NM_005098,2
EYA1:NM_001370335,1
XKR9:NM_001287260,0
LACTB2:NM_016027,0
TRAM1:NM_014294,1
NCOA2:NM_001321703,1
PRDM14:NM_024504,1
SLCO5A1:NM_030958,1
SULF1:NM_001128204,3
C8orf34:NM_001349479,1
PREX2:NM_024870,0
CPA6:NM_020361,2
ARFGEF1:NM_006421,1
CSPP1:NM_024790,0
COPS5:NM_006837,0
PPP1R42:NM_001364910,4
TCF24:NM_001193502,3
MCMDC2:NM_173518,1
SGK3:NM_001033578,2
C8orf44-SGK3:NM_001204173,4
VCPIP1:NM_025054,3
MYBL1:NM_001080416,1
VXN:NM_152765,0
ADHFE1:NM_144650,35
RRS1:NM_015169,20
CRH:NM_000756,2
TRIM55:NM_184087,2
DNAJC5B:NM_001349432,55
PDE7A:NM_001242318,3
MTFR1:NM_014637,2
ARMC1:NM_018120,3
CYP7B1:NM_001324112,1
BHLHE22:NM_152414,0
YTHDF3:NR_102434,1
TTPA:NM_000370,0
GGH:NM_003878,3
NKAIN3:NR_130764,0
ASPH:NM_004318,2
CLVS1:NM_173519,1
CHD7:NM_017780,2
RAB2A:NM_001242644,3
CA8:NM_004056,2
TOX:NM_014729,2
NSMAF:NM_003580,1
SDCBP:NM_001007070,1
CYP7A1:NM_000780,0
UBXN2B:NM_001363181,1
FAM110B:NM_001377989,2
BPNT2:NM_017813,0
PENK:NM_001135690,0
SDR16C5:NM_001318049,0
CHCHD7:NM_001317859,1
PLAG1:NM_002655,2
MOS:NM_005372,0
RPS20:NM_001146227,0
LYN:NM_001111097,1
TGS1:NM_001317902,4
TMEM68:NM_001363176,4
XKR4:NM_052898,3
RP1:NM_001375654,1
SOX17:NM_022454,2
MRPL15:NM_014175,3
LYPLA1:NM_006330,0
TCEA1:NM_006756,2
RGS20:NM_001286674,1
ATP6V1H:NM_213620,3
OPRK1:NM_001282904,23
NPBWR1:NM_005285,3
RB1CC1:NM_014781,2
ALKAL1:NM_207413,2
ST18:NM_001352828,2
PCMTD1:NM_001286782,2
PXDNL:NM_144651,1
SNTG1:NM_001287813,2
PPDPFL:NM_001256596,0
SNAI2:NM_003068,3
EFCAB1:NR_157027,0
UBE2V2:NM_003350,3
MCM4:NM_182746,5
PRKDC:NM_006904,3
CEBPD:NM_005195,1
SPIDR:NM_001080394.4_2,5
NMTRL-TAA6-1:NMTRL-TAA6-1,10
POTEA:NM_001002920,1
HGSNAT:NM_001363228,0
POMK:NM_001277971,1
FNTA:NM_002027,1
HOOK3:NM_032410,2
RNF170:NM_001160224,3
THAP1:NM_018105,0
CHRNA6:NM_004198,0
CHRNB3:NM_000749,1
SMIM19:NM_001135676,1
SLC20A2:NM_006749,1
VDAC3:NM_001135694,5
DKK4:NM_014420,0
POLB:NM_002690,3
IKBKB:NM_001242778,1
PLAT:NM_000930,2
AP3M2:NM_006803,1
KAT6A:NM_006766,1
ANK1:NM_001142446,4
NKX6-3:NM_001364841,1
GPAT4:NM_178819,1
GINS4:NM_032336,1
GOLGA7:NM_001362979,1
SFRP1:NM_003012,2
ZMAT4:NM_024645,2
TCIM:NM_020130,0
IDO2:NM_194294,0
IDO1:NM_002164,1
ADAM2:NM_001464,3
ADAM18:NM_001320313,1
ADAM32:NM_001313994,1
ADAM9:NM_003816,0
TM2D2:NM_031940,0
HTRA4:NM_153692,1
PLEKHA2:NM_021623,2
TACC1:NM_001352795,1
FGFR1:NM_001174064,1
LETM2:NM_144652,5
NSD3:NM_023034,2
PLPP5:NM_001354459,2
DDHD2:NM_001362913,16
BAG4:NM_001204878,1
LSM1:NR_045493,1
STAR:NM_000349,1
ASH2L:NM_001282272,0
EIF4EBP1:NM_004095,3
ADRB3:NM_000025,0
GOT1L1:NM_152413,9
RAB11FIP1:NM_001002814,1
BRF2:NM_018310,1
ADGRA2:NM_032777,0
PLPBP:NM_001349348,3
ERLIN2:NM_007175,0
ZNF703:NM_025069,3
KCNU1:NM_001031836,0
UNC5D:NM_080872,0
DUSP26:NM_024025,2
RNF122:NM_024787,2
TTI2:NM_025115,1
MAK16:NM_032509,3
FUT10:NM_032664,1
NMTRQ-TTG11-1:NMTRQ-TTG11-1,1
NRG1:NM_001322202,4
WRN:NM_000553,0
PURG:NM_001015508,0
TEX15:NM_001350162,0
PPP2CB:NM_001009552,2
UBXN8:NM_001282189,1
GSR:NM_000637,1
SMIM18:NM_001206847,1
GTF2E2:NM_002095,1
RBPMS:NM_001008710,1
DCTN6:NM_006571,0
MBOAT4:NM_001100916,1
LEPROTL1:NM_001128208,3
SARAF:NM_001284239,3
DUSP4:NM_001394,3
KIF13B:NM_015254,2
HMBOX1:NM_001324387,1
INTS9:NM_001172562,1
EXTL3:NM_001440,4
FZD3:NM_145866,1
FBXO16:NM_172366,2
ZNF395:NM_018660,3
PNOC:NM_006228,2
ELP3:NM_001284222,7
NUGGC:NM_001010906,2
SCARA5:NM_173833,1
PBK:NM_018492,2
ESCO2:NM_001017420,0
CCDC25:NM_018246,0
SCARA3:NM_182826,9
CLU:NM_001831,1
EPHX2:NM_001256483,1
CHRNA2:NM_001347707,1
PTK2B:NM_173174,3
TRIM35:NM_171982,3
STMN4:NM_001283053,0
ADRA1A:NM_033303,1
DPYSL2:NM_001197293,0
PNMA2:NM_007257,0
BNIP3L:NM_004331,1
PPP2R2A:NM_002717,4
EBF2:NM_022659,0
CDCA2:NM_001317907,0
KCTD9:NM_017634,0
GNRH1:NM_000825,0
DOCK5:NM_024940,0
NEFL:NM_006158,0
NEFM:NM_005382,0
ADAM7:NM_003817,2
ADAMDEC1:NM_014479,1
ADAM28:NM_001304351,1
STC1:NM_003155,2
NKX2-6:NM_001136271,3
NKX3-1:NM_006167,3
SLC25A37:NM_016612,1
ENTPD4:NM_004901,0
LOXL2:NM_002318,2
R3HCC1:NR_125897,1
CHMP7:NM_152272,2
TNFRSF10A:NM_003844,1
TNFRSF10D:NM_003840,3
TNFRSF10C:NM_003841,2
TNFRSF10B:NM_003842,1
RHOBTB2:NM_001160036,0
PEBP4:NM_001363233,2
EGR3:NM_004430,1
BIN3:NM_018688,2
CCAR2:NM_001363069,2
C8orf58:NM_001198827,2
PDLIM2:NM_176871,7
SORBS3:NM_005775,4
PPP3CC:NM_001243975,2
SLC39A14:NM_001135154,2
PIWIL2:NM_001330480,0
POLR3D:NM_001722,0
PHYHIP:NM_001099335,22
BMP1:NM_006129,2
SFTPC:NM_001385660,0
LGI3:NM_139278,0
REEP4:NM_025232,4
HR:NM_018411,1
NUDT18:NM_024815,8
FAM160B2:NM_001354250,5
DMTN:NM_001387723,1
FGF17:NM_001304478,1
NPM2:NM_001286680,0
XPO7:NM_001362802,1
DOK2:NM_003974,2
GFRA2:NM_001495,0
LZTS1:NM_021020,1
ATP6V1B2:NM_001693,0
SLC18A1:NM_001135691,0
LPL:NM_000237,0
INTS10:NM_001353520,0
CSGALNACT1:NM_001354475,0
SH2D4A:NM_001174160,1
PSD3:NM_015310,2
NAT2:NM_000015,2
NAT1:NM_001160179,3
ASAH1:NM_001127505,2
PCM1:NM_001352647,0
FGL1:NM_201552,1
MTUS1:NM_001363061,1
PDGFRL:NM_006207,2
SLC7A2:NM_001008539,0
MTMR7:NM_004686,1
VPS37A:NM_001363173,1
CNOT7:NM_001322090,1
ZDHHC2:NM_016353,3
MICU3:NM_001349810,3
FGF20:NM_019851,2
MSR1:NM_138715,4
TUSC3:NM_178234,0
SGCZ:NM_139167,2
C8orf48:NM_001007090,1
DLC1:NM_001348081,1
TRMT9B:NM_020844,1
LONRF1:NM_152271,1
FAM86B2:NM_001137610,0
DEFB130A:NM_001037804,0
FAM86B1:NM_001083537,0
USP17L2:NM_201402,2
USP17L7:NM_001256869,1
ZNF705D:NM_001039615,1
DEFB130B:NM_001195257,0
DEFB134:NM_001302695,1
DEFB135:NM_001033017,1
DEFB136:NM_001033018,1
CTSB:NM_001384714,2
FDFT1:NM_001287744,0
NEIL2:NM_001135747,1
C8orf49:NM_001031839,2
GATA4:NM_001308094,1
BLK:NM_001330465,7
FAM167A:NM_053279,1
SLC35G5:NM_054028,1
MTMR9:NM_015458,2
XKR6:NM_173683,0
PINX1:NM_017884,1
SOX7:NM_031439,0
C8orf74:NM_001040032,2
RP1L1:NM_178857,2
PRSS55:NM_001197020,0
MSRA:NM_001135670,1
TNKS:NM_003747,0
PPP1R3B:NM_001201329,3
ERI1:NM_001354638,3
MFHAS1:NM_004225,1
CLDN23:NM_194284,1
PRAG1:NM_001080826,8
USP17L3:NM_001256871,1
USP17L8:NM_001256872,0
ZNF705B:NM_001193630,0
DEFB4A:NM_004942,0
DEFB103A:NM_001081551,0
SPAG11A:NM_001081552,0
DEFB104A:NM_080389,0
DEFB106A:NM_152251,0
DEFB105A:NM_152250,0
DEFB107A:NM_001037668,0
PRR23D2:NM_001282478,0
PRR23D1:NM_001282479,0
DEFB107B:NM_001040705,3
DEFB105B:NM_001040703,0
DEFB106B:NM_001040704,0
DEFB104B:NM_001040702,0
SPAG11B:NM_058200,0
DEFB103B:NM_018661,0
DEFB4B:NM_001205266,0
ZNF705G:NM_001164457,0
USP17L4:NM_001256874,0
USP17L1:NM_001256873,0
DEFB109B:NM_001037380,0
DEFA5:NM_021010,2
DEFA3:NM_005217,6
DEFA1B:NM_001302265,1
DEFA1:NM_004084,2
DEFA4:NM_001925,3
DEFA6:NM_001926,0
DEFB1:NM_005218,2
XKR5:NM_001289973,0
AGPAT5:NM_018361,0
ANGPT2:NM_001147,0
MCPH1:NM_001363980,0
CSMD1:NM_033225,2
MYOM2:NM_003970.4_2,0
KBTBD11:NM_014867,0
ARHGEF10:NM_014629,2
CLN8:NM_018941,3
DLGAP2:NM_001346810,3
ERICH1:NM_001303100,0
TDRP:NM_175075,0
FBXO25:NM_012173,1
ZNF596:NM_001287256,0
OR4F21:NM_001005504,0
VIPR2:NM_003382,3
DYNC2I1:NM_001350914,4
ESYT2:NM_001367773,7
NCAPG2:NM_001281932,1
PTPRN2:NM_002847,0
DNAJB6:NM_001363676,1
UBE3C:NM_014671,4
MNX1:NM_005515,3
NOM1:NM_138400,5
LMBR1:NR_146959,2
RNF32:NM_030936,0
SHH:NM_000193,2
RBM33:NM_053043,0
CNPY1:NM_001369813,2
EN2:NM_001427,3
INSIG1:NM_198336,2
HTR5A:NM_024012,3
PAXIP1:NM_007349,5
DPP6:NM_001364498,3
ACTR3B:NM_001350943,1
XRCC2:NM_005431,3
KMT2C:NM_170606,2
GALNT11:NM_001304514,1
GALNTL5:NM_145292,1
PRKAG2:NM_016203,5
RHEB:NM_005614,2
CRYGN:NR_131779,2
WDR86:NM_001284262,2
NUB1:NM_001385354,7
SMARCD3:NM_003078,19
CHPF2:NM_001284295,5
ABCF2:NM_007189,2
H2BE1:NM_001369125,0
ABCF2-H2BE1:NM_005692,2
IQCA1L:NM_001304419,2
ASB10:NM_080871,4
GBX1:NM_001098834,2
AGAP3:NM_001281300,0
TMUB1:NM_001136044,1
FASTK:NM_006712,3
SLC4A2:NM_001199692,2
CDK5:NM_004935,2
ASIC3:NM_020322,1
ABCB8:NM_001282293,2
ATG9B:NR_133652,0
NOS3:NM_000603,3
KCNH2:NM_000238,1
AOC1:NM_001091,3
TMEM176A:NM_018487,1
TMEM176B:NM_014020,1
GIMAP5:NM_018384,4
GIMAP1:NM_130759,1
GIMAP1-GIMAP5:NM_001303630,1
GIMAP2:NM_015660,0
GIMAP6:NM_001244072,2
GIMAP4:NM_018326,0
GIMAP7:NM_153236,0
GIMAP8:NM_175571,0
ZNF775:NM_173680,2
REPIN1:NM_001388050,0
RARRES2:NM_002889,0
ZBED6CL:NM_138434,0
LRRC61:NM_001363434,0
ACTR3C:NM_001351028,1
ATP6V0E2:NR_110612,4
ZNF862:NM_001099220,2
ZNF467:NM_207336,0
KRBA1:NM_001290187,1
ZNF746:NM_001363517,72
ZNF777:NM_015694,2
ZNF783:NM_001195220,2
ZNF212:NM_012256,4
ZNF282:NM_001303481,1
ZNF398:NM_020781,2
ZNF425:NM_001001661,2
ZNF786:NM_152411,5
PDIA4:NM_001371245,6
EZH2:NM_004456,3
CUL1:NM_001370660,3
C7orf33:NM_145304,0
CNTNAP2:NM_014141,3
TPK1:NM_001350882,1
NOBOX:NM_001080413,1
ARHGEF5:NM_005435,2
OR2A1:NM_001005287,3
CTAGE8:NM_001278507,2
OR2A7:NM_001005328,1
OR2A42:NM_001001802,3
ARHGEF35:NM_001368318,3
CTAGE4:NM_198495,2
OR2A14:NM_001001659,1
OR2A2:NM_001005480,0
OR2A12:NM_001004135,0
OR2A25:NM_001386096,0
OR2A5:NM_012365,0
OR6B1:NM_001005281,0
OR2F1:NM_012369,0
OR2F2:NM_001004685,0
TCAF1:NM_014719,0
CTAGE6:NM_178561,4
TCAF2:NM_001363538,4
CTAGE15:NM_001008747,4
TAS2R41:NM_176883,2
TAS2R60:NM_177437,2
EPHA1:NM_005232,2
ZYX:NM_001010972,2
FAM131B:NM_001371250,2
CLCN1:NM_000083,1
CASP2:NM_032983,1
TMEM139:NM_153345,6
GSTK1:NM_001143681,47
TAS2R40:NM_176882,1
TAS2R39:NM_176881,4
PIP:NM_002652,6
OR6V1:NM_001001667.1_2,3
OR9A2:NM_001001658.1_2,8
KEL:NM_000420.3_2,3
LLCFC1:NM_001382496.1_2,3
TRPV5:NM_019841.7_2,5
TRPV6:NM_018646.6_2,2
EPHB6:NM_001280794.3_2,4
PRSS1:NM_002769.5_2,2
MTRNR2L6:NM_001190487.2_2,2
PRSS58:NM_001001317.5_2,1
MGAM2:NM_001293626.2_2,1
MGAM:NM_004668.3_2,4
TAS2R38:NM_176817.5_2,4
CLEC5A:NM_013252.3_2,0
OR9A4:NM_001001656.3_2,3
PRSS37:NM_001370403,1
NMTRQ-TTG2-1:NMTRQ-TTG2-1,2
TAS2R5:NM_018980,2
TAS2R4:NM_016944,5
TAS2R3:NM_016943,4
SSBP1:NM_001256513.1_2,2
WEE2:NM_001105558.1_2,0
DENND11:NM_001080392.2_2,3
AGK:NM_018238.4_2,2
TMEM178B:NM_001195278,2
MRPS33:NM_053035,1
BRAF:NM_001378474,2
NDUFB2:NM_004546,34
ADCK2:NM_052853,3
DENND2A:NM_015689,1
MKRN1:NR_117084,28
RAB19:NM_001008749,0
SLC37A3:NM_207113,3
KDM7A:NM_030647,3
PARP12:NM_022750,4
TBXAS1:NM_001166254,2
HIPK2:NM_022740,2
CLEC2L:NM_001353368,2
KLRG2:NM_198508,4
FMC1-LUC7L2:NM_001244584,3
LUC7L2:NM_001244585,2
UBN2:NM_173569,1
TTC26:NM_001287513,1
ZC3HAV1:NM_001363491,4
ZC3HAV1L:NM_080660,1
KIAA1549:NM_001164665,0
TMEM213:NM_001085429,3
ATP6V0A4:NM_020632,3
SVOPL:NM_001139456,2
TRIM24:NM_003852,4
AKR1D1:NM_001190906,4
CREB3L2:NM_194071,3
DGKI:NM_001388092,6
PTN:NM_002825,1
CHRM2:NM_001006627,3
MTPN:NM_145808,66
LUZP6:NM_001128619,66
FAM180A:NM_001369697,3
SLC13A4:NM_001318192,3
STMP1:NM_001130929,3
NUP205:NM_015135,7
CNOT4:NM_001190850,4
STRA8:NM_182489,4
WDR91:NM_001362738,2
TMEM140:NM_018295,1
CYREN:NM_001305630,3
AGBL3:NM_001367814,2
CALD1:NM_004342,2
BPGM:NM_001724,3
AKR1B15:NM_001367820,5
AKR1B10:NM_020299,4
AKR1B1:NM_001346142,4
SLC35B4:NM_032826,1
LRGUK:NM_144648,2
EXOC4:NM_021807,5
CHCHD3:NM_001317177,0
PLXNA4:NM_020911,0
PODXL:NM_001018111,3
MKLN1:NM_001145354,4
KLF14:NM_138693.4_2,4
TSGA13:NM_001304968.2_2,4
COPG2:NM_012133.6_2,2
MEST:NM_001253901.1_2,0
CEP41:NM_018718.3_2,0
CPA1:NM_001868.4_2,2
CPA5:NM_001127442.2_2,2
CPA4:NM_001163446,3
CPA2:NM_001869,4
SSMEM1:NM_145268,5
TMEM209:NM_001363478,4
KLHDC10:NM_014997,5
ZC3HC1:NM_001282191,1
UBE2H:NM_003344,3
NRF1:NM_005011,1
SMKR1:NM_001195243,1
STRIP2:NM_020704,1
AHCYL2:NM_001130720,69
SMO:NM_005631,21
TSPAN33:NM_178562,9
TNPO3:NM_001382217,7
IRF5:NM_001347928,1
KCP:NM_001366122,0
ATP6V1FNB:NM_001195150,1
ATP6V1F:NM_004231,1
FLNC:NM_001127487,1
CCDC136:NM_001201372,3
OPN1SW:NM_001385125,6
CALU:NM_001130674,1
FAM71F1:NM_001282789,1
FAM71F2:NM_001128926,4
METTL2B:NM_018396,0
HILPDA:NM_001098786,3
IMPDH1:NM_000883,0
PRRT4:NM_001174164,2
RBM28:NM_018077,2
LEP:NM_000230,3
LRRC4:NM_022143,4
SND1:NM_014390,1
PAX4:NM_001366110,0
FSCN3:NM_020369,2
ARF5:NM_001662,0
GCC1:NM_024523,3
ZNF800:NM_176814,2
GRM8:NM_001371083,2
POT1:NM_015450,1
GPR37:NM_005302,4
TMEM229A:NM_001136002,1
SPAM1:NM_003117,2
HYAL4:NM_012269,5
WASL:NM_003941,2
LMOD2:NM_207163,1
ASB15:NM_001290258,5
IQUB:NM_178827,1
SLC13A1:NM_022444,0
TAS2R16:NM_016945,0
RNF148:NM_198085,4
RNF133:NM_139175,7
CADPS2:NM_001363399,1
FEZF1:NM_001024613,1
AASS:NM_005763,4
PTPRZ1:NM_001206839,3
FAM3C:NM_014888,5
WNT16:NM_016087,4
CPED1:NM_024913,5
ING3:NM_019071,1
TSPAN12:NM_012338,3
KCND2:NM_012281,3
ANKRD7:NM_019644,1
LSM8:NM_016200,1
CTTNBP2:NM_033427,0
CFTR:NM_000492,5
ASZ1:NM_130768,2
WNT2:NM_003391,2
ST7-OT3:NR_002332,5
ST7:NM_018412,7
CAPZA2:NM_006136,17
MET:NM_001324402,3
CAV1:NM_001172895,2
CAV2:NM_198212,3
TES:NM_015641,2
TFEC:NM_012252,1
MDFIC:NM_001166345,3
FOXP2:NR_033766,2
PPP1R3A:NM_002711,2
SMIM30:NM_001352687,1
GPR85:NM_001146265,6
BMT2:NM_152556,4
TMEM168:NM_001287497,6
LSMEM1:NM_001134468,3
IFRD1:NM_001197080,2
ZNF277:NM_021994,3
DOCK4:NM_001363540,3
LRRN3:NM_018334,2
IMMP2L:NM_032549,0
C7orf66:NM_001024607,49
DNAJB9:NM_012328,1
THAP5:NM_001287599,1
PNPLA8:NM_001256011,1
NRCAM:NM_001371123,3
LAMB4:NM_007356,4
LAMB1:NM_002291,3
DLD:NM_001289750,3
SLC26A3:NM_000111,4
CBLL1:NM_001284291,0
SLC26A4:NM_000441,2
BCAP29:NM_001371355,3
DUS4L:NM_001270419,6
DUS4L-BCAP29:NM_001371367,6
GPR22:NM_005295,1
COG5:NM_006348,6
HBP1:NM_001244262,0
PRKAR2B:NM_002736,2
PIK3CG:NM_001282427,0
CCDC71L:NM_175884,0
NAMPT:NM_005746,4
SYPL1:NM_001381910,2
CDHR3:NM_001301161,3
ATXN7L1:NM_001385596,2
EFCAB10:NM_001355530,3
RINT1:NM_001346599,1
PUS7:NM_019042,6
SRPK2:NM_001350742,1
KMT2E:NM_018682,3
LHFPL3:NM_199000,0
ORC5:NM_002553,3
RELN:NM_005045,5
SLC26A5:NM_206883,2
PSMC2:NM_002803,2
DNAJC2:NM_001362668,5
PMPCB:NM_004279,4
NAPEPLD:NM_001386176,0
ARMC10:NM_001161013,3
LRRC17:NM_001031692,0
FBXL13:NM_001111038,3
SPDYE2B:NM_001166339,2
UPK3BL1:NM_001114403,0
POLR2J2:NM_032959,2
RASA4:NM_001079877,3
SPDYE2:NM_001031618,4
UPK3BL2:NM_001363506,3
POLR2J3:NM_001097615,0
RASA4B:NM_001367767,2
POLR2J:NM_006234,1
LRWD1:NM_152892,1
ALKBH4:NM_017621,1
ORAI2:NM_032831,1
PRKRIP1:NM_024653.4_2,1
SPDYE6:NM_001146210.4_2,0
SH2B2:NM_020979.5_2,0
CUX1:NM_001202546.3_2,2
MYL10:NM_138403,0
COL26A1:NM_133457,1
IFT22:NM_001287525,12
FIS1:NM_016068,48
CLDN15:NM_001185080,1
ZNHIT1:NM_006349,0
PLOD3:NM_001084,1
MOGAT3:NM_178176,0
NAT16:NM_001369694,10
VGF:NM_003378,3
AP1S1:NM_001283,1
SERPINE1:NM_001386456,0
TRIM56:NM_030961,0
MUC17:NM_001040105,1
MUC12:NM_001164462,42
MUC3A:NM_005960,5
ACHE:NM_001367918,7
UFSP1:NM_001015072,1
SRRT:NM_001128854,3
TRIP6:NM_003302,1
SLC12A9:NM_001363494,3
EPHB4:NM_004444,3
ZAN:NM_003386,1
EPO:NM_000799,0
POP7:NM_005837,1
GIGYF1:NM_001375759,1
GNB2:NM_005273,11
ACTL6B:NM_016188,1
TFR2:NM_003227,1
MOSPD3:NM_001040097,3
PCOLCE:NM_002593,4
FBXO24:NM_033506,0
ZASP:NM_001289933,0
LRCH4:NM_002319,0
SAP25:NM_001348677,0
AGFG2:NM_006076,2
NYAP1:NM_173564,62
TSC22D4:NM_030935,1
C7orf61:NM_001004323,2
PPP1R35:NM_145030,3
MEPCE:NM_001194992,1
ZCWPW1:NM_001386013,1
PILRA:NM_178273,1
PILRB:NM_178238,4
SPDYE3:NM_001004351,2
PVRIG:NM_024070,1
STAG3:NM_001282716,1
GPC2:NM_152742,1
GAL3ST4:NM_024637,2
TRAPPC14:NM_018275,1
LAMTOR4:NM_001318237,2
MBLAC1:NM_203397,1
CNPY4:NM_152755,0
TAF6:NM_001190415,0
AP4M1:NM_004722,2
MCM7:NM_001278595,2
COPS6:NM_006833,1
ZNF3:NM_017715,5
ZSCAN21:NM_001362781,0
ZKSCAN1:NM_001346579,3
AZGP1:NM_001185,2
GJC3:NM_181538,3
TRIM4:NM_033017,0
OR2AE1:NM_001005276,43
CYP3A43:NM_057096,0
CYP3A4:NM_017460,6
CYP3A7:NM_000765,4
CYP3A7-CYP3A51P:NM_001256497,4
CYP3A5:NM_001291829,1
ZSCAN25:NM_001350984,3
TMEM225B:NM_001195543,2
ZNF655:NM_138494,1
FAM200A:NM_145111,2
ZKSCAN5:NM_001318083,2
ZNF394:NM_001345968,4
ZNF789:NM_001350999,0
ATP5MF:NM_004889,0
CPSF4:NM_001318161,1
PTCD1:NM_015545,1
ATP5MF-PTCD1:NM_001198879,0
BUD31:NM_001370410,0
PDAP1:NM_014891,1
ARPC1B:NM_005720,1
ARPC1A:NM_001190996,0
KPNA7:NM_001145715,3
SMURF1:NM_020429,0
TRRAP:NM_003496.4_2,2
TMEM130:NM_001134450.2_2,0
NPTX2:NM_002523,1
BAIAP2L1:NM_018842,0
BRI3:NM_001159491,0
TECPR1:NM_015395,1
BHLHA15:NM_177455,0
LMTK2:NM_014916,2
OCM2:NM_006188,0
ASNS:NM_001352496,2
TAC1:NM_013998,0
SDHAF3:NM_020186,2
DLX5:NM_005221,0
DLX6:NM_005222,1
SEM1:NR_163952,4
SLC25A13:NM_001160210,4
DYNC1I1:NM_001278422,1
PDK4:NM_002612,3
ASB4:NM_016116,1
PON2:NM_000305,1
PON3:NM_000940,0
PON1:NM_000446,1
PPP1R9A:NM_017650,4
PEG10:NM_015068,0
SGCE:NM_001346719,0
CASD1:NM_022900,1
COL1A2:NM_000089,1
BET1:NR_133908,3
GNG11:NM_004126,1
GNGT1:NM_001329426,3
TFPI2:NM_006528,1
CALCR:NM_001164737,2
VPS50:NM_017667,2
HEPACAM2:NM_001346642,3
SAMD9L:NM_152703,1
SAMD9:NM_017654,3
CDK6:NM_001145306,2
FAM133B:NM_001040057,3
RBM48:NM_032120,1
PEX1:NM_001282678,1
ERVW-1:NM_001130925,2
GATAD1:NM_021167,0
ANKIB1:NM_019004,3
KRIT1:NM_004912,3
LRRD1:NM_001384934,0
CYP51A1:NM_001146152,0
AKAP9:NM_147185,2
MTERF1:NM_001301135,0
FZD1:NM_003505,3
CDK14:NM_001287135,3
PTTG1IP2:NM_001365443,2
CLDN12:NM_012129,2
GTPBP10:NM_001042717,1
FAM237B:NM_001384237,1
CFAP69:NM_001160138,2
STEAP2:NM_001244946,2
STEAP1:NM_012449,2
TEX47:NM_152706,1
ZNF804B:NM_181646,2
STEAP4:NM_001205315,7
SRI:NM_198901,0
ADAM22:NM_001324417,3
DBF4:NM_001318061,1
SLC25A40:NM_018843,1
RUNDC3B:NM_001134406,1
ABCB1:NM_001348945,3
ABCB4:NM_018849,1
CROT:NM_021151,1
TMEM243:NM_001329472,2
DMTF1:NM_001142326,5
ELAPOR2:NM_001142749,1
GRM3:NM_001363522,0
SEMA3D:NM_001384901,43
SEMA3A:NM_006080,1
SEMA3E:NM_012431,0
PCLO:NM_033026,5
CACNA2D1:NM_001366867,0
HGF:NM_000601,2
SEMA3C:NM_001350120,3
CD36:NM_001371075,1
GNAT3:NM_001102386,1
GNAI1:NM_002069,4
MAGI2:NM_012301,0
PHTF2:NM_001366084,2
TMEM60:NM_032936,2
RSBN1L:NM_198467,1
PTPN12:NM_002835,0
GSAP:NM_001350896,0
FGL2:NM_006682,0
CCDC146:NM_020879,1
SPDYE18:NM_001351348,1
SPDYE9:NM_001382554.1_2,1
POMZP3:NM_012230,1
SPDYE16:NM_001351597,1
UPK3B:NM_001347684,3
DTX2:NM_001102595,0
ZP3:NM_007155,2
SSC4D:NM_080744,0
YWHAG:NM_012479,1
HSPB1:NM_001540,1
SRRM3:NM_001110199.3_2,1
MDH2:NM_001282404.2_2,1
STYXL1:NM_001317785.2_2,1
TMEM120A:NM_001363462.2_2,2
POR:NM_000941.3_2,4
RHBDD2:NM_001346189.2_2,0
CCL24:NM_001371193.1_2,0
CCL26:NM_001371936.1_2,1
HIP1:NM_005338.7_2,0
SPDYE5:NM_001306141,0
POM121C:NM_001099415.3_2,0
TRIM73:NM_198924.4_2,2
SPDYE15:NM_001382547.1_2,1
SPDYE14:NM_001382494.1_2,0
SPDYE13:NM_001382563.1_2,0
GTF2IRD2B:NM_001003795.3_2,3
RCC1L:NM_148842.3_2,0
CASTOR2:NM_001145064.3_2,1
SPDYE12P:NM_001382555.1_2,1
GTF2IRD2:NM_001368300.2_2,4
NCF1:NM_000265.6_2,3
GTF2I:NM_001518.5_2,0
GTF2IRD1:NM_005685.4_2,1
CLIP2:NM_032421.3_2,1
RFC2:NM_001278791.2_2,9
LAT2:NM_014146.4_2,7
EIF4H:NM_031992.2_2,1
LIMK1:NM_002314.4_2,2
ELN:NM_001278918.2_2,0
TMEM270:NM_182504.4_2,1
METTL27:NM_152559.3_2,0
CLDN4:NM_001305.5_2,2
CLDN3:NM_001306.4_2,0
ABHD11:NM_148912.4_2,3
STX1A:NM_004603.4_2,0
BUD23:NM_017528.5_2,0
DNAJC30:NM_032317.3_2,0
VPS37D:NM_001077621.2_2,0
MLXIPL:NM_032951.3_2,0
TBL2:NM_001362660.2_2,0
BCL7B:NM_001301061.2_2,0
BAZ1B:NM_001370402.1_2,0
FZD9:NM_003508.3_2,0
FKBP6:NM_001362789.2_2,1
TRIM50:NM_178125.3_2,1
NSUN5:NM_018044.5_2,1
SPDYE10P:NM_001382504.1_2,0
SPDYE8:NM_001382525.1_2,2
TRIM74:NM_198853.3_2,1
POM121:NM_001257190.3_2,0
SPDYE7P:NM_001382704.1_2,1
TYW1B:NM_001145440.3_2,3
CALN1:NM_001363460,4
GALNT17:NM_022479,0
AUTS2:NM_001127231,2
SPDYE21:NM_001382715,16
TYW1:NM_018264,2
SBDS:NM_016038,4
TMEM248:NM_017994,2
RABGEF1:NM_001367722,3
KCTD7:NM_001167961,1
TPST1:NM_003596,0
CRCP:NM_001142414,0
ASL:NM_000048,0
GUSB:NM_000181,2
VKORC1L1:NM_001284342,2
ZNF92:NM_001287534,1
ERV3-1:NM_001007253,3
ZNF117:NM_015852,2
ERV3-1-ZNF117:NM_001348050,3
ZNF273:NM_001385649,1
ZNF107:NM_001282360,1
ZNF680:NM_178558,1
ZNF736:NM_001170905,0
ZNF679:NM_153363,0
ZNF735:NM_001159524,0
ZNF727:NM_001159522,0
NMD3P1:NMD3P1,1
ZNF716:NM_001159279.1_2,1
NMTRQ-TTG13-1:NMTRQ-TTG13-1,2
ZNF479:NM_033273.2_2,0
NMD3P2:NMD3P2,1
NUPR2:NM_001145712,0
CHCHD2:NM_001320327,5
PHKG1:NM_001258459,1
SUMF2:NM_001146333,0
CCT6A:NM_001009186,2
PSPH:NM_001370518,2
NIPSNAP2:NM_001202469,11
MRPS17:NM_015969,0
ZNF713:NM_001366796,4
SEPTIN14:NM_207366,1
VOPP1:NM_001321244,0
LANCL2:NM_018697,0
EGFR:NM_001346941,1
SEC61G:NM_014302,1
VSTM2A:NM_001301009,0
POM121L12:NM_182595,2
COBL:NM_001287436,0
GRB10:NM_001001555,0
DDC:NM_001082971,3
FIGNL1:NM_001346565,1
IKZF1:NM_001291839,1
SPATA48:NM_001161834,3
ZPBP:NM_007009,0
VWC2:NM_198570,1
CDC14C:NM_152627,1
ABCA13:NM_152701,2
UPP1:NM_001287428,1
C7orf57:NM_001267866,1
SUN3:NM_001284350,0
HUS1:NM_001363683,3
PKD1L1:NM_138295,0
C7orf65:NM_001123065,0
TNS3:NM_022748,4
IGFBP3:NM_001013398,0
IGFBP1:NM_000596,1
ADCY1:NM_021116,2
RAMP3:NM_005856,3
TBRG4:NM_004749,1
NACAD:NM_001146334,1
CCM2:NR_030770,3
MYO1G:NM_033054,1
PURB:NM_033224,1
H2AZ2:NM_138635,27
PPIA:NM_021130,3
ZMIZ2:NM_001300959,1
OGDH:NM_002541,2
TMED4:NM_001303062,2
DDX56:NM_019082,3
NPC1L1:NM_013389,36
NUDCD3:NM_015332,1
CAMK2B:NM_001220,3
YKT6:NM_001363678,1
GCK:NM_001354800,0
MYL7:NM_021223,0
POLD2:NM_001256879,3
AEBP1:NM_001129,0
POLM:NM_001362683,24
PGAM2:NM_000290,0
DBNL:NM_001284313,11
SPDYE1:NM_001378423.1_2,2
UBE2D4:NM_015983,0
URGCP:NM_001290076,0
MRPS24:NM_032014,2
URGCP-MRPS24:NM_001204871,1
BLVRA:NM_000712,0
COA1:NR_146941,1
STK17A:NM_004760,2
HECW1:NM_001287059,1
MRPL32:NM_031903,1
PSMA2:NM_002787,1
C7orf25:NM_001099858,2
GLI3:NM_000168,6
INHBA:NM_002192,1
SUGCT:NM_024728,2
MPLKIP:NM_138701,2
CDK13:NM_003718,1
RALA:NM_005402,1
YAE1:NM_001282446,3
POU6F2:NM_001370959,2
VPS41:NM_014396,1
FAM183BP:NR_028347,1
AMPH:NM_001635,2
TARP:NM_001003799,11
STARD3NL:NM_001363345,1
EPDR1:NM_001242946,3
SFRP4:NM_003014,3
NME8:NM_016616,0
GPR141:NM_001381946,2
ELMO1:NM_001206480,1
AOAH:NM_001177506,3
ANLN:NM_001284302,1
KIAA0895:NM_001100425,1
EEPD1:NM_030636,0
SEPTIN7:NM_001242956,1
HERPUD2:NM_022373,2
TBX20:NM_001077653,1
DPY19L1:NM_015283,0
NPSR1:NM_001300933,2
BMPER:NM_133468,2
BBS9:NM_001362679,0
RP9:NM_203288,1
NT5C3A:NM_001374336,3
FKBP9:NM_007270,2
KBTBD2:NM_015483,4
AVL9:NM_015060,2
LSM5:NM_001139499,2
PDE1C:NM_001322059,0
PPP1R17:NM_001145123,0
ITPRID1:NM_001257967,0
NEUROD6:NM_022728,0
ADCYAP1R1:NM_001199637,3
GHRHR:NM_000823,0
AQP1:NM_001329872,1
MINDY4:NM_032222,1
INMT:NM_001199219,3
INMT-MINDY4:NR_037598,3
CRHR2:NM_001202481,0
GARS1:NM_001316772,3
GGCT:NM_024051,2
NOD1:NM_006092,1
ZNRF2:NM_147128,5
MTURN:NM_152793,2
PLEKHA8:NM_001350974,2
FKBP14:NM_017946,3
SCRN1:NM_001145514,49
WIPF3:NM_001080529,1
PRR15:NM_001329996,1
CHN2:NM_001293069,0
CPVL:NM_001371257,2
TRIL:NM_014817,3
CREB5:NM_182899,2
JAZF1:NM_175061,2
TAX1BP1:NM_001206901,2
HIBADH:NM_152740,1
EVX1:NM_001304519,2
HOXA13:NM_000522,0
HOXA11:NM_005523,1
HOXA9:NM_152739,0
HOXA7:NM_006896,0
HOXA6:NM_024014,5
HOXA5:NM_019102,2
HOXA4:NM_002141,0
HOXA3:NM_001384335,1
HOXA2:NM_006735,0
HOXA1:NM_005522,3
SKAP2:NM_003930,2
SNX10:NM_013322,0
CBX3:NM_007276,2
HNRNPA2B1:NM_031243,1
NFE2L3:NM_004289,6
NPVF:NM_022150,2
C7orf31:NM_138811,2
CYCS:NM_018947,0
OSBPL3:NM_015550,1
GSDME:NM_004403,4
MPP6:NM_001303037,0
NPY:NM_000905,1
STK31:NM_001260505,0
FAM221A:NM_001127365,3
CCDC126:NM_138771,1
TRA2A:NM_001282759,0
IGF2BP3:NM_006547,1
MALSU1:NM_138446,1
GPNMB:NM_002510,1
NUP42:NM_001370444,0
KLHL7:NM_001031710,1
FAM126A:NM_001363466,0
TOMM7:NM_019059,3
IL6:NM_001318095,4
STEAP1B:NM_001382447,1
RAPGEF5:NM_012294,2
CDCA7L:NM_001127370,3
DNAH11:NM_001277115,0
SP4:NM_001326542,4
SP8:NM_198956,2
ABCB5:NM_001163941,1
ITGB8:NM_002214,1
MACC1:NM_182762,4
TMEM196:NM_001366625,3
POLR1F:NM_001002926,0
FERD3L:NM_152898,2
TWIST1:NR_149001,2
HDAC9:NM_001321868,1
PRPS1L1:NM_175886,1
SNX13:NM_001350866,1
AHR:NM_001621,3
AGR3:NM_176813,4
AGR2:NM_006408,2
TSPAN13:NM_014399,3
BZW2:NM_014038,2
ANKMY2:NM_020319,2
LRRC72:NM_001195280,2
SOSTDC1:NM_015464,1
CRPPA:NM_001101426,2
MEOX2:NM_005924,1
AGMO:NM_001004320,3
DGKB:NM_001350707,2
ETV1:NM_001163148,3
ARL4A:NM_212460,5
SCIN:NM_001112706,4
VWDE:NM_001135924,5
TMEM106B:NM_001134232,1
THSD7A:NM_015204,2
PHF14:NM_001007157,1
NDUFA4:NM_002489,3
NXPH1:NM_152745,1
ICA1:NM_001350835,4
GLCCI1:NM_138426,1
UMAD1:NM_001302349,2
RPA3:NM_002947,3
MIOS:NM_001370080,1
COL28A1:NM_001037763,2
C1GALT1:NM_020156,2
CCZ1B:NM_198097,0
RSPH10B2:NM_001099697,0
ZNF12:NM_016265,0
ZNF316:NM_001278559,4
ZNF853:NM_017560,2
C7orf26:NM_001303039,1
ZDHHC4:NM_001134389,0
GRID2IP:NM_001145118,31
KDELR2:NM_006854,2
DAGLB:NM_139179,1
RAC1:NM_006908,2
FAM220A:NM_001037163,2
CYTH3:NM_001367581,2
USP42:NM_032172,3
ANKRD61:NM_001271700,3
EIF2AK1:NM_014413,0
AIMP2:NM_001326606,0
PMS2:NR_136154,0
RSPH10B:NM_173565,30
CCZ1:NM_015622,0
OCM:NM_001097622,0
RNF216:NM_001377156,10
FSCN1:NM_003088,3
ACTB:NM_001101,10
FBXL18:NM_001363441,8
TNRC18:NM_001080495,4
SLC29A4:NM_001300847,0
WIPI2:NM_001033519,1
RBAKDN:NR_015343,1
RBAK:NM_001204456,3
RBAK-RBAKDN:NM_001204513,3
PAPOLB:NM_020144,1
RADIL:NM_018059,0
AP5Z1:NM_001364858,2
FOXK1:NM_001037165,0
SDK1:NM_152744,4
CARD11:NM_001324281,1
GNA12:NM_007353,0
AMZ1:NM_001321766,1
TTYH3:NM_025250,0
IQCE:NM_001287501,0
BRAT1:NM_001350626,0
LFNG:NM_001166355,4
GRIFIN:NM_001291784,0
CHST12:NM_001243794,0
EIF3B:NM_001362793,0
SNX8:NM_013321,67
NUDT1:NM_002452,4
MRM2:NM_013393,4
MAD1L1:NM_003550,1
ELFN1:NM_001128636,2
PSMG3:NM_032302,0
TMEM184A:NM_001097620,1
MAFK:NM_002360,47
INTS1:NM_001080453,0
MICALL2:NM_182924,1
UNCX:NM_001080461,1
ZFAND2A:NM_001365383,2
GPER1:NM_001505,2
GPR146:NM_001303473,1
CYP2W1:NM_017781,0
C7orf50:NM_032350,5
COX19:NM_001031617,0
ADAP1:NM_001284308,2
GET4:NM_015949,2
SUN1:NM_001367639,0
DNAAF5:NM_017802,2
PRKAR1B:NM_001164759,3
PDGFA:NM_002607,0
FOXL3-OT1:NR_164665,2
FOXL3:NM_001374838,2
FAM20C:NM_020223,1
PDCD2:NM_002598,0
TBP:NM_001172085,0
PSMB1:NM_002793,0
FAM120B:NM_001286379,3
DLL1:NM_005618,2
ERMARD:NM_001278532,1
DYNLT2:NM_174910,1
PHF10:NM_018288,1
C6orf120:NM_001029863,1
WDR27:NM_182552,1
THBS2:NM_001381942,0
SMOC2:NM_001166412,1
DACT2:NM_001286351,3
FRMD1:NR_110312,4
KIF25:NM_005355,1
HGC6.3:NM_001129895,0
AFDN:NM_001366319,1
TTLL2:NM_031949,1
UNC93A:NM_001143947,0
GPR31:NM_005299,1
CCR6:NM_004367,2
CEP43:NM_194429,3
RNASET2:NM_003730,1
RPS6KA2:NM_001318936,1
MPC1:NM_001270879,1
SFT2D1:NM_145169,4
PRR18:NM_175922,1
TBXT:NM_003181,1
PDE10A:NM_001385079,3
C6orf118:NM_144980,2
QKI:NM_001301085,1
PACRG:NM_001080378,2
PRKN:NM_004562,2
AGPAT4:NM_020133,6
MAP3K4:NM_001363582,3
PLG:NM_000301,2
LPA:NM_005577,1
SLC22A3:NM_021977,2
SLC22A2:NM_003058,0
SLC22A1:NM_153187,3
IGF2R:NM_000876,2
MAS1:NM_002377,0
PNLDC1:NM_001271862,1
MRPL18:NR_134864,0
TCP1:NM_030752,0
ACAT2:NM_005891,2
WTAP:NM_004906,1
SOD2:NM_001322817,1
FNDC1:NM_032532,0
TAGAP:NM_054114,2
RSPH3:NM_031924,1
EZR:NM_001111077,2
SYTL3:NM_001009991,2
DYNLT1:NM_006519,4
TMEM181:NM_001376856,3
TULP4:NM_001007466,3
GTF2H5:NM_207118,1
SERAC1:NM_032861,1
SYNJ2:NM_003898,1
SNX9:NM_016224,6
ZDHHC14:NM_024630,2
TMEM242:NM_018452.6_2,2
ARID1B:NM_001371656,1
NMTRV-TAC1-1:NMTRV-TAC1-1,1
NOX3:NM_015718,1
CLDN20:NM_001001346,2
TIAM2:NM_012454,26
SCAF8:NM_001286194,3
CNKSR3:NM_173515,2
IPCEF1:NM_001130700,1
OPRM1:NM_001008503,3
RGS17:NM_012419,1
MTRF1L:NM_019041,2
FBXO5:NM_001142522,1
VIP:NM_194435,4
MYCT1:NM_001371624,5
SYNE1:NM_182961,1
ESR1:NM_001385568,2
CCDC170:NM_025059,1
ARMT1:NM_001286562,2
RMND1:NM_017909,3
ZBTB2:NM_020861,2
AKAP12:NM_005100,0
MTHFD1L:NM_015440,0
PLEKHG1:NM_001329799,3
IYD:NM_001318495,1
PPP1R14C:NM_030949,0
ULBP3:NM_024518,6
RAET1L:NM_130900,4
ULBP1:NM_001317089,2
ULBP2:NM_025217,2
RAET1G:NM_001001788,1
RAET1E:NM_001243328,3
LRP11:NM_032832,2
PCMT1:NM_001252051,6
NUP43:NM_198887,5
LATS1:NM_001350339,1
KATNA1:NM_007044,0
GINM1:NM_138785,3
PPIL4:NM_139126,3
ZC3H12D:NM_207360,2
SUMO4:NM_001002255,1
TAB2:NM_001292035,0
UST:NM_005715,1
SASH1:NM_001346505,1
SAMD5:NM_001030060,3
STXBP5:NM_139244,0
ADGB:NM_024694,2
RAB32:NM_006834,5
GRM1:NM_001278065,0
SHPRH:NM_173082,2
FBXO30:NM_032145,4
EPM2A:NM_001360064,2
UTRN:NM_007124,3
STX11:NM_003764,1
SF3B5:NM_031287,1
PLAGL1:NM_001080951,3
ZC2HC1B:NM_001013623,2
LTV1:NM_032860,1
PHACTR2:NM_001100166,5
FUCA2:NM_032020,3
PEX3:NM_003630,2
ADAT2:NM_182503,2
AIG1:NM_001366346,1
HIVEP2:NM_006734,1
ADGRG6:NM_001032395,0
VTA1:NM_001286372,2
GJE1:NM_001358410,1
NMBR:NM_001324307,2
CITED2:NM_006079,0
TXLNB:NM_153235,1
HECA:NM_016217,5
ABRACL:NM_021243,1
REPS1:NM_001286611,3
ECT2L:NM_001077706,0
CCDC28A:NM_015439,0
NHSL1:NM_020464,2
HEBP2:NM_001326380,4
SMIM28:NM_001368163,2
PBOV1:NM_021635,1
ARFGEF3:NM_020340,0
PERP:NM_022121,5
TNFAIP3:NM_006290,2
OLIG3:NM_175747,3
IFNGR1:NM_000416,1
IL22RA2:NM_052962,2
IL20RA:NM_014432,0
SLC35D3:NM_001008783,1
PEX7:NM_000288,3
MAP3K5:NM_005923,1
MAP7:NM_003980,0
BCLAF1:NM_014739,4
MTFR2:NM_001099286,6
PDE7B:NM_018945,0
AHI1:NM_001134831,1
MYB:NM_001161660,4
HBS1L:NM_001363686,3
ALDH8A1:NM_022568,1
SGK1:NM_001143676,1
SLC2A12:NM_145176,3
TBPL1:NM_001253676,0
TCF21:NM_198392,2
EYA4:NM_001301012,0
RPS12:NM_001016,1
SLC18B1:NM_052831,1
VNN2:NM_078488,1
VNN3:NM_001368149,1
VNN1:NM_004666,1
TAAR1:NM_138327,2
TAAR2:NM_001033080,4
TAAR5:NM_003967,2
TAAR6:NM_175067,3
TAAR8:NM_053278,0
TAAR9:NM_175057,1
STX7:NM_001326579,2
MOXD1:NM_015529,1
CCN2:NM_001901,1
ENPP1:NM_006208,3
CTAGE9:NM_001145659,1
OR2A4:NM_030908,1
ENPP3:NM_005021,1
MED23:NM_015979,4
ARG1:NM_001369020,1
AKAP7:NM_001387860,1
EPB41L2:NM_001350305,0
SMLR1:NM_001195597,1
TMEM200A:NM_001258276,1
SAMD3:NM_001258275,1
L3MBTL3:NM_001007102,2
TMEM244:NM_001010876,0
ARHGAP18:NM_033515,0
LAMA2:NM_001079823,1
PTPRK:NM_001291981,0
THEMIS:NM_001164687,0
C6orf58:NM_001010905,0
KIAA0408:NM_014702,1
SOGA3:NM_001012279,2
ECHDC1:NM_001002030,4
RNF146:NM_001242851,1
RSPO3:NM_032784,1
HINT3:NM_138571,1
NCOA7:NM_001199619,2
HEY2:NM_012259,4
HDDC2:NM_016063,0
TPD52L1:NM_001003397,3
RNF217:NM_001286398,0
NKAIN2:NM_153355,2
TRDN:NM_006073,2
CLVS2:NM_001010852,2
SMPDL3A:NM_001286138,2
FABP7:NM_001319042,2
PKIB:NM_181794,2
SERINC1:NM_020755,2
HSF2:NM_001135564,2
GJA1:NM_000165,2
TBC1D32:NM_001367759,0
MAN1A1:NM_005907,0
FAM184A:NM_001100411,1
ASF1A:NM_014034,0
MCM9:NM_001378357,4
PLN:NM_002667,0
CEP85L:NM_001178035,3
SLC35F1:NM_001029858,3
NUS1:NM_138459,0
GOPC:NM_020399,1
DCBLD1:NM_173674,1
ROS1:NM_001378891,0
VGLL2:NM_153453,1
RFX6:NM_173560,0
GPRC6A:NM_148963,0
FAM162B:NM_001085480,1
KPNA5:NM_001366308,2
ZUP1:NM_001361189,1
RSPH4A:NM_001161664,0
RWDD1:NM_015952,2
CALHM4:NM_001256889,1
CALHM5:NM_153711,1
TRAPPC3L:NM_001139444,1
CALHM6:NM_001276460,2
TSPYL1:NM_003309,1
DSE:NM_001322938,2
TSPYL4:NM_021648,2
COL10A1:NM_000493,1
NT5DC1:NM_152729,2
FRK:NM_002031,1
HS3ST5:NM_001387047,3
HDAC2:NM_001527,0
MARCKS:NM_002356,1
RFPL4B:NM_001013734,0
LAMA4:NM_001105207.3_2,1
FAM229B:NM_001033564.3_2,3
TUBE1:NM_016262.5_2,3
CCN6:NM_003880.4_2,0
FYN:NM_002037,5
TRAF3IP2:NM_147200,1
REV3L:NM_001286431,5
MFSD4B:NM_153369,0
SLC16A10:NM_018593,2
RPF2:NM_001289111,0
GTF3C6:NM_138408,7
AMD1:NM_001287215,2
CDK19:NM_001300964,2
SLC22A16:NM_033125,2
DDO:NM_001368172,0
METTL24:NM_001123364,0
CDC40:NM_015891,0
WASF1:NM_003931,0
GPR6:NM_005284,1
FIG4:NM_014845,1
AK9:NM_001145128,1
ZBTB24:NM_014797,1
MICAL1:NM_001286613,3
SMPD2:NM_003080,3
PPIL6:NM_001111298,3
CD164:NM_006016,2
CEP57L1:NM_001350662,3
SESN1:NM_014454,3
ARMC2:NM_001286609,4
FOXO3:NM_201559,2
AFG1L:NM_001323005,1
SNX3:NM_003795,3
NR2E1:NM_003269,0
OSTM1:NM_014028,1
SEC63:NM_007214,2
SCML4:NM_198081,2
SOBP:NM_018013,0
PDSS2:NM_020381.4_2,3
BEND3:NM_001367314.1_2,1
MTRES1:NM_016487.5_2,4
QRSL1:NM_018292,2
RTN4IP1:NM_001318746,2
CRYBG1:NM_001371242,3
ATG5:NM_004849,0
PRDM1:NM_001198,4
PREP:NM_002726,0
POPDC3:NM_022361,1
BVES:NM_001199563,1
LIN28B:NM_001004317,14
HACE1:NM_001350554,1
GRIK2:NM_021956,1
ASCC3:NM_006828,0
SIM1:NM_005068,3
MCHR2:NM_001040179,2
PRDM13:NM_021620,1
CCNC:NM_001013399,0
TSTD3:NM_001195131,1
USP45:NM_001346021,1
PNISR:NM_001322406,2
COQ3:NM_017421,0
FAXC:NM_001346531,2
FBXL4:NM_001278716,21
POU3F2:NM_005604,3
MMS22L:NM_198468,0
KLHL32:NM_001323258,1
NDUFAF4:NM_014165,1
GPR63:NM_001143957,5
FHL5:NM_001170807,2
UFL1:NM_015323,1
FUT9:NM_006581,1
MANEA:NM_024641,1
EPHA7:NM_004440,0
MAP3K7:NM_145331,0
BACH2:NM_021813,2
GJA10:NM_032602,0
CASP8AP2:NM_001137668,1
MDN1:NM_014611,3
LYRM2:NM_020466,1
ANKRD6:NM_001242809,1
RRAGD:NM_021244,7
UBE2J1:NM_016021,2
GABRR2:NM_002043,0
GABRR1:NM_001267582,0
PM20D2:NM_001010853,1
SRSF12:NM_080743,37
PNRC1:NM_006813,0
RNGTT:NM_003800,2
CNR1:NM_001370547,0
SPACA1:NM_030960,2
AKIRIN2:NM_018064,0
ORC3:NM_001197259,0
RARS2:NM_001350507,0
SLC35A1:NM_001168398,0
CFAP206:NM_001031743,2
LINC01590:NR_026784,3
C6orf163:NM_001010868,2
SMIM8:NM_001287445,1
GJB7:NM_198568,3
ZNF292:NM_015021,1
CGA:NM_001252383,0
HTR1E:NM_000865,0
SYNCRIP:NM_001159677,1
SNX14:NM_001350532,0
NT5E:NM_001204813,0
TBX18:NM_001080508,1
CEP162:NM_014895,1
MRAP2:NM_001346541,0
CYB5R4:NM_016230,0
RIPPLY2:NM_001009994,1
SNAP91:NM_014841,2
PRSS35:NM_153362,1
ME1:NM_002395,1
RWDD2A:NM_001322335,4
PGM3:NR_159812,4
DOP1A:NR_169791,0
UBE3D:NM_001350602,0
TPBG:NM_006670,2
IBTK:NM_015525,2
TENT5A:NM_017633,1
BCKDHB:NM_001318975,2
TTK:NM_003318,0
ELOVL4:NM_022726,0
SH3BGRL2:NM_031469,1
LCA5:NM_181714,0
HMGN3:NM_001201362,1
PHIP:NM_017934,1
IRAK1BP1:NM_001010844,2
MEI4:NM_001282136,1
HTR1B:NM_000863,0
IMPG1:NM_001563,3
MYO6:NM_001368138,2
SENP6:NM_001100409,1
FILIP1:NM_001300866,2
TMEM30A:NM_018247,1
COX7A2:NM_001366292,0
COL12A1:NM_004370,2
CD109:NM_001159588,0
SLC17A5:NM_001382631,0
EEF1A1:NM_001402,2
MTO1:NM_012123,4
CGAS:NM_138441,0
DDX43:NM_018665,2
OOEP:NM_001080507,1
KHDC3L:NM_001017361,2
DPPA5:NM_001025290,1
KHDC1:NM_001251874,3
KHDC1L:NM_001126063,2
KCNQ5-IT1:NR_120503,1
KCNQ5:NM_001160130,1
RIMS1:NM_014989,2
OGFRL1:NM_024576,3
B3GAT2:NM_080742,1
SMAP1:NM_021940,3
SDHAF4:NM_145267,0
FAM135A:NM_020819,2
COL9A1:NM_001851,2
COL19A1:NM_001858,2
LMBRD1:NM_018368,2
ADGRB3:NM_001704,0
EYS:NM_001292009,1
PHF3:NM_001370349,0
PTP4A1:NM_001385254,0
LGSN:NM_016571,1
MTRNR2L9:NM_001190706,1
KHDRBS2:NR_146870,2
PRIM2:NM_000947,2
RAB23:NM_016277,0
BAG2:NM_004282,4
ZNF451:NM_015555,56
KIAA1586:NM_001286275,0
BEND6:NM_152731,1
DST:NM_001374734,1
COL21A1:NM_001318752,3
BMP5:NM_021073,0
HMGCLL1:NM_019036,1
GFRAL:NM_207410,2
HCRTR2:NM_001526,1
FAM83B:NM_001010872,1
TINAG:NM_014464,2
MLIP:NM_138569,0
MLIP-IT1:NR_046832,1
LRRC1:NM_018214,1
KLHL31:NM_001003760,3
GCLC:NM_001498,1
ELOVL5:NM_001301856,2
GCM1:NM_003643,0
FBXO9:NM_033481,2
CILK1:NM_001375398,1
GSTA4:NM_001512,0
GSTA3:NM_000847,0
GSTA5:NM_153699,2
GSTA1:NM_145740,0
GSTA2:NM_000846,2
TMEM14A:NM_014051,1
TRAM2:NM_012288,1
EFHC1:NM_018100,48
PAQR8:NM_133367,0
MCM3:NM_001366373,1
IL17F:NM_052872,1
IL17A:NM_002190,2
PKHD1:NM_138694,0
TFAP2B:NM_003221,2
TFAP2D:NM_172238,4
DEFB112:NM_001369057,1
DEFB110:NM_001037728,0
DEFB113:NM_001037729,2
DEFB114:NM_001037499,5
CRISP1:NM_001205220,3
PGK2:NM_138733,1
CRISP3:NM_001368123,1
CRISP2:NM_003296,5
RHAG:NM_000324,0
GLYATL3:NM_001010904,4
CENPQ:NM_018132,1
MMUT:NM_000255,1
PTCHD4:NM_001384253,4
OPN5:NM_181744,1
ADGRF4:NM_001347855,4
ADGRF2:NM_153839,1
CD2AP:NM_012120,1
TNFRSF21:NM_014452,2
ADGRF1:NM_153840,0
ADGRF5:NM_015234,0
MEP1A:NM_005588,3
ANKRD66:NM_001162435,1
PLA2G7:NM_001168357,4
SLC25A27:NM_001204052,0
CYP39A1:NM_016593,0
RCAN2:NM_001251973,2
ENPP5:NM_001290072,2
ENPP4:NM_014936,0
CLIC5:NM_001370650,1
RUNX2:NM_001015051,2
SUPT3H:NR_146632,0
CDC5L:NM_001253,3
SPATS1:NM_145026,4
AARS2:NM_020745,0
TCTE1:NM_182539,43
TMEM151B:NM_001137560,7
NFKBIE:NM_004556,4
SLC35B2:NM_001286511,29
HSP90AB1:NM_001271970,0
SLC29A1:NM_001304466,2
MYMX:NM_001315494,1
CAPN11:NM_007058,52
TMEM63B:NM_001318792,4
MRPL14:NM_032111,3
C6orf223:NR_160956,2
VEGFA:NM_001171630,2
MRPS18A:NM_018135,2
RSPH9:NM_001193341,7
MAD2L1BP:NM_001003690,2
GTPBP2:NM_019096,2
POLH:NM_001291969,2
XPO5:NM_020750,2
POLR1C:NM_001363658,2
YIPF3:NM_015388,2
LRRC73:NM_001012974,36
TJAP1:NM_001146020,3
DLK2:NM_206539,1
ABCC10:NM_001350518,3
ZNF318:NM_014345,0
CRIP3:NM_206922,5
SLC22A7:NM_006672,0
TTBK1:NM_032538,3
DNPH1:NM_199184,0
CUL9:NM_015089,6
SRF:NM_003131,0
PTK7:NM_152881,0
KLC4:NM_001289035,0
MRPL2:NM_015950,0
CUL7:NM_001374872,40
RRP36:NM_001329704,1
KLHDC3:NM_057161,5
MEA1:NM_001318943,29
PPP2R5D:NM_180977,2
PEX6:NM_000287,0
GNMT:NM_001318865,46
CNPY3-GNMT:NM_001318858,3
PTCRA:NM_001243170,2
C6orf226:NM_001008739,8
RPL7L1:NM_198486,3
BICRAL:NM_001318819,4
TBCC:NM_003192,4
PRPH2:NM_000322,2
UBR2:NM_001363705,1
TRERF1:NM_001297573,2
MRPS10:NM_018141,2
GUCA1B:NM_002098,0
GUCA1A:NM_001384910,2
GUCA1ANB:NM_001384994,3
C6orf132:NM_001164446,1
TAF8:NM_138572,4
CCND3:NM_001136017,2
BYSL:NM_004053,1
MED20:NM_004275,1
USP49:NM_001286554,2
TOMM6:NM_001382294,4
PRICKLE4:NM_013397,1
FRS3:NM_006653,1
PGC:NM_002630,5
TFEB:NM_001167827,2
MDFI:NM_001300804,1
FOXP4:NM_001012427,1
NCR2:NM_004828,2
TREM1:NR_136332,2
TREML4:NM_198153,1
TREML2:NM_024807,1
TREM2:NM_018965,0
TREML1:NM_178174,0
NFYA:NM_021705,2
OARD1:NM_001329684,2
APOBEC2:NM_006789,1
TSPO2:NM_001010873,0
UNC5CL:NM_173561,1
LRFN2:NM_020737,1
MOCS1:NM_001075098,2
DAAM2:NM_001201427,0
KIF6:NM_001289021,1
KCNK16:NM_001363784,0
KCNK17:NM_001135111,4
KCNK5:NM_003740,2
SAYSD1:NM_001304793,0
GLP1R:NM_002062,4
DNAH8:NM_001371,2
GLO1:NM_006708,2
BTBD9:NM_052893,2
ZFAND3:NM_021943,2
MDGA1:NM_153487,2
CCDC167:NM_138493,4
CMTR1:NM_015050,1
RNF8:NM_183078,0
TBC1D22B:NM_017772,2
TMEM217:NM_001286401,1
PIM1:NM_001243186,3
FGD2:NM_173558,3
MTCH1:NM_014341,4
PI16:NM_001199159,2
C6orf89:NM_001286636,5
PPIL1:NM_016059,1
CPNE5:NM_001376889,2
RAB44:NM_001257357,2
CDKN1A:NM_001220777,1
SRSF3:NM_003017,2
STK38:NM_007271,1
KCTD20:NM_001286579,2
PXT1:NM_152990,2
ETV7:NM_001207035,6
BNIP5:NM_001010903,2
PNPLA1:NM_173676,1
BRPF3:NM_015695,4
MAPK13:NM_002754,6
MAPK14:NM_001315,1
SLC26A8:NM_138718,2
SRPK1:NM_003137,2
LHFPL5:NM_182548,2
CLPS:NM_001252597,0
CLPSL1:NM_001348773,4
CLPSL2:NM_207409,1
ARMC12:NM_001286574,3
FKBP5:NM_001145775,2
TULP1:NM_003322,7
TEAD3:NM_003214,2
RPL10A:NM_007104,0
FANCE:NM_021922,2
PPARD:NM_001171819,2
DEF6:NM_022047,3
ZNF76:NM_001292032,2
SCUBE3:NM_001303136,3
TCP11:NM_001261820,1
ANKS1A:NM_015245,0
TAF11:NM_005643,0
UHRF1BP1:NM_017754,22
SNRPC:NM_003093,2
ILRUN:NM_024294,5
SPDEF:NM_012391,0
PACSIN1:NM_020804,3
RPS10:NM_001203245,39
RPS10-NUDT3:NM_001202470,39
NUDT3:NM_006703,4
SMIM29:NM_178508,2
HMGA1:NM_001319081,2
GRM4:NM_001256809,1
MLN:NM_002418,4
LEMD2:NM_181336,0
IP6K3:NM_001142883,0
UQCC2:NM_032340,2
ITPR3:NM_002224,2
BAK1:NM_001188,5
ZBTB9:NM_152735.4_2,6
SYNGAP1:NM_001130066.2_2,3
CUTA:NM_015921.3_2,3
PHF1:NM_002636.5_2,1
KIFC1:NM_002263.4_3,3
SMIM40:NM_001369203.1_6,38
DAXX:NM_001141969.2_5,71
ZBTB22:NM_001145338.2_5,2
TAPBP:NM_003190.5_5,2
RGL2:NM_004761.5_5,0
PFDN6:NM_001265596.1_5,0
WDR46:NM_005452.6_5,0
B3GALT4:NM_003782.4_5,1
RPS18:NM_022551.3_6,1
VPS52:NM_001289175.1_7,1
RING1:NM_002931.4_6,2
HSD17B8:NM_014234.5_6,1
SLC39A7:NM_001288777.2_6,0
RXRB:NM_001291989.2_6,0
COL11A2:NM_080680.3_7,6
HLA-DPB1:NM_002121.6_8,2
HLA-DPA1:NM_001242524.2_8,1
HLA-DOA:NM_002119.4_7,7
BRD2:NM_005104.4_7,1
HLA-DMA:NM_006120.4_8,3
HLA-DMB:NM_002118.5_8,3
PSMB9:NM_002800.5_8,1
TAP1:NM_000593.6_8,1
PSMB8:NM_004159.5_8,5
TAP2:NM_018833.3_8,1
HLA-DOB:NM_002120.4_6,5
HLA-DQB2:NM_001300790.2_8,0
HLA-DQA2:NM_020056.5_8,0
HLA-DQB1:NM_001243961,1
HLA-DQA1:NM_002122.5_6,1
HLA-DRB1:NM_002124,1
HLA-DRB5:NM_002125,0
HLA-DRA:NM_019111.5_7,2
BTNL2:NM_001304561.1_8,3
TSBP1:NM_006781.5_8,3
NOTCH4:NM_004557.4_7,26
GPSM3:NM_022107.3_7,2
PBX2:NM_002586.5_7,5
AGER:NM_001206934.2_7,23
RNF5:NM_006913.4_7,0
AGPAT1:NM_032741.5_7,0
EGFL8:NM_030652.4_7,23
PPT2:NM_138717.3_8,0
PRRT1:NM_001363780.2_8,1
FKBPL:NM_022110.4_4,2
ATF6B:NM_004381.5_4,2
TNXB:NM_001365276.2_8,1
CYP21A2:NM_000500.9_5,0
C4B:NM_001002029.4_4,0
C4A:NM_001252204.2_3,4
DXO:NM_001371205.1_6,1
SKIV2L:NM_006929.5_6,1
NELFE:NM_002904.6_6,1
CFB:NM_001710.6_7,1
ZBTB12:NM_181842.3_5,3
C2:NM_001282457.2_7,23
EHMT2:NM_006709.5_7,23
SLC44A4:NM_025257.3_7,5
NEU1:NM_000434.4_8,56
HSPA1B:NM_005346.6_5,82
HSPA1A:NM_005345.6_5,1
HSPA1L:NM_005527.4_5,1
LSM2:NM_021177.5_6,5
VARS1:NM_006295.3_7,6
VWA7:NM_025258.3_6,5
SAPCD1:NM_001039651.1_6,26
MSH5:NM_172166.4_8,2
CLIC1:NM_001287593.1_7,44
DDAH2:NM_013974.3_7,2
MPIG6B:NM_138275.3_7,12
LY6G6C:NM_025261.3_7,12
LY6G6D:NM_021246.3_7,1
LY6G6F:NM_001003693.3_7,2
LY6G6F-LY6G6D:NM_001353334.2_7,2
ABHD16A:NM_021160.3_7,7
LY6G5C:NM_025262.3_7,3
LY6G5B:NM_021221.2_7,2
CSNK2B:NM_001282385.2_7,5
GPANK1:NM_001199237.1_7,5
C6orf47:NM_021184.4_7,3
APOM:NM_001256169.2_7,72
BAG6:NM_001387996.1_7,73
PRRC2A:NM_080686.3_7,4
AIF1:NM_001318970.2_6,15
NCR3:NM_001145466.2_8,4
LST1:NM_205838.3_8,2
LTB:NM_009588.1_8,19
TNF:NM_000594.4_8,75
LTA:NM_001159740.2_7,95
NFKBIL1:NM_001144963.2_7,4
ATP6V1G2:NM_138282.3_7,4
DDX39B:NM_004640.7_8,1
MCCD1:NM_001011700.3_8,37
MICB:NM_001289160.2_8,0
MICA:NM_001289154.2_4,1
HLA-B:NM_005514.8_6,0
HLA-C:NM_002117.6_6,0
POU5F1:NM_002701.6_7,3
TCF19:NM_001077511.2_7,0
CCHCR1:NM_019052.4_6,0
PSORS1C2:NM_014069.3_6,2
CDSN:NM_001264.5_6,4
PSORS1C1:NM_014068.3_6,5
C6orf15:NM_014070.3_6,2
MUC22:NM_001318484.1_6,3
MUC21:NM_001010909.5_5,0
MUCL3:NM_080870.4_5,37
SFTA2:NM_205854.3_6,0
VARS2:NM_001167733.3_6,7
GTF2H4:NM_001517.5_6,9
DDR1:NM_001387908.1_7,1
IER3:NM_003897.4_6,4
FLOT1:NM_005803.4_8,2
TUBB:NM_001293214.2_8,54
MDC1:NM_014641.3_8,93
NRM:NM_007243.3_7,4
PPP1R18:NM_001134870.2_7,2
DHX16:NM_001363515.2_8,2
C6orf136:NM_145029.4_7,77
ATAT1:NM_001031722.4_7,2
MRPS18B:NM_014046.4_7,0
PPP1R10:NM_001376195.1_7,0
ABCF1:NM_001090.3_7,0
PRR3:NM_001077497.3_7,1
GNL1:NM_005275.4_8,1
HLA-E:NM_005516.6_7,1
RPP21:NM_024839.4_7,3
TRIM39-RPP21:NM_001199119.1_7,1
TRIM39:NM_001369522.1_7,3
TRIM26:NM_003449.5_8,1
TRIM15:NM_033229.3_8,3
TRIM10:NM_006778.4_8,4
TRIM40:NM_001286633.2_8,8
TRIM31:NM_007028.5_8,2
RNF39:NM_025236.4_8,4
PPP1R11:NM_021959.3_8,2
POLR1H:NM_001278785.2_8,1
HLA-A:NM_002116.8_4,2
HLA-G:NM_001384280.1_8,3
HLA-F:NM_001098479.2_7,2
ZFP57:NM_001366333.2_8,4
MOG:NM_206814.6_8,6
GABBR1:NM_001470.4_8,3
OR2H2:NM_007160.4_7,1
UBD:NM_006398.4_7,0
MAS1L:NM_052967.2_8,3
OR2H1:NM_001318022.2_8,1
OR10C1:NM_013941.3_8,0
OR11A1:NM_013937.4_8,3
OR12D1:NM_001348208.1_7,2
OR12D2:NM_013936.4_6,2
OR12D3:NM_030959.3_6,3
OR5V1:NM_030876.6_5,3
OR14J1:NM_030946.2_7,2
OR2J2:NM_030905.3_8,2
OR2J3:NM_001005216.4_8,3
OR2J1:NM_001348294.2_8,0
OR2B3:NM_001005226.2_8,1
OR2W1:NM_030903.3_8,9
ZNF311:NM_001350637.4_7,2
TRIM27:NM_006510.5_7,7
ZBED9:NM_001329616.2_2,1
GPX5:NM_001509.3_2,6
GPX6:NM_182701.1_2,0
ZSCAN23:NM_001012455,2
ZSCAN12:NR_136510,3
ZKSCAN3:NM_001242895,4
ZSCAN31:NM_001135215,1
PGBD1:NM_001386059,7
ZSCAN26:NM_001287422,5
NKAPL:NM_001007531,28
ZKSCAN4:NM_001304506,29
ZSCAN9:NM_001199480,5
ZNF192P1:NR_103448,4
ZKSCAN8:NM_006298,3
ZSCAN16:NM_001320556,2
ZNF165:NM_001376494,5
OR1F12:NM_001355425,4
OR2B6:NM_012367,1
OR2B2:NM_033057,1
H2BC17:NM_003527,2
H2AC17:NM_003514,1
H3C12:NM_003535,0
H4C13:NM_003546,44
H3C11:NM_003533,78
H1-5:NM_005322,62
H2AC16:NM_003511,16
H2BC15:NM_003520,38
H2AC15:NM_003510,38
H4C12:NM_003541,5
H4C11:NM_021968,32
H2BC14:NM_003521,2
H2AC14:NM_021066,3
H3C10:NM_003536,5
H2AC13:NM_003509,4
H2BC13:NM_003519,4
ZNF391:NM_001322288,3
POM121L2:NM_033482,25
PRSS16:NM_005865,43
H2AC12:NM_080596,1
H4C9:NM_003495,2
H2BC12:NM_080593,1
H2AC11:NM_021064,3
H2BC11:NM_021058,3
ZNF322:NM_001242797.2_2,40
ABT1:NM_013375.4_2,60
HMGN4:NM_006353,80
BTN1A1:NM_001732,3
BTN2A1:NM_001197234,33
BTN3A3:NM_001242803,9
BTN3A1:NM_194441,20
BTN2A2:NM_001197239,23
BTN3A2:NM_001197248,22
H4C8:NM_003543,99
H2BC10:NM_003525,3
H3C8:NM_003534,2
H2BC9:NM_003524,43
H3C7:NM_021018,40
H4C7:NM_003547,2
H4C6:NM_003540,3
H1-3:NM_005320,33
H3C6:NM_001381999,1
H2AC8:NM_021052,71
H2BC8:NM_003518,75
H4C5:NM_003545,102
H2BC7:NM_003522,92
H2AC7:NM_021065,97
H3C4:NM_003530,97
H4C4:NM_003539,31
H2BC6:NM_003523,1
H2BC5:NM_138720,116
H1-4:NM_005321,96
H2AC6:NM_003512,163
H2BC4:NM_001381989,155
H1-6:NM_005323,1
H4C3:NM_003542,19
HFE:NM_139011,15
H1-2:NM_005319,67
H3C3:NM_003531,1
H2BC3:NM_021062,2
H2AC4:NM_003513,43
H3C2:NM_003537,69
H4C2:NM_003544,54
H4C1:NM_003538,28
H3C1:NM_003529,29
H1-1:NM_005325,3
TRIM38:NM_006355,34
SLC17A2:NM_001286123,1
SLC17A3:NM_001098486,2
SLC17A1:NM_005074,6
SLC17A4:NM_001286121,1
H2BC1:NM_170610,4
H2AC1:NM_170745,4
SCGN:NM_006998,1
CARMIL1:NM_001173977,8
RIPOR2:NM_001286446,1
ARMH2:NM_001282492,0
GMNN:NM_001251990,73
C6orf62:NM_030939,85
ACOT13:NM_018473,75
TDP2:NM_016614,73
KIAA0319:NM_001168375,6
ALDH5A1:NM_001368954,19
GPLD1:NM_001503,2
MRS2:NM_001286266,63
KAAG1:NM_181337,0
DCDC2:NM_001195610,2
NRSN1:NM_080723,1
HDGFL1:NM_138574,1
PRL:NM_001163558,1
SOX4:NM_003107,2
CDKAL1:NM_017774,50
E2F3:NM_001949,75
MBOAT1:NM_001080480,39
ID4:NM_001546,3
RNF144B:NM_182757,1
DEK:NM_003472,70
KDM1B:NM_153042,38
TPMT:NM_001346817,40
NHLRC1:NM_198586,3
KIF13A:NM_001105568,52
NUP153:NM_001278209,69
FAM8A1:NM_016255,55
CAP2:NM_001363534,3
RBM24:NM_001143942,2
STMND1:NM_001190766,6
ATXN1:NM_000332,14
GMPR:NM_006877,56
MYLIP:NM_013262,85
DTNBP1:NM_001271667,24
JARID2:NM_004973,107
CD83:NM_001251901,13
RNF182:NM_001165034,37
MCUR1:NM_001031713,51
RANBP9:NM_005493,74
NOL7:NM_001317724,70
SIRT5:NM_001242827,44
GFOD1:NM_018988,48
TBC1D7:NM_016495,68
TBC1D7-LOC100130357:NM_001318809,68
PHACTR1:NM_001322308,1
EDN1:NM_001168319,1
HIVEP1:NM_002114,61
ADTRP:NM_001143948,12
TMEM170B:NM_001100829,20
NEDD9:NR_073131,3
ERVFRD-1:NM_207582,3
SMIM13:NM_001135575,59
ELOVL2:NM_017770,9
SYCP2L:NM_001040274,41
GCM2:NM_004752,0
MAK:NM_001242385,39
TMEM14B:NM_001286489,47
TMEM14C:NM_016462,35
PAK1IP1:NM_017906,79
C6orf52:NM_001354357,80
GCNT2:NM_145649,6
TFAP2A:NM_001042425,2
SLC35B3:NM_015948,47
EEF1E1:NM_001135650,55
BLOC1S5:NM_001199322,38
EEF1E1-BLOC1S5:NR_037618,53
TXNDC5:NM_030810,32
BLOC1S5-TXNDC5:NR_037616,38
BMP6:NM_001718,8
SNRNP48:NM_152551,30
DSP:NM_001008844,1
RIOK1:NM_031480,74
CAGE1:NM_001170692,74
SSR1:NM_003144,59
RREB1:NM_001168344,88
LY86:NM_004271,2
F13A1:NM_000129,1
NRN1:NM_001278710,9
FARS2:NM_001318872,76
PPP1R3G:NM_001145115,6
LYRM4:NM_001318783,76
RPP40:NM_006638,44
CDYL:NM_001368125,2
ECI2:NM_206836,49
C6orf201:NM_001085401,1
FAM217A:NM_173563,1
PRPF4B:NM_003913,94
FAM50B:NM_012135,0
PXDC1:NM_183373,7
SLC22A23:NM_015482,22
PSMG4:NM_001128591,55
TUBB2B:NM_178012,12
TUBB2A:NM_001310315,30
BPHL:NM_004332,49
RIPK1:NM_001354931,20
NQO2:NM_001290222,44
SERPINB6:NM_001297700,34
SERPINB9:NM_004155,26
SERPINB1:NM_030666,26
WRNIP1:NM_130395,63
MYLK4:NM_001347872,8
GMDS:NM_001500,38
FOXC1:NM_001453,3
FOXF2:NM_001452,2
FOXQ1:NM_033260,1
HUS1B:NM_148959,1
EXOC2:NM_018303,32
IRF4:NM_001195286,2
DUSP22:NM_020185,34
OR4F3:NM_001005224,0
TRIM52:NM_032765,1
RACK1:NM_006098,1
TRIM41:NM_201627,3
TRIM7:NM_203293,0
OR2V2:NM_206880,1
OR2V1:NM_001258283,2
BTNL9:NM_152547,3
BTNL3:NM_197975,0
BTNL8:NM_001159707,2
ZFP62:NM_001377941,2
MGAT1:NM_001364379,0
OR2Y1:NM_001001657,3
FLT4:NM_182925,0
SCGB3A1:NM_052863,1
CNOT6:NM_001370473,0
GFPT2:NM_005110,0
MAPK9:NM_001364611,3
RASGEF1C:NM_175062,1
RNF130:NM_018434,0
TBC1D9B:NM_198868,3
MRNIP:NM_016175,1
SQSTM1:NM_001142298,2
MGAT4B:NM_014275,2
LTC4S:NM_145867,3
MAML1:NM_014757,0
CANX:NM_001363994,0
CBY3:NM_001164444,3
C5orf60:NM_001305388,0
HNRNPH1:NM_001364226,0
RUFY1:NM_025158,1
ADAMTS2:NM_014244,2
ZNF354C:NM_014594,0
ZNF879:NM_001136116,3
GRM6:NM_000843,0
ZNF454:NM_001178090,1
ZFP2:NM_030613,2
ZNF354B:NM_058230,2
ZNF354A:NM_005649,0
CLK4:NM_020666,1
COL23A1:NM_173465,0
PHYKPL:NM_001278346,0
HNRNPAB:NM_004499,0
GMCL2:NM_001358008,3
NHP2:NM_017838,0
RMND5B:NM_022762,4
N4BP3:NM_015111,2
FAM153CP:NR_149722,0
PROP1:NM_006261,1
FAM153A:NR_146226,2
B4GALT7:NM_007255,2
TMED9:NM_017510,4
FAM193B:NM_001190946,2
DDX41:NM_001321732,2
DOK3:NM_001375799,4
PDLIM7:NM_005451,3
DBN1:NM_001363541,0
PRR7:NM_001375593,0
GRK6:NM_001364164,1
F12:NM_000505,1
PFN3:NM_001029886,1
SLC34A1:NM_003052,2
RGS14:NM_006480,0
LMAN2:NM_006816,1
MXD3:NM_001142935,2
PRELID1:NM_001271828,3
RAB24:NM_001031677,3
NSD1:NM_172349,3
FGFR4:NM_001354984,2
ZNF346:NM_001308223,49
UIMC1:NM_001199297,0
HK3:NM_002115,1
UNC5A:NM_133369,3
TSPAN17:NM_001366492,0
EIF4E1B:NM_001099408,0
SNCB:NM_001001502,0
GPRIN1:NM_052899,2
CDHR2:NM_001171976,12
RNF44:NM_014901,1
FAF2:NM_014613,0
CLTB:NR_045724,2
HIGD2A:NM_138820,0
NOP16:NM_001317975,0
ARL10:NM_173664,0
KIAA1191:NR_109799,0
SIMC1:NM_198567,1
FAM153B:NR_169299,1
THOC3:NM_032361,1
CPLX2:NM_006650,2
HRH2:NM_001367711,2
SFXN1:NM_001322978,1
DRD1:NM_000794,4
MSX2:NM_002449,1
NSG2:NM_015980,0
C5orf47:NM_001144954,2
CPEB4:NM_001308191,2
BOD1:NM_138369,2
STC2:NM_003714,1
NKX2-5:NM_001166175,1
BNIP1:NM_013978,1
CREBRF:NM_153607,4
ATP6V0E1:NM_003945,2
RPL26L1:NM_001317981,0
ERGIC1:NM_001031711,0
DUSP1:NM_004417,0
NEURL1B:NM_001308177,2
SH3PXD2B:NM_001308175,1
UBTD2:NM_152277,3
EFCAB9:NM_001171183,0
STK10:NM_005990,0
FBXW11:NM_001378978,1
SMIM23:NM_001289970,1
FGF18:NM_003862,0
NPM1:NM_001355006,1
TLX3:NM_021025,3
RANBP17:NM_022897,3
GABRP:NM_001291985,2
KCNMB1:NM_004137,2
KCNIP1:NM_001034838,1
LCP2:NM_005565,0
FOXI1:NM_144769,0
INSYN2B:NM_001129891,1
DOCK2:NM_004946,0
SPDL1:NM_017785,1
SLIT3:NM_001271946,4
PANK3:NM_024594,2
FBLL1:NM_001355274,0
RARS1:NM_002887,2
WWC1:NM_015238,1
TENM2:NM_001122679,3
MAT2B:NM_182796,0
HMMR:NM_001142557,3
NUDCD2:NM_001329991,4
CCNG1:NR_157051,4
GABRG2:NM_001375347,1
GABRA1:NM_000806,1
GABRA6:NM_000811,1
GABRB2:NM_021911,1
ATP10B:NM_025153,1
PTTG1:NM_004219,0
SLU7:NM_001364522,0
ZBED8:NM_001303251,4
C1QTNF2:NM_031908,3
CCNJL:NR_131769,3
FABP6:NM_001130958,3
PWWP2A:NM_001349734,1
TTC1:NM_001282500,2
ADRA1B:NM_000679,1
IL12B:NM_002187,1
UBLCP1:NM_145049,0
RNF145:NM_001199380,1
EBF1:NM_001324111,0
CLINT1:NM_001195555,0
LSM11:NM_173491,2
THG1L:NM_001317824,0
C5orf52:NM_001145132,0
SOX30:NM_001308165,0
ADAM19:NM_033274,0
NIPAL4:NM_001172292,2
FNDC9:NM_001001343,1
CYFIP2:NM_001291721,0
ITK:NM_005546,0
FAM71B:NM_130899,2
MED7:NM_004270,0
HAVCR2:NM_032782,1
HAVCR1:NM_001308156,1
TIMD4:NM_138379,0
PPP1R2B:NM_206858,3
SGCD:NM_001128209,2
KIF4B:NM_001099293,2
MRPL22:NM_001014990,4
GEMIN5:NM_015465,4
CNOT8:NM_001301083,1
FAXDC2:NM_032385,3
LARP1:NM_001367715,1
HAND1:NM_004821,2
SAP30L:NM_001131063,1
GALNT10:NM_198321,2
MFAP3:NM_001135037,0
FAM114A2:NM_001317994,0
GRIA1:NM_001258019,1
NMUR2:NM_020167,2
GLRA1:NM_001146040,2
G3BP1:NM_198395,0
ATOX1:NM_004045,4
SPARC:NM_003118,2
FAT2:NM_001447,1
SLC36A1:NM_078483,0
SLC36A2:NM_181776,1
SLC36A3:NM_001145017,1
GM2A:NM_000405,0
CCDC69:NM_015621,0
ANXA6:NM_001155,0
TNIP1:NM_001252390,4
GPX3:NM_002084,1
ZNF300:NM_001172831,1
IRGM:NM_001346557,3
SMIM3:NM_032947,0
DCTN4:NM_001135643,0
RBM22:NM_018047,1
MYOZ3:NM_133371,1
SYNPO:NM_001166208,4
NDST1:NM_001301063,3
RPS14:NM_001025071,2
CD74:NM_001364084,1
TCOF1:NM_000356,1
ARSI:NM_001012301,2
CAMK2A:NM_001363989,1
SLC6A7:NM_014228,1
CDX1:NM_001804,5
PDGFRB:NM_001355017,1
CSF1R:NM_001375320,0
HMGXB3:NM_001366501,1
TIGD6:NM_001243253,1
SLC26A2:NM_000112,3
PDE6A:NM_000440,1
PPARGC1B:NM_001172698,2
ARHGEF37:NM_001001669,0
CSNK1A1:NM_001025105,0
IL17B:NM_001317987,2
PCYOX1L:NM_024028,0
GRPEL2:NM_152407,2
AFAP1L1:NM_001323062,3
ABLIM3:NM_001345860,2
SH3TC2:NM_024577,2
ADRB2:NM_000024,0
HTR4:NM_199453,2
FBXO38:NM_001271723,0
SPINK9:NM_001040433,0
SPINK7:NM_032566,2
SPINK13:NM_001040129,1
MARCOL:NM_001363511,4
SPINK6:NM_001195290,0
SPINK14:NM_001001325,1
SPINK5:NM_006846,3
C5orf46:NM_206966,1
SCGB3A2:NM_054023,0
SPINK1:NM_001354966,1
JAKMIP2:NM_001270941,2
DPYSL3:NM_001197294,0
STK32A:NM_001287740,0
PPP2R2B:NM_001271900,4
GPR151:NM_194251,1
TCERG1:NM_001040006,4
POU4F3:NM_002700,1
RBM27:NM_018989,1
LARS1:NM_020117,0
PLAC8L1:NM_001029869,1
SH3RF2:NM_152550,1
GRXCR2:NM_001080516,2
PRELID2:NM_138492,1
KCTD16:NM_020768,1
YIPF5:NM_001024947,1
HMHB1:NM_021182,1
NR3C1:NM_001018077,1
ARHGAP26:NM_015071,2
FGF1:NM_001257205,0
SPRY4:NM_030964,3
NDFIP1:NM_030571,0
GNPDA1:NM_005471,3
RNF14:NM_183399,5
PCDH12:NM_016580,5
DELE1:NM_001142603,1
PCDH1:NM_032420,1
ARAP3:NM_022481,3
FCHSD1:NM_033449,3
RELL2:NM_001130029,1
HDAC3:NM_003883,1
DIAPH1:NM_001314007,0
PCDHGC5:NM_018929,3
PCDHGC4:NM_001386884,2
PCDHGC3:NM_032403,2
PCDHGA12:NM_003735,3
PCDHGA11:NM_032092,0
PCDHGB7:NM_018927,2
PCDHGA10:NM_018913,0
PCDHGB6:NM_018926,1
PCDHGA9:NM_018921,1
PCDHGB5:NM_018925,5
PCDHGA8:NM_032088,2
PCDHGB4:NM_003736,2
PCDHGA7:NM_018920,1
PCDHGA6:NM_018919,0
PCDHGB3:NM_018924,2
PCDHGA5:NM_018918,2
PCDHGB2:NM_018923,2
PCDHGA4:NM_018917,2
PCDHGB1:NM_018922,2
PCDHGA3:NM_018916,4
PCDHGA2:NM_018915,8
PCDHGA1:NM_018912,19
TAF7:NM_005642,27
SLC25A2:NM_031947.4_2,1
PCDHB15:NM_018935.4_2,0
PCDHB14:NM_018934.4_2,0
PCDHB13:NM_018933.4_2,1
PCDHB12:NM_018932.4_2,2
PCDHB11:NM_018931.3_2,3
PCDHB10:NM_018930.4_2,0
PCDHB9:NM_019119.5_2,24
PCDHB16:NM_020957.4_2,10
PCDHB8:NM_019120.5_2,32
PCDHB7:NM_018940.4_2,1
PCDHB6:NM_001303145.2_2,1
PCDHB5:NM_015669.5_2,4
PCDHB4:NM_018938.4_2,1
PCDHB3:NM_018937.5_2,1
PCDHB2:NM_018936.4_2,2
PCDHB1:NM_013340.4_2,3
PCDHAC2:NM_018899.6_2,12
PCDHAC1:NM_018898.5_2,2
PCDHA13:NM_018904.3_2,4
PCDHA12:NM_018903.4_2,1
PCDHA11:NM_018902.5_2,0
PCDHA10:NM_031860.3_2,2
PCDHA9:NM_031857.2_2,1
PCDHA8:NM_018911.3_2,3
PCDHA7:NM_018910.3_2,2
PCDHA6:NM_031849.3_2,1
PCDHA5:NM_018908.3_2,1
PCDHA4:NM_018907.4_2,2
PCDHA3:NM_018906.3_2,5
PCDHA2:NM_018905.3_2,61
PCDHA1:NM_031411.3_2,4
ZMAT2:NM_144723,1
HARS2:NM_001363536,1
HARS1:NM_002109,1
DND1:NM_194249,1
WDR55:NM_017706,3
IK:NM_006083,2
NDUFA2:NM_002488,2
TMCO6:NM_001300982,1
CD14:NM_001174104,3
SLC35A4:NM_080670,3
APBB3:NM_006051,3
SRA1:NR_045586,6
EIF4EBP3:NM_003732,0
ANKHD1:NM_017747,1
ANKHD1-EIF4EBP3:NM_020690,1
SLC4A9:NM_001258426,2
HBEGF:NM_001945,1
PFDN1:NM_002622,1
CYSTM1:NM_032412,1
IGIP:NM_001007189,25
PURA:NM_005859,0
NRG2:NM_013982,1
PSD2:NM_032289,1
CXXC5:NM_001317201,2
UBE2D2:NM_003339,1
STING1:NM_198282,0
SMIM33:NM_001365197,1
ECSCR:NM_001077693,2
DNAJC18:NM_152686,0
SPATA24:NM_194296,1
PROB1:NM_001161546,1
MZB1:NM_016459,0
SLC23A1:NM_152685,4
PAIP2:NM_016480,1
MATR3:NM_001194954,2
SIL1:NM_001037633,3
LRRTM2:NM_015564,22
CTNNA1:NM_001290309,0
HSPA9:NM_004134,2
ETF1:NM_001256302,1
EGR1:NM_001964,1
REEP2:NM_016606,2
KDM3B:NM_016604,0
FAM53C:NM_001135647,1
CDC25C:NM_001364026,3
GFRA3:NM_001496,1
CDC23:NM_004661,0
KIF20A:NM_005733,3
BRD8:NM_139199,3
NME5:NM_003551,4
WNT8A:NR_125351,0
FAM13B:NM_001385868,2
PKD2L2:NM_001300921,3
MYOT:NM_001135940,0
HNRNPA0:NM_006805,3
KLHL3:NM_017415,1
SPOCK1:NM_004598,1
TRPC7:NM_020389,2
SMIM32:NM_001350994,1
SMAD5:NM_001001420,3
TGFBI:NM_000358,1
LECT2:NM_002302,2
IL9:NM_000590,0
SLC25A48:NM_001349335,2
CXCL14:NM_004887,2
NEUROG1:NM_006161,0
TIFAB:NM_001099221,1
DCANP1:NM_130848,1
MACROH2A1:NM_004893,0
PITX1:NM_002653,39
CATSPER3:NM_178019,0
PCBD2:NM_032151,3
TXNDC15:NM_001350735,1
C5orf24:NM_152409,0
DDX46:NM_014829,2
CAMLG:NM_001745,1
SEC24A:NM_021982,0
SAR1B:NM_001033503,42
JADE2:NM_001388188,1
CDKN2AIPNL:NM_080656,0
UBE2B:NM_003337,1
CDKL3:NM_001300853,1
PPP2CA:NM_002715,0
SKP1:NM_170679,1
TCF7:NM_003202,2
VDAC1:NM_003374,0
C5orf15:NM_020199,0
FSTL4:NM_015082,2
HSPA4:NM_002154,1
ZCCHC10:NM_001308127,1
AFF4:NM_014423,8
LEAP2:NM_052971,2
UQCRQ:NM_014402,3
GDF9:NM_001288825,3
SHROOM1:NM_001172700,0
SOWAHA:NM_175873,0
SEPTIN8:NM_001098811,1
CCNI2:NM_001039780,1
KIF3A:NM_001300791,1
IL4:NM_172348,7
IL13:NM_001354991,1
RAD50:NM_005732,1
IL5:NM_000879,3
IRF1:NM_002198,3
SLC22A5:NM_003060,2
SLC22A4:NM_003059,3
PDLIM4:NM_001131027,3
P4HA2:NM_001365679,1
CSF2:NM_000758,1
IL3:NM_000588,2
ACSL6:NM_001205250,2
MEIKIN:NM_001303622,2
FNIP1:NM_133372,1
RAPGEF6:NM_001164387,1
CDC42SE2:NM_001038702,1
LYRM7:NM_001293735,1
HINT1:NM_005340,0
CHSY3:NM_175856,0
MINAR2:NM_001257308,8
ADAMTS19:NM_133638,2
ISOC1:NM_016048,2
SLC27A6:NM_001317984,1
FBN2:NM_001999,0
SLC12A2:NM_001256461,1
CCDC192:NM_001317938,0
CTXN3:NM_001048252,4
PRRC1:NM_001286808,2
MEGF10:NM_001256545,0
C5orf63:NM_001164479,1
MARCHF3:NM_178450,2
LMNB1:NR_134488,1
TEX43:NM_207408,1
PHAX:NM_032177,1
ALDH7A1:NM_001201377,0
GRAMD2B:NM_001146319,3
ZNF608:NM_001385619,1
CSNK1G3:NM_001364148,7
CEP120:NM_001375408,1
PRDM6:NM_001136239,4
PPIC:NM_000943,3
SNX24:NM_014035,1
SNX2:NM_001278199,2
SNCAIP:NR_131762,2
ZNF474:NM_207317,1
LOX:NM_002317,0
SRFBP1:NM_152546,1
FTMT:NM_177478,2
PRR16:NM_016644,1
FAM170A:NM_001163991,2
HSD17B4:NM_001199292,2
TNFAIP8:NM_001077654,0
DMXL1:NM_001349240,1
DTWD2:NM_173666,1
SEMA6A:NM_001300780,4
COMMD10:NM_016144,0
ARL14EPL:NM_001385024,2
LVRN:NM_173800,10
AP3S1:NM_001318090,2
ATG12:NM_004707,1
CDO1:NM_001323565,0
TMED7:NM_181836,0
TICAM2:NM_021649,1
TMED7-TICAM2:NM_001164469,0
FEM1C:NM_020177,1
CCDC112:NM_001040440,1
PGGT1B:NM_005023,0
TRIM36:NM_018700,3
KCNN2:NM_001372233,2
YTHDC2:NM_001345976,2
TSSK1B:NM_032028,1
MCC:NM_001085377,2
DCP2:NM_001242377,0
REEP5:NM_005669,2
SRP19:NM_001204199,0
APC:NM_001127511,2
EPB41L4A:NM_001347887,0
NREP:NM_001142475,6
STARD4:NM_001308059,1
CAMK4:NM_001323375,2
WDR36:NM_139281,2
TSLP:NR_045089,0
SLC25A46:NM_001303250,2
TMEM232:NM_001039763,2
MAN2A1:NM_002372,0
PJA2:NM_014819,4
FER:NM_005246,1
FBXL17:NM_001163315,1
EFNA5:NM_001962,2
NUDT12:NM_031438,2
MACIR:NM_001377283.1_2,0
PPIP5K2:NM_001345877.2_2,0
GIN1:NM_017676.2_2,0
PAM:NM_001319943,0
SLCO6A1:NM_173488,1
SLCO4C1:NM_180991,2
ST8SIA4:NM_005668,2
FAM174A:NM_198507,4
CHD1:NM_001364113,1
RGMB:NM_001366510,0
RIOK2:NM_018343,0
LIX1:NM_153234,2
LNPEP:NM_005575,1
ERAP2:NM_001130140,2
ERAP1:NM_016442,1
CAST:NM_001190442,1
PCSK1:NM_000439,4
ELL2:NM_012081,2
GLRX:NM_001243659,0
RHOBTB3:NM_014899,1
SPATA9:NM_001349303,1
RFESD:NM_001375394,1
GPR150:NM_199243,0
ARSK:NM_198150,3
TTC37:NM_014639,3
FAM81B:NM_152548,1
MCTP1:NM_024717,32
SLF1:NM_032290,1
KIAA0825:NM_001385712,1
POU5F2:NM_153216,7
FAM172A:NM_001163417,0
NR2F1:NM_005654,0
ARRDC3:NM_020801,0
ADGRV1:NM_032119,0
LYSMD3:NM_198273,0
POLR3G:NM_001370354,2
MBLAC2:NM_203406,2
CETN3:NM_001297765,2
MEF2C:NM_001193347,2
TMEM161B:NM_001349407,0
CCNH:NM_001364075,2
RASA1:NM_002890,3
COX7C:NM_001867,0
EDIL3:NM_005711,1
HAPLN1:NM_001884,0
VCAN:NM_001126336,1
XRCC4:NM_003401,0
TMEM167A:NM_174909,0
ATP6AP1L:NM_001386119,0
RPS23:NM_001025,0
ATG10:NM_031482,3
SSBP2:NM_001256732,1
ACOT12:NM_130767,1
ZCCHC9:NM_001131036,1
CKMT2:NM_001099735,0
RASGRF2:NM_006909,32
MSH3:NM_002439,1
MTRNR2L2:NM_001190470,1
DHFR:NM_000791,1
ANKRD34B:NM_001004441,0
FAM151B:NM_205548,0
ZFYVE16:NM_014733,2
SPZ1:NM_032567,11
SERINC5:NM_178276,2
THBS4:NM_001306212,1
MTX3:NM_001363818,1
CMYA5:NM_153610,22
TENT2:NM_001388124,1
HOMER1:NM_004272,0
JMY:NM_152405,1
BHMT:NM_001713,0
BHMT2:NM_001178005,1
DMGDH:NM_013391,1
ARSB:NM_000046,0
LHFPL2:NM_005779,2
SCAMP1:NM_001290229,0
AP3B1:NM_001271769,4
TBCA:NM_001297738,4
OTP:NM_032109,0
WDR41:NM_018268,1
PDE8B:NM_001376074,0
ZBED3:NM_032367,0
AGGF1:NM_018046,2
CRHBP:NM_001882,1
S100Z:NM_130772,1
F2RL1:NM_005242,2
F2R:NM_001992,1
F2RL2:NM_004101,4
IQGAP2:NM_006633,0
SV2C:NM_001297716,0
POC5:NM_001099271,0
ANKDD1B:NM_001276713,1
POLK:NM_001345921,3
CERT1:NM_005713,3
HMGCR:NM_001364187,2
ANKRD31:NM_001372053,5
GCNT4:NM_001366737,0
FAM169A:NM_015566,2
NSA2:NM_001271665,2
GFM2:NM_001281302,2
HEXB:NM_001292004,3
ENC1:NM_001256574,3
ARHGEF28:NM_001388076,0
UTP15:NM_032175,1
ANKRA2:NM_023039,1
BTF3:NM_001207,2
FOXD1:NM_004472,2
TMEM174:NM_153217,2
TMEM171:NM_001161342,1
FCHO2:NM_001146032,1
TNPO1:NM_001364295,0
ZNF366:NM_152625,2
PTCD2:NM_001284403,2
MRPS27:NM_001286748,2
MAP1B:NM_005909,0
CARTPT:NM_004291,1
MCCC2:NM_001363147.1_2,0
BDP1:NM_018429.3_2,0
GTF2H2:NM_001364573,0
NAIP:NM_004536.3_2,1
SMN1:NM_022874.2_2,0
SERF1A:NM_021967.4_2,0
SMN2:NM_022877,2
SERF1B:NM_022978,2
GTF2H2C:NM_001376000.2_2,2
OCLN:NM_002538.4_2,2
MARVELD2:NM_001244734.2_2,1
RAD17:NM_133343.2_2,0
TAF9:NM_001015892.2_2,0
AK6:NM_001015891.2_2,0
CCDC125:NM_176816.5_2,0
CDK7:NM_001324072.1_2,0
MRPS36:NM_033281.6_2,2
CENPH:NM_022909,0
CCNB1:NM_001354845,0
SLC30A5:NM_022902,1
PIK3R1:NM_181523,2
CD180:NM_005582,2
MAST4:NM_001164664,0
SREK1:NM_001323535,3
ERBIN:NM_001253701,1
NLN:NM_020726,3
SGTB:NM_019072,3
SHLD3:NM_001365341,3
TRAPPC13:NM_001365343,3
TRIM23:NM_001656,3
PPWD1:NM_001278929,2
CENPK:NM_001349369,2
ADAMTS6:NM_197941,0
CWC27:NM_001297644,0
SREK1IP1:NM_173829,0
SHISAL2B:NM_001164442,1
RGS7BP:NM_001029875,3
RNF180:NM_001113561,0
HTR1A:NM_000524,1
LRRC70:NM_181506,1
IPO11-LRRC70:NR_073584,1
IPO11:NM_016338,1
DIMT1:NM_001348077,1
KIF2A:NM_001243953,1
ZSWIM6:NM_020928,2
SMIM15:NM_001048249,1
NDUFAF2:NM_174889,1
ERCC8:NM_001007233,1
ELOVL7:NM_001297617,2
DEPDC1B:NM_018369,0
PDE4D:NM_001364599,1
RAB3C:NM_001317915,2
GAPT:NM_001304431,1
PLK2:NM_006622,1
ACTBL2:NM_001017992,1
GPBP1:NM_001203246,0
MIER3:NM_001297598,1
SETD9:NM_001171990,0
MAP3K1:NM_005921,1
ANKRD55:NM_024669,2
IL6ST:NM_002184,4
IL31RA:NM_001242637,1
DDX4:NM_001166533,0
SLC38A9:NM_001349382,2
PLPP1:NM_176895,0
MTREX:NM_015360,1
DHX29:NM_001345965,1
CCNO:NM_021147,1
MCIDAS:NM_001190787,3
GPX8:NM_001306201,3
CDC20B:NM_001170402,2
GZMA:NM_006144,0
GZMK:NM_002104,1
ESM1:NM_007036,0
SNX18:NM_001102575,2
HSPB3:NM_006308,3
ARL15:NM_019087,2
NDUFS4:NM_001318051,0
FST:NM_013409,1
MOCS2:NM_004531,0
ITGA2:NM_002203,1
PELO:NM_015946,2
ITGA1:NM_181501,2
ISL1:NM_002202,2
PARP8:NM_001178055,0
EMB:NM_198449,0
HCN1:NM_021072,3
MRPS30:NM_016640,77
FGF10:NM_004465,2
NNT:NM_012343,54
PAIP1:NM_183323,66
C5orf34:NM_198566,61
TMEM267:NM_001377396,63
CCL28:NM_001301873,3
HMGCS1:NM_001324220,34
NIM1K:NM_153361,1
ZNF131:NM_001330708,51
ANXA2R:NM_001382352,55
SELENOP:NM_001093726,2
CCDC152:NM_001134848,11
GHR:NM_000163,3
FBXO4:NM_001297437,38
C5orf51:NM_175921,53
OXCT1:NM_001364300,25
PLCXD3:NM_001005473,1
C6:NM_001115131,1
MROH2B:NM_173489,3
C7:NM_000587,1
CARD6:NM_032587,14
RPL37:NM_000997,110
PRKAA1:NM_206907,81
TTC33:NM_012382,28
PTGER4:NM_000958,7
DAB2:NM_001343,38
C9:NM_001737,5
FYB1:NM_001243093,0
RICTOR:NM_001285439,69
OSMR:NM_001323505,8
LIFR:NM_002310,0
EGFLAM:NM_152403,3
GDNF:NM_000514,2
WDR70:NM_001345999,19
NUP155:NM_004298,49
CPLANE1:NM_001384732,3
NIPBL:NM_133433,125
SLC1A3:NM_001289939,2
RANBP3L:NM_001161429,3
NADK2:NM_001287341,34
SKP2:NM_001243120,67
LMBRD2:NM_001007527,67
UGT3A2:NM_174914,1
UGT3A1:NM_152404,1
CAPSL:NM_144647,1
IL7R:NM_002185,3
SPEF2:NM_024867,3
PRLR:NM_000949,0
AGXT2:NM_031900,4
DNAJC21:NM_001012339,37
BRIX1:NM_018321,121
RAD1:NM_002853,120
RAI14:NM_001145522,39
C1QTNF3-AMACR:NR_037951,1
AMACR:NM_014324,35
SLC45A2:NM_016180,3
RXFP3:NM_016568,1
ADAMTS12:NM_030955,3
TARS1:NM_001258437,97
NPR3:NM_001364458,2
SUB1:NM_006713,61
ZFR:NM_016107,39
MTMR12:NM_001040446,41
GOLPH3:NM_022130,75
PDZD2:NM_178140,12
C5orf22:NM_018356,84
DROSHA:NM_001382508,84
CDH6:NM_004932,1
CDH9:NM_016279,1
CDH10:NM_006727,3
PRDM9:NM_001376900,1
CDH12:NM_001364105,2
CDH18:NM_001349558,2
H3Y1:NM_001355258,1
H3Y2:NM_001371919,0
LINC02218:NR_134270,1
BASP1:NM_001271606,1
MYO10:NM_012334,2
RETREG1:NM_001034850,1
ZNF622:NM_033414,80
MARCHF11:NM_001102562,2
FBXL7:NM_012304,0
ANKH:NM_054027,11
OTULIN:NM_138348,56
OTULINL:NM_019018,1
TRIO:NM_007118,19
DNAH5:NM_001369,0
CTNND2:NM_001332,0
DAP:NM_004394,70
ANKRD33B:NM_001164440,8
ROPN1L:NM_001201466,30
MARCHF6:NM_001270661,111
CMBL:NM_138809,53
CCT5:NM_001306153,111
ATPSCKMT:NM_199133,111
TAS2R1:NM_001386348,2
SEMA5A:NM_003966,1
MTRR:NM_024010,71
FASTKD3:NM_024091,71
C5orf49:NM_001089584,2
ADCY2:NM_020546,1
TENT4A:NM_001171805,49
SRD5A1:NM_001324322,70
NSUN2:NM_017755,72
UBE2QL1:NM_001145161,0
MED10:NM_032286,41
ICE1:NM_015325,60
ADAMTS16:NM_139056,0
IRX1:NM_024337,0
C5orf38:NM_001294337,0
IRX2:NM_001134222,0
IRX4:NM_001278633,1
NDUFS6:NM_004553,92
MRPL36:NM_032479,96
LPCAT1:NM_024830,18
SLC6A3:NM_001044,0
CLPTM1L:NM_030782,63
TERT:NM_198253,5
SLC6A18:NM_182632,0
SLC6A19:NM_001003841,0
SLC12A7:NM_006598,4
NKD2:NM_033120,1
TRIP13:NM_004237,84
BRD9:NM_001375863,84
ZDHHC11:NM_024786,4
ZDHHC11B:NM_001351303,6
TPPP:NM_007030,2
SLC9A3:NM_004174,1
EXOC3:NM_007277,28
AHRR:NM_001377236,2
PDCD6:NM_001267558,35
PDCD6-AHRR:NR_165163,35
SDHA:NM_001294332,55
CCDC127:NM_145265,55
LRRC14B:NM_001080478,3
PLEKHG4B:NM_052909,2
FRG2:NM_001286820.2_2,0
FRG1:NM_004477.3_2,0
TRIML1:NM_178556,1
TRIML2:NM_173553,1
ZFP42:NM_001304358,1
FAT1:NM_005245,1
MTNR1A:NM_005958,2
F11:NM_000128,0
KLKB1:NM_001318394,2
CYP4V2:NM_207352,0
FAM149A:NM_001367768,1
TLR3:NM_003265,2
SORBS2:NM_001270771,0
PDLIM3:NM_001114107,2
CCDC110:NM_152775,1
C4orf47:NM_001346007,0
UFSP2:NM_018359,0
ANKRD37:NM_181726,4
LRP2BP:NM_001385605,4
SNX25:NM_001317781,1
CFAP97:NM_020827,1
SLC25A4:NM_001151,2
HELT:NM_001300782,1
ACSL1:NM_001381878,0
CENPU:NM_024629,2
PRIMPOL:NM_001345901,2
CASP3:NM_001354783,2
IRF2:NM_002199,30
ENPP6:NM_153343,2
TRAPPC11:NM_199053,2
RWDD4:NM_152682,2
ING2:NM_001564,1
CDKN2AIP:NM_001317343,1
CLDN24:NM_001185149,0
CLDN22:NM_001111319,0
WWC2:NM_024949,3
DCTD:NM_001351743,3
TENM3:NM_001080477,0
AGA:NM_000027,1
NEIL3:NM_018248,2
VEGFC:NM_005429,0
SPCS3:NM_021928,1
ASB5:NM_080874,4
SPATA4:NM_144644,2
WDR17:NM_001378106,2
GPM6A:NM_001261447,4
ADAM29:NM_001278127,0
GLRA3:NM_006529,0
HPGD:NM_001256301,0
CEP44:NM_001145314,0
FBXO8:NM_012180,0
HAND2:NM_021973,3
SCRG1:NM_001329597,1
SAP30:NM_003864,1
HMGB2:NM_001130688,1
GALNT7:NM_001375601,3
GALNTL6:NM_001034845,3
AADAT:NM_001286683,0
MFAP3L:NM_021647,0
HPF1:NM_017867,0
CLCN3:NM_001243372,0
NEK1:NM_001374418,1
SH3RF1:NM_020870,1
CBR4:NM_032783,2
PALLD:NM_016081,3
DDX60L:NM_001378072,0
DDX60:NM_017631,2
ANXA10:NM_007193,4
SPOCK3:NM_001204352,1
TLL1:NM_012464,2
CPE:NM_001873,1
MSMO1:NM_001017369,0
KLHL2:NM_001331023,0
TMEM192:NM_001100389,2
TRIM60:NM_152620,1
TRIM61:NM_001012414,0
APELA:NM_001297550,1
SMIM31:NM_001352885,2
ANP32C:NM_012403,1
MARCHF1:NM_001166373,3
TMA16:NM_018352,1
TKTL2:NM_032136,1
NPY5R:NM_006174,0
NPY1R:NM_000909,2
NAF1:NM_001128931,3
FSTL5:NM_020116,2
RAPGEF2:NM_001351724,0
C4orf45:NM_152543,0
FNIP2:NM_001346043,1
PPID:NM_005038,0
ETFDH:NM_001281737,1
RXFP1:NM_001363776,0
TMEM144:NM_018342,2
GASK1B:NM_001031700,0
GRIA2:NM_001379000,1
GLRB:NM_001166061,0
PDGFC:NM_016205,3
CTSO:NM_001334.3_2,0
TDO2:NM_005651.4_2,0
ASIC5:NM_017419.3_2,1
GUCY1B1:NM_001291955,2
GUCY1A1:NM_001379666,2
NMTRQ-TTG15-1:NMTRQ-TTG15-1,1
MAP9:NM_001039580,1
NPY2R:NM_001375470,0
RBM46:NM_144979,2
LRAT:NM_001301645,2
FGG:NM_000509,1
FGA:NM_000508,0
FGB:NM_001382759,2
PLRG1:NM_002669,3
DCHS2:NM_001358235,0
SFRP2:NM_003013,0
RNF175:NM_173662,1
TLR2:NM_001318793,2
TMEM131L:NM_015196,0
MND1:NM_001253861,0
TRIM2:NM_001375517,2
FHDC1:NM_001371116,1
ARFIP1:NM_014447,1
TIGD4:NM_145720,1
TMEM154:NM_152680,1
FBXW7:NM_001349798,0
GATB:NM_004564,4
FAM160A1:NM_001348694,2
PRSS48:NM_001353611,2
SH3D19:NM_001378121,3
RPS3A:NM_001006,1
MAB21L2:NM_006439,1
LRBA:NM_001367550,2
DCLK2:NM_001040260,2
IQCM:NM_001363507,0
NR3C2:NM_001354819,4
ARHGAP10:NM_024605,0
PRMT9:NM_001350142,2
TMEM184C:NM_018241,1
EDNRA:NM_001166055,1
TTC29:NM_001300761,1
POU4F2:NM_004575,0
SLC10A7:NM_001300842,1
REELD1:NM_001371071,2
LSM6:NM_007080,0
ZNF827:NM_178835,4
C4orf51:NM_001080531,0
MMAA:NM_172250,3
SMAD1:NM_001354812,1
NMNAT1P4:NMNAT1P4,3
OTUD4:NM_001366057,2
ABCE1:NM_001040876,0
ANAPC10:NM_001256708,0
HHIP:NM_022475,4
GYPA:NM_002099,1
GYPB:NM_002100,2
GYPE:NM_198682,0
FREM3:NM_001168235,4
SMARCA5:NM_003601,0
GAB1:NM_002039,3
USP38:NM_032557,1
INPP4B:NM_003866,0
IL15:NM_000585,2
ZNF330:NM_001292002,0
RNF150:NM_020724,2
TBC1D9:NM_015130,4
UCP1:NM_021833,0
ELMOD2:NM_153702,0
MGAT4D:NM_001277353,4
CLGN:NM_001130675,1
SCOC:NM_032547,2
MAML3:NM_018717,2
MGST2:NM_001204367,3
SETD7:NM_001306199,3
RAB33B:NM_031296,35
NAA15:NM_057175,0
NDUFC1:NM_001184988,0
MGARP:NM_032623,2
ELF2:NM_201999,1
NOCT:NM_012118,1
SLC7A11:NM_014331,1
PCDH18:NM_019035,0
PABPC4L:NM_001363585,2
PCDH10:NM_032961,2
C4orf33:NM_173487,0
SCLT1:NM_144643,0
JADE1:NM_001287437,3
PGRMC2:NM_006320,1
LARP1B:NR_146772,1
ABHD18:NM_001366041,3
MFSD8:NM_152778,3
PLK4:NM_001190799,2
HSPA4L:NM_001317381,1
SLC25A31:NM_031291,3
INTU:NM_015693,6
FAT4:NM_024582,0
ANKRD50:NM_020337,1
SPRY1:NM_199327,2
SPATA5:NM_001345856,3
NUDT6:NM_198041,3
FGF2:NM_002006,2
BBS12:NM_152618,2
IL21:NM_021803,2
IL2:NM_000586,2
ADAD1:NM_139243,3
KIAA1109:NM_001384125,1
TRPC3:NM_001130698,2
BBS7:NM_176824,1
CCNA2:NM_001237,1
EXOSC9:NM_005033,2
SMIM43:NR_169196,2
ANXA5:NM_001154,0
QRFPR:NM_198179,0
TNIP3:NM_001244764,2
NDNF:NM_024574,0
PRDM5:NM_001379104,1
MAD2L1:NM_002358,1
PDE5A:NM_001083,2
FABP2:NM_000134,1
C4orf3:NM_001170330,2
USP53:NM_001371396,3
MYOZ2:NM_016599,1
SYNPO2:NM_001286754,3
SEC24D:NM_001318066,0
METTL14:NM_020961,1
PRSS12:NM_003619,0
NDST3:NR_146513,3
TRAM1L1:NM_152402,3
NDST4:NM_022569,1
UGT8:NM_001322112,1
ARSJ:NM_001354211,0
CAMK2D:NM_001321585,1
ANK2:NM_001386187,2
LARP7:NM_001370982,2
ZGRF1:NM_018392,2
NEUROG2:NM_024019,1
ALPK1:NM_001253884,3
TIFA:NM_052864,0
AP1AR:NM_001128426,1
FAM241A:NM_152400,2
PITX2:NM_001204397,0
ENPEP:NM_001379613,1
ELOVL6:NM_024090,3
EGF:NM_001357021,3
LRIT3:NM_198506,1
RRH:NM_006583,2
GAR1:NM_032993,0
CFI:NM_001375278,4
PLA2G12A:NM_030821,1
CASP6:NM_001226,2
MCUB:NM_017918,0
SEC24B:NM_001318086,1
COL25A1:NM_198721,0
ETNPPL:NM_001331031,3
OSTC:NM_001267817,0
RPL34:NM_000995,1
LEF1:NM_016269,2
HADH:NM_005327,4
CYP2U1:NM_183075,1
SGMS2:NM_001136258,0
PAPSS1:NM_005443,4
DKK2:NM_014421,2
GIMD1:NM_001195138,0
AIMP1:NM_001142415,2
TBCK:NM_001163436,3
NPNT:NM_001184692,0
GSTCD:NM_024751,3
INTS12:NM_020395,3
ARHGEF38:NM_001242729,1
PPA2:NM_006903,2
TET2:NM_001127208,5
CXXC4:NM_025212,1
TACR3:NM_001059,1
CENPE:NM_001813,0
BDH2:NM_020139,2
SLC9B2:NM_001370201,2
SLC9B1:NM_001100874,0
CISD2:NM_001008388,1
UBE2D3:NM_181890,1
MANBA:NM_005908,1
NFKB1:NM_001382628,0
SLC39A8:NM_001135147,0
BANK1:NM_001127507,3
PPP3CA:NM_000944,1
EMCN:NM_016242,2
DDIT4L:NM_145244,1
H2AZ1:NM_002106,1
DNAJB14:NM_001031723,0
LAMTOR3:NM_001243736,3
DAPP1:NM_014395,3
C4orf54:NM_001354435,2
MTTP:NM_001300785,0
TRMT10A:NM_001134665,0
C4orf17:NM_032149,1
ADH7:NM_000673,4
ADH1C:NM_000669,2
ADH1B:NM_001286650,2
ADH1A:NM_000667,1
ADH6:NM_000672,1
ADH4:NM_001306171,2
ADH5:NM_000671,1
METAP1:NM_015143,2
EIF4E:NM_001130678,3
TSPAN5:NM_005723,1
RAP1GDS1:NM_001100429,1
STPG2:NM_174952,1
PDHA2:NM_005390,2
UNC5C:NM_003728,1
BMPR1B:NM_001203,0
PDLIM5:NM_001256428,5
HPGDS:NM_014485,3
SMARCAD1:NM_001375858,1
ATOH1:NM_005172,0
GRID2:NM_001510,0
CCSER1:NM_001145065,0
MMRN1:NM_001371403,1
SNCA:NM_001375285,0
GPRIN3:NM_198281,0
TIGD2:NM_001382380,0
FAM13A:NM_014883,3
NAP1L5:NM_153757,1
HERC3:NM_001375482,2
PYURF:NM_032906,2
PIGY:NM_001042616,2
HERC5:NM_016323,6
HERC6:NM_001165136,3
PPM1K:NM_152542,1
ABCG2:NM_001348985,4
PKD2:NM_000297,2
SPP1:NM_001251829,0
MEPE:NM_001184694,1
IBSP:NM_004967,1
DMP1:NM_001079911,0
DSPP:NM_014208,2
SPARCL1:NM_001291977,2
NUDT9:NM_198038,0
HSD17B11:NM_016245,1
HSD17B13:NM_178135,1
KLHL8:NM_020803,4
AFF1:NM_001166693,1
C4orf36:NM_144645,5
SLC10A6:NM_197965,0
PTPN13:NM_080684,1
MAPK10:NM_002753,2
ARHGAP24:NM_001025616,1
WDFY3:NM_014991,1
CDS1:NM_001263,0
NKX6-1:NM_006168,3
GPAT3:NM_001256422,0
ABRAXAS1:NM_139076,2
MRPS18C:NM_001297770,2
HELQ:NM_001297756,2
HPSE:NM_006665,0
COQ2:NM_015697,0
PLAC8:NM_016619,2
COPS4:NM_001258006,0
LIN54:NM_001115007,2
THAP9:NM_024672,3
SEC31A:NM_001318120,3
SCD5:NM_001037582,0
TMEM150C:NM_001353454,27
ENOPH1:NM_001292017,3
HNRNPDL:NM_031372,3
HNRNPD:NM_031370,3
RASGEF1B:NM_152545,0
PRKG2:NM_001363401,1
BMP3:NM_001201,3
CFAP299:NM_152770,0
FGF5:NM_033143,0
PRDM8:NM_020226,0
ANTXR2:NM_001286780,2
GK2:NM_033214,1
NAA11:NM_032693,3
PAQR3:NM_001350106,1
BMP2K:NM_198892,2
ANXA3:NM_005139,2
FRAS1:NM_025074,0
MRPL1:NM_020236,7
CNOT6L:NM_001365006,2
CXCL13:NM_006419,1
CCNG2:NM_004354,2
CCNI:NM_006835,2
SEPTIN11:NM_018243,1
SOWAHB:NM_001029870,59
SHROOM3:NM_020859,1
CCDC158:NM_001042784,0
STBD1:NM_003943,1
FAM47E-STBD1:NM_001242939,1
FAM47E:NM_001242936,1
SCARB2:NM_005506,1
NUP54:NM_017426,2
CXCL11:NM_005409,2
CXCL10:NM_001565,3
ART3:NM_001377183,2
CXCL9:NM_002416,0
SDAD1:NM_001288984,3
NAAA:NM_001042402,2
PPEF2:NM_006239,4
USO1:NM_003715,1
G3BP2:NM_203505,3
CDKL2:NM_001330724,2
ODAPH:NM_001257072,2
RCHY1:NM_001387136,1
PARM1:NM_015393,1
BTC:NM_001729.4_2,1
AREG:NM_001657,4
EREG:NM_001432,2
EPGN:NM_001270993,2
MTHFD2L:NM_001144978,2
CXCL2:NM_002089,2
CXCL3:NM_002090,1
CXCL5:NM_002994,2
PPBP:NM_002704,4
PF4:NM_001363352,0
CXCL1:NM_001511,1
PF4V1:NM_002620,0
CXCL6:NM_002993,2
CXCL8:NM_000584,1
RASSF6:NM_001270392,1
AFM:NM_001133,1
AFP:NM_001354717,3
ALB:NM_000477,2
ANKRD17:NM_032217,7
COX18:NM_001297733,2
ADAMTS3:NM_014243,1
NPFFR2:NM_004885,1
GC:NM_001204306,3
SLC4A4:NM_001134742,2
DCK:NM_000788,8
MOB1B:NM_173468,0
GRSF1:NM_002092,3
RUFY3:NM_001037442,2
UTP3:NM_020368,1
JCHAIN:NM_144646,1
ENAM:NM_031889,1
AMBN:NM_016519,2
AMTN:NM_001286731,2
MUC7:NM_001145006,2
OPRPN:NM_021225,2
SMR3B:NM_006685,1
SMR3A:NM_012390,0
CABS1:NM_033122,0
CSN3:NM_005212,0
FDCSP:NM_152997,1
ODAM:NM_001385579,7
PRR27:NM_214711,0
HTN1:NM_001368990,2
HTN3:NM_000200,6
STATH:NM_001009181,1
CSN2:NM_001891,0
CSN1S1:NM_001025104,4
SULT1E1:NM_005420,1
SULT1B1:NM_014465,1
UGT2A2:NM_001105677,1
UGT2A1:NM_001252274,5
UGT2B4:NM_001297616,2
UGT2B28:NM_001207004,0
UGT2B11:NM_001073,0
UGT2B7:NM_001349568,3
UGT2A3:NM_024743.4_2,4
UGT2B10:NM_001290091.2_2,2
UGT2B15:NM_001076.4_2,2
UGT2B17:NM_001077,0
TMPRSS11E:NM_014058.4_2,0
YTHDC1:NM_001330698.2_2,2
TMPRSS11B:NM_182502,4
TMPRSS11F:NM_207407,2
TMPRSS11A:NM_182606,0
TMPRSS11D:NM_004262,0
GNRHR:NM_000406,1
UBA6:NM_018227,0
STAP1:NM_001317769,1
CENPC:NM_001812,2
EPHA5:NM_001281765,2
TECRL:NM_001363796,2
ADGRL3:NM_001387542.1_2,1
IGFBP7:NM_001553,0
POLR2B:NM_001303268,1
NOA1:NM_032313,0
REST:NM_005612,0
HOPX:NM_001145460,1
THEGL:NM_001256475,2
ARL9:NM_206919,1
SRP72:NM_001267722,0
PAICS:NM_006452,1
PPAT:NM_002703,1
AASDH:NM_001323890,1
CRACD:NM_020722,0
CEP135:NM_025009,0
EXOC1:NM_178237,3
EXOC1L:NM_001351575,0
NMU:NR_120489,1
PDCL2:NM_152401,4
CLOCK:NM_004898,1
TMEM165:NM_018475,3
SRD5A3:NM_024592,5
KDR:NM_002253,3
KIT:NM_001385286,2
PDGFRA:NM_006206,2
GSX2:NM_133267,3
CHIC2:NM_012110,2
LNX1:NM_001126328,0
FIP1L1:NM_001376782,0
SCFD2:NM_152540,0
RASL11B:NM_023940,0
ERVMER34-1:NM_024534,3
USP46:NM_001286768,3
SPATA18:NM_001346103,2
SGCB:NM_000232,1
LRRC66:NM_001024611,1
DCUN1D4:NM_015115,1
CWH43:NM_025087,0
OCIAD2:NM_001286773,0
OCIAD1:NM_001079840,36
FRYL:NM_015030,19
ZAR1:NM_175619,2
SLC10A4:NM_152679,31
SLAIN2:NM_020846,44
TEC:NM_003215,13
TXK:NM_003328,2
NIPAL1:NM_207330,12
CNGA1:NM_001379270,14
NFXL1:NM_001278623,9
CORIN:NM_006587,3
ATP10D:NM_020453,7
COMMD8:NM_017845,11
GABRB1:NM_000812,3
GABRA4:NM_000809,3
COX7B2:NM_130902,3
GABRA2:NM_001377145,1
GABRG1:NM_173536,0
GUF1:NM_001345869,48
YIPF7:NM_182592,2
KCTD8:NM_198353,1
GRXCR1:NM_001080476,3
ATP8A1:NM_001105529,10
SHISA3:NM_001080505,1
BEND4:NM_207406,1
SLC30A9:NM_006345,40
DCAF4L1:NM_001029955,0
TMEM33:NM_018126,38
PHOX2B:NM_003924,1
LIMCH1:NM_001289124,2
UCHL1:NM_004181,0
APBB2:NM_004307,6
NSUN7:NM_001330648,1
RBM47:NM_001371114,2
CHRNA9:NM_017581,2
RHOH:NM_001278368,4
N4BP2:NM_018177,55
PDS5A:NM_001100399,19
UBE2K:NM_001312647,67
SMIM14:NM_001317896,33
UGDH:NM_003359,44
LIAS:NM_001363700,58
RPL9:NM_001024921,61
KLB:NM_175737,0
RFC1:NM_001204747,19
WDR19:NM_001317924,17
KLHL5:NM_001171654,37
TMEM156:NM_024943,4
FAM114A1:NM_001350633,13
TLR6:NM_006068,2
TLR1:NM_003263,2
TLR10:NM_030956,1
KLF3:NM_016531,75
PTTG2:NM_006607,1
TBC1D1:NM_015173,1
PGM2:NM_018290,41
RELL1:NM_001085399,13
C4orf19:NM_001104629,1
NWD2:NM_001144990,1
DTHD1:NM_001378435,1
ARAP2:NR_146893,3
PCDH7:NM_032457,0
STIM2:NM_020860,43
TBC1D19:NM_001292054,20
CCKAR:NM_000730,2
RBPJ:NM_001374401,1
SMIM20:NM_001145432,25
SEL1L3:NM_001297594,6
SLC34A2:NM_001177998,0
ANAPC4:NM_013367,43
ZCCHC4:NM_024936,39
PI4K2B:NM_018323,49
SEPSECS:NM_016955,37
LGI2:NM_018176,3
CCDC149:NM_173463,1
SOD3:NM_003102,1
DHX15:NM_001358,23
PPARGC1A:NM_001330751,4
GBA3:NR_102356,1
ADGRA3:NM_145290,3
KCNIP4:NM_147182,2
PACRGL:NR_133933,6
SLIT2:NM_001289136,1
LCORL:NM_001365660,42
NCAPG:NM_022346,38
FAM184B:NM_015688,0
MED28:NM_025205,50
LAP3:NM_015907,48
CLRN2:NM_001079827,4
QDPR:NM_000320,12
LDB2:NM_001130834,2
TAPT1:NM_153365,51
PROM1:NM_006017,2
FGFBP2:NM_031950,1
FGFBP1:NM_005130,0
CD38:NM_001775,1
BST1:NM_004334,0
FAM200B:NM_001145191,41
FBXL5:NM_012161,14
CC2D2A:NM_001080522,3
C1QTNF7:NM_001135170,1
CPEB2:NM_182646,87
BOD1L1:NM_148894,33
NKX3-2:NM_001189,17
RAB28:NM_001159601,46
HS3ST1:NM_005114,1
CLNK:NM_052964,3
ZNF518B:NM_001375816,28
WDR1:NM_017491,33
SLC2A9:NM_001001290,3
DRD5:NM_000798,0
DEFB131A:NM_001040448,2
USP17L30:NM_001256867,0
USP17L29:NM_001242332,0
USP17L28:NM_001242331,0
USP17L27:NM_001242330,0
USP17L5:NM_001242329,0
USP17L26:NM_001242328,0
USP17L25:NM_001242326,0
USP17L24:NM_001242327,0
USP17L22:NM_001256863,0
USP17L21:NM_001256862,0
USP17L20:NM_001256861,0
USP17L19:NM_001256860,0
USP17L18:NM_001256859,0
USP17L17:NM_001256857,0
USP17L15:NM_001256894,0
USP17L13:NM_001256855,0
USP17L12:NM_001256853,0
USP17L11:NM_001256854,0
USP17L10:NM_001256852,0
FAM90A26:NM_001358418,0
HMX1:NM_001306142,1
CPZ:NM_003652,1
GPR78:NM_080819,0
TRMT44:NM_001350233,62
ACOX3:NM_003501,63
HTRA3:NM_053044,1
SH3TC1:NM_018986,1
ABLIM2:NM_001130087,6
AFAP1:NM_001371091,2
PSAPL1:NM_001085382,0
SORCS2:NM_020777,2
GRPEL1:NM_025196,33
TADA2B:NM_152293,27
CCDC96:NM_153376,37
TBC1D14:NM_001113361,77
KIAA0232:NM_001100590,46
BLOC1S4:NM_018366,38
MRFAP1L1:NM_203462,27
S100P:NM_005980,0
MRFAP1:NM_001272053,54
MAN2B2:NM_001292038,19
PPP2R2C:NM_001206994,3
WFS1:NM_001145853,3
JAKMIP1:NM_001099433,4
C4orf50:NM_001364689,1
CRMP1:NM_001014809,2
EVC:NM_001306090,0
EVC2:NM_001166136,0
STK32B:NM_001345969,3
CYTL1:NM_018659,1
MSX1:NM_002448,21
STX18:NM_001346282,13
NSG1:NM_001287764,1
ZBTB49:NM_001330625,38
LYAR:NM_017816,39
TMEM128:NM_032927,32
OTOP1:NM_177998,0
ADRA2C:NM_000683,2
LRPAP1:NM_002337,19
DOK7:NM_001363811,1
HGFAC:NM_001528,1
RGS12:NM_198229,1
MSANTD1:NM_001330620,1
HTT:NM_002111,32
GRK4:NM_001350173,33
NOP14:NM_001291978,34
MFSD10:NM_001146069,39
ADD1:NM_001119,33
SH3BP2:NM_001122681,11
TNIP2:NM_001161527,7
FAM193A:NM_001366316,46
RNF4:NM_001185010,60
CFAP99:NM_001193282,12
ZFYVE28:NM_020972,17
MXD4:NM_006454,16
HAUS3:NM_001303143,22
POLN:NM_181808,22
NAT8L:NM_178557,6
C4orf48:NM_001168243,22
NELFA:NM_005663,34
NSD2:NM_001042424,37
LETM1:NM_012318,52
FGFR3:NM_022965,41
TACC3:NM_006342,44
TMEM129:NM_001127266,47
SLBP:NM_006527,54
FAM53A:NM_001174070,4
NKX1-1:NM_001290079,4
UVSSA:NM_001317934,2
MAEA:NM_001297430,1
CTBP1:NM_001377189,1
SPON2:NM_001199021,1
RNF212:NM_001366919,0
FGFRL1:NM_001004356,0
IDUA:NR_110313,3
SLC26A1:NM_134425,21
DGKQ:NM_001347,1
TMEM175:NM_001297425,1
GAK:NM_005255,1
CPLX1:NM_006651,3
PCGF3:NM_006315,2
SLC49A3:NM_001294341,9
MYL5:NM_001363650,0
ATP5ME:NM_007100,0
PDE6B:NM_001145291,2
TMEM271:NM_001362796,0
PIGG:NM_001289051.2_2,1
ZNF721:NM_133474.4_2,1
ZNF141:NM_001348277.2_2,0
ZNF732:NM_001137608.3_2,2
ZNF595:NM_001286053.2_2,8
LMLN:NM_033029,1
RPL35A:NM_000996,1
IQCG:NM_001323029,1
LRCH3:NM_001363887,0
FYTTD1:NM_001011537,1
RUBCN:NM_001145642,1
BDH1:NM_203315,28
DLG1:NM_001290983,1
MELTF:NM_005929,3
PIGZ:NM_025163,1
NCBP2AS2:NM_001355243,3
NCBP2:NM_001308036,3
SENP5:NM_001308045,3
PAK2:NM_002577,1
PIGX:NM_017861,2
CEP19:NM_032898,2
NRROS:NM_198565,0
FBXO45:NM_001105573,1
WDR53:NM_001345906,1
SMCO1:NM_001320473,1
RNF168:NM_152617,2
UBXN7:NM_015562,3
TM4SF19:NM_138461,2
TM4SF19-DYNLT2B:NR_037950,2
DYNLT2B:NM_152773,0
PCYT1A:NM_005017,2
SLC51A:NM_152672,2
ZDHHC19:NM_001039617,0
TFRC:NM_003234,0
TNK2:NM_001382273,10
MUC4:NM_018406,2
MUC20:NM_001282506,0
APOD:NM_001647,3
PPP1R2:NM_001316325,38
ACAP2:NM_012287,2
XXYLT1:NM_152531,0
FAM43A:NM_153690,1
LSG1:NM_018385,1
TMEM44:NM_001166305,2
ATP13A3:NM_001367549,2
GP5:NM_004488,2
LRRC15:NM_001135057,4
CPN2:NM_001080513,11
HES1:NM_005524,1
OPA1:NM_130831,2
ATP13A4:NM_032279,1
ATP13A5:NM_198505,3
PLAAT1:NM_020386,1
MB21D2:NM_178496,0
FGF12:NM_004113,1
PYDC2:NM_001083308,1
CCDC50:NM_174908,1
UTS2B:NM_198152,0
OSTN:NM_198184,1
GMNC:NM_001146686,1
IL1RAP:NM_001364879,1
TMEM207:NM_207316,0
CLDN1:NM_021101,0
CLDN16:NM_001378493,3
NMNAT1P3:NMNAT1P3,2
P3H2:NM_001134418,0
TP63:NM_001329964,1
TPRG1:NM_198485,0
LPP:NM_001375455,2
BCL6:NM_001706,3
RTP2:NM_001004312,1
SST:NM_001048,1
RTP4:NM_022147,3
MASP1:NM_001879,1
RTP1:NM_153708,2
RPL39L:NM_052969,2
ST6GAL1:NM_173217,4
ADIPOQ:NM_004797,1
RFC4:NM_002916,1
EIF4A2:NM_001967,1
KNG1:NM_001166451,1
HRG:NM_000412,1
FETUB:NM_001375589,1
AHSG:NM_001354572,1
DNAJB11:NM_001378451,2
TBCCD1:NM_001134415,2
CRYGS:NM_017541,2
DGKG:NM_001346,1
ETV5:NM_004454,25
TRA2B:NM_004593,1
IGF2BP2:NM_001291869,2
SENP2:NM_021627,2
LIPH:NM_139248,4
TMEM41A:NM_080652,1
MAP3K13:NM_001242314,1
EHHADH:NM_001166415,2
C3orf70:NM_001025266,2
VPS8:NM_001349293,0
MAGEF1:NM_022149,0
EPHB3:NM_004443,1
CHRD:NM_001304474,2
THPO:NM_001289998,2
POLR2H:NM_001278700,1
CLCN2:NM_004366,1
FAM131A:NM_001171093,1
EIF4G1:NM_198242,0
PSMD2:NM_002808,46
ECE2:NM_001037324,1
CAMK2N2:NM_033259,3
EEF1AKMT4:NM_032331,1
EEF1AKMT4-ECE2:NM_014693,1
ALG3:NM_001006941,2
VWA5B2:NM_138345,0
ABCF3:NM_001351298,0
AP2M1:NM_001025205,2
DVL3:NM_004423,4
EIF2B5:NM_003907,2
HTR3E:NM_198313,0
HTR3C:NM_130770,1
HTR3D:NM_182537,1
ABCC5:NM_001320032,2
PARL:NM_018622,1
MAP6D1:NM_024871,3
YEATS2:NM_018023,1
KLHL24:NM_001349426,4
KLHL6:NM_130446,3
B3GNT5:NM_032047,1
MCF2L2:NM_015078,1
LAMP3:NM_014398,2
MCCC1:NM_001363880,2
DCUN1D1:NM_001308101,3
ATP11B:NM_014616,2
SOX2:NM_003106,2
DNAJC19:NM_001190233,0
FXR1:NM_001013438,3
CCDC39:NM_181426,5
TTC14:NM_001288582,1
PEX5L:NM_001349389,0
USP13:NM_003940,5
NDUFB5:NM_001199957,60
MRPL47:NM_020409,57
ACTL6A:NM_177989,1
GNB4:NM_021629,1
MFN1:NM_033540,2
ZNF639:NM_001375806,0
KCNMB3:NM_001163677,1
PIK3CA:NM_006218,1
ZMAT3:NM_001375828,1
KCNMB2:NM_181361,1
TBL1XR1:NM_001321194,1
NAALADL2:NM_207015,1
NLGN1:NM_001365929,1
SPATA16:NM_031955,2
ECT2:NM_001349103,4
NCEH1:NM_001146276,2
TNFSF10:NM_003810,0
GHSR:NM_198407,4
FNDC3B:NM_022763,2
TMEM212:NM_001164436,2
PLD1:NM_002662,2
TNIK:NM_015028,1
SLC2A2:NM_000340,0
EIF5A2:NM_020390,2
RPL22L1:NM_001099645,3
SLC7A14:NM_020949,1
CLDN11:NM_005602,1
SKIL:NM_001145098,0
PRKCI:NM_002740,1
PHC3:NM_001308116,3
GPR160:NM_014373,0
SEC62:NM_003262,1
SAMD7:NM_001304366,0
LRRC31:NM_024727,2
LRRIQ4:NM_001080460,1
LRRC34:NM_001172780,1
MYNN:NM_018657,3
ACTRT3:NM_032487,0
MECOM:NM_004991,2
GOLIM4:NM_014498,1
SERPINI1:NM_001122752,1
PDCD10:NM_007217,1
WDR49:NM_001348951,0
SERPINI2:NM_006217,1
ZBBX:NM_001377489,1
BCHE:NM_000055,1
SLITRK3:NM_001318811,0
SI:NM_001041,0
OTOL1:NM_001080440,4
SPTSSB:NM_001320679,2
NMD3:NM_001320227,0
B3GALNT1:NM_001349145,2
PPM1L:NM_139245,2
ARL14:NM_025047,3
KPNA4:NM_002268,0
TRIM59:NM_173084,0
SMC4:NM_001288753,0
IFT80:NM_001190241,0
TRIM59-IFT80:NR_148403,1
C3orf80:NM_001168214,2
IL12A:NM_001354583,0
SCHIP1:NM_001197108,1
IQCJ:NM_001197100,3
IQCJ-SCHIP1:NM_001197114,3
MFSD1:NM_001289407,3
RARRES1:NM_206963,1
LXN:NM_020169,1
GFM1:NM_024996,0
MLF1:NM_001369782,3
RSRC1:NM_001271834,3
SHOX2:NM_001163678,1
PTX3:NM_002852,10
VEPH1:NM_001167912,3
CCNL1:NM_001308185,3
LEKR1:NM_001004316,2
TIPARP:NM_015508,2
SSR3:NM_001308197,0
KCNAB1:NM_001308217,0
GMPS:NM_003875,0
SLC33A1:NM_004733,2
C3orf33:NM_173657,1
PLCH1:NM_001349252,3
STRIT1:NM_001352129,0
MME:NM_001354642,0
GPR149:NM_001038705,1
DHX36:NM_020865,3
ARHGEF26:NM_001251962,2
RAP2B:NM_002886,1
P2RY1:NM_002563,1
MBNL1:NM_001387821,2
SUCNR1:NM_033050,0
AADAC:NM_001086,1
AADACL2:NM_207365.4_2,1
IGSF10:NM_001385063,3
P2RY12:NM_022788,1
P2RY13:NM_176894,3
GPR87:NM_023915,1
P2RY14:NM_014879,0
GPR171:NM_013308,1
MED12L:NM_053002,0
CLRN1:NM_001195794,1
MINDY4B:NM_001351281,3
SIAH2:NM_005067,2
ERICH6:NM_152394,2
SELENOT:NM_016275,0
EIF2A:NM_001319043,3
SERP1:NM_014445,2
TSC22D2:NM_001303264,1
TMEM183B:NM_001079809,1
PFN2:NM_053024,1
RNF13:NM_183383,1
ANKUB1:NM_001144960,2
COMMD2:NM_016094,2
WWTR1:NM_001348362,1
TM4SF4:NM_004617,1
TM4SF1:NM_014220,2
TM4SF18:NM_138786,0
CP:NR_046371,1
HPS3:NM_001308258,4
HLTF:NM_001318935,1
GYG1:NM_001184721,0
CPA3:NM_001870,0
CPB1:NM_001871,0
AGTR1:NM_009585,0
ZIC1:NM_003412,1
ZIC4:NM_032153,2
PLSCR5:NM_001321245,2
PLSCR1:NM_021105,0
PLSCR2:NM_001199979,0
PLSCR4:NM_001128304,0
PLOD2:NM_182943,3
DIPK2A:NM_001363944,1
SLC9A9:NM_173653,1
CHST2:NM_004267,4
U2SURP:NM_001320219,0
PAQR9:NM_001375300,1
PCOLCE2:NM_013363,2
TRPC1:NM_003304,5
PLS1:NM_001145319,2
ATR:NM_001184,0
XRN1:NM_001282857,1
GK5:NM_001039547,2
TFDP2:NM_001178138,1
ATP1B3:NM_001679,2
GRK7:NM_139209,4
RNF7:NM_183237,1
RASA2:NM_006506,0
ZBTB38:NM_001080412,0
PXYLP1:NM_001037172,5
SPSB4:NM_080862,1
SLC25A36:NM_001104647,1
TRIM42:NM_152616,0
CLSTN2:NM_022131,2
NMNAT3:NM_001363968,7
RBP1:NM_002899,1
RBP2:NM_004164,0
COPB2:NM_004766,3
MRPS22:NM_001363893,4
PRR23C:NM_001134657,2
PRR23B:NM_001013650,3
PRR23A:NM_001134659,1
FOXL2NB:NM_001040061,0
FOXL2:NM_023067,0
PIK3CB:NM_006219,0
FAIM:NM_001033032,7
CEP70:NM_001320598,0
ESYT3:NM_001322834,4
MRAS:NM_001252091,0
NME9:NM_001349021,0
ARMC8:NM_001267041,1
DBR1:NM_016216,1
A4GNT:NM_016161,0
DZIP1L:NM_173543,1
CLDN18:NM_001002026,0
SOX14:NM_004189,2
IL20RB:NM_144717,0
NCK1:NM_006153,2
SLC35G2:NM_001097600,0
STAG1:NM_005862,0
PCCB:NM_000532,4
MSL2:NM_018133,1
PPP2R3A:NM_001190447,1
EPHB1:NM_004441,2
KY:NM_178554,4
CEP63:NM_001042384,3
ANAPC13:NM_001242374,3
AMOTL2:NM_001278683,0
RYK:NM_001005861,2
SLCO2A1:NM_005630,1
RAB6B:NM_016577,0
SRPRB:NM_021203,0
TF:NM_001354703,0
TOPBP1:NM_007027,0
CDV3:NM_001282762,1
BFSP2:NM_003571,1
TMEM108:NM_001136469,3
NPHP3:NM_153240,0
UBA5:NM_198329,0
ACKR4:NM_016557,0
ACAD11:NM_032169,2
NPHP3-ACAD11:NR_037804,0
DNAJC13:NM_015268,0
ACP3:NM_001134194,0
CPNE4:NM_153429,0
MRPL3:NM_007208,2
NUDT16:NM_001171905,0
NEK11:NM_001321224,31
ASTE1:NM_014065,31
ATP2C1:NM_001199182,2
PIK3R4:NM_014602,1
COL6A6:NM_001102608,0
COL6A5:NM_153264,0
ALG1L2:NM_001136152,2
TRH:NM_007117,0
TMCC1:NM_001349276,3
PLXND1:NM_015103,0
H1-8:NM_153833,0
RHO:NM_000539,21
IFT122:NM_052990,33
MBD4:NM_003925,30
EFCAB12:NM_207307,1
H1-10:NM_006026,1
HMCES:NM_001370345,1
COPG1:NM_016128,0
CNBP:NM_001127192,0
ISY1:NM_001199469,35
ISY1-RAB43:NM_001204890,35
RAB43:NM_001204883,1
GP9:NM_000174,2
EFCC1:NM_024768,2
CFAP92:NM_001348521,0
ACAD9:NM_014049,1
RAB7A:NM_004637,1
RPN1:NM_002950,1
GATA2:NM_032638,0
DNAJB8:NM_153330,3
EEFSEC:NM_021937,0
RUVBL1:NM_001319086,0
SEC61A1:NM_013336,0
KBTBD12:NM_001370224,0
MGLL:NM_001003794,2
ABTB1:NM_172027,1
PODXL2:NM_015720,0
MCM2:NM_004526,1
TPRA1:NM_001353004,1
PRR20G:NM_001362810,0
C3orf56:NM_001007534,3
PLXNA1:NM_032242,1
CHCHD6:NM_032343,2
TXNRD3:NM_052883,1
C3orf22:NR_130715,0
CHST13:NM_152889,2
UROC1:NM_001165974,1
ZXDC:NM_025112,0
CFAP100:NM_182628,0
KLF15:NM_014079,0
ALDH1L1:NM_001270364,0
SLC41A3:NM_001164475,1
ROPN1B:NM_001012337,1
ALG1L:NM_001385064,0
OSBPL11:NM_022776,1
SNX4:NM_003794,1
ZNF148:NM_001348427,0
SLC12A8:NM_024628,2
HEG1:NM_020733,2
MUC13:NM_033049,4
ITGB5:NM_001354764,2
UMPS:NM_000373,0
KALRN:NM_001024660,0
ROPN1:NM_001317774,0
CCDC14:NM_001366335,0
MYLK:NM_053025,1
HACD2:NM_001329783,0
ADCY5:NM_001378259,2
SEC22A:NM_012430,0
PDIA5:NM_006810,1
SEMA5B:NR_046079,2
SLC49A4:NM_032839,22
HSPBAP1:NM_024610,22
PARP14:NM_017554,0
PARP15:NM_001308320,3
DTX3L:NM_138287,0
PARP9:NM_031458,0
KPNA1:NM_002264,1
WDR5B:NM_019069,0
FAM162A:NM_014367,0
CCDC58:NM_001308326,0
CSTA:NM_005213,0
CASR:NM_000388,0
CD86:NM_001206925,0
ILDR1:NM_001199799,0
SLC15A2:NM_001145998,2
EAF2:NM_001320041,1
IQCB1:NM_001023570,1
GOLGB1:NM_001256487,0
HCLS1:NM_005335,0
FBXO40:NM_016298,0
ARGFX:NM_001012659,3
POLQ:NM_199420,0
STXBP5L:NM_001308330,1
GTF2E1:NM_005513,1
RABL3:NM_173825,1
HGD:NM_000187,0
NDUFB4:NM_004547,0
FSTL1:NM_007085,1
LRRC58:NM_001099678,1
GPR156:NM_153002,0
GSK3B:NM_002093,0
NR1I2:NM_033013,26
CFAP91:NM_001320318,4
POPDC2:NM_001369919,0
PLA1A:NM_001206961,1
ADPRH:NM_001291950,1
CD80:NM_005191,2
TIMMDC1:NM_016589,0
POGLUT1:NM_152305,0
TMEM39A:NM_018266,1
ARHGAP31:NM_020754,3
B4GALT4:NM_212543,0
UPK1B:NM_006952,1
TEX55:NM_152539,0
IGSF11:NM_152538,0
LSAMP:NM_001318915,0
GAP43:NM_002045,1
ZBTB20:NM_001348802,0
TIGIT:NM_173799,1
ZNF80:NM_007136,0
DRD3:NM_001282563,0
QTRT2:NM_001256836,1
CCDC191:NM_001353767,1
ZDHHC23:NM_001363952,3
GRAMD1C:NM_017577,0
ATP6V1A:NM_001690,0
NAA50:NM_025146,0
USF3:NM_001009899,1
SIDT1:NM_001322297,1
SPICE1:NM_001387939,2
CFAP44:NM_001164496,0
BOC:NM_001387924,2
NEPRO:NM_015412,2
GTPBP8:NM_138485,0
CD200R1:NM_138806,1
CD200R1L:NM_001370552,1
CCDC80:NM_199511,1
SLC35A5:NM_001348906,1
ATG3:NM_001278712,1
BTLA:NM_181780,0
CD200:NM_001365855,0
SLC9C1:NM_183061,2
GCSAM:NM_001190259,1
C3orf52:NM_001171747,0
TMPRSS7:NM_001042575,0
TAGLN3:NM_001008272,1
ABHD10:NM_018394,2
PHLDB2:NM_001134437,1
PLCXD2:NM_153268,0
ZBED2:NM_024508,0
CD96:NR_134917,0
NECTIN3:NM_001243288,0
DPPA4:NM_018189,1
DPPA2:NM_138815,1
C3orf85:NM_001351622,1
MORC1:NM_014429,1
GUCA1C:NM_005459,1
TRAT1:NM_001317747,1
RETNLB:NM_032579,3
DZIP3:NM_014648,1
CIP2A:NM_020890,1
MYH15:NM_014981,1
HHLA2:NM_001370244,0
IFT57:NM_018010,0
CD47:NM_001777,3
BBX:NM_001276286,7
CCDC54:NM_032600,0
NMTRQ-TTG4-1:NMTRQ-TTG4-1,0
CBLB:NM_001321790,0
ALCAM:NM_001243280,2
ZPLD1:NM_175056,0
NFKBIZ:NM_001005474,0
NXPE3:NM_001348997,0
CEP97:NM_001303401,0
RPL24:NM_000986,1
ZBTB11:NM_014415,1
PCNP:NM_001320397,1
TRMT10C:NM_017819,2
SENP7:NM_020654,0
IMPG2:NM_016247,1
ABI3BP:NM_001375547,10
TFG:NM_001007565,0
ADGRG7:NM_032787,1
TMEM45A:NM_018004,0
LNP1:NM_001085451,0
TOMM70:NM_014820,0
NIT2:NM_020202,1
TBC1D23:NM_018309,3
FILIP1L:NM_001387850,4
CMSS1:NM_032359,0
COL8A1:NM_020351,1
DCBLD2:NM_080927,1
ST3GAL6:NM_001271148,1
CPOX:NM_000097,3
GPR15:NM_005290,0
CLDND1:NM_001040199,1
OR5K2:NM_001004737,0
OR5K1:NM_001004736,0
OR5K3:NM_001005516,1
OR5K4:NM_001005517,1
OR5H2:NM_001005482,0
OR5H6:NM_001005479,0
OR5H15:NM_001005515,1
OR5H14:NM_001005514,1
OR5H1:NM_001005338,2
OR5AC2:NM_054106,1
GABRR3:NM_001105580,0
RIOX2:NM_001042533,1
CRYBG3:NM_153605,2
ARL6:NM_177976,2
EPHA6:NM_001080448,2
NSUN3:NM_022072,1
DHFR2:NM_176815,1
STX19:NM_001001850,0
ARL13B:NM_144996,0
PROS1:NM_001314077,0
EPHA3:NM_005233,1
CSNKA2IP:NM_001368165,0
C3orf38:NM_173824,0
ZNF654:NM_001366096,1
CGGBP1:NM_001195308,0
HTR1F:NM_001322209,0
POU1F1:NM_001122757,1
CHMP2B:NM_001244644,0
VGLL3:NM_016206,0
CADM2:NM_001381964,0
GBE1:NM_000158,1
ROBO1:NM_002941,0
ROBO2:NM_001128929,0
ZNF717:NM_001324026,0
FRG2C:NM_001124759,1
CNTN3:NM_020872,0
PDZRN3:NM_015009,3
EBLN2:NM_018029,2
PPP4R2:NM_001318026,1
GXYLT2:NM_001080393,3
SHQ1:NM_018130,1
RYBP:NM_012234,2
PROK2:NM_001126128,1
GPR27:NM_018971,2
EIF4E3:NM_173359,2
FOXP1:NM_032682,2
MDFIC2:NM_001364676,0
MITF:NM_001354606,2
FRMD4B:NM_015123,1
LMOD3:NM_198271,1
ARL6IP5:NM_006407,3
UBA3:NM_001363861,2
TMF1:NM_001363879,1
EOGT:NM_001278689,2
TAFA4:NM_182522,2
TAFA1:NM_001252216,3
SUCLG2:NM_001177599,1
KBTBD8:NM_032505,0
LRIG1:NM_001377345,0
SLC25A26:NM_173471.4_2,1
MAGI1:NM_001365903,2
ADAMTS9:NM_182920,0
PRICKLE2:NM_001370528,1
PSMD6:NM_001271780,0
ATXN7:NM_001377405,1
THOC7:NM_001285404,1
C3orf49:NM_001355236,1
SNTN:NM_001080537,1
SYNPR:NM_001130003,2
CADPS:NM_183394,2
FEZF2:NM_018008,1
C3orf14:NM_001291942,0
PTPRG:NM_001375471,1
FHIT:NM_001320900,1
CFAP20DC:NM_001351530,0
FAM3D:NM_138805,1
FAM107A:NM_001282714,1
ACOX2:NM_003500,1
KCTD6:NM_001128214,0
PDHB:NM_000925,4
PXK:NM_001349532,1
RPP14:NM_007042,1
HTD2:NM_001348715,1
ABHD6:NM_020676,0
DNASE1L3:NM_004944,2
FLNB:NM_001164319,0
SLMAP:NM_001377925,3
DENND6A:NM_152678,0
ARF4-AS1:NR_132370,1
ARF4:NM_001660,1
PDE12:NM_001322176,1
DNAH12:NM_001366028.2_2,1
ASB14:NM_001142733,1
APPL1:NM_012096,1
HESX1:NM_001376061,1
IL17RD:NM_001318864,0
SPATA12:NM_181727,1
ARHGEF3:NM_001377408,1
TASOR:NM_001112736,0
CCDC66:NM_001012506,2
ERC2:NM_015576,0
WNT5A:NM_003392,0
LRTM1:NM_001304389,2
CACNA2D3:NM_018398,1
SELENOK:NM_021237,2
ACTR8:NM_022899,1
IL17RB:NM_018725,20
CHDH:NM_018397,20
CACNA1D:NM_000720,2
DCP1A:NM_001290205.2_2,0
TKT:NM_001258028.2_2,0
PRKCD:NM_212539.2_2,5
RFT1:NM_052859,5
SFMBT1:NM_016329,1
STIMATE:NM_198563,0
MUSTN1:NM_205853,1
STIMATE-MUSTN1:NM_001198974,0
ITIH4:NM_002218,1
ITIH3:NM_002217,2
ITIH1:NM_002215,1
NEK4:NM_003157,0
SPCS1:NM_014041,0
GLT8D1:NM_001010983,0
GNL3:NM_206826,1
PBRM1:NM_001350078,1
SMIM4:NM_001124767,3
NT5DC2:NM_022908,2
STAB1:NM_015136,0
NISCH:NM_007184,0
TNNC1:NM_003280,0
SEMA3G:NM_020163,0
PHF7:NM_001321126,1
BAP1:NM_004656,1
DNAH1:NM_015512,1
GLYCTK:NM_001144951,1
WDR82:NM_025222,1
PPM1M:NM_144641,35
TWF2:NM_007284,0
TLR9:NM_017442,0
ALAS1:NM_001304443,0
POC1A:NM_001161581,1
DUSP7:NM_001947,1
RPL29:NM_000992,0
ACY1:NM_001198895,1
ABHD14A:NM_015407,1
ABHD14A-ACY1:NM_001316331,1
ABHD14B:NM_001254753,0
PCBP4:NM_001363885,2
GPR62:NM_080865,0
PARP3:NM_001003931,6
RRP9:NM_004704,10
IQCF1:NM_152397,0
IQCF5:NM_001145059,1
IQCF2:NM_203424,0
IQCF3:NM_001207023,0
IQCF6:NM_001368369,2
GRM2:NM_001349116,3
TEX264:NM_001243727,2
RAD54L2:NM_001387869,1
DCAF1:NM_001387581.1_2,1
RBM15B:NM_013286.5_2,1
MANF:NM_006010.6_2,0
DOCK3:NM_004947.5_2,0
MAPKAPK3:NM_001243926,1
CISH:NM_013324,1
HEMK1:NM_001317851,27
C3orf18:NM_001171741,53
CACNA2D2:NM_001291101,0
TMEM115:NM_007024,1
CYB561D2:NR_111912,3
NPRL2:NM_006545,3
ZMYND10:NM_015896,1
RASSF1:NM_170714.2_2,0
TUSC2:NM_007275.3_2,10
HYAL2:NM_033158.5_2,30
HYAL1:NM_153281.2_2,22
NAA80:NM_001200016.2_2,45
HYAL3:NM_003549.4_2,45
IFRD2:NM_006764.5_2,17
LSMEM2:NM_001304385.2_2,0
SEMA3B:NM_001005914.3_2,9
GNAI2:NM_001282620.2_2,0
SLC38A3:NM_006841,3
GNAT1:NM_000172,6
SEMA3F:NM_001318798,0
RBM5:NM_005778,0
RBM6:NM_001167582,1
MON1A:NM_032355,1
MST1R:NM_002447,35
CAMKV:NM_024046,4
TRAIP:NM_005879,1
UBA7:NM_003335,0
INKA1:NM_001366281,2
CDHR4:NM_001007540,2
IP6K1:NM_153273,1
GMPPB:NM_021971,2
AMIGO3:NM_198722,3
RNF123:NM_022064,2
MST1:NM_020998,3
APEH:NM_001640,0
BSN:NM_003458,0
DAG1:NM_001177643,0
NICN1:NM_032316,0
AMT:NM_000481,2
TCTA:NM_022171,1
RHOA:NM_001313941,1
GPX1:NM_201397,0
USP4:NM_003363,0
C3orf62:NM_198562,0
IHO1:NM_178173,3
C3orf84:NM_001080528,1
KLHDC8B:NM_173546,1
CCDC71:NM_022903,1
LAMB2:NM_002292,12
USP19:NM_001351101,1
QARS1:NM_005051,2
QRICH1:NM_001320585,16
IMPDH2:NM_000884,0
NDUFAF3:NM_199074,1
DALRD3:NM_018114,0
WDR6:NM_018031,0
P4HTM:NM_177938,41
ARIH2:NM_001317334,0
SLC25A20:NM_000387,3
PRKAR2A:NM_004157,1
IP6K2:NM_016291,2
NCKIPSD:NM_016453,0
CELSR3:NM_001407,1
SLC26A6:NM_134426,0
TMEM89:NM_001008269,2
UQCRC1:NM_003365,2
COL7A1:NM_000094,4
UCN2:NM_033199,2
PFKFB4:NM_001317136,2
SHISA5:NM_001272066,2
TREX1:NM_007248,1
ATRIP-TREX1:NR_153405,0
ATRIP:NM_001271022,0
TMA7:NM_001329417,0
CCDC51:NM_001256964,0
PLXNB1:NM_001130082,20
FBXW12:NM_001159929,0
SPINK8:NM_001080525,3
NME6:NM_001308427,2
ZNF589:NM_016089,2
CAMP:NM_004345,0
CDC25A:NM_001789,2
MAP4:NM_001384729,2
DHX30:NM_138615,0
SMARCC1:NM_003074,42
CSPG5:NM_001206945,2
ELP6:NM_001031703,2
SCAP:NM_012235,1
PTPN23:NM_001304482,3
KLHL18:NM_025010,3
KIF9:NM_001134878,3
SETD2:NM_014159,3
NBEAL2:NM_015175,2
CCDC12:NM_144716,6
PTH1R:NM_000316,5
MYL3:NM_000258,4
PRSS50:NM_013270,2
TMIE:NM_001370525,0
ALS2CL:NM_001190707,0
FAM240A:NM_001195442,4
TDGF1:NM_001174136,0
LRRC2:NM_024512,3
RTP3:NM_031440,4
LTF:NM_001321122,0
CCRL2:NM_003965,2
CCR5:NM_001100168,1
CCR2:NM_001123041,2
CCR3:NM_178328,1
CCR1:NM_001295,0
XCR1:NM_001381860,1
CXCR6:NM_001386437,1
FYCO1:NM_001386421,0
CCR9:NM_001386448,0
LZTFL1:NM_001276378,2
SLC6A20:NM_001385683,2
SACM1L:NM_001319072,2
LIMD1:NM_014240,2
LARS2:NM_001368263,1
TMEM158:NM_015444,2
CDCP1:NM_022842,1
CLEC3B:NM_003278,1
EXOSC7:NR_023353,1
ZDHHC3:NM_001349380,1
TGM4:NM_003241,3
TMEM42:NM_144638,2
KIF15:NM_020242,3
KIAA1143:NM_001320334,2
ZNF501:NM_145044,4
ZNF502:NM_001134442,1
ZNF35:NM_003420,1
ZNF197:NM_001323296,2
ZNF660:NM_173658,55
ZNF660-ZNF197:NM_001351734,55
ZKSCAN7:NM_001288592,1
ZNF852:NM_001287349,1
ZNF445:NM_181489,1
C3orf86:NM_001375996,3
TCAIM:NM_001282915,2
TOPAZ1:NM_001145030,2
ABHD5:NM_001355186,3
ANO10:NM_001346468,3
SNRK:NM_001330750,1
POMGNT2:NM_032806,0
GASK1A:NM_001129908,1
KRBOX1:NM_001205272,2
ZNF662:NM_207404,4
CYP8B1:NM_004391,0
ACKR2:NM_001296,2
HIGD1A:NM_001099668,3
CCDC13:NM_144719,2
HHATL:NM_020707,2
KLHL40:NM_152393,1
ZBTB47:NM_145166,3
NKTR:NM_005385,0
SS18L2:NM_016305,6
SEC22C:NM_001201572,0
VIPR1:NM_001251882,3
LYZL4:NM_144634,1
CCK:NM_000729,2
TRAK1:NM_001349245,1
ULK4:NM_017886,1
CTNNB1:NM_001098210,2
ZNF621:NM_001098414,0
ZNF620:NM_001256167,2
ZNF619:NM_001145083,1
RPL14:NM_003973,2
ENTPD3:NM_001248,0
EIF1B:NM_005875,3
MYRIP:NM_001284423,3
MOBP:NR_003090,2
RPSA:NM_002295,1
SLC25A38:NM_001354798,2
CCR8:NM_005201,1
CX3CR1:NM_001171174,0
XIRP1:NM_194293,4
CSRNP1:NM_001320560,3
TTC21A:NM_001105513,21
GORASP1:NM_031899,19
WDR48:NM_001303402,1
SCN11A:NM_001349253,1
SCN10A:NM_006514,0
SCN5A:NM_001099404,3
EXOG:NM_001145464,2
ACVR2B:NM_001106,20
XYLB:NM_001349178,1
SLC22A14:NM_001320033,2
SLC22A13:NM_004256,2
OXSR1:NM_005109,1
MYD88:NM_001172566,3
ACAA1:NM_001607,3
DLEC1:NM_007337,0
PLCD1:NM_006225,0
VILL:NM_001385039,3
CTDSPL:NM_005808,4
ITGA9:NM_002207,2
C3orf35:NM_001387164,0
GOLGA4:NM_002078,2
LRRFIP2:NM_001348300,4
MLH1:NM_001258273,4
EPM2AIP1:NM_014805,4
TRANK1:NM_001329998,2
DCLK3:NM_033403,4
STAC:NM_001292049,1
ARPP21:NM_001385488,5
PDCD6IP:NM_013374,1
CLASP2:NM_001365628,0
UBP1:NM_014517,1
FBXL2:NR_146132,2
SUSD5:NM_015551,2
CRTAP:NM_006371,0
TMPPE:NM_001039770,0
GLB1:NM_001317040,0
CCR4:NM_005508,3
TRIM71:NM_001039111,1
CNOT10:NM_001256741,4
DYNC1LI1:NM_016141,6
CMTM6:NM_017801,0
CMTM7:NM_181472,2
CMTM8:NM_001320308,0
GPD1L:NM_015141,2
ZNF860:NM_001137674,2
OSBPL10:NM_017784,3
STT3B:NM_178862,3
GADL1:NM_207359,1
TGFBR2:NM_001024847,2
RBMS3:NM_001003792,1
LINC00693:NR_038840,1
ZCWPW2:NM_001324170,1
AZI2:NM_001271650,1
CMC1:NM_001331190,1
EOMES:NM_001278183,1
SLC4A7:NM_001321103,0
NEK10:NM_152534,3
LRRC3B:NM_052953,1
OXSM:NM_001145391,1
NGLY1:NM_001145294,1
TOP2B:NM_001330700,3
RARB:NM_001290216,0
THRB:NM_001354708,6
NR1D2:NM_005126,0
RPL15:NM_001253384,4
NKIRAS1:NM_001377380,0
UBE2E1:NM_182666,1
UBE2E2:NM_001370225,1
ZNF385D:NM_024697,2
SGO1:NM_001199252,2
KAT2B:NM_003884,4
PP2D1:NR_027694,3
RAB5A:NM_001292048,1
EFHB:NM_001330688,1
KCNH8:NM_144633,1
SATB1:NM_001322872,1
TBC1D5:NM_001349076,5
PLCL2:NM_001144382,1
DAZL:NM_001351,1
RFTN1:NM_015150,2
OXNAD1:NM_001352982,2
DPH3:NM_206831,2
GALNT15:NM_001319051,2
ANKRD28:NM_001349279,1
BTD:NM_001370752,3
HACL1:NM_012260,2
COLQ:NM_005677,1
EAF1:NM_033083,1
METTL6:NM_001301792,1
SH3BP5:NM_001018009,4
CAPN7:NM_001376093,2
RBSN:NM_022340,1
MRPS25:NR_135246,0
NR2C2:NM_001291694,2
FGD5:NM_001320276,2
C3orf20:NM_001184957,2
CCDC174:NM_016474,1
GRIP2:NM_001080423,2
SLC6A6:NM_001134367,4
LSM3:NM_014463,3
XPC:NM_004628,3
TMEM43:NM_024334,4
CHCHD4:NM_144636,3
WNT7A:NM_004625,4
FBLN2:NM_001998,3
HDAC11:NM_001330636,1
NUP210:NM_024923,2
IQSEC1:NM_001376938,0
RPL32:NM_000994,1
CAND2:NM_012298,43
TMEM40:NM_001284406,13
RAF1:NM_001354691,0
MKRN2:NM_001271707,1
MKRN2OS:NM_001378007,6
TSEN2:NM_001321278,4
PPARG:NM_001354666,2
TIMP4:NM_003256,2
SYN2:NM_133625,3
TAMM41:NM_001321295.2_2,0
VGLL4:NM_001284390,1
ATG7:NM_001349238,4
HRH1:NM_001098213,0
SLC6A1:NM_001348253,3
SLC6A11:NM_014229,2
ATP2B2:NM_001353564,0
SEC13:NM_001136026,1
GHRL:NM_016362,4
TATDN2:NM_014760,1
IRAK2:NM_001570,1
VHL:NM_198156,1
BRK1:NM_018462,0
FANCD2OS:NM_173472,1
FANCD2:NM_001374253,3
EMC3:NM_018447,1
PRRT3:NM_207351,5
CRELD1:NM_001374316,8
IL17RC:NM_001367279,2
IL17RE:NM_153483,1
JAGN1:NM_032492,30
CIDEC:NM_001321142,1
RPUSD3:NM_001351738,1
TTLL3:NM_001387467,1
ARPC4-TTLL3:NM_001198793,3
ARPC4:NM_001024960,3
TADA3:NM_001278270,3
CAMK1:NM_003656,1
OGG1:NM_016827,87
BRPF1:NM_001319050,3
CPNE9:NM_153635,1
MTMR14:NM_022485,1
LHFPL4:NM_198560,0
SETD5:NM_001080517,0
THUMPD3:NM_001114092,10
SRGAP3:NM_014850,0
RAD18:NM_020165,2
OXTR:NM_000916,2
CAV3:NM_001234,1
SSUH2:NM_015931,3
LMCD1:NM_001278233,0
GRM7:NM_000844,1
EDEM1:NM_014674,1
ARL8B:NM_018184,4
BHLHE40:NM_003670,3
ITPR1:NM_002222,12
SUMF1:NM_182760,1
SETMAR:NM_001320678,2
LRRN1:NM_020873,3
CRBN:NM_001173482,2
TRNT1:NM_001367321,0
IL5RA:NM_000564,1
CNTN4:NM_175607,1
CNTN6:NM_001349359,0
CHL1:NM_001253387,0
FAM240C:NM_001382369,0
RTP5:NM_173821,0
PDCD1:NM_005018,0
NEU4:NM_001167600,0
GAL3ST2:NM_022134,0
D2HGDH:NM_001287249,0
ING5:NM_001330161,0
DTYMK:NM_001320904,0
ATG4B:NM_013325,0
THAP4:NM_015963,0
BOK:NM_032515,0
STK25:NM_001271977,0
FARP2:NM_014808,0
SEPTIN2:NM_001349306,0
HDLBP:NM_005336,0
ANO7:NM_001370694,0
PPP1R7:NM_001282413,12
PASK:NM_001252120,12
SNED1:NM_001080437,0
CROCC2:NM_001351305,5
MAB21L4:NM_001085437,2
AGXT:NM_000030,0
KIF1A:NM_001379653,0
AQP12A:NM_198998,2
AQP12B:NM_001102467,1
GPR35:NM_001195382,2
CAPN10:NM_023085,3
RNPEPL1:NM_018226,36
DUSP28:NM_001370465,0
ANKMY1:NM_001354023,0
GPC1:NM_002081,0
OTOS:NM_148961,0
COPS9:NM_138336,1
OR6B3:NM_173351,1
OR6B2:NM_001005853,2
NDUFA10:NR_136158,1
HDAC4:NM_001378415,1
TWIST2:NM_001271893,0
ASB1:NM_001330196,1
TRAF3IP1:NM_015650,0
PER2:NM_022817,0
HES6:NM_018645,0
ILKAP:NM_030768,0
ERFE:NM_001291832,0
KLHL30:NM_198582,0
ESPNL:NM_194312,1
SCLY:NM_016510,0
UBE2F:NM_001278306,1
UBE2F-SCLY:NR_037904,1
RAMP1:NM_005855,0
RBM44:NM_001080504,0
LRRFIP1:NM_001137550,2
RAB17:NM_022449,0
PRLH:NM_015893,1
MLPH:NM_001281474,0
COL6A3:NM_004369,4
COPS8:NM_006710,0
ACKR3:NM_020311,1
IQCA1:NM_024726,0
ASB18:NM_212556,2
GBX2:NM_001301687,0
AGAP1:NM_014914,2
SH3BP4:NM_014521,1
ARL4C:NM_001282431,0
SPP2:NM_006944,1
TRPM8:NM_024080,3
MSL3P1:NR_024322,0
HJURP:NM_018410,0
MROH2A:NM_001367507,0
UGT1A1:NM_000463,1
DNAJB3:NM_001001394,2
UGT1A3:NM_019093,2
UGT1A4:NM_007120,1
UGT1A5:NM_019078,0
UGT1A6:NM_205862,0
UGT1A7:NM_019077,0
UGT1A9:NM_021027,1
UGT1A10:NM_019075,0
UGT1A8:NM_019076,1
USP40:NM_001382298,1
DGKD:NM_152879,2
SAG:NM_000541,0
ATG16L1:NM_001190266,1
INPP5D:NM_005541,1
NEU2:NM_005383,1
NGEF:NM_019850,0
SNORC:NM_001346122,1
KCNJ13:NM_002242,1
GIGYF2:NM_001103146,0
EFHD1:NM_001243252,1
EIF4E2:NM_001276337,0
TIGD1:NM_145702,0
CHRNG:NM_005199,1
CHRND:NM_001256657,3
PRSS56:NM_001195129,2
ECEL1:NM_004826,9
ALPI:NM_001631,1
ALPG:NM_031313,2
ALPP:NM_001632,1
DIS3L2:NM_001257281,2
NPPC:NM_024409,3
COPS7B:NM_001369483,1
PDE6D:NM_002601,1
PTMA:NM_002823,0
TEX44:NM_152614,0
NMUR1:NM_006056,3
NCL:NM_005381,1
B3GNT7:NM_145236,1
ARMC9:NM_001352754,1
HTR2B:NM_000867,3
PSMD1:NM_001191037,1
C2orf72:NM_001144994,0
SPATA3:NM_139073,1
GPR55:NM_005683,1
ITM2C:NM_001287240,0
CAB39:NM_016289,2
SP100:NM_001080391,1
SP140L:NM_001352894,0
SP140:NM_001278453,1
SP110:NM_001378444,1
SLC16A14:NM_152527,0
FBXO36:NM_174899,1
TRIP12:NM_001348322,2
DNER:NM_139072,1
PID1:NM_017933,1
SPHKAP:NM_001142644,2
DAW1:NM_178821,0
CCL20:NM_001130046,0
SLC19A3:NM_001371413,3
C2orf83:NM_001162483,0
AGFG1:NM_001135189,0
TM4SF20:NM_024795,1
MFF:NM_001277066,3
COL4A3:NM_000091,0
COL4A4:NM_000092,0
RHBDD1:NM_001349069,0
IRS1:NM_005544,0
NYAP2:NM_001371273,3
DOCK10:NM_014689,2
CUL3:NM_003590,0
FAM124B:NM_024785,0
SERPINE2:NM_006216,0
MRPL44:NM_022915,0
WDFY1:NM_020830,1
AP1S3:NM_001039569,2
SCG2:NM_003469,0
KCNE4:NM_080671,2
ACSL3:NM_001354159,5
MOGAT1:NM_058165,0
FARSB:NM_005687,3
SGPP2:NM_001320834,0
PAX3:NM_181458,3
EPHA4:NM_001304536,0
SLC4A3:NM_201574,0
STK11IP:NM_052902,1
INHA:NM_002191,0
OBSL1:NM_015311,0
TMEM198:NM_001303098,1
CHPF:NM_024536,1
ASIC4:NM_182847,0
GMPPA:NM_001374294,1
SPEGNB:NM_001286811,0
SPEG:NM_005876,0
DES:NM_001382713,0
DNPEP:NM_001319116,1
RESP18:NM_001007089,1
PTPRN:NM_002846,0
DNAJB2:NM_001039550,3
TUBA4B:NM_001355221,1
TUBA4A:NM_001278552,1
STK16:NM_001330215,1
GLB1L:NM_001286423,1
ANKZF1:NM_001282792,0
ATG9A:NM_001077198,0
ABCB6:NM_005689,0
ZFAND2B:NM_001270998,2
RETREG2:NM_001321109,1
CNPPD1:NM_001321390,1
SLC23A3:NM_001144890,0
NHEJ1:NM_001377499,1
IHH:NM_002181,0
CFAP65:NM_194302,1
CRYBA2:NM_057093,4
FEV:NM_017521,0
CDK5R2:NM_003936,1
WNT10A:NM_025216,2
WNT6:NM_006522,1
PRKAG3:NM_017431,0
CYP27A1:NM_000784,0
TTLL4:NM_014640,0
STK36:NM_001243313,0
RNF25:NM_022453,0
BCS1L:NM_001371452,6
ZNF142:NM_001366290,6
PLCD4:NM_032726,1
CNOT9:NM_005444,0
USP37:NM_020935,0
VIL1:NM_007127,0
CTDSP1:NM_001206878,0
SLC11A1:NM_000578,41
CATIP:NM_198559,0
TMBIM1:NR_135643,3
PNKD:NM_015488,0
AAMP:NM_001302545,0
GPBAR1:NM_001321950,1
ARPC2:NM_152862,0
CXCR1:NM_000634,0
CXCR2:NM_001168298,2
RUFY4:NR_034176,1
TNS1:NM_001387777,0
TNP1:NM_003284,1
IGFBP5:NM_000599,0
IGFBP2:NM_001313993,2
RPL37A:NM_000998,2
SMARCAL1:NM_014140,2
MARCHF4:NM_020814,2
XRCC5:NM_021141,1
TMEM169:NM_001142312,0
PECR:NM_018441,0
MREG:NM_001372189,2
FN1:NM_212482,0
ATIC:NM_004044,0
ABCA12:NM_173076,2
BARD1:NM_000465,1
VWC2L:NM_001345929,2
SPAG16:NM_024532,0
IKZF2:NM_001371274,0
ERBB4:NM_005235,2
CPS1:NM_001122633,1
LANCL1:NM_006055,1
MYL1:NM_079420,0
ACADL:NM_001608,1
KANSL1L:NM_152519,4
RPE:NM_001318930,0
UNC80:NM_182587,0
MAP2:NM_001375502,1
PTH2R:NM_001371907,0
PIKFYVE:NM_015040,0
IDH1:NM_005896,1
C2orf80:NM_001099334,0
CRYGA:NM_014617,1
CRYGB:NM_005210,2
CRYGC:NM_020989,1
CRYGD:NM_006891,1
PLEKHM3:NM_001080475,1
FZD5:NM_003468,1
CCNYL1:NM_152523,2
METTL21A:NM_001330133,2
CREB1:NM_001371427,0
KLF7:NM_001270943,1
CPO:NM_173077,0
FASTKD2:NM_014929,0
MDH1B:NM_001039845,0
DYTN:NM_001093730,0
FAM237A:NM_001102659,1
ADAM23:NM_003812,0
ZDBF2:NM_020923,0
GPR1:NM_001261453,2
EEF1B2:NM_021121,2
NDUFS1:NM_005006,2
INO80D:NM_017759,0
NRP2:NM_201279,1
PARD3B:NM_152526,0
ICOS:NM_012092,0
CTLA4:NM_001037631,2
CD28:NM_001243078,1
RAPH1:NM_213589,0
ABI2:NM_001375752,1
CYP20A1:NM_001371700,3
NBEAL1:NM_001114132,0
CARF:NM_001282912,0
WDR12:NM_018256,0
ICA1L:NM_138468,1
FAM117B:NM_173511,2
BMPR2:NM_001204,27
NOP58:NM_015934,2
SUMO1:NM_001371394,1
KIAA2012:NM_001367720,1
FZD7:NM_003507,1
CDK15:NM_139158,3
ALS2:NM_020919,1
MPP4:NM_033066,1
TMEM237:NM_001044385,2
C2CD6:NM_001168221,1
STRADB:NM_018571,0
TRAK2:NM_015049,0
FLACC1:NM_139163,2
CASP8:NM_033355,1
CASP10:NM_001206542,2
CFLAR:NM_001202517,1
NDUFB3:NM_002491,3
FAM126B:NM_001321622,3
ORC2:NM_006190,0
NIF3L1:NM_001142355,0
PPIL3:NM_032472,0
CLK1:NM_004071,0
BZW1:NM_001321688,2
AOX1:NM_001159,43
SGO2:NM_001160033,0
KCTD18:NM_152387,0
SPATS2L:NM_015535,1
MAIP1:NM_001369399,1
TYW5:NM_001039693,1
C2orf69:NM_153689,2
FTCDNL1:NM_001350855,1
SATB2:NM_015265,1
PLCL1:NM_006226,0
BOLL:NM_197970,1
MARS2:NM_138395,0
RFTN2:NM_144629,2
MOB4:NM_199482,0
HSPE1:NM_002157,1
HSPE1-MOB4:NM_001202485,1
HSPD1:NM_199440,1
COQ10B:NM_001320818,1
SF3B1:NM_012433,2
ANKRD44:NM_001367495,1
PGAP1:NM_001321099,1
C2orf66:NM_213608,3
GTF3C3:NM_012086,0
CCDC150:NM_001353339,8
HECW2:NM_001348768,0
STK17B:NM_004226,2
DNAH7:NM_018897,0
SLC39A10:NM_001127257,3
TMEFF2:NM_001305134,0
CAVIN2:NM_004657,2
NABP1:NM_001254736,2
MYO1B:NM_001161819,1
STAT4:NM_001243835,1
STAT1:NM_001384881,2
GLS:NM_014905,1
NAB1:NM_001321313,0
NEMP2:NM_001142645,0
MFSD6:NM_001375989,0
INPP1:NM_002194,0
HIBCH:NM_014362,1
C2orf88:NM_001042521,1
MSTN:NM_005259,3
PMS1:NM_001321048,30
ORMDL1:NM_001371386,30
OSGEPL1:NR_148883,0
ANKAR:NM_001378068,2
ASDURF:NM_001353494,0
ASNSD1:NM_001353497,0
SLC40A1:NM_014585,4
WDR75:NM_032168,1
COL5A2:NM_000393,1
COL3A1:NM_000090,2
GULP1:NM_001375952,0
TFPI:NM_001329239,0
CALCRL:NM_001369435,1
ZSWIM2:NM_182521,1
FAM171B:NM_177454,0
ITGAV:NM_001145000,0
ZC3H15:NM_018471,1
FSIP2:NM_173651,9
ZNF804A:NM_194250,2
NUP35:NM_001287584,1
DUSP19:NM_001142314,3
NCKAP1:NM_205842,2
FRZB:NM_001463,2
DNAJC10:NM_001271581,5
PDE1A:NM_001258312,2
PPP1R1C:NR_048567,2
ITPRID2:NM_001287504,4
NEUROD1:NR_146176,2
CERKL:NM_001030311,3
ITGA4:NM_000885,3
UBE2E3:NM_001278555,2
CWC22:NM_020943,1
ZNF385B:NM_001352808,2
SESTD1:NM_178123,3
CCDC141:NM_173648,0
TTN:NM_001267550,1
PLEKHA3:NM_019091,1
FKBP7:NM_181342,3
PJVK:NM_001042702,0
PRKRA:NM_001316362,0
OSBPL6:NM_001201481,2
RBM45:NM_152945,1
PDE11A:NM_001077197,0
TTC30A:NM_152275,5
TTC30B:NM_152517,4
AGPS:NM_003659,4
NFE2L2:NM_001313902,2
HNRNPA3:NM_001330248,3
MTX2:NM_001319097,2
HOXD1:NM_024501,3
HOXD3:NM_006898,3
HOXD4:NM_014621,3
HOXD8:NM_001199747,1
HOXD9:NM_014213,4
HOXD10:NM_002148,3
HOXD11:NM_021192,3
HOXD12:NM_021193,0
HOXD13:NM_000523,2
EVX2:NM_001080458,3
LNPK:NR_130941,1
ATP5MC3:NM_001002258,0
ATF2:NM_001256090,0
CHN1:NM_001822,0
CHRNA1:NM_001039523,1
WIPF1:NM_001375835,0
GPR155:NM_001033045,1
SCRN3:NM_001193528,4
CIR1:NM_004882,4
SP9:NM_001145250,3
OLA1:NM_013341,3
SP3:NM_003111,4
CDCA7:NM_145810,5
MAP3K20:NM_016653,2
RAPGEF4:NM_001375867,2
ITGA6:NM_001316306,2
DLX2:NM_004405,0
DLX1:NM_001038493,2
METAP1D:NM_199227,6
HAT1:NM_003642,1
SLC25A12:NM_003705,1
DYNC1I2:NM_001271790,2
CYBRD1:NM_001256909,2
DCAF17:NM_001164821,3
METTL8:NM_001321157,3
TLK1:NM_001136554,17
GORASP2:NM_001201428,1
GAD1:NM_000817,2
ERICH2:NM_001290030,1
SP5:NM_001003845,3
MYO3B:NM_001083615,3
UBR3:NM_172070,3
METTL5:NM_014168,2
SSB:NM_003142,2
KLHL23:NM_144711,0
PHOSPHO2:NM_001199285,0
PHOSPHO2-KLHL23:NM_001199290,0
CCDC173:NM_001085447,0
PPIG:NM_004792,0
FASTKD1:NM_001322046,0
KLHL41:NM_006063,1
BBS5:NM_152384,2
LRP2:NM_004525,0
DHRS9:NM_001289763,3
ABCB11:NM_003742.4_2,4
G6PC2:NM_001081686.2_2,2
SPC25:NM_020675.4_2,2
NOSTRIN:NM_001171631.2_2,6
CERS6:NM_203463,1
STK39:NM_013233,1
B3GALT1:NM_020981,6
XIRP2:NM_001079810,0
SCN7A:NM_002976,3
SCN9A:NM_002977,4
SCN1A:NM_001202435,0
TTC21B:NM_024753,1
GALNT3:NM_004482,0
CSRNP3:NM_001172173,1
SCN2A:NM_001040142,1
SCN3A:NM_001081677,3
SLC38A11:NM_001351538,2
COBLL1:NM_001365671,2
GRB14:NM_004490,4
FIGN:NM_018086,1
KCNH7:NM_033272,1
GCA:NM_001330265,2
IFIH1:NM_022168,2
FAP:NM_004460,1
GCG:NM_002054,4
DPP4:NM_001935,0
SLC4A10:NM_001354453,2
TBR1:NM_006593,2
PSMD14:NM_005805,4
TANK:NM_004180,3
RBMS1:NM_016836,1
ITGB6:NM_000888,1
PLA2R1:NM_007366,4
LY75:NM_002349,1
CD302:NM_014880,3
LY75-CD302:NM_001198759,1
MARCHF7:NM_022826,1
BAZ2B:NM_001289975,2
WDSUB1:NM_001128213,2
TANC1:NM_001350063,1
DAPL1:NM_001017920,4
PKP4:NM_001377225,2
CCDC148:NM_138803,2
UPP2:NM_001135098,1
ACVR1:NM_001111067,3
ACVR1C:NM_145259,3
CYTIP:NM_004288,1
ERMN:NM_001009959,1
GALNT5:NM_014568,0
GPD2:NM_001083112,3
NR4A2:NM_006186,4
KCNJ3:NM_001260508,0
GALNT13:NM_001376392,1
RPRM:NM_019845,1
ARL6IP6:NR_146422,0
PRPF40A:NM_001354432,0
FMNL2:NM_052905,3
STAM2:NM_005843,4
CACNB4:NM_001145798,1
ARL5A:NM_012097,1
NEB:NM_001164507,2
RIF1:NM_001177664,2
TNFAIP6:NM_007115,3
NMI:NM_004688,1
RBM43:NM_198557,0
RND3:NM_001254738,1
MMADHC:NM_015702,1
LYPD6:NM_001195685,0
LYPD6B:NM_001317006,0
KIF5C:NM_004522.3_2,2
EPC2:NM_015630,0
MBD5:NM_018328,5
ORC4:NM_181742,4
ACVR2A:NM_001278580,2
ZEB2:NM_014795,2
GTDC1:NM_001376307,1
ARHGAP15:NM_018460,0
KYNU:NM_003937,2
LRP1B:NM_018557,2
NXPH2:NM_007226,0
SPOPL:NM_001001664,2
HNMT:NM_006895,3
THSD7B:NM_001316349,1
CXCR4:NM_001348056,1
DARS1:NM_001293312,4
MCM6:NM_005915,0
LCT:NM_002299,1
UBXN4:NM_014607,2
R3HDM1:NM_001282799,2
ZRANB3:NM_032143,1
RAB3GAP1:NM_012233,1
MAP3K19:NM_025052,2
CCNT2:NM_001241,4
ACMSD:NM_138326,2
TMEM163:NM_030923,0
MGAT5:NM_001371457,1
NCKAP5:NM_207363,2
LYPD1:NM_001077427,1
GPR39:NM_001508,2
ZNF806:NM_001355461,1
ANKRD30BL:NR_152415,2
CCDC74A:NM_001349046,2
MZT2A:NM_001085365,1
TUBA3D:NM_080386,0
NMTRQ-TTG9-1:NMTRQ-TTG9-1,1
NMTRS-TGA2-1:NMTRS-TGA2-1,2
RAB6D:NM_001077637,1
POTEE:NM_001083538,2
PLEKHB2:NM_001309451,0
FAM168B:NM_001321743,2
ARHGEF4:NM_001375900,0
AMER3:NM_152698,0
GPR148:NM_207364,0
POTEJ:NM_001277083,0
CFC1:NM_032545,0
CFC1B:NM_001079530,0
POTEI:NM_001371926,0
PTPN18:NM_001142370,5
IMP4:NM_001371734,4
CCDC115:NM_001321118,5
NMTRQ-TTG7-1:NMTRQ-TTG7-1,1
TUBA3E:NM_207312,0
MZT2B:NM_001330284,3
SMPD4:NM_017751,2
CCDC74B:NM_207310,2
POTEF:NM_001099771,2
RAB6C:NM_032144,0
HS6ST1:NM_004807,0
UGGT1:NM_020120,0
SAP130:NM_001330301,0
AMMECR1L:NM_001199140,2
POLR2D:NM_004805,1
SFT2D3:NM_032740,1
WDR33:NM_018383,0
GPR17:NM_001161417,1
LIMS2:NM_001161404,1
MYO7B:NM_001080527,0
IWS1:NM_017969,2
PROC:NM_001375609,1
MAP3K2:NM_001371911,2
ERCC3:NM_001303418,1
CYP27C1:NM_001367502,2
BIN1:NM_139343,1
TEX51:NM_001322244,0
GYPC:NM_016815,0
CNTNAP5:NM_130773,1
TSN:NM_001261401,0
NIFK:NM_032390,1
CLASP1:NM_001378005,4
TFCP2L1:NM_014553,1
GLI2:NM_001374354,1
INHBB:NM_002193,2
RALB:NM_002881,0
TMEM185B:NM_024121,3
EPB41L5:NM_001184937,0
PTPN4:NM_002830,0
CFAP221:NM_001271049,1
SCTR:NM_002980,1
TMEM37:NM_183240,1
DBI:NM_001079862,0
C2orf76:NM_001017927,0
STEAP3:NM_001008410,1
C1QL2:NM_182528,0
MARCO:NM_006770,1
EN1:NM_001426,2
INSIG2:NM_001321330,11
CCDC93:NM_019044,0
DDX18:NM_006773,1
NMTRL-TAA2-1:NMTRL-TAA2-1,0
DPP10:NM_001321913,1
ACTR3:NM_005721,0
SLC35F5:NM_001330314,2
RABL2A:NM_001354426,0
FOXD4L1:NM_012184,2
CBWD2:NM_001330337,0
PAX8:NM_003466,0
PSD4:NM_012455,2
IL1RN:NM_000577,0
IL1F10:NM_173161,1
IL36RN:NM_173170,2
IL36B:NM_014438,0
IL36A:NM_014440,0
IL36G:NM_001278568,2
IL37:NM_173203,0
IL1B:NM_000576,1
IL1A:NM_000575,11
CKAP2L:NM_152515,0
NT5DC4:NM_001350494,0
SLC20A1:NM_005415,0
CHCHD5:NM_001304353,0
POLR1B:NM_001282772,1
TTL:NM_001371712,0
RGPD8:NM_001164463,2
ZC3H6:NM_198581,4
ZC3H8:NM_032494,4
FBLN7:NM_001128165,1
TMEM87B:NM_001329914,2
MERTK:NM_006343,3
ANAPC1:NM_022662,4
BCL2L11:NM_001204107,0
ACOXL:NM_001142807,2
BUB1:NM_004336,1
RGPD6:NM_001384362,3
LIMS4:NR_038099,2
MTLN:NM_001384134,0
NPHP1:NM_000272,2
MALL:NM_001371559,1
LIMS3:NR_027467,3
LIMS3-LOC440895:NR_027145,3
RGPD5:NM_005054,0
SOWAHC:NM_023016,0
SEPTIN10:NM_001321501,0
SH3RF3:NM_001099289,0
EDAR:NM_022336,2
CCDC138:NM_001351557,0
RANBP2:NM_006267,0
LIMS1:NM_001371496,1
GCC2:NM_181453,1
SULT1C4:NM_001321770,2
SULT1C2:NM_001056,1
SULT1C3:NM_001008743,3
SLC5A7:NM_001305006,4
RGPD4:NM_182588,0
ST6GAL2:NM_032528,2
CD8B2:NM_001368307,1
RGPD3:NM_001144013,3
UXS1:NM_001253875,2
ECRG4:NM_032411,2
NCK2:NM_001004722,1
FHL2:NM_201557,4
C2orf49:NM_001286537,0
TGFBRAP1:NM_001328646,0
GPR45:NM_007227,2
MRPS9:NM_182640,0
POU3F3:NM_006236,3
TMEM182:NM_001321346,2
MFSD9:NM_001322080,2
SLC9A2:NM_003048,0
SLC9A4:NM_001011552,2
IL18RAP:NM_003853,1
IL18R1:NM_003855,0
IL1RL1:NM_016232,1
IL1RL2:NM_001351448,1
IL1R1:NM_001288706,1
IL1R2:NM_004633,2
MAP4K4:NM_001384548,2
RFX8:NM_001367509,4
CREG2:NM_153836,0
RNF149:NM_173647,0
CNOT11:NM_017546,0
TBC1D8:NM_001330348,3
RPL31:NM_001098577,3
NPAS2:NM_002518,2
PDCL3:NM_024065,2
NMS:NM_001011717,1
CHST10:NM_004854,0
LONRF2:NM_001371783,0
AFF3:NM_001386135,2
REV1:NM_001321455,2
EIF5B:NM_015904,1
TXNDC9:NM_005783,1
LYG1:NM_001371380,0
LYG2:NM_175735,4
MRPL30:NM_145212,0
MITD1:NM_001320417,1
LIPT1:NM_145199,4
C2orf15:NM_144706,1
TSGA10:NM_025244,4
CRACDL:NM_207362,1
MGAT4A:NM_012214,3
UNC50:NM_014044,1
COA5:NM_001008215,1
INPP4A:NM_001134225,0
CNGA3:NM_001079878,0
VWA3B:NM_144992,0
TMEM131:NM_015348,1
ZAP70:NM_001079,2
C2orf92:NM_001351368,3
ACTR1B:NM_005735,0
COX5B:NM_001862,6
ANKRD36B:NM_025190,1
ANKRD36:NM_001354587,3
FAHD2B:NM_001320848,2
FAM178B:NM_001122646,0
SEMA4C:NM_017789,1
ANKRD39:NM_016466,0
ANKRD23:NM_144994,0
CNNM3:NM_199078,0
CNNM4:NM_020184,0
LMAN2L:NM_001322354,0
FER1L5:NM_001293083,0
KANSL3:NM_001349259,0
ARID5A:NM_001319093,0
NEURL3:NR_104346,0
NCAPH:NM_001281712,1
ITPRIPL1:NM_178495,2
SNRNP200:NM_014014,1
CIAO1:NM_004804,1
TMEM127:NM_017849,1
STARD7:NM_020151,3
DUSP2:NM_004418,0
ASTL:NM_001002036,3
ADRA2B:NM_000682,1
GPAT2:NM_001321531,0
ANKRD36C:NM_001310154,1
TRIM43:NM_138800,1
TRIM43B:NM_001164464,2
FAHD2A:NM_016044,0
KCNIP3:NM_013434,0
PROM2:NM_001165977,3
ZNF2:NM_001291604,2
ZNF514:NM_032788,1
MRPS5:NM_001321995,0
MAL:NM_022440,0
TEKT4:NM_144705.4_2,0
RPIA:NM_144563,0
EIF2AK3:NM_004836,2
TEX37:NM_152670,2
FOXI3:NM_001135649,0
THNSL2:NM_001244678,1
FABP1:NM_001443,1
SMYD1:NM_001330364,3
KRCC1:NM_016618,0
RGPD2:NM_001078170,1
PLGLB2:NM_002665,1
PLGLB1:NM_001032392,0
RGPD1:NM_001024457,2
CD8B:NM_172101,0
CD8A:NM_001145873,0
RMND5A:NM_022780,0
RNF103:NM_001198951,1
CHMP3:NM_016079,2
RNF103-CHMP3:NM_001198954,0
KDM3A:NM_018433,0
REEP1:NM_001164730,17
MRPL35:NM_001363782,2
IMMT:NM_006839,2
PTCD3:NM_017952,1
POLR1A:NM_015425,1
ST3GAL5:NM_001354229,2
ATOH8:NM_032827,0
GNLY:NM_006433,2
SFTPB:NM_198843,2
C2orf68:NM_001013649,2
USP39:NR_046347,2
TMEM150A:NM_001031738,2
RNF181:NM_016494,4
VAMP5:NM_006634,3
VAMP8:NM_003761,2
GGCX:NM_000821,2
MAT2A:NM_005911,2
SH2D6:NM_201594,1
CAPG:NM_001256139,1
ELMOD3:NM_001329793,2
RETSAT:NM_017750,2
TGOLN2:NM_001368095,3
TCF7L1:NM_031283,2
KCMF1:NM_020122,7
TMSB10:NM_021103,5
TRABD2A:NM_001277053,1
DNAH6:NM_001370,2
SUCLG1:NM_003849,1
LRRTM1:NM_178839,3
CTNNA2:NM_001164883,0
REG3A:NM_138938,2
REG1A:NM_002909,0
REG1B:NM_006507,3
REG3G:NM_198448,1
LRRTM4:NM_001134745,0
GCFC2:NM_001201334,3
MRPL19:NM_014763,14
EVA1A:NM_032181,2
TACR1:NM_001058,3
POLE4:NM_019896,0
HK2:NM_000189,1
SEMA4F:NM_001271661,1
M1AP:NM_001321739,1
DOK1:NM_001197260,1
LOXL3:NM_032603,1
HTRA2:NM_145074,0
AUP1:NM_181575,0
DQX1:NM_133637,1
TLX2:NM_016170,2
PCGF1:NM_032673,0
LBX2:NM_001009812,3
TTC31:NM_001376144,1
CCDC142:NM_001365575,1
MRPL53:NM_053050,2
MOGS:NM_006302,1
WBP1:NM_012477,0
INO80B:NM_031288,1
INO80B-WBP1:NR_037849,1
RTKN:NM_001015055,2
WDR54:NM_001320823,1
C2orf81:NM_001316766,1
DCTN1:NM_001378991,3
SLC4A5:NM_133478,1
MTHFD2:NM_006636,1
MOB1A:NM_018221,1
BOLA3:NM_212552,0
TET3:NM_001287491,4
DGUOK:NM_001318863,4
ACTG2:NM_001199893,13
STAMBP:NR_148669,1
C2orf78:NM_001080474,3
DUSP11:NM_003584,1
TPRKB:NM_001330390,3
NAT8:NM_003960,2
ALMS1:NM_015120,0
EGR4:NM_001965,2
FBXO41:NM_001080410,1
CCT7:NM_001009570,0
PRADC1:NR_144358,0
SMYD5:NM_006062,0
NOTO:NM_001134462,2
RAB11FIP5:NM_001371272,0
SFXN5:NM_001371737,2
EMX1:NM_004097,1
SPR:NM_003124,14
EXOC6B:NM_001321731,4
CYP26B1:NM_019885,1
DYSF:NM_001130976,0
ZNF638:NM_001014972,1
PAIP2B:NM_020459,9
MPHOSPH10:NM_005791,2
MCEE:NM_032601,2
NAGK:NM_001330426,1
TEX261:NM_144582.3_2,2
ANKRD53:NM_001369683.1_2,0
ATP6V1B1:NM_001692.4_2,0
VAX2:NM_012476.3_2,19
CD207:NM_015717.5_2,1
CLEC4F:NM_173535.3_2,1
FIGLA:NM_001004311.3_2,1
ADD2:NM_017488.4_2,40
TGFA:NM_003236.4_2,1
FAM136A:NM_001329752,1
SNRPG:NM_001317165,0
PCYOX1:NM_016297,3
TIA1:NM_001351512,3
C2orf42:NM_001348758,3
PCBP1:NM_006196,0
MXD1:NM_001202514,11
SNRNP27:NM_006857,2
GMCL1:NM_178439,1
ANXA4:NM_001320698,0
AAK1:NM_014911,0
NFU1:NM_001374284,2
GFPT1:NM_001244710,2
ANTXR1:NM_032208,1
GKN1:NM_019617,1
GKN2:NM_182536,2
BMP10:NM_014482,1
ARHGAP25:NM_001166277,1
PROKR1:NM_138964,2
APLF:NM_173545,1
FBXO48:NM_001024680,1
PLEK:NM_002664,2
CNRIP1:NM_001111101,1
PPP3R1:NM_000945,2
PNO1:NM_001329916,3
WDR92:NM_138458,3
C1D:NM_001190265,2
ETAA1:NM_019002,0
MEIS1:NM_002398,2
SPRED2:NM_181784,1
ACTR2:NM_005722,0
RAB1A:NM_004161,6
CEP68:NM_001319100,3
SLC1A4:NM_001348407,2
SERTAD2:NM_014755,0
AFTPH:NM_001375973,49
LGALSL:NM_014181,0
PELI1:NM_020651,0
VPS54:NM_016516,1
UGP2:NM_001377527,0
MDH1:NM_001316374,2
WDPCP:NM_001354044,1
OTX1:NM_001199770,2
EHBP1:NM_001142615,2
TMEM17:NM_198276,2
B3GNT2:NM_006577,2
COMMD1:NM_001371765,0
CCT4:NM_006430,0
FAM161A:NM_001201543,4
XPO1:NM_003400,15
USP34:NM_014709,1
C2orf74:NM_001316317,3
KIAA1841:NM_001330435,2
PEX13:NM_002618,0
PUS10:NM_144709,0
REL:NM_001291746,0
PAPOLG:NM_022894,0
BCL11A:NM_018014,2
FANCL:NM_001114636,2
VRK2:NM_001288838,2
CCDC85A:NM_001080433,0
EFEMP1:NM_001039348,0
PNPT1:NM_033109,0
PPP4R3B:NM_001122964,2
CFAP36:NM_080667,1
CCDC88A:NM_001365480,2
MTIF2:NM_002453,0
RPS27A:NM_001135592,6
CLHC1:NM_001135598,5
RTN4:NM_001321904,3
EML6:NM_001039753,0
SPTBN1:NM_003128,3
C2orf73:NM_001369403,61
TSPYL6:NM_001003937,1
ACYP2:NM_001320587,2
PSME4:NM_014614,2
GPR75:NM_006794,2
ERLEC1:NM_001127398,0
CHAC2:NM_001346127,2
GPR75-ASB3:NM_001164165,2
ASB3:NM_001201965,0
NRXN1:NM_001135659,4
FSHR:NM_000145,0
LHCGR:NM_000233,4
GTF2A1L:NM_001193487,1
STON1:NM_006873,1
STON1-GTF2A1L:NM_001198593,1
PPP1R21:NM_001193475,3
FOXN2:NM_001375443,0
FBXO11:NM_001190274,0
MSH6:NM_001281492,2
NME2P2:NME2P2,1
KCNK12:NM_022055,1
MSH2:NM_001258281,0
EPCAM:NM_002354,0
CALM2:NM_001305625,40
STPG4:NM_001163561,3
TTC7A:NM_001288953,0
MCFD2:NM_001171508,0
SOCS5:NM_014011,1
CRIPT:NM_014171,2
PIGF:NM_173074,2
RHOQ:NM_012249,3
ATP6V1E2:NM_001371281,2
TMEM247:NM_001145051,3
EPAS1:NM_001430,0
PRKCE:NM_005400,1
SRBD1:NM_018079,2
SIX2:NM_016932,3
SIX3:NM_005413,2
CAMKMT:NM_024766,0
PREPL:NM_001171603,0
SLC3A1:NM_000341,2
PPM1B:NM_177968,1
LRPPRC:NM_133259,1
ABCG8:NM_001357321,0
ABCG5:NM_022436,0
DYNC2LI1:NM_001348912,3
C1GALT1C1L:NM_001101330,2
PLEKHH2:NM_172069,1
THADA:NM_001083953,2
ZFP36L2:NM_006887,2
HAAO:NM_012205,0
OXER1:NM_148962,0
MTA3:NM_001282755,1
KCNG3:NM_133329,1
COX7A2L:NM_001319038,1
EML4:NM_001145076,2
PKDCC:NM_138370,3
SLC8A1:NM_001372263,0
THUMPD2:NM_001321478,2
TMEM178A:NM_001167959,3
MAP4K3:NM_003618,1
CDKL4:NR_144521,2
SOS1:NM_001382394,2
ARHGEF33:NM_001145451,17
MORN2:NM_001145450,1
DHX57:NM_198963,1
GEMIN6:NM_024775,4
SRSF7:NM_001363802,2
GALM:NM_138801,1
HNRNPLL:NM_138394,3
ATL2:NM_001330462,7
CYP1B1:NM_000104,3
RMDN2:NM_001322212,3
CDC42EP3:NM_001371569,0
QPCT:NM_012413,1
PRKD3:NM_005813,2
NDUFAF7:NR_146405,2
CEBPZ:NM_005760,3
SULT6B1:NM_001032377,1
EIF2AK2:NM_002759,1
GPATCH11:NM_001278505,0
HEATR5B:NM_019024,0
STRN:NM_003162,0
VIT:NM_001177971,0
FEZ2:NM_001042548,1
CRIM1:NM_016441.3_2,1
FAM98A:NM_015475,1
RASGRP3-AS1:NR_146505,0
RASGRP3:NM_001349978,1
LTBP1:NM_206943,0
TTC27:NM_001193509,0
BIRC6:NM_016252,1
YIPF4:NM_032312,4
NLRC4:NM_021209,1
SLC30A6:NM_001330476,0
SPAST:NM_001363875,3
DPY30:NM_001321210,5
MEMO1:NM_001371912,1
SRD5A2:NM_000348,1
XDH:NM_000379,0
EHD3:NM_014600,1
CAPN14:NM_001321270,1
GALNT14:NM_001329096,3
CAPN13:NM_144575,2
LCLAT1:NM_001002257,3
LBH:NM_030915,1
YPEL5:NM_016061,1
ALK:NM_004304,6
CLIP4:NM_001287528,2
PCARE:NM_001029883,1
TOGARAM2:NM_001321539,1
WDR43:NM_015131,2
TRMT61B:NM_017910,0
SPDYA:NM_001142634,2
PPP1CB:NM_206876,1
PLB1:NM_153021,2
FOSL2:NM_005253,1
BABAM2:NM_001329112,0
RBKS:NM_001287580,0
MRPL33:NM_145330,2
SLC4A1AP:NM_018158,0
SUPT7L:NM_001282729,1
GPN1:NM_001145049,1
CCDC121:NM_001142683,1
ZNF512:NM_001271289,1
C2orf16:NM_032266,0
GCKR:NM_001486,0
FNDC4:NM_022823,5
IFT172:NM_015662,2
KRTCAP3:NM_001168364,67
NRBP1:NM_001321357,2
PPM1G:NM_177983,3
ZNF513:NM_144631,1
SNX17:NM_001267061,0
EIF2B4:NM_001318966,0
GTF3C2:NM_001521,4
MPV17:NM_002437,1
UCN:NM_003353,2
TRIM54:NM_187841,0
DNAJC5G:NM_001303128,2
SLC30A3:NM_001318950,2
CAD:NM_001306079,2
ATRAID:NM_001170795,2
SLC5A6:NM_021095,2
TCF23:NM_175769,62
PRR30:NM_178553,2
PREB:NM_013388,63
ABHD1:NM_032604,3
CGREF1:NM_001166240,1
KHK:NM_006488,0
EMILIN1:NM_007046,4
OST4:NM_001134693,5
AGBL5:NR_138023,3
TMEM214:NM_001083590,3
MAPRE3:NM_012326,1
DPYSL5:NM_001253723,51
CENPA:NM_001042426,4
SLC35F6:NM_017877,1
KCNK3:NM_002246,1
CIB4:NM_001029881,3
FAM166C:NM_001105519,50
OTOF:NM_194248,3
DRC1:NM_145038,1
SELENOI:NM_033505,0
ADGRF3:NM_001321971,0
HADHB:NM_001281512,2
HADHA:NM_000182,2
GAREM2:NM_001168241,4
RAB10:NM_016131,1
KIF3C:NM_002254,1
ASXL2:NM_018263,3
DTNB:NM_001351395,3
DNMT3A:NR_135490,2
POMC:NM_001319204,0
EFR3B:NM_014971,2
DNAJC27:NM_001198559,0
ADCY3:NM_001377128,0
CENPO:NM_001199803,1
PTRHD1:NM_001013663,1
NCOA1:NM_147223,0
ITSN2:NM_001348181,0
FAM228A:NM_001040710,4
PFN4:NM_199346,1
TP53I3:NM_004881,3
FAM228B:NM_001291328,0
SF3B6:NM_016047,0
FKBP1B:NM_001322964,1
WDCP:NM_025203,2
MFSD2B:NM_001346880,1
UBXN2A:NM_181713,0
ATAD2B:NM_001354107,1
KLHL29:NM_052920,1
TDRD15:NM_001306137,0
APOB:NM_000384,1
LDAH:NM_001282719,1
GDF7:NM_182828,0
HS1BP3:NM_022460,0
RHOB:NM_004040,1
PUM2:NM_001352920,2
SDC1:NM_001006946,2
LAPTM4A:NM_014713,1
MATN3:NM_002381,0
WDR35:NM_001006657,1
TTC32:NM_001008237,1
OSR1:NM_145260,1
NT5C1B:NM_001199087,3
RDH14:NM_020905,1
NT5C1B-RDH14:NM_001199104,3
KCNS3:NM_001282428,2
MSGN1:NM_001105569,1
GEN1:NM_182625,1
SMC6:NM_001142286,1
VSNL1:NM_001366803,3
RAD51AP2:NM_001321233,0
CYRIA:NM_030797,1
MYCN:NM_001293231,1
DDX1:NM_004939,3
NBAS:NM_015909,2
TRIB2:NM_021643,1
LPIN1:NM_001349207,0
NTSR2:NM_012344,2
GREB1:NM_014668,0
E2F6:NM_001278277,0
ROCK2:NM_001321643,4
SLC66A3:NM_001282711,2
C2orf50:NM_182500,2
KCNF1:NM_002236,1
PDIA6:NM_001282705,2
ATP6V1C2:NM_144583,2
NOL10:NM_024894,2
ODC1:NM_002539,2
HPCAL1:NM_002149,4
RRM2:NR_164157,2
CYS1:NM_001037160,1
KLF11:NM_003597,1
GRHL1:NM_198182,3
TAF1B:NM_001318977,3
YWHAQ:NM_006826,5
ADAM17:NM_001382778,0
IAH1:NM_001320860,1
CPSF3:NM_001321835,0
ITGB1BP1:NM_001369749,0
ASAP2:NM_001135191,2
MBOAT2:NM_001321267,6
KIDINS220:NM_001348739,2
ID2:NM_002166,3
RNF144A:NM_001349181,1
RSAD2:NM_080657,2
CMPK2:NM_001256478,0
SOX11:NM_003108,4
DCDC2C:NM_001287444,3
ALLC:NM_018436,2
COLEC11:NM_001255984,1
RPS7:NM_001011,1
RNASEH1:NR_148534,3
ADI1:NM_018269,3
TRAPPC12:NM_001321102,3
EIPR1:NM_001330530,25
MYT1L:NM_001329844,0
PXDN:NM_012293,0
TPO:NM_001206745,2
SNTG2:NM_018968,0
TMEM18:NM_001352680,30
ALKAL2:NM_001002919,2
ACP1:NM_007099,35
SH3YL1:NM_001282682,35
FAM110C:NM_001077710,1
PGBD2:NM_001017434,0
ZNF692:NM_001136036,0
ZNF672:NM_024836,0
SH3BP5L:NM_001322464,0
LYPD8:NM_001291283.2_2,4
OR14I1:NM_001004734,1
OR2T27:NM_001386060,1
OR2T35:NM_001001827,1
OR2T11:NM_001001964,1
OR2T10:NM_001004693,1
OR2T34:NM_001001821,0
OR2T29:NM_001004694,0
OR2G6:NM_001013355,1
OR2T5:NM_001004697,1
OR2T3:NM_001005495,0
OR2T2:NM_001004136,2
OR2T7:NM_001386051,0
OR2T1:NM_030904,0
OR2T6:NM_001005471,0
OR2T4:NM_001004696,2
OR14C36:NM_001001918,0
OR2M7:NM_001004691,0
OR2T12:NM_001004692,4
OR2T33:NM_001004695,3
OR2M4:NM_017504,2
OR2M3:NM_001004689,1
OR2M2:NM_001004688,0
OR2M5:NM_001004690,2
OR2L3:NM_001004687,2
OR2L2:NM_001004686,2
OR2L5:NM_001258284,1
OR2AK2:NM_001004491,2
OR2L8:NM_001001963,1
OR2L13:NM_001304535,1
OR2AJ1:NM_001355235,3
OR2T8:NM_001005522,2
OR2W3:NM_001001957,2
TRIM58:NM_015431,1
OR11L1:NM_001001959,0
OR14A16:NM_001001966,3
OR1C1:NM_012353,1
OR14K1:NM_001004732,1
OR14A2:NM_001355292,3
OR6F1:NM_001005286,0
OR13G1:NM_001005487,0
OR2G3:NM_001001914,2
OR2G2:NM_001001915,2
OR2C3:NM_198074,2
GCSAML-AS1:NR_027309,0
GCSAML:NM_001281853,1
OR2B11:NR_169840,0
NLRP3:NM_001079821,2
ZNF496:NM_032752,2
VN1R5:NR_160309,0
ZNF124:NM_001243740,13
ZNF669:NM_024804,0
ZNF670:NM_033213,2
ZNF670-ZNF695:NR_037894,2
ZNF695:NM_001204221,0
AHCTF1:NM_001323342,0
SCCPDH:NM_016002,1
CNST:NM_152609,3
TFB2M:NM_022366,3
SMYD3:NM_001167740,1
KIF26B:NM_018012,1
EFCAB2:NM_001143943,0
HNRNPU:NM_031844,2
COX20:NM_001312871,4
DESI2:NM_001297746,4
CATSPERE:NM_001242340,1
ADSS2:NM_001365073,3
C1orf100:NM_001276349,1
ZBTB18:NM_001278196,4
AKT3:NM_181690,1
SDCCAG8:NM_006642,2
CEP170:NM_014812,1
PLD5:NM_001372062,2
MAP1LC3C:NM_001004343,1
BECN2:NM_001290693,2
EXO1:NM_001319224,0
WDR64:NM_001367482,2
CHML:NM_001381853,1
OPN3:NM_014322,1
KMO:NM_003679,6
FH:NM_000143,4
RGS7:NM_001374808,45
GREM2:NM_022469,0
FMN2:NM_001348094,1
CHRM3:NM_001375980,1
NMTRL-TAA3-1:NMTRL-TAA3-1,1
NMTRP-TGG1-1:NMTRP-TGG1-1,1
ZP4:NM_021186,0
RYR2:NM_001035,2
MT1HL1:NM_001276687,1
MTR:NM_001291939,2
ACTN2:NM_001103,1
HEATR1:NM_018072,2
LGALS8:NM_201545,3
EDARADD:NM_145861,1
ERO1B:NM_019891,1
GPR137B:NM_003272,3
NID1:NM_002508,1
LYST:NM_001301365,3
GNG4:NM_001098721,0
B3GALNT2:NM_152490,2
TBCE:NM_001287802,3
GGPS1:NM_001371477,3
ARID4B:NM_016374,4
RBM34:NM_015014,12
TOMM20:NM_014765,6
IRF2BP2:NM_182972,4
TARBP1:NM_005646,10
COA6:NM_001206641,2
SLC35F3:NM_173508,3
KCNK1:NM_002245,2
MAP3K21:NM_032435,1
PCNX2:NM_014801,4
NTPCR:NM_001329453,2
MAP10:NM_019090,2
SIPA1L2:NM_001377488,0
DISC1:NM_001164540,1
TSNAX:NM_005999,1
TSNAX-DISC1:NR_028393,1
EGLN1:NM_022051,0
SPRTN:NM_001261462,0
EXOC8:NM_175876,0
GNPAT:NM_001316350,1
C1orf131:NM_152379,1
TRIM67:NM_001300889,1
FAM89A:NM_198552,1
ARV1:NM_022786,2
TTC13:NM_024525,2
C1orf198:NM_001136494,0
CAPN9:NM_001319676,1
AGT:NM_001382817,2
COG2:NM_001145036,1
PGBD5:NM_001258311,1
GALNT2:NM_001291866,4
URB2:NM_014777,3
TAF5L:NM_014409,3
ABCB10:NM_012089,2
NUP133:NM_018230,4
ACTA1:NM_001100,2
CCSAP:NM_145257,2
RAB4A:NM_001271998,0
BTNL10:NM_001287262,0
RNF187:NM_001010858,3
H2BU1:NM_175055,3
H2AW:NM_033445,2
H3-4:NM_003493,0
TRIM17:NM_016102,0
TRIM11:NM_145214,0
OBSCN:NM_001386125,2
IBA57:NM_001010867,1
GJC2:NM_020435,3
GUK1:NM_001242839,2
MRPL55:NM_181462,4
C1orf35:NM_024319,0
ARF1:NM_001658,5
WNT3A:NM_033131,3
WNT9A:NM_003395,2
PRSS38:NM_001374657,1
JMJD4:NM_023007,1
SNAP47:NM_001323933,0
ZNF678:NR_102302,2
CDC42BPA:NM_001366011,0
COQ8A:NM_020247,2
PSEN2:NM_012486,3
ITPKB:NM_002221,1
STUM:NM_001003665,2
PARP1:NM_001618,0
LIN9:NM_001270410,0
MIXL1:NM_031944,0
ACBD3:NM_022735,0
H3-3A:NM_001379043,2
SDE2:NM_152608,59
LEFTY2:NM_003240,1
PYCR2:NM_013328,28
LEFTY1:NM_020997,1
TMEM63A:NM_014698,5
EPHX1:NM_001378432,82
SRP9:NM_003133,1
ENAH:NM_001377481,0
LBR:NM_194442,1
DNAH14:NM_001367479,4
WDR26:NM_001379403,0
CNIH4:NM_001277199,3
NVL:NM_002533,1
DEGS1:NM_003676,2
FBXO28:NM_001136115,3
TP53BP2:NM_005426,1
CAPN2:NM_001146068,1
CAPN8:NM_001143962,1
CCDC185:NM_152610,0
SUSD4:NM_017982,2
TLR5:NM_003268,1
DISP1:NM_001377229,0
FAM177B:NM_207468,1
BROX:NM_001288579,6
AIDA:NM_022831,6
MIA3:NM_001324063,0
TAF1A:NM_001201536,1
HHIPL2:NM_024746,2
DUSP10:NM_007207,1
HLX:NM_021958,2
MTARC1:NM_022746,1
MTARC2:NM_001331042,4
C1orf115:NM_024709,2
MARK1:NM_001286128,1
RAB3GAP2:NM_012414,1
IARS2:NM_018060,5
BPNT1:NM_001286151,1
EPRS1:NM_004446,4
SLC30A10:NM_001376929,2
ZC3H11B:NM_001355457,0
LYPLAL1:NM_001300769,1
TGFB2:NM_003238,4
RRP15:NM_016052,0
SPATA17:NM_138796,4
GPATCH2:NM_018040,4
ESRRG:NM_001134285,1
USH2A:NM_206933,3
KCTD3:NM_001319294,3
KCNK2:NM_001017424,3
CENPF:NM_016343,1
PTPN14:NM_005401,1
SMYD2:NM_020197,2
PROX1:NM_001270616,1
RPS6KC1:NM_001349665,3
ANGEL2:NM_001300757,2
VASH2:NM_001136475,3
FLVCR1:NM_014053,1
SPATA45:NM_001024601,3
TATDN3:NM_001146170,2
NSL1:NM_001042549,2
BATF3:NM_018664,3
FAM71A:NM_153606,4
ATF3:NM_001030287,3
NENF:NM_013349,7
PACC1:NM_001198862,1
PPP2R5A:NM_006243,4
DTL:NM_001286229,4
INTS7:NM_015434,4
LPGAT1:NM_001375844,4
NEK2:NM_001204182,0
SLC30A1:NM_021194,2
RD3:NM_183059,3
TRAF5:NM_004619,1
RCOR3:NM_001136224,3
KCNH1:NM_172362,2
HHAT:NM_001170564,1
SERTAD4:NM_001354173,0
SYT14:NM_153262,0
UTP25:NM_014388,0
IRF6:NM_006147,3
C1orf74:NM_152485,1
TRAF3IP3:NM_001320144,2
HSD11B1:NM_181755,1
G0S2:NM_015714,0
LAMB3:NM_000228,8
CAMK1G:NM_020439,3
PLXNA2:NM_025179,1
CD34:NM_001025109,1
CD46:NM_002389,2
CR1L:NM_175710,4
CR1:NM_000651,2
CR2:NM_001877,2
CD55:NM_000574,3
C4BPA:NM_000715,2
C4BPB:NM_001017366,0
PFKFB2:NM_001018053,5
YOD1:NM_001276320,5
C1orf116:NM_023938,2
FCAMR:NM_001170631,2
PIGR:NM_002644,1
FCMR:NM_005449,2
IL24:NM_001185158,1
IL20:NM_001385166,4
IL19:NM_153758,1
IL10:NM_000572,3
MAPKAPK2:NM_032960.4_2,2
DYRK3:NM_003582.4_2,2
EIF2D:NM_006893.3_2,1
RASSF5:NM_182664.4_2,0
IKBKE:NM_001193321.2_2,1
SRGAP2:NM_001170637.4_2,1
CTSE:NM_001317331.2_2,0
RHEX:NM_001007544.4_2,0
AVPR1B:NM_000707.5_2,0
FAM72A:NM_001385243.1_2,1
SRGAP2B:NM_001385228.1_2,2
SLC26A9:NM_052934,1
PM20D1:NM_152491,2
SLC41A1:NM_173854,1
RAB29:NM_001135663,11
NUCKS1:NM_022731,3
SLC45A3:NM_033102,2
ELK4:NM_001973,5
MFSD4A:NM_181644,1
CDK18:NM_212502,3
LEMD1:NM_001199050,1
KLHDC8A:NM_001271863,2
NUAK2:NM_030952,3
TMCC2:NM_014858,1
DSTYK:NM_015375,3
RBBP5:NM_005057,0
TMEM81:NM_203376,1
CNTN2:NM_001346083,0
NFASC:NM_001365986,0
LRRN2:NM_006338,3
MDM4:NM_001204172,1
PIK3C2B:NM_002646,0
PPP1R15B:NM_032833,4
PLEKHA6:NM_014935,1
GOLT1A:NM_198447,1
KISS1:NM_002256,1
REN:NM_000537,3
ETNK2:NM_001297760,0
SOX13:NM_005686,2
SNRPE:NM_003094,0
ZBED6:NM_001174108,0
ZC3H11A:NM_001376365,1
LAX1:NM_001136190,1
ATP2B4:NM_001684,0
OPTC:NM_014359,3
PRELP:NM_201348,0
FMOD:NM_002023,5
BTG2:NM_006763,0
CHIT1:NM_003465,1
CHI3L1:NM_001276,4
MYBPH:NM_004997,1
ADORA1:NM_001048230,4
MYOG:NM_002479,0
PPFIA4:NM_001304332,0
TMEM183A:NM_001322959,2
CYB5R1:NM_016243,4
ADIPOR1:NM_001290629,39
KLHL12:NM_001303051,2
RABIF:NM_002871,4
KDM5B:NM_001314042,2
SYT2:NM_177402,2
PPP1R12B:NM_002481,3
UBE2T:NM_001310326,1
LGR6:NM_001017403,36
PTPN7:NR_037663,2
ARL8A:NM_138795,1
GPR37L1:NM_004767,3
ELF3:NM_004433,1
RNPEP:NM_001319184,2
TIMM17A:NM_006335,6
LMOD1:NM_012134,1
SHISA4:NR_030775,2
IPO9:NM_018085,1
NAV1:NM_020443,0
CSRP1:NM_004078,1
PHLDA3:NM_012396,2
TNNI1:NM_003281,2
LAD1:NM_005558,0
TNNT2:NM_001276347,1
PKP1:NM_001005337,5
IGFN1:NM_001367841,2
TMEM9:NM_001288564,0
ASCL5:NM_001270601,1
CACNA1S:NM_000069,4
KIF21B:NM_001252100,1
INAVA:NM_018265,3
GPR25:NM_005298,1
CAMSAP2:NM_001297708,2
DDX59:NM_001320181,5
KIF14:NM_014875,2
ZNF281:NM_001281293,0
NR5A2:NM_003822,0
PTPRC:NM_080921.4_2,2
ATP6V1G3:NM_133326.2_2,2
NEK7:NM_133494,2
LHX9:NM_001014434,0
C1orf53:NM_001024594,0
DENND1B:NM_001195215,3
CRB1:NM_001257965,2
ZBTB41:NM_194314,2
ASPM:NM_018136,3
F13B:NM_001994,1
CFHR5:NM_030787,1
CFHR2:NM_005666,2
CFHR4:NM_001201551,1
CFHR1:NM_001379312,0
CFHR3:NM_001166624,0
CFH:NM_000186,3
KCNT2:NM_198503,2
B3GALT2:NM_003783,1
CDC73:NM_024529,2
GLRX2:NM_016066,3
RO60:NM_001042369,3
UCHL5:NM_001350848,4
RGS2:NM_002923,1
RGS13:NM_144766,2
RGS1:NM_002922,3
RGS21:NM_001039152,1
RGS18:NM_130782,0
BRINP3:NM_199051,0
PLA2G4A:NM_001311193,2
PTGS2:NM_000963,4
PDC:NM_002597,3
ODR4:NM_001164246,4
TPR:NM_003292,4
PRG4:NM_001127710,2
HMCN1:NM_031935,1
IVNS1ABP:NM_006469,4
SWT1:NM_001105518,3
TRMT1L:NM_001202423,3
RNF2:NM_007212,2
NIBAN1:NM_052966,1
EDEM3:NM_001319960,3
C1orf21:NM_030806,2
TSEN15:NM_001363643,2
COLGALT2:NM_001303420,1
APOBEC4:NM_203454,3
RGL1:NM_001297670,0
ARPC5:NM_001270439,0
NCF2:NM_001127651,0
SMG7:NM_001174061,2
NMNAT2:NM_015039,2
LAMC2:NM_005562,0
LAMC1:NM_002293,0
SHCBP1L:NM_001345928,1
DHX9:NM_001357,3
NPL:NM_001200050,0
RGS8:NM_001387847,3
RGS16:NM_002928,0
RNASEL:NM_021133,1
RGSL1:NM_001137669,1
TEDDM1:NM_172000,2
GLUL:NM_002065,3
ZNF648:NM_001009992,32
CACNA1E:NM_001205294,4
IER5:NM_016545,2
MR1:NM_001194999,3
STX6:NM_005819,3
KIAA1614:NM_020950,2
XPR1:NM_001135669,2
ACBD6:NM_032360,3
LHX4-AS1:NR_037642,3
LHX4:NM_033343,2
QSOX1:NM_002826,0
CEP350:NM_014810,1
TOR1AIP1:NM_015602,4
TOR1AIP2:NM_001349935,2
FAM163A:NM_001329713,4
TDRD5:NM_001199091,0
NPHS2:NM_014625,1
AXDND1:NM_144696,0
SOAT1:NM_001252512,5
ABL2:NM_007314,1
TOR3A:NM_022371,3
FAM20B:NM_001324310,1
ANGPTL1:NM_004673,0
RALGPS2:NM_001286247,1
TEX35:NM_001170724,1
RASAL2:NM_170692,3
SEC16B:NM_001356500,4
CRYZL2P-SEC16B:NM_001356505,3
BRINP2:NM_021165,2
ASTN1:NM_001286164,1
PAPPA2:NM_020318,3
COP1:NM_022457,2
TNR:NM_003285,1
KIAA0040:NM_001162893,2
TNN:NM_022093,3
MRPS14:NM_022100,2
CACYBP:NM_001007214,1
GPR52:NM_005684,3
RABGAP1L:NM_001366448,0
RC3H1:NM_172071,0
SERPINC1:NM_001365052,4
ZBTB37:NM_001346115,2
DARS2:NM_001365212,5
CENPL:NM_001387285,5
KLHL20:NM_014458,2
TEX50:NM_001195190,2
ANKRD45:NM_198493,0
SLC9C2:NM_178527,1
PRDX6:NM_004905,1
TNFSF4:NM_003326,3
TNFSF18:NM_005092,2
FASLG:NM_001302746,2
SUCO:NM_016227,4
PIGC:NM_002642,4
C1orf105:NM_139240,2
DNM3:NM_001350206,1
EEF1AKNMT:NM_014955,1
VAMP4:NM_003762,4
MYOC:NM_000261,1
MYOCOS:NM_001368164,2
PRRC2C:NM_015172,1
FMO4:NM_002022,3
FMO1:NM_002021,2
FMO2:NM_001365900,1
FMO3:NM_006894,4
MROH9:NM_001163629,0
PRRX1:NM_022716,1
GORAB:NM_152281,0
METTL11B:NM_001136107,2
KIFAP3:NM_001204514,4
SCYL3:NM_181093,1
C1orf112:NM_001320047,7
METTL18:NM_033418,7
SELE:NM_000450,2
SELL:NM_000655,2
SELP:NM_003005,2
F5:NM_000130,1
SLC19A2:NM_001319667,2
CCDC181:NM_001300968,2
BLZF1:NM_003666,1
NME7:NM_013330,1
ATP1B1:NM_001677,0
DPT:NM_001937,1
XCL1:NM_002995,1
XCL2:NM_003175,2
TBX19:NM_005149,1
SFT2D2:NM_199344,2
TIPRL:NM_152902,1
GPR161:NM_001349632,3
DCAF6:NM_001349778,2
MPC2:NM_001143674,3
ADCY10:NM_001297772,2
MPZL1:NM_001146191,1
RCSD1:NM_001322924,3
CREG1:NM_003851,5
CD247:NM_001378515,1
POU2F1:NM_001365849,3
STYXL2:NM_001080426,0
GPA33:NM_005814,2
MAEL:NM_001286378,1
ILDR2:NM_199351,1
TADA1:NM_053053,0
POGK:NM_001314014,3
FAM78B:NM_001320302,0
UCK2:NM_012474,4
TMCO1:NM_001256165,3
ALDH9A1:NM_000696,1
MGST3:NM_004528,11
LRRC52:NM_001005214,1
RXRG:NM_001256570,6
LMX1A:NM_177398,1
PBX1:NM_001353131,1
NMNAT1P2:NMNAT1P2,3
NUF2:NM_031423,2
RGS5:NM_001254748,2
RGS4:NM_001102445,0
CCDC190:NM_178550,4
HSD17B7:NM_016371,2
DDR2:NM_001354983,4
UAP1:NM_003115,6
UHMK1:NM_001184763,2
SH2D1B:NM_053282,2
C1orf226:NM_001135240,0
SPATA46:NM_182581,1
NOS1AP:NM_001164757,0
OLFML2B:NM_001347700,6
ATF6:NM_007348,4
DUSP12:NM_007240,3
FCRLB:NM_001002901,1
FCRLA:NM_001184871,1
FCGR2B:NM_001386002,1
FCGR3B:NM_000570,0
FCGR2C:NR_047648,2
FCGR3A:NM_001329120,0
HSPA6:NM_002155,2
FCGR2A:NM_001375297,0
CFAP126:NM_001013625,1
SDHC:NM_001035513,0
MPZ:NM_001315491,0
PCP4L1:NM_001102566,26
NR1I3:NM_001077482,0
TOMM40L:NM_001286374,2
APOA2:NM_001643,3
FCER1G:NM_004106,0
NDUFS2:NM_001377298,27
ADAMTS4:NM_005099,12
B4GALT3:NM_001199873,0
PPOX:NM_001365401,3
USP21:NM_001319848,4
UFC1:NM_016406,1
DEDD:NM_001330765,5
NIT1:NM_001185092,0
PFDN2:NM_012394,0
KLHDC9:NM_152366,0
NECTIN4:NM_030916,3
ARHGAP30:NM_001025598,0
USF1:NM_007122,8
TSTD1:NM_001113205,2
F11R:NM_001382727,1
ITLN2:NM_080878,0
ITLN1:NM_017625,0
CD244:NM_001166663,3
LY9:NM_001261457,0
SLAMF7:NM_001282595,5
CD48:NM_001778,2
SLAMF1:NM_003037,2
CD84:NM_001184879,3
SLAMF6:NM_001184714,1
VANGL2:NM_020335,1
NHLH1:NM_005598,0
NCSTN:NM_001290186,0
COPA:NM_001098398,0
PEX19:NM_001193644,2
DCAF8:NM_015726,0
PEA15:NM_001297578,1
CASQ1:NM_001231,2
ATP1A4:NM_144699,0
ATP1A2:NM_000702,0
IGSF8:NM_001206665,3
KCNJ9:NM_004983,1
KCNJ10:NM_002241,3
PIGM:NM_145167,0
SLAMF9:NM_033438,70
IGSF9:NM_001135050,1
TAGLN2:NM_003564,0
CFAP45:NM_012337,2
VSIG8:NM_001013661,0
SLAMF8:NM_001330741,3
FCRL6:NM_001284217,0
DUSP23:NM_017823,1
CRP:NM_000567,2
APCS:NM_001639,1
OR10J5:NM_001004469,3
OR10J4:NR_145510,0
OR10J1:NM_001363558,0
OR10J3:NM_001004467,1
FCER1A:NM_002001,3
ACKR1:NM_002036,1
CADM3:NM_001346510,1
AIM2:NM_004833,2
IFI16:NM_001376591,3
PYDC5:NM_001320010,3
PYHIN1:NM_198930,3
MNDA:NM_002432,3
OR6N2:NM_001005278,0
OR6N1:NM_001005185,2
OR6K6:NM_001005184,1
OR6K3:NM_001005327,3
OR6K2:NM_001005279,1
SPTA1:NM_003126,3
OR10Z1:NM_001004478,1
OR10X1:NM_001004477,1
OR6P1:NM_001160325,3
OR6Y1:NM_001005189,4
OR10R2:NM_001004472,1
OR10K1:NM_001004473,1
OR10K2:NM_001004476,1
OR10T2:NM_001004475,1
CD1E:NM_001185110,1
CD1B:NM_001764,1
CD1C:NM_001765,2
CD1A:NM_001320652,0
CD1D:NM_001371763,7
KIRREL1:NM_001286349,0
CD5L:NM_001347698,2
FCRL1:NM_052938,1
FCRL2:NM_030764,1
FCRL3:NM_052939,0
FCRL4:NM_031282,1
FCRL5:NM_031281,1
ETV3:NM_001145312,2
ETV3L:NM_001004341,2
ARHGEF11:NM_001377418,3
LRRC71:NM_144702,2
PEAR1:NM_001080471,11
INSRR:NM_014215,0
NTRK1:NM_001007792,1
SH2D2A:NM_001161441,2
PRCC:NM_005973,2
HDGF:NM_001319186,0
MRPL24:NM_145729,1
RRNAD1:NM_001142560,0
ISG20L2:NM_001370151,0
CRABP2:NM_001199723,6
NES:NM_006617,1
BCAN:NM_021948,2
HAPLN2:NM_021817,7
GPATCH4:NM_182679,22
NAXE:NM_144772,0
TTC24:NM_001105669,1
IQGAP3:NM_178229,4
MEF2D:NM_005920,1
RHBG:NM_020407,50
TSACC:NM_144627,5
CCT3:NM_005998,4
VHLL:NM_001004319,1
GLMP:NM_001256609,3
TMEM79:NR_026678,4
SMG5:NM_001323617,0
PAQR6:NM_024897,1
BGLAP:NM_199173,20
PMF1:NM_001199653,0
PMF1-BGLAP:NM_001199664,0
SLC25A44:NM_001377389,3
SEMA4A:NM_001370568,7
LMNA:NM_001282625,37
MEX3A:NM_001093725,36
RAB25:NM_020387,1
LAMTOR2:NM_001145264,1
UBQLN4:NM_020131,3
SSR2:NM_003145,2
ARHGEF2:NM_001350112,1
RXFP4:NM_181885,18
KHDC4:NM_014949,0
RIT1:NM_006912,2
SYT11:NM_152280,1
GON4L:NM_001282856,1
DAP3:NM_001199851,2
YY1AP1:NM_001198906,2
MSTO1:NM_001256533,1
ASH1L:NM_001366177,3
RUSC1:NM_001105204,0
FDPS:NM_001242825,25
PKLR:NM_000298.6_2,19
HCN3:NM_020897.3_2,4
CLK2:NM_001294338.2_2,34
SCAMP3:NM_005698.4_2,1
FAM189B:NM_006589.3_2,29
GBA:NM_001005741.3_2,0
MTX1:NM_198883.3_2,1
THBS3:NM_007112,1
MUC1:NM_001204286,1
TRIM46:NM_001282378,4
KRTCAP2:NM_173852,3
DPM3:NM_153741,0
SLC50A1:NM_001287592,1
EFNA1:NM_182685,1
EFNA3:NM_004952,35
EFNA4:NM_182689,2
ADAM15:NM_207191,1
DCST1:NM_001143687,14
DCST2:NM_144622,14
ZBTB7B:NM_001377455,71
LENEP:NM_018655,5
FLAD1:NM_201398,13
CKS1B:NM_001826,1
SHC1:NM_003029,2
PYGO2:NM_138300,3
PBXIP1:NM_020524,2
PMVK:NM_001323012,4
KCNN3:NM_001204087,0
ADAR:NM_001365045,0
CHRNB2:NM_000748,0
UBE2Q1:NM_017582,1
TDRD10:NM_182499,0
SHE:NM_001010846,0
IL6R:NM_001382774,0
ATP8B2:NM_001370596,2
AQP10:NM_080429,0
HAX1:NM_001018837,1
UBAP2L:NM_001287816,2
C1orf43:NM_001098616,2
C1orf189:NM_001010979,8
TPM3:NM_001364680,1
NUP210L:NM_207308,1
RPS27:NM_001030,45
RAB13:NM_002870,42
JTB:NM_006694,1
CREB3L4:NM_001255980,2
SLC39A1:NM_001271960,2
CRTC2:NM_181715,3
DENND4B:NM_014856,16
GATAD2B:NM_020699.4_2,1
SLC27A3:NM_001317929.4_2,1
INTS3:NM_001324475.2_2,0
NPR1:NM_000906,1
ILF2:NM_001267809,2
SNAPIN:NR_052020,3
CHTOP:NM_001244664,1
S100A1:NM_006271,1
S100A13:NM_001024210,1
S100A14:NM_020672,2
S100A16:NM_080388,2
S100A2:NM_005978,1
S100A3:NM_002960,0
S100A4:NM_019554,2
S100A5:NM_002962,1
S100A6:NM_014624,3
S100A7:NM_002963,2
S100A7A:NM_176823,3
S100A8:NM_001319198,5
S100A12:NM_005621,5
S100A9:NM_002965,1
PGLYRP4:NM_020393,1
PGLYRP3:NM_052891,0
LORICRIN:NM_000427,0
PRR9:NM_001195571,0
LELP1:NM_001010857,2
SPRR2G:NM_001014291,0
SPRR2F:NM_001382255,2
SPRR2E:NM_001024209,1
SPRR2B:NM_001388198,0
SPRR2A:NM_005988,2
SPRR2D:NM_001382248,2
SPRR1B:NM_003125,0
SPRR3:NM_001097589,1
SPRR1A:NM_005987,3
SPRR4:NM_173080,2
IVL:NM_005547,0
SMCP:NM_030663,3
LCE6A:NM_001128600,1
LCE1A:NM_178348,0
LCE1B:NM_178349,0
LCE1C:NM_178351,5
LCE1D:NM_178352,0
LCE1E:NM_178353,1
LCE1F:NM_178354,1
KPRP:NM_001025231,0
C1orf68:NM_001024679,0
LCE4A:NM_001387222,1
LCE2A:NM_178428,2
LCE2B:NM_014357,3
LCE2C:NM_178429,2
LCE2D:NM_178430,1
LCE3A:NM_178431,1
LCE3B:NM_178433,1
LCE3C:NM_178434,2
LCE3D:NM_032563,3
LCE3E:NM_178435,3
CRCT1:NM_019060,1
LCE5A:NM_178438,2
CRNN:NM_016190,1
FLG2:NM_001014342,2
FLG:NM_002016,1
HRNR:NM_001009931,0
RPTN:NM_001122965,3
TCHH:NM_007113,2
TCHHL1:NM_001008536,1
S100A11:NM_005620,0
S100A10:NM_002966,0
THEM4:NM_053055,2
THEM5:NM_182578,0
C2CD4D:NM_001136003,1
RORC:NM_005060,1
LINGO4:NM_001004432,7
TDRKH:NM_006862,45
OAZ3:NM_001134939,1
MRPL9:NM_031420,1
RIIAD1:NM_001144956,1
CELF3:NM_001172648,2
SNX27:NM_001330723,3
TUFT1:NM_001126337,12
CGN:NM_020770,0
POGZ:NM_015100,0
PSMB4:NM_002796,17
SELENBP1:NM_001258289,15
RFX5:NM_001379415,1
PI4KB:NM_001369628,1
ZNF687:NM_001304764,33
PSMD4:NM_002810,0
PIP5K1A:NM_001135637,0
VPS72:NM_001271087,1
TMOD4:NM_013353,12
SCNM1:NM_024041,1
LYSMD1:NM_212551,1
TNFAIP8L2:NM_024575,1
TNFAIP8L2-SCNM1:NM_001204848,1
SEMA6C:NM_001178061,2
GABPB2:NM_001323913,2
MLLT11:NM_006818,1
CDC42SE1:NM_001038707,1
C1orf56:NM_017860,0
BNIPL:NM_138278,41
PRUNE1:NM_001303229,3
MINDY1:NM_018379,3
ANXA9:NM_003568,1
CERS2:NM_181746,0
SETDB1:NM_001366417,1
CTXND2:NM_001384189,0
ARNT:NM_001350224,1
CTSK:NM_000396,1
CTSS:NM_004079,2
HORMAD1:NM_032132,2
GOLPH3L:NM_018178,2
ENSA:NM_207042,4
MCL1:NM_021960,30
ADAMTSL4-AS1:NR_104133,19
ADAMTSL4:NM_001288608,2
ECM1:NM_001202858,1
TARS2:NM_001271896,2
RPRD2:NM_001387114.1_2,2
PRPF3:NM_001350529.1_2,37
MRPS21:NM_018997.3_2,18
CIART:NM_001300840.2_2,3
C1orf54:NM_001301040.1_2,0
APH1A:NM_016022.4_2,2
CA14:NM_012113.3_2,0
ANP32E:NM_030920.5_2,3
PLEKHO1:NM_001304724.2_2,0
VPS45:NM_001279353.2_2,3
OTUD7B:NM_020205.4_2,2
MTMR11:NM_001145862.2_2,8
SF3B4:NM_005850.5_2,0
SV2A:NM_014849.5_2,43
BOLA1:NM_016074.5_2,0
H2AC21:NM_175065.3_2,0
H2AC20:NM_003517.3_2,0
H2BC21:NM_003528.3_2,0
H3C15:NM_001005464.3_2,0
H2AC19:NM_001040874.1_2,0
H2AC18:NM_003516.3_2,12
H3C14:NM_021059.3_2,19
H4C14:NM_003548.2_2,0
H3C13:NM_001123375.3_2,0
H2BC18:NM_001161334.2_2,0
PPIAL4C:NM_001135789.3_2,0
H3-2:NM_001355409.3_2,0
PPIAL4F:NM_001164262.2_2,0
PPIAL4E:NM_001144032.2_2,0
NBPF15:NM_001385416.1_2,0
NBPF26:NM_001351372.1_2,1
PPIAL4D:NM_001164261.1_2,0
PPIAL4G:NM_001123068.3_2,1
NBPF11:NM_001385473.1_2,3
GPR89B:NM_001350180.2_2,3
GJA8:NM_005267.5_2,0
GJA5:NM_005266.7_2,48
ACP6:NM_016361.5_2,2
BCL9:NM_004326.4_2,0
FMO5:NM_001144829.3_2,0
CHD1L:NM_001348451.2_2,0
PRKAB2:NM_005399.5_2,0
NBPF14:NM_015383.2_2,0
NBPF8:NM_001037501.4_2,0
GPR89A:NM_001097613.3_2,7
PDZK1:NM_001201326.1_2,2
CD160:NM_007053.4_2,1
RNF115:NM_014455.4_2,5
POLR3C:NM_006468.8_2,5
NUDT17:NM_001012758.3_2,0
PIAS3:NM_006099.3_2,1
ANKRD35:NM_001280799.2_2,1
ITGA10:NM_001303041.2_2,1
PEX11B:NM_003846.3_2,0
RBM8A:NM_005105.5_2,1
LIX1L:NM_153713.3_2,1
ANKRD34A:NM_001039888.4_2,0
POLR3GL:NM_032305.3_2,0
TXNIP:NM_006472.6_2,1
HJV:NM_213652.4_2,1
NBPF10:NM_001039703.6_2,0
NOTCH2NLA:NM_001364006.1_2,0
PDE4DIP:NM_001377392.1_2,0
NBPF9:NM_001277444.1_2,0
PPIAL4A:NM_001143883.3_2,0
PPIAL4H:NM_001368128.1_2,0
SRGAP2C:NM_001271872.3_2,0
FAM72B:NM_001100910.1_2,0
SEC22B:NM_004892.6_2,0
NOTCH2:NM_024408.4_2,0
ADAM30:NM_021794,0
NBPF7:NM_001047980,1
REG4:NM_001159352,1
HMGCS2:NM_001166107,0
PHGDH:NM_006623,0
ZNF697:NM_001080470,2
HSD3B1:NM_001328615,0
HSD3B2:NM_001166120,3
HAO2:NM_016527,3
WARS2:NM_201263,2
TBX15:NM_152380,2
SPAG17:NM_206996,0
WDR3:NM_006784,2
GDAP2:NM_017686,2
TENT5C:NM_017709,2
MAN1A2:NM_006699,0
VTCN1:NM_024626,5
TRIM45:NM_025188,3
TTF2:NM_003594,2
CD101:NM_001256111,3
PTGFRN:NM_020440,4
CD2:NM_001767,0
IGSF3:NM_001542,0
CD58:NM_001779,0
ATP1A1:NM_000701,2
MAB21L3:NM_152367,1
SLC22A15:NM_018420,7
NHLH2:NM_005599,1
CASQ2:NM_001232,5
VANGL1:NM_001172411,1
NGF:NM_002506,3
TSPAN2:NM_005725,2
TSHB:NM_000549,3
SYCP1:NM_003176,1
SIKE1:NM_001102396,0
CSDE1:NM_001242891,1
NRAS:NM_002524,2
AMPD1:NM_001172626,3
DENND2C:NM_001256404,1
BCAS2:NM_005872,1
TRIM33:NM_015906,1
SYT6:NM_001253772,5
OLFML3:NM_020190,2
HIPK1:NM_198268,3
DCLRE1B:NM_001319947,3
AP4B1:NM_006594,2
BCL2L15:NM_001010922,1
PTPN22:NM_001193431,1
RSBN1:NM_018364,1
PHTF1:NM_001323042,1
MAGI3:NM_001142782,10
LRIG2:NM_014813,2
SLC16A1:NM_001166496,0
TAFA3:NM_182759,2
PPM1J:NM_005167,4
RHOC:NM_001042678,0
MOV10:NM_020963,3
CAPZA1:NM_006135,2
ST7L:NM_001308264,2
WNT2B:NM_001291880,0
CTTNBP2NL:NM_018704,3
KCND3:NM_001378969,1
DDX20:NM_007204,1
INKA2:NM_198926,1
RAP1A:NM_001370216,0
ADORA3:NM_001302678,2
TMIGD3:NM_001081976,0
C1orf162:NM_001300835,3
ATP5PB:NM_001688,3
WDR77:NM_001317062,3
OVGP1:NM_002557,1
PIFO:NM_001300831,2
CHIA:NM_001258002,1
CHI3L2:NM_001025197,7
DENND2D:NM_001271833,3
CEPT1:NM_001007794,0
DRAM2:NM_001349881,0
LRIF1:NM_018372,6
CD53:NM_001040033,1
KCNA3:NR_109845,5
KCNA2:NM_001204269,2
KCNA10:NM_005549,2
PROK1:NM_032414,4
LAMTOR5:NM_006402,4
SLC16A4:NM_004696,3
RBM15:NM_001201545,9
KCNC4:NM_001377331,1
SLC6A17:NM_001010898,4
UBL4B:NM_203412,3
ALX3:NM_006492,3
STRIP1:NM_001270768,3
AHCYL1:NM_006621,2
CSF1:NM_172211,3
EPS8L3:NM_139053,3
GSTM3:NM_000849,3
GSTM5:NM_000851,2
GSTM1:NM_146421,0
GSTM2:NM_001142368,18
GSTM4:NM_147148,1
AMPD2:NM_139156,1
GNAT2:NM_001377295,1
GNAI3:NM_006496,2
GPR61:NM_031936,4
AMIGO1:NM_020703,1
CYB561D1:NM_001134402,37
ATXN7L2:NM_153340,4
SYPL2:NM_001040709,3
PSMA5:NM_002790,3
SORT1:NM_002959,0
MYBPHL:NM_001010985,1
PSRC1:NM_001350237,4
CELSR2:NM_001408,8
SARS1:NM_001330669,0
ELAPOR1:NM_001284352,22
C1orf194:NM_001366200,22
TMEM167B:NM_020141,0
TAF13:NM_005645,47
WDR47:NM_001142550,4
CLCC1:NM_001377459,4
GPSM2:NM_001321038,0
AKNAD1:NR_049760,2
STXBP3:NM_007269,2
FNDC7:NM_001144937,11
PRPF38B:NM_018061,3
HENMT1:NM_144584,0
FAM102B:NM_001010883,31
NBPF6:NM_001143988,0
NBPF4:NM_001143989,2
SLC25A24:NM_013386,4
VAV3:NM_006113,1
NTNG1:NM_014917,0
PRMT6:NM_018137,2
AMY1C:NM_001346780,2
AMY1B:NM_001386925,4
AMY1A:NM_001008221,2
AMY2A:NM_000699,2
AMY2B:NM_020978,0
RNPC3:NM_017619,0
COL11A1:NM_001854,2
OLFM3:NM_001288823,1
S1PR1:NM_001320730,1
DPH5:NM_001077394,0
SLC30A7:NM_001144884,0
EXTL2:NR_048570,1
VCAM1:NM_001199834,1
GPR88:NM_022049,1
CDC14A:NM_003672,0
RTCA:NM_003729,6
DBT:NM_001918,2
LRRC39:NM_001256385,4
TRMT13:NM_019083,0
SASS6:NM_194292,0
MFSD14A:NM_033055,2
SLC35A3:NM_001271684,5
AGL:NM_000642,3
FRRS1:NM_001361041,2
PALMD:NM_017734,5
PLPPR4:NM_001166252,1
PLPPR5:NM_001037317,1
SNX7:NM_152238,0
DPYD:NM_000110,3
PTBP2:NM_001300990,2
RWDD3:NR_103484,1
TLCD4-RWDD3:NM_001199691,3
TLCD4:NM_001199679,1
ALG14:NM_001305242,0
CNN3:NM_001839,1
SLC44A3:NM_001258343,0
F3:NM_001993,2
ABCD3:NM_002858,3
ARHGAP29:NM_001328664,1
ABCA4:NM_000350,2
GCLM:NM_002061,0
DNTTIP2:NM_014597,1
MIG7:NR_148965,2
BCAR3:NM_001261408,1
FNBP1L:NM_017737,0
DR1:NM_001938,1
CCDC18:NM_001306076,1
TMED5:NM_001167830,1
MTF2:NM_001164393,3
DIPK1A:NM_001252273,0
RPL5:NR_146333,1
EVI5:NM_001308248,3
GFI1:NM_005263,7
RPAP2:NM_024813,7
GLMN:NM_053274,7
C1orf146:NM_001012425,2
BTBD8:NM_001376131,1
SETSIP:NM_001287737,0
EPHX4:NM_173567,1
BRDT:NM_001242807,2
TGFBR3:NM_001195684,2
CDC7:NM_001134419,1
HFM1:NM_001017975,1
ZNF644:NM_201269,2
BARHL2:NM_020063,0
ZNF326:NM_001320185,2
LRRC8D:NM_001134479,2
LRRC8C:NM_032270,0
LRRC8B:NM_001369817,1
GBP6:NM_001320257,3
GBP5:NM_052942,1
GBP4:NM_052941,1
GBP7:NM_207398,1
GBP2:NM_004120,4
GBP1:NM_002053,1
GBP3:NM_001319179,3
RBMXL1:NM_001162536,2
KYAT3:NR_146183,2
GTF2B:NM_001514,3
PKN2:NM_001320708,2
LMO4:NM_006769,1
HS2ST1:NM_012262,3
SH3GLB1:NM_001206653,3
CLCA4:NM_012128,2
CLCA1:NM_001285,2
CLCA2:NM_006536,1
ODF2L:NM_001184765,0
COL24A1:NR_146340,0
ZNHIT6:NM_017953,0
CCN1:NM_001554,1
DDAH1:NM_001134445,4
BCL10:NM_003921,1
C1orf52:NM_198077,3
SYDE2:NM_032184,3
DNAI3:NM_001288563,0
MCOLN3:NM_018298,1
MCOLN2:NM_001330647,2
LPAR3:NM_012152,3
SSX2IP:NM_001166417,0
CTBS:NM_004388,0
SPATA1:NM_001310156,1
GNG5:NM_005274,1
RPF1:NM_025065,6
DNASE2B:NM_021233,4
SAMD13:NM_001010971,0
PRKACB:NM_002731,0
TTLL7:NM_001350214,5
ADGRL2:NM_001366003,1
ADGRL4:NM_022159,3
IFI44:NR_135640,3
IFI44L:NM_001375648,1
PTGFR:NM_000959,3
GIPC2:NM_001304725,0
DNAJB4:NM_001317102,2
FUBP1:NM_001303433,2
NEXN:NM_001172309,1
MIGA1:NM_198549,0
USP33:NM_001377439,2
ZZZ3:NM_001376146,0
AK5:NM_174858,2
PIGK:NM_005482,24
ST6GALNAC5:NM_001320274,3
ST6GALNAC3:NM_001349109,1
ASB17:NM_080868,4
MSH4:NM_002440,2
RABGGTB:NR_073562,0
ACADM:NM_001286044,3
SLC44A5:NM_001320283,1
LHX8:NM_001001933,2
TYW3:NM_001162916,2
CRYZ:NM_001130042,2
ERICH3:NM_001002912,0
LRRC53:NM_001382280,0
TNNI3K:NM_015978,2
FPGT:NM_001199329,2
FPGT-TNNI3K:NM_001112808,2
LRRIQ3:NM_001105659,2
NEGR1:NM_173808,1
ZRANB2:NM_005455,3
PTGER3:NM_198714,1
CTH:NM_001190463,2
ANKRD13C:NM_030816,2
SRSF11:NM_001190987,0
LRRC40:NM_017768,0
LRRC7:NM_001366838,0
DEPDC1:NM_001114120,2
RPE65:NM_000329,0
WLS:NM_001002292,1
DIRAS3:NM_004675,3
GNG12:NM_018841,0
GADD45A:NM_001199741,2
SERBP1:NM_001018067,4
IL12RB2:NM_001374259,3
IL23R:NM_144701,1
C1orf141:NM_001276352,0
SLC35D1:NM_015139,3
MIER1:NM_001146113,2
DNAI4:NM_024763,2
INSL5:NM_005478,2
DYNLT5:NM_152665,2
SGIP1:NM_001376549,1
PDE4B:NM_001297440,3
LEPROT:NM_017526,0
LEPR:NM_002303,0
DNAJC6:NM_014787,1
AK4:NM_203464,2
JAK1:NM_001321853,4
RAVER2:NM_001366165,2
CACHD1:NM_020925,0
UBE2U:NM_001366233,3
ROR1:NM_005012,3
PGM1:NM_002633,3
EFCAB7:NM_032437,2
ITGB3BP:NM_001206739,2
ALG6:NM_013339,2
FOXD3:NM_012183,4
ATG4C:NM_178221,2
ANGPTL3:NM_014495,0
DOCK7:NM_001367561,5
USP1:NM_001017416,3
KANK4:NM_181712,47
L1TD1:NM_019079,2
PATJ:NM_176877,3
TM2D1:NM_032027,3
NFIA:NM_001145511,0
C1orf87:NM_152377,0
CYP2J2:NM_000775,5
HOOK1:NM_015888,1
FGGY:NM_001350796,2
JUN:NM_002228,4
MYSM1:NM_001085487,2
TACSTD2:NM_002353,0
OMA1:NM_145243,2
DAB1:NM_001379461,2
C8B:NM_001278543,0
C8A:NM_000562,5
FYB2:NM_001004303,0
PRKAA2:NM_006252,0
PLPP3:NM_003713,2
USP24:NM_015306,0
PCSK9:NM_174936,0
BSND:NM_057176,2
TMEM61:NM_182532,1
DHCR24:NM_014762,1
LEXM:NM_001110533,2
TTC22:NM_001114108,0
PARS2:NM_152268,3
TTC4:NM_001291333,2
MROH7:NM_001291332,4
MROH7-TTC4:NR_037640,4
FAM151A:NM_176782,1
ACOT11:NM_015547,2
SSBP3:NM_145716,1
MRPL37:NM_001330602,2
CYB5RL:NM_001031672,2
CDCP2:NM_001353655,0
TCEANC2:NR_130900,0
TMEM59:NM_001305049,0
LDLRAD1:NM_001010978,1
LRRC42:NM_052940,4
HSPB11:NM_001382261,4
DIO1:NM_213593,1
YIPF1:NM_018982,2
NDC1:NM_018087,1
GLIS1:NM_001367484,2
DMRTB1:NM_033067,3
LRP8:NM_004631,2
MAGOH:NM_002370,0
CZIB:NM_017887,2
CPT2:NM_001330589,3
SLC1A7:NM_001287595,0
PODN:NM_153703,0
SCP2:NM_001193617,1
ECHDC2:NM_001198962,2
ZYG11A:NM_001307931,1
ZYG11B:NM_024646,1
COA7:NM_023077,2
SHISAL2A:NR_135156,0
GPX7:NM_015696,4
TUT4:NM_001009881,4
PRPF38A:NM_032864,1
ORC1:NM_004153,1
CC2D1B:NM_032449,0
ZFYVE9:NM_007324,0
BTF3L4:NM_001136497,0
KTI12:NM_138417,2
TXNDC12:NM_015913,0
RAB3B:NM_002867,4
NRDC:NM_002525,3
OSBPL9:NM_148906,1
EPS15:NM_001981,3
TTC39A:NM_001144832,4
RNF11:NM_014372,1
C1orf185:NM_001136508,1
CDKN2C:NM_001262,4
FAF1:NM_007051,3
DMRTA2:NM_032110,0
ELAVL4:NM_001144777,3
BEND5:NM_001349795,3
AGBL4:NM_001323574,2
SPATA6:NM_019073,1
SLC5A9:NM_001011547,0
TRABD2B:NM_001194986,0
FOXD2:NM_004474,2
FOXE3:NM_012186,4
CMPK1:NM_001136140,0
STIL:NM_001377417,0
TAL1:NM_003189,1
PDZK1IP1:NM_005764,4
CYP4A22:NM_001010969,1
CYP4Z1:NM_178134,1
CYP4X1:NM_001320289,2
CYP4A11:NM_000778,0
CYP4B1:NM_001319163,1
EFCAB14:NM_014774,1
TEX38:NM_001300864,1
ATPAF1:NM_022745,1
MOB3C:NM_201403,1
MKNK1:NM_001377375,0
KNCN:NM_001322255,1
TMEM275:NM_001357063,3
DMBX1:NM_001387775,0
FAAH:NM_001441,4
NSUN4:NM_001387270,5
UQCRH:NM_001297566,0
LRRC41:NM_006369,0
RAD54L:NM_001370766,3
LURAP1:NM_001013615,20
POMGNT1:NM_001243766,5
P3R3URF:NM_001328655,2
TSPAN1:NM_005727,4
PIK3R3:NM_001328648,4
P3R3URF-PIK3R3:NM_001303427,2
MAST2:NM_001319245,2
IPP:NM_001145349,4
TMEM69:NM_016486,2
GPBP1L1:NM_021639,1
CCDC17:NM_001114938,0
NASP:NM_001195193,2
AKR1A1:NM_001202413,0
PRDX1:NM_001202431,0
MMACHC:NM_015506,4
CCDC163:NM_001358406,2
TESK2:NM_007170,3
TOE1:NM_025077,32
MUTYH:NM_001128425,29
HPDL:NM_032756,1
ZSWIM5:NM_020883,0
UROD:NM_000374,1
HECTD3:NM_024602,2
EIF2B3:NM_020365,1
PTCH2:NM_001166292,2
BTBD19:NM_001136537,1
DYNLT4:NM_001013632,4
PLK3:NM_004073,1
BEST4:NM_153274,3
RPS8:NM_001012,2
KIF2C:NM_001297655,12
ARMH1:NM_001145636,1
TMEM53:NM_024587,1
RNF220:NM_001319956,0
ERI3:NM_001301700,11
DMAP1:NM_001034024,0
KLF18:NM_001358438,3
KLF17:NM_173484,1
SLC6A9:NM_001024845,2
CCDC24:NM_001349127,2
B4GALT2:NM_003780,3
ATP6V0B:NM_001039457,2
DPH2:NM_001319168,1
IPO13:NM_014652,1
ARTN:NM_001136215,2
ST3GAL3:NM_001270462,2
KDM4A:NM_014663,2
PTPRF:NM_001329137,24
HYI:NM_001190880,0
SZT2:NM_015284,1
MED8:NM_001001653,1
ELOVL1:NM_022821,4
CDC20:NM_001255,1
MPL:NM_005373,2
TIE1:NM_001253357,2
C1orf210:NM_182517,3
TMEM125:NM_144626,1
CFAP57:NM_001378189,1
EBNA1BP2:NM_001159936,1
FAM183A:NM_001101376,0
SLC2A1:NM_006516,2
ZNF691:NM_015911,0
ERMAP:NM_001017922,2
SVBP:NM_199342,3
TMEM269:NM_001354602,1
C1orf50:NM_024097,1
P3H1:NM_001243246,1
CLDN19:NM_001123395,4
YBX1:NM_004559,5
PPIH:NM_006347,4
PPCS:NM_001287511,2
CCDC30:NM_001355226,1
ZMYND12:NM_032257,1
RIMKLA:NM_173642,61
FOXJ3:NM_001198850,4
GUCA2A:NM_033553,0
GUCA2B:NM_007102,3
HIVEP3:NM_024503,4
EDN2:NM_001956,5
FOXO6:NM_001291281,2
SCMH1:NM_001350667,2
SLFNL1:NM_001377532,3
CTPS1:NM_001905,0
CITED4:NM_133467,0
KCNQ4:NM_172163,5
NFYC:NM_001142589,3
RIMS3:NM_014747,1
ZNF684:NM_152373,2
EXO5:NM_001346948,3
ZFP69:NM_198494,2
ZFP69B:NM_001369565,0
SMAP2:NM_022733,4
COL9A2:NM_001852,6
ZMPSTE24:NM_005857,5
TMCO2:NM_001008740,5
RLF:NM_012421,0
PPT1:NM_001363695,1
CAP1:NM_001350480,2
MFSD2A:NM_001349821,2
MYCL:NM_001033081,0
TRIT1:NM_017646,2
OXCT2:NM_022120,1
BMP8B:NM_001720,6
PPIE:NM_001319293,0
HPCAL4:NM_001282396,1
NT5C1A:NM_032526,4
HEYL:NM_014571,4
PABPC4:NM_001135653,53
BMP8A:NM_181809,1
KIAA0754:NM_015038,1
MACF1:NM_012090,2
NDUFS5:NM_001184979,11
AKIRIN1:NM_001136275,1
RHBDL2:NM_017821,36
GJA9:NM_030772,3
MYCBP:NR_037632,2
GJA9-MYCBP:NR_037633,3
RRAGC:NM_022157,3
POU3F1:NM_002699,3
UTP11:NM_016037,1
FHL3:NM_004468,2
SF3A3:NM_006802,2
INPP5B:NM_001365824,4
MTF1:NM_005955,1
C1orf122:NM_001142726,1
YRDC:NM_024640,1
MANEAL:NM_001031740,0
EPHA10:NM_001099439,1
CDCA8:NM_018101,2
C1orf109:NM_001350758,2
RSPO1:NM_001038633,0
GNL2:NM_001323623,3
DNALI1:NM_003462,2
SNIP1:NM_024700,1
MEAF6:NM_022756,1
ZC3H12A:NM_001323550,1
GRIK3:NM_000831,1
CSF3R:NM_156039,1
MRPS15:NM_031280,0
OSCP1:NM_001330493,2
LSM10:NM_032881,0
STK40:NM_032017,0
EVA1B:NM_018166,0
SH3D21:NM_001162530,0
THRAP3:NM_001321473,0
MAP7D1:NM_001286365,0
TRAPPC3:NM_001270895,0
COL8A2:NM_005202,2
ADPRS:NM_017825,1
TEKT2:NM_014466,2
AGO3:NM_177422,31
AGO1:NM_001317123,3
AGO4:NR_146062,2
CLSPN:NM_001330490,2
C1orf216:NM_152374,0
PSMB2:NM_002794,3
TFAP2E:NM_178548,2
NCDN:NM_001014841,3
KIAA0319L:NM_024874,3
ZMYM4:NM_005095,3
SFPQ:NR_136703,0
ZMYM1:NM_001289088,1
ZMYM6:NM_007167,2
TMEM35B:NM_001195156,1
DLGAP3:NM_001080418,6
SMIM12:NM_001164825,3
GJA4:NM_002060,2
GJB3:NM_024009,0
GJB4:NM_153212,3
GJB5:NM_005268,0
C1orf94:NM_032884,0
HMGB4:NM_145205,0
CSMD2:NM_052896,0
ZSCAN20:NM_145238,2
PHC2:NM_001385119,1
A3GALT2:NM_001080438,0
ZNF362:NM_152493,2
TRIM62:NM_018207,1
AZIN2:NM_001376727,2
AK2:NM_013411,1
RNF19B:NM_153341,9
TMEM54:NM_001329722,2
HPCA:NM_002143,13
FNDC5:NM_001171941,3
S100PBP:NM_001256121,1
YARS1:NM_003680,1
KIAA1522:NM_020888,1
SYNC:NM_030786,1
RBBP4:NM_001135255,3
ZBTB8OS:NM_001366255,3
ZBTB8A:NM_001291496,2
ZBTB8B:NM_001145720,3
BSDC1:NM_001300958,4
TSSK3:NM_052841,1
FAM229A:NM_001167676,2
MARCKSL1:NM_023009,0
HDAC1:NM_004964,5
LCK:NM_001330468,1
FAM167B:NM_032648,3
EIF3I:NM_003757,2
TMEM234:NR_133636,2
DCDC2B:NM_001099434,1
IQCC:NM_018134,4
CCDC28B:NM_024296,2
TXLNA:NM_001376859,1
KPNA6:NM_012316,1
TMEM39B:NM_001319677,5
KHDRBS1:NR_073499,0
PTP4A2:NM_080391,1
SPOCD1:NM_144569,1
ADGRB2:NM_001364857,1
COL16A1:NM_001856,2
PEF1:NM_012392,37
HCRTR1:NM_001525,0
TINAGL1:NM_001204414,4
SERINC2:NM_001199038.2_2,4
FABP3:NM_001320996,3
ZCCHC17:NM_001282570,2
SNRNP40:NM_004814,2
NKAIN1:NM_024522,2
PUM1:NM_001020658,1
SDC3:NM_014654,2
LAPTM5:NM_006762,1
MATN1:NM_002379,4
PTPRU:NM_001195001,3
MECR:NM_001349711,2
SRSF4:NM_005626,5
TMEM200B:NM_001003682,1
EPB41:NM_001166007,3
OPRD1:NM_000911,2
YTHDF2:NM_001173128,5
GMEB1:NM_024482,5
TAF12:NM_001135218,4
RAB42:NM_001385188,3
TRNAU1AP:NM_017846,0
RCC1:NM_001381866,1
PHACTR4:NM_001048183,4
MED18:NM_001127350,0
SESN2:NM_031459,1
ATP5IF1:NM_016311,2
DNAJC8:NM_014280,0
PTAFR:NM_001164721,31
EYA3:NM_001990,6
XKR8:NM_018053,0
SMPDL3B:NM_014474,52
RPA2:NM_001297558,1
THEMIS2:NM_001039477,5
PPP1R8:NM_014110,3
STX12:NM_177424,0
FAM76A:NM_001143915,3
IFI6:NM_022873,0
FGR:NM_005248,6
AHDC1:NM_001371928,1
WASF2:NM_006990,4
GPR3:NM_005281,3
CD164L2:NM_207397,1
FCN3:NM_173452,1
MAP3K6:NM_004672,0
SYTL1:NM_032872,6
TMEM222:NM_032125,2
WDTC1:NM_015023,4
SLC9A1:NM_003047,2
TENT5B:NM_052943,2
TRNP1:NM_001013642,14
KDF1:NM_152365,0
NUDC:NM_006600,1
NR0B2:NM_021969,0
GPATCH3:NM_022078,4
GPN2:NM_018066,0
SFN:NM_006142,0
ZDHHC18:NM_032283,29
PIGV:NM_001374478,1
ARID1A:NM_139135,4
RPS6KA1:NM_002953,0
HMGN2:NM_005517,1
DHDDS:NM_001243565,1
LIN28A:NM_024674,3
ZNF683:NM_001307925,55
CRYBG2:NM_001039775,0
CD52:NM_001803,3
UBXN11:NM_145345,2
SH3BGRL3:NM_031286,1
CEP85:NM_001281517,2
CATSPER4:NM_198137,1
CNKSR1:NM_001297648,6
ZNF593:NM_015871,0
C1orf232:NM_001364669,2
FAM110D:NM_024869,3
PDIK1L:NM_001243532,2
TRIM63:NM_032588,0
SLC30A2:NM_001004434,3
EXTL1:NM_004455,3
PAFAH2:NM_000437,2
STMN1:NM_001145454,29
PAQR7:NM_178422,6
AUNIP:NM_001287490,1
MTFR1L:NM_001099627,3
SELENON:NM_206926,17
MAN1C1:NM_001385184,0
LDLRAP1:NM_015627,2
MACO1:NM_001282564,1
RHCE:NM_020485,1
TMEM50A:NM_014313,2
RHD:NM_001282867,1
RSRP1:NM_001321772,2
SYF2:NM_015484,0
RUNX3:NM_001031680,1
CLIC4:NM_013943,0
SRRM1:NM_001366592,0
NCMAP:NM_001010980,3
RCAN3:NM_001251984,3
NIPAL3:NM_001322854,3
STPG1:NM_001199012,4
GRHL3:NM_198174,36
IFNLR1:NM_170743,1
IL22RA1:NM_021258,2
MYOM3:NM_152372,4
SRSF10:NM_054016,4
PNRC2:NM_017761,0
CNR2:NM_001841,2
FUCA1:NM_000147,0
HMGCL:NM_000191,4
GALE:NM_001008216,3
LYPLA2:NM_007260,2
PITHD1:NM_020362,2
ELOA:NM_003198,1
RPL11:NM_000975,2
ID3:NM_002167,1
E2F2:NM_004091,1
ASAP3:NM_017707,1
TCEA3:NM_003196,6
ZNF436:NM_001077195,11
HNRNPR:NM_001102398,2
HTR1D:NM_000864,4
LUZP1:NM_033631,0
KDM1A:NM_015013,33
TEX46:NM_001242521,76
LACTBL1:NM_001289974,1
EPHB2:NM_004442,2
C1QB:NM_001378156,0
C1QC:NM_001347620,2
C1QA:NM_001347466,2
EPHA8:NM_020526,0
ZBTB40:NM_001330398,0
WNT4:NM_030761,2
CDC42:NM_001791,4
CELA3A:NM_005747,2
CELA3B:NM_007352,2
HSPG2:NM_001291860,3
LDLRAD2:NM_001013693,3
USP48:NM_032236,0
RAP1GAP:NM_001388208,2
ALPL:NM_001369804,1
NBPF3:NM_001256417,3
ECE1:NM_001113348,4
EIF4G3:NM_001198802,0
HP1BP3:NM_001372052,3
SH2D5:NM_001103161,4
KIF17:NM_001287212,3
DDOST:NM_005216,2
PINK1:NM_032409,2
CDA:NM_001785,3
FAM43B:NM_207334,0
MUL1:NM_024544,2
CAMK2N1:NM_018584,0
VWA5B1:NM_001377531,1
UBXN10:NM_152376,0
PLA2G2C:NM_001367969,0
PLA2G2F:NM_001360869,0
PLA2G2D:NM_012400,1
PLA2G5:NM_000929,2
PLA2G2A:NM_000300,2
PLA2G2E:NM_014589,3
OTUD3:NM_015207,3
RNF186:NM_019062,2
TMCO4:NM_001349114,4
HTR6:NM_000871,4
NBL1:NM_001278164,1
MICOS10:NM_001204082,0
MICOS10-NBL1:NM_001204089,0
CAPZB:NM_001206541,2
SLC66A1:NR_109848,2
AKR7A2:NM_001320979,3
AKR7A3:NM_012067,0
AKR7L:NR_040288,9
MRTO4:NM_016183,0
EMC1:NM_001375820,0
UBR4:NM_020765,0
IFFO2:NM_001136265,1
ALDH4A1:NM_003748,0
TAS1R2:NM_152232,2
PAX7:NM_001135254,14
KLHDC7A:NM_152375,5
IGSF21:NM_032880,1
ACTL8:NM_030812,1
ARHGEF10L:NM_018125,2
RCC2:NM_018715,3
PADI6:NM_207421,2
PADI4:NM_012387,3
PADI3:NM_016233,0
PADI1:NM_013358,0
PADI2:NM_007365,1
SDHB:NM_003000,4
ATP13A2:NM_022089,2
MFAP2:NM_017459,1
CROCC:NM_014675,4
MST1L:NM_001271733,3
NBPF1:NM_017940,1
NECAP2:NM_001145278,0
SPATA21:NR_148413,0
SZRD1:NM_001271869,0
FBXO42:NM_018994,3
CPLANE2:NM_030907,0
ARHGEF19:NM_153213,3
EPHA2:NM_004431,0
FAM131C:NM_182623,5
CLCNKB:NM_000085,18
CLCNKA:NM_001257139,7
HSPB7:NM_001349682,3
SRARP:NM_178840,2
ZBTB17:NM_001287603,3
SPEN:NM_015001,5
UQCRHL:NM_001089591,2
FBLIM1:NM_001350151,3
TMEM82:NM_001013641,3
SLC25A34:NM_207348,0
PLEKHM2:NM_015164,6
RSC1A1:NM_006511,0
DDI2:NM_032341,1
AGMAT:NM_024758,1
DNAJC16:NM_001287811,7
CASP9:NM_032996,57
CELA2B:NM_015849,1
CELA2A:NM_033440,0
CTRC:NM_007272,0
EFHD2:NM_024329,0
FHAD1:NM_001387888,0
TMEM51:NM_001136217,3
KAZN:NM_201628,9
PRDM2:NM_001135610,1
PDPN:NM_198389,3
LRRC38:NM_001010847,0
PRAMEF20:NM_001099852,1
PRAMEF17:NM_001099851,4
PRAMEF19:NM_001099790,7
PRAMEF14:NM_001024661,0
PRAMEF15:NM_001098376,1
PRAMEF8:NM_001012276,2
PRAMEF13:NM_001291380,0
PRAMEF27:NM_001300891,1
PRAMEF33:NM_001291381,2
PRAMEF5:NM_001013407,0
PRAMEF25:NM_001310134,0
HNRNPCL2:NM_001136561,0
PRAMEF18:NM_001099850,0
PRAMEF6:NM_001010889,1
PRAMEF7:NM_001012277,0
PRAMEF10:NM_001039361,0
PRAMEF4:NM_001009611,0
PRAMEF2:NM_023014,0
HNRNPCL1:NM_001013631,0
PRAMEF11:NM_001146344,0
PRAMEF1:NM_023013,2
PRAMEF12:NM_001080830,0
C1orf158:NM_001330361,3
AADACL3:NM_001103170,2
AADACL4:NM_001013630,0
DHRS3:NM_004753,1
VPS13D:NM_018156,3
TNFRSF1B:NM_001066,3
TNFRSF8:NM_001281430,1
MIIP:NM_021933,1
MFN2:NM_001127660,3
PLOD1:NM_000302,2
KIAA2013:NM_138346,4
NPPB:NM_002521,3
NPPA:NM_006172,8
NPPA-AS1:NR_037806,2
CLCN6:NM_001256959,1
MTHFR:NM_005957,1
C1orf167:NM_001010881,0
AGTRAP:NM_001040195,4
DRAXIN:NM_198545,5
MAD2L2:NM_001127325,5
FBXO6:NM_018438,1
FBXO44:NM_183412,1
FBXO2:NM_012168,1
DISP3:NM_020780,1
UBIAD1:NM_001330350,2
ANGPTL7:NM_021146,2
MTOR:NM_001386500,1
EXOSC10:NM_001001998,1
SRM:NM_003132,0
MASP2:NM_006610,1
TARDBP:NM_007375,0
C1orf127:NM_001170754,0
CASZ1:NM_001079843,3
PEX14:NM_004565,5
DFFA:NM_004401,0
CORT:NM_001302,3
CENPS:NM_199294,2
CENPS-CORT:NM_199006,2
PGD:NM_001304451,6
KIF1B:NM_001365951,2
UBE4B:NM_006048,2
RBP7:NM_052960,3
NMNAT1:NM_001297778,1
LZIC:NM_001316975,0
CTNNBIP1:NM_020248,2
CLSTN1:NM_001302883,2
PIK3CD:NM_005026,4
TMEM201:NM_001130924,4
SLC25A33:NM_032315,0
SPSB1:NM_025106,0
H6PD:NM_004285,7
GPR157:NM_024980,1
SLC2A5:NM_001328619,2
SLC2A7:NM_207420,1
CA6:NM_001270502,0
ENO1:NM_001201483,3
RERE:NM_012102,89
SLC45A1:NM_001379618,3
ERRFI1:NM_018948,5
PARK7:NM_001123377,3
TNFRSF9:NM_001561,2
UTS2:NM_021995,1
PER3:NM_001377276,2
VAMP3:NM_004781,4
CAMTA1:NM_001349612,4
DNAJC11:NM_018198,2
THAP3:NM_138350,4
PHF13:NM_153812,1
KLHL21:NM_001324309,0
ZBTB48:NM_001278647,2
TAS1R1:NM_177540,66
NOL9:NM_024654,95
PLEKHG5:NM_198681,40
TNFRSF25:NM_148965,0
ESPN:NM_001367473,0
HES2:NM_019089,2
ACOT7:NM_007274,0
GPR153:NM_207370,4
HES3:NM_001024598,1
ICMT:NM_012405,1
RNF207:NM_207396,2
RPL22:NM_000983,9
CHD5:NM_015557,5
KCNAB2:NM_001199861,4
NPHP4:NM_015102,4
AJAP1:NM_018836,1
C1orf174:NM_207356,0
DFFB:NM_004402,50
CEP104:NM_014704,52
LRRC47:NM_020710,3
SMIM1:NM_001379691,2
CCDC27:NM_152492,0
TP73:NM_001204186,1
WRAP73:NM_017818,1
TPRG1L:NM_182752,1
MEGF6:NM_001409,2
ARHGEF16:NM_014448,0
PRDM16:NM_199454,1
ACTRT2:NM_080431,2
TTC34:NM_001242672,0
MMEL1:NM_033467,1
PRXL2B:NR_036638,2
TNFRSF14:NM_001297605,1
HES5:NM_001010926,0
PANK4:NM_018216,1
PLCH2:NM_001303012,3
PEX10:NM_001374426,1
RER1:NM_007033,2
MORN1:NM_024848,1
SKI:NM_003036,3
FAAP20:NM_001146310,0
PRKCZ:NM_002744,1
GABRD:NM_000815,1
CFAP74:NM_001304360,0
TMEM52:NM_178545,4
CALML6:NM_001330313,1
GNB1:NM_002074,3
NADK:NM_001198994,0
SLC35E2A:NM_001199787,1
CDK11A:NM_024011,1
SLC35E2B:NM_001290264,2
CDK11B:NM_033489,0
MMP23B:NM_006983,6
MIB2:NM_001170688,1
FNDC10:NM_001242659,2
SSU72:NM_014188,36
TMEM240:NM_001114748,2
ATAD3A:NM_001170535,1
ATAD3B:NM_031921,86
ATAD3C:NM_001039211,1
VWA1:NM_199121,1
TMEM88B:NM_001146685,1
ANKRD65:NM_001375659,6
MRPL20:NM_001318485,1
CCNL2:NM_001350499,0
AURKAIP1:NM_001127229,38
MXRA8:NM_001282582,1
DVL1:NM_001330311,0
TAS1R3:NM_152228,0
CPTP:NM_001029885,0
INTS11:NM_001256456,0
PUSL1:NM_153339,2
ACAP3:NM_030649,1
SCNN1D:NM_001130413,0
UBE2J2:NM_194458,6
C1QTNF12:NM_001014980,3
B3GALT6:NM_080605,0
SDF4:NM_016547,0
TNFRSF4:NM_003327,1
TNFRSF18:NM_004195,2
TTLL10:NM_001130045,5
C1orf159:NM_001330306,1
RNF223:NM_001205252,2
AGRN:NM_198576,3
ISG15:NM_005101,3
HES4:NM_001142467,2
PERM1:NM_001369897,2
PLEKHN1:NM_032129,1
KLHL17:NM_198317,2
NOC2L:NM_015658,2
SAMD11:NM_001385641,0
OR4F16:NM_001005277,0
OR4F29:NM_001005221,0
OR4F5:NM_001005484,0
