gene_name,read_count
chr1_0_65418:chr1_0_65418,1
chr1_71585_450739:chr1_71585_450739,0
chr1_451678_685715:chr1_451678_685715,0
chr1_686654_923922:chr1_686654_923922,30
chr1_959256_960583:chr1_959256_960583,4
chr1_982093_998963:chr1_982093_998963,3
chr1_1000097_1013496:chr1_1000097_1013496,4
chr1_1014540_1020119:chr1_1014540_1020119,1
chr1_1056116_1070966:chr1_1056116_1070966,7
chr1_1074306_1081822:chr1_1074306_1081822,2
chr1_1116089_1173879:chr1_1116089_1173879,15
chr1_1197936_1203507:chr1_1197936_1203507,3
chr1_1206592_1211339:chr1_1206592_1211339,1
chr1_1214153_1216930:chr1_1214153_1216930,4
chr1_1235041_1242452:chr1_1235041_1242452,4
chr1_1246722_1253911:chr1_1246722_1253911,6
chr1_1273854_1280435:chr1_1273854_1280435,3
chr1_1328896_1331279:chr1_1328896_1331279,5
chr1_1349418_1352688:chr1_1349418_1352688,5
chr1_1363541_1373735:chr1_1363541_1373735,8
chr1_1375207_1385710:chr1_1375207_1385710,10
chr1_1399335_1401908:chr1_1399335_1401908,10
chr1_1407293_1418419:chr1_1407293_1418419,9
chr1_1421276_1425870:chr1_1421276_1425870,2
chr1_1430255_1435689:chr1_1430255_1435689,7
chr1_1442882_1449688:chr1_1442882_1449688,1
chr1_1470163_1471764:chr1_1470163_1471764,0
chr1_1497848_1512161:chr1_1497848_1512161,4
chr1_1540624_1541672:chr1_1540624_1541672,7
chr1_1574863_1598011:chr1_1574863_1598011,6
chr1_1600135_1615499:chr1_1600135_1615499,12
chr1_1630605_1632172:chr1_1630605_1632172,0
chr1_1659004_1661477:chr1_1659004_1661477,1
chr1_1692795_1702378:chr1_1692795_1702378,0
chr1_1724357_1751231:chr1_1724357_1751231,7
chr1_1780031_1785285:chr1_1780031_1785285,3
chr1_1891087_1915259:chr1_1891087_1915259,15
chr1_1919279_1921956:chr1_1919279_1921956,4
chr1_2003786_2019344:chr1_2003786_2019344,11
chr1_2030758_2050410:chr1_2030758_2050410,6
chr1_2212720_2228318:chr1_2212720_2228318,6
chr1_2310213_2321252:chr1_2310213_2321252,5
chr1_2413827_2467450:chr1_2413827_2467450,16
chr1_2505532_2508536:chr1_2505532_2508536,6
chr1_2526596_2528744:chr1_2526596_2528744,4
chr1_2530263_2556370:chr1_2530263_2556370,9
chr1_2563829_2586776:chr1_2563829_2586776,8
chr1_2633016_2636985:chr1_2633016_2636985,1
chr1_2801693_3021466:chr1_2801693_3021466,68
chr1_3022903_3069202:chr1_3022903_3069202,14
chr1_3438621_3454664:chr1_3438621_3454664,6
chr1_3481113_3487950:chr1_3481113_3487950,4
chr1_3611508_3625014:chr1_3611508_3625014,7
chr1_3650103_3652515:chr1_3650103_3652515,3
chr1_3736201_3752449:chr1_3736201_3752449,14
chr1_3771645_3772748:chr1_3771645_3772748,5
chr1_3775956_3778558:chr1_3775956_3778558,8
chr1_3796498_3812085:chr1_3796498_3812085,5
chr1_3885429_3889132:chr1_3885429_3889132,12
chr1_3900272_4654608:chr1_3900272_4654608,285
chr1_4792534_5862810:chr1_4792534_5862810,318
chr1_6180321_6185019:chr1_6180321_6185019,3
chr1_6199595_6206118:chr1_6199595_6206118,11
chr1_6235964_6244178:chr1_6235964_6244178,5
chr1_6245578_6247352:chr1_6245578_6247352,2
chr1_6261098_6264271:chr1_6261098_6264271,5
chr1_6393767_6415231:chr1_6393767_6415231,5
chr1_6419919_6424775:chr1_6419919_6424775,3
chr1_6520092_6521346:chr1_6520092_6521346,3
chr1_6589280_6590723:chr1_6589280_6590723,5
chr1_6602869_6613730:chr1_6602869_6613730,3
chr1_6701816_6785453:chr1_6701816_6785453,22
chr1_7769706_7771295:chr1_7769706_7771295,2
chr1_7781432_7784290:chr1_7781432_7784290,3
chr1_7845177_7847611:chr1_7845177_7847611,2
chr1_7853491_7915870:chr1_7853491_7915870,24
chr1_7940839_7961710:chr1_7940839_7961710,4
chr1_7985505_8011726:chr1_7985505_8011726,16
chr1_8026309_8318113:chr1_8026309_8318113,61
chr1_8344165_8352403:chr1_8344165_8352403,7
chr1_8817640_8860999:chr1_8817640_8860999,19
chr1_8878686_8945867:chr1_8878686_8945867,27
chr1_8975092_9002972:chr1_8975092_9002972,6
chr1_9026423_9035105:chr1_9026423_9035105,5
chr1_9072259_9100304:chr1_9072259_9100304,5
chr1_9129102_9234773:chr1_9129102_9234773,34
chr1_9271337_9292893:chr1_9271337_9292893,10
chr1_9369532_9539464:chr1_9369532_9539464,51
chr1_9585173_9588910:chr1_9585173_9588910,3
chr1_9614877_9651730:chr1_9614877_9651730,13
chr1_9824526_9848275:chr1_9824526_9848275,5
chr1_9910269_9922117:chr1_9910269_9922117,8
chr1_9985498_9997227:chr1_9985498_9997227,4
chr1_10016021_10032957:chr1_10016021_10032957,3
chr1_10181239_10210569:chr1_10181239_10210569,17
chr1_10381603_10399063:chr1_10381603_10399063,8
chr1_10420511_10430432:chr1_10420511_10430432,9
chr1_10452153_10456521:chr1_10452153_10456521,7
chr1_10472529_10474949:chr1_10472529_10474949,3
chr1_10630758_10636603:chr1_10630758_10636603,10
chr1_10796646_10946474:chr1_10796646_10946474,48
chr1_10982076_11012653:chr1_10982076_11012653,8
chr1_11025492_11026522:chr1_11025492_11026522,4
chr1_11047239_11054588:chr1_11047239_11054588,13
chr1_11060018_11066617:chr1_11060018_11066617,15
chr1_11099869_11106534:chr1_11099869_11106534,7
chr1_11262551_11273197:chr1_11262551_11273197,3
chr1_11299574_11479154:chr1_11299574_11479154,66
chr1_11537551_11648386:chr1_11537551_11648386,40
chr1_11725857_11736135:chr1_11725857_11736135,10
chr1_11750769_11762192:chr1_11750769_11762192,13
chr1_11847783_11857463:chr1_11847783_11857463,6
chr1_11858945_11919590:chr1_11858945_11919590,28
chr1_11926427_11934716:chr1_11926427_11934716,6
chr1_11975537_11980443:chr1_11975537_11980443,9
chr1_12013508_12019497:chr1_12013508_12019497,5
chr1_12032045_12063302:chr1_12032045_12063302,15
chr1_12144207_12166990:chr1_12144207_12166990,7
chr1_12209220_12230029:chr1_12209220_12230029,4
chr1_12512047_12567909:chr1_12512047_12567909,20
chr1_12618210_12644084:chr1_12618210_12644084,16
chr1_12667076_12716109:chr1_12667076_12716109,14
chr1_12728760_12746199:chr1_12728760_12746199,3
chr1_12763699_12773737:chr1_12763699_12773737,4
chr1_12777906_12791396:chr1_12777906_12791396,1
chr1_12796628_12824604:chr1_12796628_12824604,2
chr1_12831410_12847376:chr1_12831410_12847376,1
chr1_12848720_12857085:chr1_12848720_12857085,2
chr1_12861909_12879211:chr1_12861909_12879211,0
chr1_12886201_12892895:chr1_12886201_12892895,0
chr1_12898270_12916609:chr1_12898270_12916609,0
chr1_12920751_12938471:chr1_12920751_12938471,0
chr1_12947580_13049475:chr1_12947580_13049475,0
chr1_13056575_13060768:chr1_13056575_13060768,0
chr1_13062878_13070773:chr1_13062878_13070773,0
chr1_13077884_13115487:chr1_13077884_13115487,0
chr1_13116854_13148906:chr1_13116854_13148906,0
chr1_13156009_13163913:chr1_13156009_13163913,0
chr1_13165631_13171847:chr1_13165631_13171847,0
chr1_13179459_13196187:chr1_13179459_13196187,0
chr1_13201409_13222694:chr1_13201409_13222694,0
chr1_13226154_13254197:chr1_13226154_13254197,2
chr1_13263435_13281303:chr1_13263435_13281303,0
chr1_13285137_13303538:chr1_13285137_13303538,0
chr1_13308907_13315580:chr1_13308907_13315580,0
chr1_13322598_13341891:chr1_13322598_13341891,0
chr1_13347134_13368430:chr1_13347134_13368430,0
chr1_13371947_13389631:chr1_13371947_13389631,0
chr1_13392629_13410449:chr1_13392629_13410449,5
chr1_13421328_13474972:chr1_13421328_13474972,11
chr1_13514003_13583756:chr1_13514003_13583756,9
chr1_13617957_13700187:chr1_13617957_13700187,21
chr1_13825079_14598684:chr1_13825079_14598684,230
chr1_15118043_15152565:chr1_15118043_15152565,10
chr1_15220478_15247222:chr1_15220478_15247222,10
chr1_15398328_15409887:chr1_15398328_15409887,9
chr1_15430339_15438442:chr1_15430339_15438442,7
chr1_15449242_15456731:chr1_15449242_15456731,2
chr1_15472091_15476103:chr1_15472091_15476103,0
chr1_15524790_15526847:chr1_15524790_15526847,3
chr1_15585051_15617457:chr1_15585051_15617457,3
chr1_15669044_15684319:chr1_15669044_15684319,7
chr1_15734769_15736257:chr1_15734769_15736257,2
chr1_15741392_15742498:chr1_15741392_15742498,0
chr1_15747982_15756637:chr1_15747982_15756637,2
chr1_15786589_15807373:chr1_15786589_15807373,8
chr1_15807649_15847706:chr1_15807649_15847706,15
chr1_15940456_15941868:chr1_15940456_15941868,18
chr1_15976101_16004235:chr1_15976101_16004235,8
chr1_16008807_16014028:chr1_16008807_16014028,4
chr1_16019594_16022035:chr1_16019594_16022035,2
chr1_16034050_16043781:chr1_16034050_16043781,3
chr1_16073651_16124336:chr1_16073651_16124336,13
chr1_16156069_16197853:chr1_16156069_16197853,8
chr1_16212652_16231691:chr1_16212652_16231691,13
chr1_16237183_16246839:chr1_16237183_16246839,6
chr1_16352480_16367241:chr1_16352480_16367241,1
chr1_16437424_16440723:chr1_16437424_16440723,1
chr1_16460078_16562322:chr1_16460078_16562322,18
chr1_16613564_16921930:chr1_16613564_16921930,67
chr1_16972964_16974501:chr1_16972964_16974501,5
chr1_16981583_16985957:chr1_16981583_16985957,11
chr1_17011928_17018721:chr1_17011928_17018721,7
chr1_17054032_17066760:chr1_17054032_17066760,8
chr1_17119451_17205127:chr1_17119451_17205127,39
chr1_17246007_17249097:chr1_17246007_17249097,1
chr1_17284233_17308196:chr1_17284233_17308196,10
chr1_17364004_17372195:chr1_17364004_17372195,4
chr1_17401699_17406759:chr1_17401699_17406759,7
chr1_17439677_17539697:chr1_17439677_17539697,23
chr1_17697875_17755332:chr1_17697875_17755332,15
chr1_17827063_18107797:chr1_17827063_18107797,82
chr1_18378483_18480929:chr1_18378483_18480929,33
chr1_18485974_18630845:chr1_18485974_18630845,38
chr1_18748866_18839598:chr1_18748866_18839598,37
chr1_18859660_18871429:chr1_18859660_18871429,8
chr1_18902555_18904279:chr1_18902555_18904279,5
chr1_18956676_19074509:chr1_18956676_19074509,46
chr1_19210266_19215659:chr1_19210266_19215659,10
chr1_19260128_19265981:chr1_19260128_19265981,9
chr1_19274122_19282572:chr1_19274122_19282572,5
chr1_19288770_19302707:chr1_19288770_19302707,8
chr1_19332428_19338774:chr1_19332428_19338774,6
chr1_19485539_19596978:chr1_19485539_19596978,37
chr1_19658452_19664874:chr1_19658452_19664874,5
chr1_19680966_19682239:chr1_19680966_19682239,1
chr1_19799916_19814028:chr1_19799916_19814028,5
chr1_19815283_19882394:chr1_19815283_19882394,24
chr1_19912945_19920008:chr1_19912945_19920008,12
chr1_19923617_19975430:chr1_19923617_19975430,19
chr1_19980434_20070193:chr1_19980434_20070193,12
chr1_20091911_20111938:chr1_20091911_20111938,14
chr1_20119536_20139322:chr1_20119536_20139322,8
chr1_20150381_20163054:chr1_20150381_20163054,5
chr1_20196050_20290874:chr1_20196050_20290874,36
chr1_20359518_20482390:chr1_20359518_20482390,47
chr1_20486210_20499447:chr1_20486210_20499447,7
chr1_20508151_20552572:chr1_20508151_20552572,13
chr1_20555020_20589096:chr1_20555020_20589096,10
chr1_20618903_20633457:chr1_20618903_20633457,4
chr1_20661369_20664013:chr1_20661369_20664013,2
chr1_20718007_20719730:chr1_20718007_20719730,2
chr1_20732703_20740265:chr1_20732703_20740265,6
chr1_20787307_20806291:chr1_20787307_20806291,8
chr1_21176897_21217249:chr1_21176897_21217249,14
chr1_21345504_21440136:chr1_21345504_21440136,17
chr1_21484900_21508983:chr1_21484900_21508983,11
chr1_21578410_21596220:chr1_21578410_21596220,11
chr1_21669357_21678297:chr1_21669357_21678297,9
chr1_21783149_21812264:chr1_21783149_21812264,8
chr1_21937310_21977021:chr1_21937310_21977021,13
chr1_21989354_22001656:chr1_21989354_22001656,2
chr1_22012542_22052708:chr1_22012542_22052708,12
chr1_22101360_22117312:chr1_22101360_22117312,23
chr1_22143097_22451850:chr1_22143097_22451850,113
chr1_22531154_22563488:chr1_22531154_22563488,17
chr1_22603595_22636462:chr1_22603595_22636462,12
chr1_22639678_22643632:chr1_22639678_22643632,3
chr1_22648108_22653235:chr1_22648108_22653235,3
chr1_22661637_22710837:chr1_22661637_22710837,10
chr1_22921500_22953042:chr1_22921500_22953042,12
chr1_22972866_23010833:chr1_22972866_23010833,10
chr1_23015852_23019467:chr1_23015852_23019467,3
chr1_23177689_23191894:chr1_23177689_23191894,9
chr1_23217502_23304687:chr1_23217502_23304687,34
chr1_23344284_23359447:chr1_23344284_23359447,3
chr1_23369836_23380908:chr1_23369836_23380908,9
chr1_23424748_23428562:chr1_23424748_23428562,4
chr1_23484179_23506437:chr1_23484179_23506437,8
chr1_23531233_23557925:chr1_23531233_23557925,11
chr1_23559501_23691778:chr1_23559501_23691778,46
chr1_23696835_23743470:chr1_23696835_23743470,37
chr1_23762059_23778417:chr1_23762059_23778417,21
chr1_23788232_23791144:chr1_23788232_23791144,8
chr1_23800754_23801884:chr1_23800754_23801884,6
chr1_23825429_23845076:chr1_23825429_23845076,11
chr1_23868290_23870514:chr1_23868290_23870514,4
chr1_23913362_23959827:chr1_23913362_23959827,10
chr1_23980327_24056040:chr1_23980327_24056040,17
chr1_24112135_24119770:chr1_24112135_24119770,1
chr1_24143140_24154167:chr1_24143140_24154167,8
chr1_24187289_24319356:chr1_24187289_24319356,42
chr1_24472983_24502343:chr1_24472983_24502343,10
chr1_24541040_24556086:chr1_24541040_24556086,3
chr1_24609328_24643301:chr1_24609328_24643301,8
chr1_24673281_24745446:chr1_24673281_24745446,22
chr1_24844321_24899510:chr1_24844321_24899510,24
chr1_24965010_25222275:chr1_24965010_25222275,88
chr1_25232502_25242248:chr1_25232502_25242248,10
chr1_25420935_25430896:chr1_25420935_25430896,5
chr1_25500209_25543605:chr1_25500209_25543605,23
chr1_25568886_25616790:chr1_25568886_25616790,25
chr1_25784450_25800192:chr1_25784450_25800192,7
chr1_25818221_25819953:chr1_25818221_25819953,7
chr1_25859457_25861483:chr1_25859457_25861483,9
chr1_25875708_25884178:chr1_25875708_25884178,6
chr1_25906880_25959766:chr1_25906880_25959766,17
chr1_25998063_26021774:chr1_25998063_26021774,15
chr1_26046118_26051300:chr1_26046118_26051300,3
chr1_26067630_26111161:chr1_26067630_26111161,16
chr1_26125555_26159078:chr1_26125555_26159078,14
chr1_26171832_26177490:chr1_26171832_26177490,1
chr1_26202964_26234199:chr1_26202964_26234199,10
chr1_26278808_26280085:chr1_26278808_26280085,15
chr1_26320523_26321864:chr1_26320523_26321864,9
chr1_26354130_26361633:chr1_26354130_26361633,3
chr1_26372794_26410816:chr1_26372794_26410816,9
chr1_26429728_26432320:chr1_26429728_26432320,1
chr1_26471306_26472439:chr1_26471306_26472439,6
chr1_26476642_26529760:chr1_26476642_26529760,19
chr1_26575025_26696014:chr1_26575025_26696014,31
chr1_26782104_26787053:chr1_26782104_26787053,8
chr1_26800659_26826687:chr1_26800659_26826687,8
chr1_26857604_26863148:chr1_26857604_26863148,2
chr1_26864456_26876131:chr1_26864456_26876131,13
chr1_26900467_26911488:chr1_26900467_26911488,8
chr1_26913975_26921742:chr1_26913975_26921742,7
chr1_26946871_26949561:chr1_26946871_26949561,10
chr1_26960468_26993691:chr1_26960468_26993691,13
chr1_27000886_27005019:chr1_27000886_27005019,3
chr1_27012850_27098808:chr1_27012850_27098808,17
chr1_27155125_27234631:chr1_27155125_27234631,18
chr1_27308636_27322162:chr1_27308636_27322162,7
chr1_27336400_27342021:chr1_27336400_27342021,9
chr1_27353932_27355183:chr1_27353932_27355183,4
chr1_27366961_27369109:chr1_27366961_27369109,5
chr1_27374824_27379175:chr1_27374824_27379175,1
chr1_27383333_27392621:chr1_27383333_27392621,5
chr1_27395814_27404229:chr1_27395814_27404229,8
chr1_27490167_27534244:chr1_27490167_27534244,18
chr1_27604144_27612063:chr1_27604144_27612063,6
chr1_27635185_27666063:chr1_27635185_27666063,18
chr1_27672192_27725960:chr1_27672192_27725960,14
chr1_27763116_27773218:chr1_27763116_27773218,4
chr1_27824443_27830781:chr1_27824443_27830781,3
chr1_27851676_27872543:chr1_27851676_27872543,7
chr1_27886675_27891523:chr1_27886675_27891523,8
chr1_27914797_27934999:chr1_27914797_27934999,6
chr1_27968093_27970343:chr1_27968093_27970343,2
chr1_28088610_28147165:chr1_28088610_28147165,16
chr1_28193856_28200277:chr1_28193856_28200277,9
chr1_28233029_28236123:chr1_28233029_28236123,2
chr1_28238100_28259517:chr1_28238100_28259517,12
chr1_28282491_28329039:chr1_28282491_28329039,19
chr1_28335965_28369739:chr1_28335965_28369739,13
chr1_28500364_28506042:chr1_28500364_28506042,5
chr1_28538989_28553084:chr1_28538989_28553084,11
chr1_28578545_28592264:chr1_28578545_28592264,12
chr1_28596666_28602849:chr1_28596666_28602849,5
chr1_28643067_28668783:chr1_28643067_28668783,6
chr1_28719353_28736623:chr1_28719353_28736623,6
chr1_28769775_28812169:chr1_28769775_28812169,20
chr1_28871267_28887099:chr1_28871267_28887099,8
chr1_29123903_29147742:chr1_29123903_29147742,11
chr1_29181900_29192656:chr1_29181900_29192656,12
chr1_29230934_29236521:chr1_29230934_29236521,6
chr1_29326800_30711276:chr1_29326800_30711276,404
chr1_30723585_30732468:chr1_30723585_30732468,29
chr1_30757774_30869465:chr1_30757774_30869465,58
chr1_30908758_30931505:chr1_30908758_30931505,9
chr1_31065717_31179744:chr1_31065717_31179744,23
chr1_31239887_31259567:chr1_31239887_31259567,9
chr1_31373076_31409776:chr1_31373076_31409776,14
chr1_31434678_31576514:chr1_31434678_31576514,34
chr1_31587686_31617688:chr1_31587686_31617688,12
chr1_31627613_31629865:chr1_31627613_31629865,9
chr1_31644876_31652262:chr1_31644876_31652262,4
chr1_31704017_31727116:chr1_31704017_31727116,11
chr1_31764340_31790421:chr1_31764340_31790421,12
chr1_31816022_31906420:chr1_31816022_31906420,34
chr1_31938368_32013867:chr1_31938368_32013867,24
chr1_32060850_32072030:chr1_32060850_32072030,8
chr1_32102863_32108055:chr1_32102863_32108055,5
chr1_32176563_32179674:chr1_32176563_32179674,6
chr1_32198285_32200594:chr1_32198285_32200594,6
chr1_32236170_32247221:chr1_32236170_32247221,11
chr1_32248856_32251264:chr1_32248856_32251264,3
chr1_32286165_32292082:chr1_32286165_32292082,3
chr1_32336233_32361269:chr1_32336233_32361269,20
chr1_32394441_32465071:chr1_32394441_32465071,20
chr1_32496686_32539426:chr1_32496686_32539426,8
chr1_32605941_32620819:chr1_32605941_32620819,5
chr1_32702770_32741829:chr1_32702770_32741829,12
chr1_32858879_32862267:chr1_32858879_32862267,6
chr1_32872484_32886490:chr1_32872484_32886490,9
chr1_32901389_32936448:chr1_32901389_32936448,9
chr1_32964809_33007939:chr1_32964809_33007939,21
chr1_33036883_33081152:chr1_33036883_33081152,10
chr1_33123492_33145398:chr1_33123492_33145398,13
chr1_33182043_33256491:chr1_33182043_33256491,17
chr1_33300719_33306765:chr1_33300719_33306765,1
chr1_33321098_33323625:chr1_33321098_33323625,7
chr1_33431095_33472644:chr1_33431095_33472644,23
chr1_33501643_33513997:chr1_33501643_33513997,5
chr1_34165842_34166992:chr1_34165842_34166992,1
chr1_34219131_34755046:chr1_34219131_34755046,156
chr1_34758512_34759739:chr1_34758512_34759739,3
chr1_34762327_34781213:chr1_34762327_34781213,2
chr1_34786364_34792998:chr1_34786364_34792998,8
chr1_34795747_34850361:chr1_34795747_34850361,21
chr1_34859749_34865435:chr1_34859749_34865435,7
chr1_34929650_34981379:chr1_34929650_34981379,15
chr1_35031945_35059785:chr1_35031945_35059785,3
chr1_35115859_35176379:chr1_35115859_35176379,12
chr1_35193145_35268708:chr1_35193145_35268708,13
chr1_35422058_35433491:chr1_35422058_35433491,17
chr1_35566779_35573313:chr1_35566779_35573313,3
chr1_35595328_35599540:chr1_35595328_35599540,9
chr1_35641526_35713876:chr1_35641526_35713876,25
chr1_35718884_35720212:chr1_35718884_35720212,4
chr1_35769978_35807635:chr1_35769978_35807635,11
chr1_35857890_35869760:chr1_35857890_35869760,6
chr1_36072500_36084093:chr1_36072500_36084093,6
chr1_36093932_36095238:chr1_36093932_36095238,10
chr1_36125222_36136571:chr1_36125222_36136571,7
chr1_36180849_36224442:chr1_36180849_36224442,15
chr1_36305357_36306367:chr1_36305357_36306367,2
chr1_36324154_36339627:chr1_36324154_36339627,9
chr1_36385924_36393435:chr1_36385924_36393435,10
chr1_36397908_36417905:chr1_36397908_36417905,10
chr1_36450451_36455717:chr1_36450451_36455717,8
chr1_36464384_36466042:chr1_36464384_36466042,4
chr1_36483314_36795526:chr1_36483314_36795526,106
chr1_37034515_37474579:chr1_37034515_37474579,145
chr1_37484377_37489992:chr1_37484377_37489992,6
chr1_37514766_37534448:chr1_37514766_37534448,5
chr1_37554293_37556939:chr1_37554293_37556939,3
chr1_37595937_37611349:chr1_37595937_37611349,10
chr1_37634892_37681569:chr1_37634892_37681569,16
chr1_37709719_37715975:chr1_37709719_37715975,9
chr1_37765120_37793846:chr1_37765120_37793846,5
chr1_37801133_37802944:chr1_37801133_37802944,8
chr1_37859592_37860696:chr1_37859592_37860696,4
chr1_37947057_37956974:chr1_37947057_37956974,12
chr1_37990022_37996769:chr1_37990022_37996769,16
chr1_38005514_38012733:chr1_38005514_38012733,6
chr1_38024820_38043828:chr1_38024820_38043828,16
chr1_38046793_38838197:chr1_38046793_38838197,272
chr1_38859772_38862489:chr1_38859772_38862489,3
chr1_38881626_38885806:chr1_38881626_38885806,0
chr1_38941830_38991275:chr1_38941830_38991275,10
chr1_39006059_39026349:chr1_39006059_39026349,6
chr1_39034615_39084166:chr1_39034615_39084166,15
chr1_39487138_39491635:chr1_39487138_39491635,7
chr1_39529869_39560815:chr1_39529869_39560815,32
chr1_39576790_39623434:chr1_39576790_39623434,18
chr1_39639643_39651228:chr1_39639643_39651228,2
chr1_39672107_39678647:chr1_39672107_39678647,8
chr1_39691433_39738881:chr1_39691433_39738881,23
chr1_39788865_39838109:chr1_39788865_39838109,15
chr1_39883511_39895427:chr1_39883511_39895427,12
chr1_39901917_39955144:chr1_39901917_39955144,11
chr1_39969956_40040239:chr1_39969956_40040239,19
chr1_40097252_40161386:chr1_40097252_40161386,16
chr1_40240921_40247936:chr1_40240921_40247936,5
chr1_40251684_40258235:chr1_40251684_40258235,3
chr1_40294180_40300488:chr1_40294180_40300488,7
chr1_40317286_40373726:chr1_40317286_40373726,15
chr1_40423326_40450063:chr1_40423326_40450063,13
chr1_40463715_40477289:chr1_40463715_40477289,6
chr1_40496343_40508766:chr1_40496343_40508766,2
chr1_40516038_40531636:chr1_40516038_40531636,3
chr1_40548167_40620679:chr1_40548167_40620679,21
chr1_40665682_40691703:chr1_40665682_40691703,10
chr1_40771603_40783786:chr1_40771603_40783786,12
chr1_40840452_40861053:chr1_40840452_40861053,10
chr1_40862363_40979695:chr1_40862363_40979695,42
chr1_41012565_41015596:chr1_41012565_41015596,10
chr1_41021725_41027201:chr1_41021725_41027201,12
chr1_41242306_41361433:chr1_41242306_41361433,45
chr1_41383590_41478774:chr1_41383590_41478774,40
chr1_41484683_41506364:chr1_41484683_41506364,17
chr1_42035934_42153409:chr1_42035934_42153409,35
chr1_42155820_42162689:chr1_42155820_42162689,4
chr1_42164745_42176547:chr1_42164745_42176547,13
chr1_42335880_42380791:chr1_42335880_42380791,9
chr1_42424232_42430328:chr1_42424232_42430328,3
chr1_42657190_42658422:chr1_42657190_42658422,2
chr1_42676758_42682417:chr1_42676758_42682417,6
chr1_42703805_42733092:chr1_42703805_42733092,27
chr1_42740236_42746373:chr1_42740236_42746373,6
chr1_42779491_42784990:chr1_42779491_42784990,10
chr1_42800827_42807051:chr1_42800827_42807051,2
chr1_42844991_42846612:chr1_42844991_42846612,3
chr1_42852477_42925352:chr1_42852477_42925352,27
chr1_42958868_43147903:chr1_42958868_43147903,60
chr1_43156396_43164173:chr1_43156396_43164173,10
chr1_43254358_43269982:chr1_43254358_43269982,9
chr1_43274002_43281876:chr1_43274002_43281876,2
chr1_43285581_43300981:chr1_43285581_43300981,7
chr1_43323108_43337817:chr1_43323108_43337817,5
chr1_43354466_43358980:chr1_43354466_43358980,7
chr1_43368011_43383916:chr1_43368011_43383916,15
chr1_43454247_43526036:chr1_43454247_43526036,23
chr1_43623666_43650148:chr1_43623666_43650148,12
chr1_43705518_43707535:chr1_43705518_43707535,8
chr1_43931159_43933800:chr1_43931159_43933800,4
chr1_43937240_43946949:chr1_43937240_43946949,10
chr1_43968022_43970009:chr1_43968022_43970009,3
chr1_43973369_43974959:chr1_43973369_43974959,12
chr1_44031462_44118820:chr1_44031462_44118820,31
chr1_44135140_44137820:chr1_44135140_44137820,1
chr1_44141631_44213470:chr1_44141631_44213470,16
chr1_44355279_44405159:chr1_44355279_44405159,24
chr1_44651724_44653246:chr1_44651724_44653246,3
chr1_44725591_44739836:chr1_44725591_44739836,9
chr1_44767767_44775539:chr1_44767767_44775539,8
chr1_44778779_44783584:chr1_44778779_44783584,12
chr1_44788170_44800376:chr1_44788170_44800376,2
chr1_44807351_44808522:chr1_44807351_44808522,9
chr1_44815585_44819844:chr1_44815585_44819844,3
chr1_44843253_44850521:chr1_44843253_44850521,13
chr1_44986595_45002547:chr1_44986595_45002547,16
chr1_45206605_45326894:chr1_45206605_45326894,32
chr1_45491163_45493865:chr1_45491163_45493865,4
chr1_45522890_45550825:chr1_45522890_45550825,8
chr1_45570049_45584040:chr1_45570049_45584040,16
chr1_45618893_45620043:chr1_45618893_45620043,16
chr1_45624054_45627303:chr1_45624054_45627303,6
chr1_45686533_45688180:chr1_45686533_45688180,5
chr1_45750653_45803611:chr1_45750653_45803611,17
chr1_46036122_46040139:chr1_46036122_46040139,5
chr1_46185962_46188682:chr1_46185962_46188682,5
chr1_46221256_46247687:chr1_46221256_46247687,8
chr1_46316776_46340806:chr1_46316776_46340806,5
chr1_46385199_46394316:chr1_46385199_46394316,2
chr1_46413845_46489835:chr1_46413845_46489835,36
chr1_46516216_46532165:chr1_46516216_46532165,8
chr1_46535515_46545640:chr1_46535515_46545640,3
chr1_46551647_46557406:chr1_46551647_46557406,3
chr1_46604268_46607718:chr1_46604268_46607718,4
chr1_46616811_46632736:chr1_46616811_46632736,9
chr1_46668557_46671853:chr1_46668557_46671853,7
chr1_46673594_46675158:chr1_46673594_46675158,9
chr1_46719114_46799045:chr1_46719114_46799045,24
chr1_46819413_46929187:chr1_46819413_46929187,10
chr1_46941476_46961363:chr1_46941476_46961363,8
chr1_47050751_47067230:chr1_47050751_47067230,0
chr1_47118318_47137440:chr1_47118318_47137440,2
chr1_47149727_47183581:chr1_47149727_47183581,10
chr1_47190036_47216289:chr1_47190036_47216289,26
chr1_47232335_47250138:chr1_47232335_47250138,14
chr1_47314896_47333789:chr1_47314896_47333789,4
chr1_47378839_47416284:chr1_47378839_47416284,22
chr1_47418052_47438043:chr1_47418052_47438043,9
chr1_47440691_47760527:chr1_47440691_47760527,110
chr1_47997385_48222715:chr1_47997385_48222715,46
chr1_48248638_48295372:chr1_48248638_48295372,8
chr1_48472204_48532853:chr1_48472204_48532853,8
chr1_50023954_50048054:chr1_50023954_50048054,4
chr1_50203772_50417549:chr1_50203772_50417549,56
chr1_50423443_50437027:chr1_50423443_50437027,7
chr1_50960267_50968705:chr1_50960267_50968705,3
chr1_50974634_51102227:chr1_50974634_51102227,27
chr1_51148086_51236272:chr1_51148086_51236272,23
chr1_51273447_51287257:chr1_51273447_51287257,9
chr1_51345116_51354262:chr1_51345116_51354262,5
chr1_51519266_51617091:chr1_51519266_51617091,36
chr1_51878727_51907955:chr1_51878727_51907955,8
chr1_51990700_52020130:chr1_51990700_52020130,6
chr1_52055191_52056294:chr1_52055191_52056294,5
chr1_52090716_52142088:chr1_52090716_52142088,11
chr1_52346634_52350596:chr1_52346634_52350596,6
chr1_52366205_52372828:chr1_52366205_52372828,12
chr1_52420836_52423274:chr1_52420836_52423274,3
chr1_52553092_52602370:chr1_52553092_52602370,13
chr1_52609051_52633167:chr1_52609051_52633167,8
chr1_52669683_52684448:chr1_52669683_52684448,10
chr1_52698347_52726452:chr1_52698347_52726452,12
chr1_52827336_52842759:chr1_52827336_52842759,4
chr1_52921774_52927275:chr1_52921774_52927275,0
chr1_53051698_53062212:chr1_53051698_53062212,3
chr1_53085494_53087182:chr1_53085494_53087182,0
chr1_53142638_53196823:chr1_53142638_53196823,17
chr1_53220634_53226899:chr1_53220634_53226899,8
chr1_53238518_53242363:chr1_53238518_53242363,2
chr1_53328070_53459398:chr1_53328070_53459398,37
chr1_53467488_53506238:chr1_53467488_53506238,18
chr1_53739164_53765477:chr1_53739164_53765477,5
chr1_53838296_53851732:chr1_53838296_53851732,6
chr1_53889797_53894186:chr1_53889797_53894186,2
chr1_53911086_53916572:chr1_53911086_53916572,13
chr1_53968168_54007297:chr1_53968168_54007297,13
chr1_54018186_54026680:chr1_54018186_54026680,3
chr1_54112520_54132686:chr1_54112520_54132686,13
chr1_54153000_54169650:chr1_54153000_54169650,6
chr1_54413490_54548227:chr1_54413490_54548227,22
chr1_54639192_54641739:chr1_54639192_54641739,0
chr1_54742657_54756897:chr1_54742657_54756897,21
chr1_54764523_54779711:chr1_54764523_54779711,12
chr1_54801323_54806062:chr1_54801323_54806062,2
chr1_54842252_54849626:chr1_54842252_54849626,5
chr1_54887195_54980627:chr1_54887195_54980627,24
chr1_54992288_54998932:chr1_54992288_54998932,3
chr1_55017172_55039547:chr1_55017172_55039547,4
chr1_55064852_55066358:chr1_55064852_55066358,4
chr1_55215364_56494760:chr1_55215364_56494760,235
chr1_56579563_56645313:chr1_56579563_56645313,10
chr1_56715335_56718788:chr1_56715335_56718788,1
chr1_56819404_56854796:chr1_56819404_56854796,4
chr1_56918223_56929206:chr1_56918223_56929206,3
chr1_56966015_56994777:chr1_56966015_56994777,10
chr1_58546726_58575432:chr1_58546726_58575432,5
chr1_58577252_58654742:chr1_58577252_58654742,19
chr1_58700062_58780790:chr1_58700062_58780790,21
chr1_58784047_59296812:chr1_58784047_59296812,125
chr1_59762730_59814948:chr1_59762730_59814948,9
chr1_59876322_59893307:chr1_59876322_59893307,2
chr1_59926773_59990393:chr1_59926773_59990393,14
chr1_60073770_61077226:chr1_60073770_61077226,186
chr1_61462788_61681045:chr1_61462788_61681045,45
chr1_61725141_61742479:chr1_61725141_61742479,2
chr1_62163915_62194848:chr1_62163915_62194848,3
chr1_62212328_62236164:chr1_62212328_62236164,4
chr1_62319434_62436394:chr1_62319434_62436394,18
chr1_62451804_62454725:chr1_62451804_62454725,4
chr1_62688386_62784131:chr1_62688386_62784131,10
chr1_62865516_63322566:chr1_62865516_63322566,71
chr1_63325128_63367626:chr1_63325128_63367626,9
chr1_63438553_63440769:chr1_63438553_63440769,1
chr1_63572693_63593410:chr1_63572693_63593410,2
chr1_63660245_63774016:chr1_63660245_63774016,17
chr1_64181498_64203622:chr1_64181498_64203622,5
chr1_64267368_64470128:chr1_64267368_64470128,31
chr1_64693053_64745074:chr1_64693053_64745074,13
chr1_65067746_65147551:chr1_65067746_65147551,19
chr1_65232145_65264748:chr1_65232145_65264748,11
chr1_65415871_65420651:chr1_65415871_65420651,5
chr1_65641559_65792509:chr1_65641559_65792509,17
chr1_66374579_66533360:chr1_66374579_66533360,34
chr1_66751139_66752458:chr1_66751139_66752458,0
chr1_66779047_66797739:chr1_66779047_66797739,1
chr1_66801276_66812884:chr1_66801276_66812884,0
chr1_66988619_66999349:chr1_66988619_66999349,6
chr1_67054148_67092164:chr1_67054148_67092164,8
chr1_67134970_67166453:chr1_67134970_67166453,6
chr1_67259979_67307363:chr1_67259979_67307363,19
chr1_67398724_67407809:chr1_67398724_67407809,4
chr1_67430402_67685200:chr1_67430402_67685200,56
chr1_67688334_67701474:chr1_67688334_67701474,15
chr1_67833467_68045961:chr1_67833467_68045961,42
chr1_68050627_68098458:chr1_68050627_68098458,11
chr1_68232546_68428821:chr1_68232546_68428821,25
chr1_68449954_68474151:chr1_68449954_68474151,1
chr1_68497082_69567921:chr1_68497082_69567921,139
chr1_70253052_70258998:chr1_70253052_70258998,1
chr1_70354722_70411267:chr1_70354722_70411267,9
chr1_70439851_70852357:chr1_70439851_70852357,57
chr1_71047816_71063290:chr1_71047816_71063290,6
chr1_71081035_71395942:chr1_71081035_71395942,30
chr1_72282539_74026014:chr1_72282539_74026014,195
chr1_74544428_74568122:chr1_74544428_74568122,7
chr1_74673792_74705485:chr1_74673792_74705485,5
chr1_74766677_75128433:chr1_74766677_75128433,41
chr1_75161533_75202128:chr1_75161533_75202128,4
chr1_75616163_75724708:chr1_75616163_75724708,16
chr1_75763679_75786193:chr1_75763679_75786193,6
chr1_75795090_75796881:chr1_75795090_75796881,1
chr1_75913242_75918872:chr1_75913242_75918872,2
chr1_75932404_76074745:chr1_75932404_76074745,26
chr1_76637339_76867479:chr1_76637339_76867479,31
chr1_77067546_77088988:chr1_77067546_77088988,3
chr1_77219430_77282018:chr1_77219430_77282018,14
chr1_77559966_77562415:chr1_77559966_77562415,5
chr1_77683398_77695986:chr1_77683398_77695986,6
chr1_77759852_77779648:chr1_77759852_77779648,2
chr1_77879540_77888623:chr1_77879540_77888623,3
chr1_78017964_78044969:chr1_78017964_78044969,7
chr1_78138444_78490973:chr1_78138444_78490973,48
chr1_78540701_78620447:chr1_78540701_78620447,11
chr1_78646145_78649788:chr1_78646145_78649788,0
chr1_78664078_78889763:chr1_78664078_78889763,35
chr1_79006730_81306131:chr1_79006730_81306131,220
chr1_81993932_83865023:chr1_81993932_83865023,186
chr1_83999132_84078078:chr1_83999132_84078078,12
chr1_84238498_84298537:chr1_84238498_84298537,10
chr1_84350798_84398483:chr1_84350798_84398483,9
chr1_84415018_84479265:chr1_84415018_84479265,6
chr1_84574440_84643705:chr1_84574440_84643705,23
chr1_84690461_84811601:chr1_84690461_84811601,25
chr1_84893206_84925582:chr1_84893206_84925582,5
chr1_84997113_85018081:chr1_84997113_85018081,5
chr1_85048500_85062326:chr1_85048500_85062326,1
chr1_85133138_85156888:chr1_85133138_85156888,8
chr1_85201016_85249952:chr1_85201016_85249952,4
chr1_85259662_85265775:chr1_85259662_85265775,6
chr1_85276632_85318484:chr1_85276632_85318484,11
chr1_85578200_85580760:chr1_85578200_85580760,2
chr1_85583950_85649416:chr1_85583950_85649416,14
chr1_85708433_85729232:chr1_85708433_85729232,3
chr1_86156984_86346836:chr1_86156984_86346836,33
chr1_86396323_86424170:chr1_86396323_86424170,4
chr1_86456553_86468926:chr1_86456553_86468926,3
chr1_86500259_86547077:chr1_86500259_86547077,3
chr1_86580754_86704575:chr1_86580754_86704575,10
chr1_86748184_86862444:chr1_86748184_86862444,17
chr1_87109982_87328879:chr1_87109982_87328879,44
chr1_87348923_88684272:chr1_87348923_88684272,205
chr1_88836255_88852632:chr1_88836255_88852632,8
chr1_88891567_88921043:chr1_88891567_88921043,10
chr1_88992960_89006679:chr1_88992960_89006679,4
chr1_89022866_89052318:chr1_89022866_89052318,6
chr1_89065208_89106131:chr1_89065208_89106131,1
chr1_89126114_89131741:chr1_89126114_89131741,2
chr1_89176003_89181143:chr1_89176003_89181143,0
chr1_89198942_89256188:chr1_89198942_89256188,10
chr1_89272860_89364058:chr1_89272860_89364058,18
chr1_89388160_89524828:chr1_89388160_89524828,19
chr1_89597861_89633119:chr1_89597861_89633119,17
chr1_89719533_89821031:chr1_89719533_89821031,22
chr1_89936611_89995109:chr1_89936611_89995109,24
chr1_90035533_90711538:chr1_90035533_90711538,107
chr1_90717302_90915303:chr1_90717302_90915303,56
chr1_91022035_91260765:chr1_91022035_91260765,38
chr1_91404837_91500850:chr1_91404837_91500850,18
chr1_91525764_91680342:chr1_91525764_91680342,37
chr1_91906002_91949370:chr1_91906002_91949370,7
chr1_92014428_92029984:chr1_92014428_92029984,0
chr1_92063538_92074532:chr1_92063538_92074532,2
chr1_92075411_92080344:chr1_92075411_92080344,0
chr1_92184723_92217914:chr1_92184723_92217914,7
chr1_92402056_92473042:chr1_92402056_92473042,11
chr1_92486925_92508695:chr1_92486925_92508695,5
chr1_92792410_92831985:chr1_92792410_92831985,12
chr1_92961462_93079282:chr1_92961462_93079282,31
chr1_93139076_93149741:chr1_93139076_93149741,6
chr1_93278730_93345906:chr1_93278730_93345906,14
chr1_93369493_93448117:chr1_93369493_93448117,9
chr1_93554661_93561740:chr1_93554661_93561740,1
chr1_93847219_93866283:chr1_93847219_93866283,2
chr1_93879206_93885198:chr1_93879206_93885198,4
chr1_93909430_93992833:chr1_93909430_93992833,14
chr1_94121148_94168904:chr1_94121148_94168904,6
chr1_94247746_94418388:chr1_94247746_94418388,26
chr1_94518663_94529172:chr1_94518663_94529172,3
chr1_94541759_94820356:chr1_94541759_94820356,55
chr1_94895247_94896956:chr1_94895247_94896956,0
chr1_94927110_94974404:chr1_94927110_94974404,9
chr1_95072951_95092516:chr1_95072951_95092516,5
chr1_95247225_96721783:chr1_95247225_96721783,187
chr1_96823739_97077742:chr1_96823739_97077742,38
chr1_97921059_98661720:chr1_97921059_98661720,78
chr1_98760500_98890244:chr1_98760500_98890244,17
chr1_99004861_99264491:chr1_99004861_99264491,26
chr1_99309584_99646112:chr1_99309584_99646112,48
chr1_99694535_99703969:chr1_99694535_99703969,6
chr1_99766635_99850360:chr1_99766635_99850360,17
chr1_99924023_99969995:chr1_99924023_99969995,10
chr1_100035634_100038094:chr1_100035634_100038094,2
chr1_100178256_100186918:chr1_100178256_100186918,5
chr1_100249834_100266215:chr1_100249834_100266215,4
chr1_100292769_100345000:chr1_100292769_100345000,12
chr1_100520277_100538138:chr1_100520277_100538138,3
chr1_100542021_100719741:chr1_100542021_100719741,36
chr1_100739045_100872371:chr1_100739045_100872371,19
chr1_100981757_100989622:chr1_100981757_100989622,3
chr1_101025784_101236898:chr1_101025784_101236898,46
chr1_101241518_101802559:chr1_101241518_101802559,73
chr1_101996926_102876472:chr1_101996926_102876472,68
chr1_103108522_103525698:chr1_103108522_103525698,38
chr1_103579534_103617426:chr1_103579534_103617426,1
chr1_103625780_103655518:chr1_103625780_103655518,0
chr1_103664554_103687414:chr1_103664554_103687414,0
chr1_103696453_103749653:chr1_103696453_103749653,0
chr1_103758692_107056673:chr1_103758692_107056673,322
chr1_107059294_107140087:chr1_107059294_107140087,12
chr1_107484923_107571160:chr1_107484923_107571160,19
chr1_107965180_108134042:chr1_107965180_108134042,39
chr1_108200343_108222463:chr1_108200343_108222463,1
chr1_108244076_108450342:chr1_108244076_108450342,24
chr1_108471920_108560099:chr1_108471920_108560099,21
chr1_108639322_108648294:chr1_108639322_108648294,11
chr1_108661474_108692309:chr1_108661474_108692309,12
chr1_108702928_108712907:chr1_108702928_108712907,4
chr1_108742749_108746673:chr1_108742749_108746673,1
chr1_108809523_108815900:chr1_108809523_108815900,4
chr1_108858244_108876984:chr1_108858244_108876984,4
chr1_108963484_108970213:chr1_108963484_108970213,7
chr1_109042102_109064139:chr1_109042102_109064139,3
chr1_109076003_109090763:chr1_109076003_109090763,7
chr1_109096934_109105950:chr1_109096934_109105950,10
chr1_109206781_109213892:chr1_109206781_109213892,2
chr1_109238182_109249538:chr1_109238182_109249538,11
chr1_109275751_109279555:chr1_109275751_109279555,10
chr1_109283145_109292364:chr1_109283145_109292364,5
chr1_109307011_109309574:chr1_109307011_109309574,5
chr1_109397918_109399041:chr1_109397918_109399041,4
chr1_109426448_109466545:chr1_109426448_109466545,20
chr1_109482134_109483904:chr1_109482134_109483904,1
chr1_109492804_109494093:chr1_109492804_109494093,5
chr1_109500435_109504177:chr1_109500435_109504177,6
chr1_109509727_109539871:chr1_109509727_109539871,8
chr1_109547260_109548614:chr1_109547260_109548614,1
chr1_109600195_109603090:chr1_109600195_109603090,5
chr1_109632055_109656098:chr1_109632055_109656098,13
chr1_109665497_109668056:chr1_109665497_109668056,4
chr1_109683997_109687816:chr1_109683997_109687816,0
chr1_109693745_109712250:chr1_109693745_109712250,0
chr1_109718268_109733936:chr1_109718268_109733936,5
chr1_109741038_109750079:chr1_109741038_109750079,4
chr1_109763923_109910848:chr1_109763923_109910848,51
chr1_109930992_109984764:chr1_109930992_109984764,14
chr1_110023742_110031576:chr1_110023742_110031576,8
chr1_110054641_110059869:chr1_110054641_110059869,6
chr1_110070672_110112442:chr1_110070672_110112442,12
chr1_110113947_110150493:chr1_110113947_110150493,10
chr1_110202202_110210313:chr1_110202202_110210313,6
chr1_110234044_110339376:chr1_110234044_110339376,36
chr1_110346677_110362856:chr1_110346677_110362856,20
chr1_110391026_110401252:chr1_110391026_110401252,9
chr1_110407924_110451148:chr1_110407924_110451148,18
chr1_110457358_110517216:chr1_110457358_110517216,15
chr1_110519175_110593579:chr1_110519175_110593579,21
chr1_110631440_110653559:chr1_110631440_110653559,4
chr1_110674940_110871209:chr1_110674940_110871209,56
chr1_110899922_110947189:chr1_110899922_110947189,15
chr1_110963922_111117162:chr1_110963922_111117162,36
chr1_111204578_111227658:chr1_111204578_111227658,10
chr1_111243440_111290850:chr1_111243440_111290850,14
chr1_111320563_111346559:chr1_111320563_111346559,11
chr1_111353017_111414318:chr1_111353017_111414318,13
chr1_111427735_111439889:chr1_111427735_111439889,16
chr1_111462773_111473983:chr1_111462773_111473983,14
chr1_111478512_111483347:chr1_111478512_111483347,2
chr1_111716691_111722063:chr1_111716691_111722063,2
chr1_111768000_111770661:chr1_111768000_111770661,6
chr1_111989668_112396213:chr1_111989668_112396213,113
chr1_112461164_112466540:chr1_112461164_112466540,2
chr1_112671616_112674438:chr1_112671616_112674438,3
chr1_112707408_112709997:chr1_112707408_112709997,3
chr1_112715332_112718904:chr1_112715332_112718904,0
chr1_112727235_112911846:chr1_112727235_112911846,51
chr1_112956196_113073197:chr1_112956196_113073197,47
chr1_113132260_113390514:chr1_113132260_113390514,64
chr1_113685923_113696830:chr1_113685923_113696830,6
chr1_113759888_113761831:chr1_113759888_113761831,1
chr1_113812476_113813810:chr1_113812476_113813810,1
chr1_113871759_113876815:chr1_113871759_113876815,2
chr1_113887581_113894193:chr1_113887581_113894193,6
chr1_113914086_113929323:chr1_113914086_113929323,8
chr1_113977869_113979473:chr1_113977869_113979473,4
chr1_113982253_114089291:chr1_113982253_114089291,31
chr1_114153869_114392789:chr1_114153869_114392789,66
chr1_114511203_114567556:chr1_114511203_114567556,17
chr1_114581615_114582849:chr1_114581615_114582849,3
chr1_114670049_114673097:chr1_114670049_114673097,6
chr1_114695546_114704468:chr1_114695546_114704468,3
chr1_114757984_114769478:chr1_114757984_114769478,9
chr1_114780685_114854862:chr1_114780685_114854862,8
chr1_114995370_115029825:chr1_114995370_115029825,6
chr1_115034309_115048010:chr1_115034309_115048010,1
chr1_115089503_115285916:chr1_115089503_115285916,49
chr1_115338249_115641969:chr1_115338249_115641969,64
chr1_115698221_115700020:chr1_115698221_115700020,1
chr1_115768714_115836376:chr1_115768714_115836376,16
chr1_115841126_115976512:chr1_115841126_115976512,21
chr1_116070054_116111398:chr1_116070054_116111398,8
chr1_116138149_116373243:chr1_116138149_116373243,47
chr1_116404774_116514533:chr1_116404774_116514533,69
chr1_116571026_116574397:chr1_116571026_116574397,4
chr1_116667755_116754429:chr1_116667755_116754429,31
chr1_116769229_116909915:chr1_116769229_116909915,48
chr1_116990353_117001759:chr1_116990353_117001759,10
chr1_117036552_117060325:chr1_117036552_117060325,17
chr1_117107453_117111059:chr1_117107453_117111059,4
chr1_117121749_117143586:chr1_117121749_117143586,6
chr1_117210927_117367448:chr1_117210927_117367448,32
chr1_117528872_117606047:chr1_117528872_117606047,21
chr1_117628389_117863484:chr1_117628389_117863484,78
chr1_118185228_118883046:chr1_118185228_118883046,123
chr1_118989510_119031215:chr1_118989510_119031215,16
chr1_119140672_119368784:chr1_119140672_119368784,70
chr1_119394130_119414930:chr1_119394130_119414930,4
chr1_119423034_119507202:chr1_119423034_119507202,19
chr1_119515058_119619376:chr1_119515058_119619376,21
chr1_119648266_119711933:chr1_119648266_119711933,18
chr1_119744215_119747995:chr1_119744215_119747995,6
chr1_119768932_119794016:chr1_119768932_119794016,4
chr1_119811460_119893532:chr1_119811460_119893532,10
chr1_119896515_119911552:chr1_119896515_119911552,4
chr1_120069662_120150897:chr1_120069662_120150897,3
chr1_120176520_120415034:chr1_120176520_120415034,2
chr1_120469676_120723944:chr1_120469676_120723944,5
chr1_120842215_120889770:chr1_120842215_120889770,1
chr1_120890530_121167645:chr1_120890530_121167645,3
chr1_121392874_143902385:chr1_121392874_143902385,66
chr1_143905977_143955286:chr1_143905977_143955286,0
chr1_143973564_144372874:chr1_143973564_144372874,2
chr1_144373634_144421389:chr1_144373634_144421389,0
chr1_144461669_144592892:chr1_144461669_144592892,0
chr1_144593652_144887287:chr1_144593652_144887287,0
chr1_145112696_145241414:chr1_145112696_145241414,0
chr1_145242174_145289899:chr1_145242174_145289899,0
chr1_145425603_145607987:chr1_145425603_145607987,4
chr1_145707400_145719498:chr1_145707400_145719498,3
chr1_145844402_145845629:chr1_145844402_145845629,3
chr1_145859081_145866563:chr1_145859081_145866563,4
chr1_145885866_145891207:chr1_145885866_145891207,4
chr1_145910050_145911347:chr1_145910050_145911347,6
chr1_145918717_145921555:chr1_145918717_145921555,4
chr1_145927484_145933422:chr1_145927484_145933422,6
chr1_145958017_145959440:chr1_145958017_145959440,2
chr1_145978848_145992434:chr1_145978848_145992434,15
chr1_145996579_146017469:chr1_145996579_146017469,10
chr1_146021735_146064698:chr1_146021735_146064698,4
chr1_146144804_146148864:chr1_146144804_146148864,0
chr1_146229021_146344005:chr1_146229021_146344005,0
chr1_146344765_146938323:chr1_146344765_146938323,4
chr1_146996198_147155105:chr1_146996198_147155105,12
chr1_147295762_147541500:chr1_147295762_147541500,38
chr1_147626216_147642229:chr1_147626216_147642229,4
chr1_147670524_147756198:chr1_147670524_147756198,18
chr1_147773351_147902794:chr1_147773351_147902794,22
chr1_147909269_147928419:chr1_147909269_147928419,2
chr1_147993592_148102150:chr1_147993592_148102150,0
chr1_148152281_148482547:chr1_148152281_148482547,29
chr1_148483302_148531384:chr1_148483302_148531384,0
chr1_148596011_148600284:chr1_148596011_148600284,0
chr1_148712534_148748773:chr1_148712534_148748773,0
chr1_148752415_148808433:chr1_148752415_148808433,0
chr1_149033016_149052185:chr1_149033016_149052185,0
chr1_149103551_149390620:chr1_149103551_149390620,0
chr1_149471833_149475044:chr1_149471833_149475044,0
chr1_149556361_149583847:chr1_149556361_149583847,0
chr1_149584607_149782688:chr1_149584607_149782688,1
chr1_149813693_149832656:chr1_149813693_149832656,0
chr1_149833052_149840686:chr1_149833052_149840686,0
chr1_149841208_149842217:chr1_149841208_149842217,0
chr1_149842750_149851060:chr1_149842750_149851060,0
chr1_149851594_149852607:chr1_149851594_149852607,0
chr1_149861159_149884458:chr1_149861159_149884458,1
chr1_149887965_149899567:chr1_149887965_149899567,3
chr1_149900795_149903317:chr1_149900795_149903317,0
chr1_149917844_149923316:chr1_149917844_149923316,5
chr1_150010726_150067381:chr1_150010726_150067381,6
chr1_150145329_150149645:chr1_150145329_150149645,2
chr1_150160065_150218416:chr1_150160065_150218416,19
chr1_150236112_150257773:chr1_150236112_150257773,1
chr1_150269016_150272283:chr1_150269016_150272283,2
chr1_150280924_150282553:chr1_150280924_150282553,3
chr1_150287093_150293860:chr1_150287093_150293860,3
chr1_150308979_150321467:chr1_150308979_150321467,3
chr1_150353233_150364146:chr1_150353233_150364146,5
chr1_150476566_150487418:chr1_150476566_150487418,3
chr1_150513789_150549407:chr1_150513789_150549407,18
chr1_150579610_150621245:chr1_150579610_150621245,22
chr1_150629612_150646229:chr1_150629612_150646229,6
chr1_150720895_150730187:chr1_150720895_150730187,0
chr1_150765778_150796207:chr1_150765778_150796207,7
chr1_150808260_150809712:chr1_150808260_150809712,3
chr1_150876599_150887135:chr1_150876599_150887135,1
chr1_150913292_150926262:chr1_150913292_150926262,7
chr1_150974835_150982291:chr1_150974835_150982291,5
chr1_151069544_151070760:chr1_151069544_151070760,1
chr1_151125542_151131706:chr1_151125542_151131706,1
chr1_151146631_151156648:chr1_151146631_151156648,5
chr1_151190197_151198551:chr1_151190197_151198551,2
chr1_151249531_151254733:chr1_151249531_151254733,1
chr1_151267479_151281521:chr1_151267479_151281521,10
chr1_151327715_151340639:chr1_151327715_151340639,5
chr1_151347252_151364303:chr1_151347252_151364303,12
chr1_151372705_151399572:chr1_151372705_151399572,10
chr1_151459494_151511386:chr1_151459494_151511386,15
chr1_151538692_151540308:chr1_151538692_151540308,2
chr1_151583583_151612049:chr1_151583583_151612049,11
chr1_151716803_151721521:chr1_151716803_151721521,2
chr1_151729805_151759646:chr1_151729805_151759646,10
chr1_151790534_151800263:chr1_151790534_151800263,9
chr1_151831802_151837817:chr1_151831802_151837817,1
chr1_151840557_151847100:chr1_151840557_151847100,1
chr1_151853712_151870865:chr1_151853712_151870865,4
chr1_151909511_151982914:chr1_151909511_151982914,15
chr1_151993859_152032505:chr1_151993859_152032505,13
chr1_152037004_152084140:chr1_152037004_152084140,14
chr1_152089064_152106316:chr1_152089064_152106316,3
chr1_152115444_152153594:chr1_152115444_152153594,4
chr1_152159228_152212075:chr1_152159228_152212075,5
chr1_152224193_152302164:chr1_152224193_152302164,11
chr1_152325239_152348734:chr1_152325239_152348734,6
chr1_152360006_152409242:chr1_152360006_152409242,13
chr1_152414263_152510802:chr1_152414263_152510802,19
chr1_152512177_152514481:chr1_152512177_152514481,2
chr1_152516008_152565653:chr1_152516008_152565653,14
chr1_152566780_152579380:chr1_152566780_152579380,6
chr1_152580516_152600233:chr1_152580516_152600233,1
chr1_152601086_152613810:chr1_152601086_152613810,3
chr1_152614098_152622833:chr1_152614098_152622833,2
chr1_152623103_152663379:chr1_152623103_152663379,12
chr1_152664659_152675278:chr1_152664659_152675278,0
chr1_152676569_152686122:chr1_152676569_152686122,0
chr1_152687397_152698344:chr1_152687397_152698344,3
chr1_152699442_152708159:chr1_152699442_152708159,0
chr1_152709434_152719521:chr1_152709434_152719521,1
chr1_152720470_152758024:chr1_152720470_152758024,3
chr1_152762056_152775139:chr1_152762056_152775139,2
chr1_152777024_152786256:chr1_152777024_152786256,1
chr1_152788426_152796720:chr1_152788426_152796720,0
chr1_152798181_152804831:chr1_152798181_152804831,1
chr1_152806651_152811970:chr1_152806651_152811970,1
chr1_152813108_152827472:chr1_152813108_152827472,0
chr1_152828097_152842855:chr1_152828097_152842855,3
chr1_152843983_152859995:chr1_152843983_152859995,6
chr1_152861252_152878321:chr1_152861252_152878321,4
chr1_152885047_152908545:chr1_152885047_152908545,5
chr1_152911886_152947205:chr1_152911886_152947205,6
chr1_152949255_152970647:chr1_152949255_152970647,7
chr1_152972574_152984080:chr1_152972574_152984080,6
chr1_152985814_153001748:chr1_152985814_153001748,2
chr1_153003856_153031202:chr1_153003856_153031202,2
chr1_153032900_153039731:chr1_153032900_153039731,0
chr1_153041120_153056119:chr1_153041120_153056119,0
chr1_153057512_153070225:chr1_153057512_153070225,4
chr1_153071611_153093134:chr1_153071611_153093134,2
chr1_153094526_153112120:chr1_153094526_153112120,1
chr1_153119468_153149581:chr1_153119468_153149581,1
chr1_153150890_153203429:chr1_153150890_153203429,10
chr1_153205120_153217583:chr1_153205120_153217583,0
chr1_153219310_153259686:chr1_153219310_153259686,13
chr1_153262124_153297115:chr1_153262124_153297115,9
chr1_153312952_153330119:chr1_153312952_153330119,3
chr1_153348841_153357853:chr1_153348841_153357853,2
chr1_153361023_153373710:chr1_153361023_153373710,4
chr1_153375621_153390031:chr1_153375621_153390031,6
chr1_153423222_153457743:chr1_153423222_153457743,10
chr1_153460651_153534598:chr1_153460651_153534598,18
chr1_153535991_153537146:chr1_153535991_153537146,2
chr1_153541809_153543620:chr1_153541809_153543620,3
chr1_153545806_153547328:chr1_153545806_153547328,1
chr1_153549258_153561107:chr1_153549258_153561107,5
chr1_153565844_153606882:chr1_153565844_153606882,5
chr1_153613137_153614254:chr1_153613137_153614254,0
chr1_153616325_153618798:chr1_153616325_153618798,4
chr1_153646306_153658653:chr1_153646306_153658653,5
chr1_153670993_153678687:chr1_153670993_153678687,2
chr1_153693992_153728049:chr1_153693992_153728049,6
chr1_153780157_153804724:chr1_153780157_153804724,8
chr1_153922972_153929500:chr1_153922972_153929500,6
chr1_153977674_153981649:chr1_153977674_153981649,8
chr1_153986339_153990761:chr1_153986339_153990761,1
chr1_154192100_154199084:chr1_154192100_154199084,3
chr1_154271510_154272628:chr1_154271510_154272628,5
chr1_154275875_154321092:chr1_154275875_154321092,16
chr1_154351304_154405342:chr1_154351304_154405342,14
chr1_154469450_154479480:chr1_154469450_154479480,2
chr1_154558662_154567777:chr1_154558662_154567777,6
chr1_154580013_154582056:chr1_154580013_154582056,4
chr1_154627997_154697454:chr1_154627997_154697454,8
chr1_154870281_154924739:chr1_154870281_154924739,15
chr1_154942658_154944079:chr1_154942658_154944079,1
chr1_154979251_154983343:chr1_154979251_154983343,2
chr1_154994321_155002648:chr1_154994321_155002648,7
chr1_155069553_155078836:chr1_155069553_155078836,4
chr1_155087538_155127875:chr1_155087538_155127875,11
chr1_155138853_155139890:chr1_155138853_155139890,6
chr1_155140531_155169407:chr1_155140531_155169407,10
chr1_155192915_155195587:chr1_155192915_155195587,3
chr1_155213839_155234451:chr1_155213839_155234451,8
chr1_155244627_155247204:chr1_155244627_155247204,4
chr1_155273504_155277462:chr1_155273504_155277462,1
chr1_155301438_155308865:chr1_155301438_155308865,8
chr1_155331118_155335267:chr1_155331118_155335267,6
chr1_155562803_155610169:chr1_155562803_155610169,12
chr1_155614967_155659441:chr1_155614967_155659441,11
chr1_155739010_155749658:chr1_155739010_155749658,4
chr1_155885199_155897807:chr1_155885199_155897807,6
chr1_155911349_155913044:chr1_155911349_155913044,7
chr1_155934413_155941637:chr1_155934413_155941637,9
chr1_155943087_155946853:chr1_155943087_155946853,5
chr1_155979617_156009047:chr1_155979617_156009047,11
chr1_156020951_156035298:chr1_156020951_156035298,2
chr1_156058506_156061159:chr1_156058506_156061159,2
chr1_156070504_156072012:chr1_156070504_156072012,2
chr1_156140081_156149943:chr1_156140081_156149943,5
chr1_156177744_156194103:chr1_156177744_156194103,6
chr1_156248056_156249223:chr1_156248056_156249223,3
chr1_156295679_156298623:chr1_156295679_156298623,0
chr1_156299307_156308967:chr1_156299307_156308967,9
chr1_156346995_156369210:chr1_156346995_156369210,5
chr1_156385219_156463726:chr1_156385219_156463726,24
chr1_156500775_156525404:chr1_156500775_156525404,4
chr1_156572565_156579722:chr1_156572565_156579722,1
chr1_156587719_156591775:chr1_156587719_156591775,2
chr1_156601479_156619414:chr1_156601479_156619414,6
chr1_156625725_156642116:chr1_156625725_156642116,6
chr1_156659528_156668762:chr1_156659528_156668762,10
chr1_156677407_156699605:chr1_156677407_156699605,4
chr1_156705784_156721890:chr1_156705784_156721890,12
chr1_156741088_156742106:chr1_156741088_156742106,3
chr1_156752448_156767534:chr1_156752448_156767534,7
chr1_156800815_156806242:chr1_156800815_156806242,12
chr1_156881850_156893717:chr1_156881850_156893717,9
chr1_156916429_156920631:chr1_156916429_156920631,6
chr1_156933094_156934839:chr1_156933094_156934839,3
chr1_157046903_157092042:chr1_157046903_157092042,5
chr1_157099808_157121190:chr1_157099808_157121190,11
chr1_157138395_157513376:chr1_157138395_157513376,86
chr1_157552515_157573746:chr1_157552515_157573746,4
chr1_157598085_157676480:chr1_157598085_157676480,11
chr1_157700769_157745732:chr1_157700769_157745732,8
chr1_157777132_157794402:chr1_157777132_157794402,8
chr1_157820120_157827067:chr1_157820120_157827067,2
chr1_157841808_157993644:chr1_157841808_157993644,21
chr1_158100262_158127286:chr1_158100262_158127286,5
chr1_158128301_158178029:chr1_158128301_158178029,10
chr1_158186427_158248335:chr1_158186427_158248335,8
chr1_158258269_158289922:chr1_158258269_158289922,3
chr1_158294774_158327954:chr1_158294774_158327954,3
chr1_158331531_158353893:chr1_158331531_158353893,3
chr1_158357553_158398521:chr1_158357553_158398521,4
chr1_158399466_158418209:chr1_158399466_158418209,5
chr1_158426237_158461833:chr1_158426237_158461833,3
chr1_158467458_158472219:chr1_158467458_158472219,1
chr1_158480936_158544549:chr1_158480936_158544549,6
chr1_158554405_158560605:chr1_158554405_158560605,1
chr1_158570580_158578918:chr1_158570580_158578918,2
chr1_158579899_158605267:chr1_158579899_158605267,5
chr1_158686715_158699677:chr1_158686715_158699677,0
chr1_158700652_158716326:chr1_158700652_158716326,0
chr1_158720720_158754719:chr1_158720720_158754719,8
chr1_158755891_158764235:chr1_158755891_158764235,2
chr1_158772195_158774221:chr1_158772195_158774221,1
chr1_158781204_158831350:chr1_158781204_158831350,9
chr1_158849502_158931551:chr1_158849502_158931551,9
chr1_158977059_158999970:chr1_158977059_158999970,4
chr1_159055151_159062483:chr1_159055151_159062483,3
chr1_159076766_159171614:chr1_159076766_159171614,18
chr1_159203313_159204874:chr1_159203313_159204874,0
chr1_159206500_159283574:chr1_159206500_159283574,7
chr1_159308202_159397464:chr1_159308202_159397464,11
chr1_159440967_159535077:chr1_159440967_159535077,15
chr1_159536007_159587825:chr1_159536007_159587825,4
chr1_159588865_159712288:chr1_159588865_159712288,22
chr1_159714589_159780961:chr1_159714589_159780961,15
chr1_159782543_159800511:chr1_159782543_159800511,9
chr1_159816257_159826872:chr1_159816257_159826872,2
chr1_159837492_159854315:chr1_159837492_159854315,8
chr1_159862657_159872363:chr1_159862657_159872363,5
chr1_159900165_159918110:chr1_159900165_159918110,7
chr1_159925507_159927040:chr1_159925507_159927040,0
chr1_159945613_159951491:chr1_159945613_159951491,1
chr1_159954237_160024952:chr1_159954237_160024952,16
chr1_160031990_160037466:chr1_160031990_160037466,5
chr1_160070160_160081537:chr1_160070160_160081537,5
chr1_160098828_160115758:chr1_160098828_160115758,5
chr1_160143591_160151602:chr1_160143591_160151602,2
chr1_160186980_160190574:chr1_160186980_160190574,1
chr1_160201886_160205383:chr1_160201886_160205383,4
chr1_160262549_160276806:chr1_160262549_160276806,4
chr1_160285151_160288593:chr1_160285151_160288593,6
chr1_160358949_160367070:chr1_160358949_160367070,11
chr1_160372846_160400563:chr1_160372846_160400563,9
chr1_160428670_160485035:chr1_160428670_160485035,14
chr1_160523255_160541097:chr1_160523255_160541097,4
chr1_160579496_160608105:chr1_160579496_160608105,4
chr1_160647044_160678745:chr1_160647044_160678745,9
chr1_160711822_160739056:chr1_160711822_160739056,6
chr1_160754821_160796173:chr1_160754821_160796173,6
chr1_160828255_160830159:chr1_160828255_160830159,0
chr1_160862887_160876539:chr1_160862887_160876539,3
chr1_160885180_160945024:chr1_160885180_160945024,10
chr1_160954809_160995210:chr1_160954809_160995210,5
chr1_161021152_161037630:chr1_161021152_161037630,12
chr1_161069891_161070997:chr1_161069891_161070997,2
chr1_161089558_161098360:chr1_161089558_161098360,11
chr1_161132667_161153977:chr1_161132667_161153977,7
chr1_161177968_161184301:chr1_161177968_161184301,3
chr1_161219245_161222291:chr1_161219245_161222291,4
chr1_161223628_161226059:chr1_161223628_161226059,4
chr1_161238203_161258744:chr1_161238203_161258744,3
chr1_161285450_161304734:chr1_161285450_161304734,7
chr1_161309968_161314380:chr1_161309968_161314380,2
chr1_161375340_161505456:chr1_161375340_161505456,26
chr1_161519829_161524539:chr1_161519829_161524539,1
chr1_161526894_161541758:chr1_161526894_161541758,2
chr1_161550737_161581338:chr1_161550737_161581338,1
chr1_161601220_161623195:chr1_161601220_161623195,2
chr1_161631963_161647242:chr1_161631963_161647242,3
chr1_161678654_161707228:chr1_161678654_161707228,5
chr1_161714352_161721543:chr1_161714352_161721543,3
chr1_161728143_161749785:chr1_161728143_161749785,7
chr1_161757238_161766319:chr1_161757238_161766319,6
chr1_161964070_161983191:chr1_161964070_161983191,8
chr1_162023869_162069690:chr1_162023869_162069690,10
chr1_162370475_162373202:chr1_162370475_162373202,3
chr1_162376854_162378840:chr1_162376854_162378840,4
chr1_162386812_162395267:chr1_162386812_162395267,2
chr1_162412136_162497173:chr1_162412136_162497173,12
chr1_162529631_162561530:chr1_162529631_162561530,5
chr1_162601240_162630862:chr1_162601240_162630862,18
chr1_162787405_162790701:chr1_162787405_162790701,0
chr1_162812823_162851019:chr1_162812823_162851019,8
chr1_162868833_163068870:chr1_162868833_163068870,41
chr1_163076802_163142298:chr1_163076802_163142298,10
chr1_163355759_164342951:chr1_163355759_164342951,180
chr1_164343441_164559183:chr1_164343441_164559183,47
chr1_164886047_165201866:chr1_164886047_165201866,73
chr1_165356715_165400921:chr1_165356715_165400921,12
chr1_165445126_165543999:chr1_165445126_165543999,24
chr1_165563957_165631233:chr1_165563957_165631233,20
chr1_165656136_165662215:chr1_165656136_165662215,10
chr1_165698562_165724290:chr1_165698562_165724290,6
chr1_165768922_165827613:chr1_165768922_165827613,12
chr1_165911618_166055917:chr1_165911618_166055917,36
chr1_166167001_166839474:chr1_166167001_166839474,115
chr1_166876264_166908186:chr1_166876264_166908186,10
chr1_167022214_167052835:chr1_167022214_167052835,4
chr1_167090377_167094074:chr1_167090377_167094074,0
chr1_167129165_167220884:chr1_167129165_167220884,30
chr1_167427345_167430639:chr1_167427345_167430639,1
chr1_167518529_167541012:chr1_167518529_167541012,13
chr1_167553762_167630231:chr1_167553762_167630231,23
chr1_167708696_167721981:chr1_167708696_167721981,6
chr1_167791919_167809385:chr1_167791919_167809385,9
chr1_167914134_167916674:chr1_167914134_167916674,2
chr1_168075836_168079541:chr1_168075836_168079541,13
chr1_168137667_168178961:chr1_168137667_168178961,11
chr1_168202109_168226003:chr1_168202109_168226003,10
chr1_168253021_168280876:chr1_168253021_168280876,10
chr1_168314426_168540767:chr1_168314426_168540767,60
chr1_168543997_168576604:chr1_168543997_168576604,5
chr1_168582069_168695467:chr1_168582069_168695467,24
chr1_168729206_169106689:chr1_168729206_169106689,93
chr1_169460669_169463908:chr1_169460669_169463908,1
chr1_169485970_169511950:chr1_169485970_169511950,5
chr1_169586481_169588848:chr1_169586481_169588848,0
chr1_169630124_169690666:chr1_169630124_169690666,13
chr1_169711620_169722639:chr1_169711620_169722639,3
chr1_169734079_169792528:chr1_169734079_169792528,18
chr1_169893896_169921328:chr1_169893896_169921328,12
chr1_170074695_170145958:chr1_170074695_170145958,9
chr1_170168866_170532165:chr1_170168866_170532165,65
chr1_170553834_170664130:chr1_170553834_170664130,21
chr1_170739421_170935533:chr1_170739421_170935533,45
chr1_171064765_171090904:chr1_171064765_171090904,4
chr1_171117819_171185207:chr1_171117819_171185207,12
chr1_171212686_171248493:chr1_171212686_171248493,8
chr1_171285978_171314182:chr1_171285978_171314182,6
chr1_171342084_171485529:chr1_171342084_171485529,20
chr1_171593511_171619762:chr1_171593511_171619762,7
chr1_171626888_171635416:chr1_171626888_171635416,1
chr1_171652688_171700159:chr1_171652688_171700159,9
chr1_171742065_171781659:chr1_171742065_171781659,17
chr1_171797716_171841497:chr1_171797716_171841497,14
chr1_172418466_172420684:chr1_172418466_172420684,4
chr1_172468829_172532348:chr1_172468829_172532348,9
chr1_172611833_172659102:chr1_172611833_172659102,18
chr1_172666876_173039201:chr1_172666876_173039201,55
chr1_173050941_173183730:chr1_173050941_173183730,22
chr1_173207331_173477334:chr1_173207331_173477334,88
chr1_173488815_173500459:chr1_173488815_173500459,11
chr1_173603072_173608335:chr1_173603072_173608335,4
chr1_173669851_173714980:chr1_173669851_173714980,17
chr1_173786692_173799549:chr1_173786692_173799549,8
chr1_173858546_173868081:chr1_173858546_173868081,16
chr1_173917327_173931083:chr1_173917327_173931083,5
chr1_174022357_174159519:chr1_174022357_174159519,28
chr1_174995308_174999434:chr1_174995308_174999434,4
chr1_175023425_175067832:chr1_175023425_175067832,11
chr1_175148075_175156985:chr1_175148075_175156985,6
chr1_175192987_175315193:chr1_175192987_175315193,26
chr1_175743595_175944830:chr1_175743595_175944830,64
chr1_176207286_176463174:chr1_176207286_176463174,46
chr1_176845601_176857320:chr1_176845601_176857320,9
chr1_177164712_177170957:chr1_177164712_177170957,3
chr1_177282422_177928787:chr1_177282422_177928787,132
chr1_178037976_178094103:chr1_178037976_178094103,8
chr1_178496964_178513108:chr1_178496964_178513108,7
chr1_178523510_178725243:chr1_178523510_178725243,50
chr1_178921840_179025803:chr1_178921840_179025803,31
chr1_179076567_179082069:chr1_179076567_179082069,6
chr1_179095996_179099329:chr1_179095996_179099329,5
chr1_179229677_179293796:chr1_179229677_179293796,18
chr1_179358680_179365970:chr1_179358680_179365970,2
chr1_179575948_179591612:chr1_179575948_179591612,3
chr1_179691272_179727775:chr1_179691272_179727775,10
chr1_179816198_179839975:chr1_179816198_179839975,11
chr1_179877803_179882284:chr1_179877803_179882284,6
chr1_179920076_179954809:chr1_179920076_179954809,10
chr1_180114875_180154868:chr1_180114875_180154868,18
chr1_180204030_180230263:chr1_180204030_180230263,9
chr1_180278984_180288229:chr1_180278984_180288229,11
chr1_180502577_180632021:chr1_180502577_180632021,37
chr1_180890279_180912896:chr1_180890279_180912896,7
chr1_180951614_180972724:chr1_180951614_180972724,24
chr1_181022870_181033386:chr1_181022870_181033386,5
chr1_181061938_181088699:chr1_181061938_181088699,6
chr1_181092900_181483516:chr1_181092900_181483516,129
chr1_181808084_182054569:chr1_181808084_182054569,48
chr1_182061712_182378097:chr1_182061712_182378097,242
chr1_182391790_182398116:chr1_182391790_182398116,7
chr1_182400667_182450145:chr1_182400667_182450145,21
chr1_182560597_182573633:chr1_182560597_182573633,3
chr1_182589256_182598622:chr1_182589256_182598622,9
chr1_182604389_182641817:chr1_182604389_182641817,16
chr1_182752376_182789772:chr1_182752376_182789772,11
chr1_182830384_182839346:chr1_182830384_182839346,6
chr1_182887982_182899864:chr1_182887982_182899864,3
chr1_182953166_183023419:chr1_182953166_183023419,11
chr1_183145592_183186263:chr1_183145592_183186263,15
chr1_183245127_183248236:chr1_183245127_183248236,4
chr1_183418380_183472498:chr1_183418380_183472498,19
chr1_183554191_183555561:chr1_183554191_183555561,7
chr1_183590914_183620845:chr1_183590914_183620845,7
chr1_183928532_183929661:chr1_183928532_183929661,3
chr1_184037728_184051729:chr1_184037728_184051729,2
chr1_184097485_184387028:chr1_184097485_184387028,73
chr1_184629019_184690236:chr1_184629019_184690236,11
chr1_184754858_184791031:chr1_184754858_184791031,18
chr1_184974508_185045557:chr1_184974508_185045557,19
chr1_185102603_185118100:chr1_185102603_185118100,7
chr1_185291781_185296387:chr1_185291781_185296387,5
chr1_185317243_185734390:chr1_185317243_185734390,84
chr1_186190949_186296272:chr1_186190949_186296272,22
chr1_186421375_186443565:chr1_186421375_186443565,6
chr1_186461114_186671790:chr1_186461114_186671790,49
chr1_186680423_186828948:chr1_186680423_186828948,29
chr1_186988981_190097657:chr1_186988981_190097657,441
chr1_190477864_192158461:chr1_190477864_192158461,252
chr1_192185815_192316991:chr1_192185815_192316991,30
chr1_192367285_192575772:chr1_192367285_192575772,44
chr1_192580024_192636146:chr1_192580024_192636146,8
chr1_192660311_192809038:chr1_192660311_192809038,25
chr1_192812275_193012253:chr1_192812275_193012253,57
chr1_193091777_193096464:chr1_193091777_193096464,5
chr1_193106114_193122030:chr1_193106114_193122030,6
chr1_193254815_196225778:chr1_193254815_196225778,408
chr1_196608440_196652042:chr1_196608440_196652042,10
chr1_196747504_196774839:chr1_196747504_196774839,0
chr1_196795407_196819730:chr1_196795407_196819730,0
chr1_196832189_196888051:chr1_196832189_196888051,5
chr1_196918633_196943737:chr1_196918633_196943737,1
chr1_196959622_196977555:chr1_196959622_196977555,2
chr1_197009678_197038740:chr1_197009678_197038740,0
chr1_197067260_197084126:chr1_197067260_197084126,5
chr1_197146669_197153681:chr1_197146669_197153681,4
chr1_197478455_197504747:chr1_197478455_197504747,3
chr1_197775480_197902629:chr1_197775480_197902629,25
chr1_197907362_197912463:chr1_197907362_197912463,4
chr1_197935478_198156997:chr1_197935478_198156997,29
chr1_198322420_198523221:chr1_198322420_198523221,38
chr1_198540945_198639039:chr1_198540945_198639039,23
chr1_198757476_200027709:chr1_198757476_200027709,208
chr1_200177415_200404950:chr1_200177415_200404950,65
chr1_200410036_200551496:chr1_200410036_200551496,35
chr1_200620751_200640804:chr1_200620751_200640804,5
chr1_200669907_200738892:chr1_200669907_200738892,15
chr1_200860704_200872980:chr1_200860704_200872980,6
chr1_200874178_200891530:chr1_200874178_200891530,8
chr1_200915742_200969389:chr1_200915742_200969389,22
chr1_201023714_201039511:chr1_201023714_201039511,7
chr1_201112426_201113942:chr1_201112426_201113942,0
chr1_201127184_201134771:chr1_201127184_201134771,3
chr1_201171558_201190823:chr1_201171558_201190823,9
chr1_201228952_201283505:chr1_201228952_201283505,19
chr1_201332989_201359013:chr1_201332989_201359013,9
chr1_201377680_201380832:chr1_201377680_201380832,5
chr1_201399324_201403783:chr1_201399324_201403783,5
chr1_201421730_201464277:chr1_201421730_201464277,21
chr1_201469188_201483529:chr1_201469188_201483529,3
chr1_201507123_201539126:chr1_201507123_201539126,7
chr1_201826969_201829156:chr1_201826969_201829156,5
chr1_201884291_201888676:chr1_201884291_201888676,5
chr1_201892587_201896455:chr1_201892587_201896455,1
chr1_201946548_201955502:chr1_201946548_201955502,4
chr1_201970664_201982647:chr1_201970664_201982647,5
chr1_202006143_202010586:chr1_202006143_202010586,5
chr1_202017183_202122916:chr1_202017183_202122916,26
chr1_202144737_202147012:chr1_202144737_202147012,11
chr1_202161588_202193798:chr1_202161588_202193798,18
chr1_202319761_202331656:chr1_202319761_202331656,10
chr1_202341936_202348698:chr1_202341936_202348698,3
chr1_202710454_202724494:chr1_202710454_202724494,7
chr1_202808421_202878281:chr1_202808421_202878281,20
chr1_202889149_202891119:chr1_202889149_202891119,1
chr1_202928599_202940824:chr1_202928599_202940824,2
chr1_202958572_202961872:chr1_202958572_202961872,8
chr1_202967257_203007373:chr1_202967257_203007373,19
chr1_203024848_203026490:chr1_203024848_203026490,4
chr1_203078736_203083128:chr1_203078736_203083128,4
chr1_203086012_203127725:chr1_203086012_203127725,18
chr1_203175826_203178930:chr1_203175826_203178930,1
chr1_203186704_203216078:chr1_203186704_203216078,10
chr1_203229673_203305518:chr1_203229673_203305518,29
chr1_203309602_203340627:chr1_203309602_203340627,19
chr1_203351122_203475805:chr1_203351122_203475805,42
chr1_203491352_203494152:chr1_203491352_203494152,0
chr1_203508949_203626831:chr1_203508949_203626831,49
chr1_203744081_203765182:chr1_203744081_203765182,4
chr1_203776372_203795622:chr1_203776372_203795622,6
chr1_203854124_203861598:chr1_203854124_203861598,7
chr1_203871152_204073114:chr1_203871152_204073114,43
chr1_204127743_204131061:chr1_204127743_204131061,2
chr1_204152044_204154818:chr1_204152044_204154818,3
chr1_204166337_204190340:chr1_204166337_204190340,11
chr1_204196491_204198162:chr1_204196491_204198162,1
chr1_204213988_204218852:chr1_204213988_204218852,4
chr1_204359929_204403380:chr1_204359929_204403380,28
chr1_204411817_204422632:chr1_204411817_204422632,10
chr1_204494805_204516405:chr1_204494805_204516405,6
chr1_204558120_204617169:chr1_204558120_204617169,23
chr1_204685738_204828651:chr1_204685738_204828651,51
chr1_205022822_205042948:chr1_205022822_205042948,5
chr1_205078289_205083128:chr1_205078289_205083128,4
chr1_205084460_205086141:chr1_205084460_205086141,1
chr1_205121978_205142504:chr1_205121978_205142504,11
chr1_205211702_205227945:chr1_205211702_205227945,6
chr1_205273343_205302062:chr1_205273343_205302062,12
chr1_205321745_205336060:chr1_205321745_205336060,10
chr1_205357039_205381377:chr1_205357039_205381377,5
chr1_205422056_205434885:chr1_205422056_205434885,9
chr1_205456045_205504668:chr1_205456045_205504668,27
chr1_205532790_205569013:chr1_205532790_205569013,13
chr1_205602918_205607942:chr1_205602918_205607942,4
chr1_205632011_205657850:chr1_205632011_205657850,13
chr1_205680509_205712821:chr1_205680509_205712821,15
chr1_205750182_205767985:chr1_205750182_205767985,5
chr1_205775482_205789094:chr1_205775482_205789094,10
chr1_205813198_205828024:chr1_205813198_205828024,2
chr1_205850132_205913051:chr1_205850132_205913051,11
chr1_205943456_205976739:chr1_205943456_205976739,16
chr1_206003395_206009263:chr1_206003395_206009263,6
chr1_206023895_206053172:chr1_206023895_206053172,10
chr1_206102449_206106935:chr1_206102449_206106935,2
chr1_206117388_206186178:chr1_206117388_206186178,6
chr1_206464436_206470475:chr1_206464436_206470475,3
chr1_206496889_206507530:chr1_206496889_206507530,10
chr1_206589448_206591641:chr1_206589448_206591641,8
chr1_206612465_206635535:chr1_206612465_206635535,10
chr1_206655158_206684904:chr1_206655158_206684904,18
chr1_206734281_206767601:chr1_206734281_206767601,14
chr1_206842981_206863564:chr1_206842981_206863564,6
chr1_206869223_206897442:chr1_206869223_206897442,11
chr1_206921941_206928521:chr1_206921941_206928521,5
chr1_206946466_206957966:chr1_206946466_206957966,5
chr1_206970460_207018521:chr1_206970460_207018521,22
chr1_207032756_207043848:chr1_207032756_207043848,8
chr1_207081027_207088859:chr1_207081027_207088859,8
chr1_207099993_207104232:chr1_207099993_207104232,3
chr1_207144972_207321677:chr1_207144972_207321677,39
chr1_207360966_207454327:chr1_207360966_207454327,25
chr1_207489892_207496156:chr1_207489892_207496156,2
chr1_207641765_207645132:chr1_207641765_207645132,2
chr1_207723703_207752037:chr1_207723703_207752037,8
chr1_207795516_207880971:chr1_207795516_207880971,75
chr1_207911125_208022241:chr1_207911125_208022241,38
chr1_208244384_209583713:chr1_208244384_209583713,335
chr1_209652425_209675411:chr1_209652425_209675411,4
chr1_209676390_209686178:chr1_209676390_209686178,3
chr1_209734929_209756052:chr1_209734929_209756052,11
chr1_209784559_209785616:chr1_209784559_209785616,1
chr1_209806142_209827971:chr1_209806142_209827971,7
chr1_209857565_209938216:chr1_209857565_209938216,12
chr1_210171389_210232795:chr1_210171389_210232795,9
chr1_210246631_210328251:chr1_210246631_210328251,12
chr1_210676290_210678313:chr1_210676290_210678313,0
chr1_211134148_211259365:chr1_211134148_211259365,26
chr1_211316385_211326634:chr1_211316385_211326634,5
chr1_211374946_211476521:chr1_211374946_211476521,22
chr1_211492162_211571567:chr1_211492162_211571567,31
chr1_211579161_211658255:chr1_211579161_211658255,27
chr1_211675621_211743456:chr1_211675621_211743456,30
chr1_211830763_211940402:chr1_211830763_211940402,25
chr1_212105013_212285409:chr1_212105013_212285409,94
chr1_212361853_212363927:chr1_212361853_212363927,6
chr1_212414886_212432919:chr1_212414886_212432919,15
chr1_212446379_212565406:chr1_212446379_212565406,29
chr1_212620777_212624473:chr1_212620777_212624473,6
chr1_212626775_212686416:chr1_212626775_212686416,16
chr1_212699840_212726152:chr1_212699840_212726152,7
chr1_212816830_212830140:chr1_212816830_212830140,3
chr1_212847649_212858274:chr1_212847649_212858274,3
chr1_212899363_212950540:chr1_212899363_212950540,22
chr1_213015867_213051240:chr1_213015867_213051240,3
chr1_213274774_213987972:chr1_213274774_213987972,175
chr1_214041510_214281158:chr1_214041510_214281158,62
chr1_214337131_214348699:chr1_214337131_214348699,3
chr1_214551602_214603194:chr1_214551602_214603194,6
chr1_214664571_215005541:chr1_214664571_215005541,85
chr1_215237090_215567303:chr1_215237090_215567303,54
chr1_215621807_215622890:chr1_215621807_215622890,1
chr1_216423448_216503245:chr1_216423448_216503245,17
chr1_217137702_217426991:chr1_217137702_217426991,48
chr1_217871696_218285292:chr1_217871696_218285292,67
chr1_218337983_218345335:chr1_218337983_218345335,9
chr1_218444619_219173877:chr1_218444619_219173877,158
chr1_219212858_219608011:chr1_219212858_219608011,70
chr1_219613105_219910444:chr1_219613105_219910444,67
chr1_219959098_219968599:chr1_219959098_219968599,4
chr1_220046505_220057481:chr1_220046505_220057481,7
chr1_220089788_220094131:chr1_220089788_220094131,1
chr1_220272453_220528135:chr1_220272453_220528135,69
chr1_220664461_220690362:chr1_220664461_220690362,5
chr1_220699153_220748321:chr1_220699153_220748321,8
chr1_220784815_220786912:chr1_220784815_220786912,0
chr1_220819659_220879442:chr1_220819659_220879442,15
chr1_220885059_221701423:chr1_220885059_221701423,153
chr1_221742089_222522263:chr1_221742089_222522263,138
chr1_222548104_222557901:chr1_222548104_222557901,3
chr1_222589933_222618096:chr1_222589933_222618096,3
chr1_222735187_222737201:chr1_222735187_222737201,3
chr1_222751004_222815038:chr1_222751004_222815038,15
chr1_223005995_223109403:chr1_223005995_223109403,30
chr1_223143248_223220830:chr1_223143248_223220830,27
chr1_223364176_223393414:chr1_223364176_223393414,7
chr1_223395465_223541615:chr1_223395465_223541615,36
chr1_223665701_223701596:chr1_223665701_223701596,14
chr1_223776018_223779892:chr1_223776018_223779892,10
chr1_223845947_224114110:chr1_223845947_224114110,36
chr1_224162047_224183239:chr1_224162047_224183239,7
chr1_224193441_224227344:chr1_224193441_224227344,13
chr1_224330172_224356878:chr1_224330172_224356878,4
chr1_224379452_224385145:chr1_224379452_224385145,3
chr1_224740554_224929653:chr1_224740554_224929653,52
chr1_225399286_225401501:chr1_225399286_225401501,8
chr1_225428821_225486828:chr1_225428821_225486828,26
chr1_225653123_225777825:chr1_225653123_225777825,31
chr1_225790464_225810123:chr1_225790464_225810123,7
chr1_225882380_225886281:chr1_225882380_225886281,3
chr1_225889146_225919877:chr1_225889146_225919877,26
chr1_225924250_225936602:chr1_225924250_225936602,9
chr1_225941220_225982701:chr1_225941220_225982701,14
chr1_225999343_226061830:chr1_225999343_226061830,17
chr1_226072019_226144678:chr1_226072019_226144678,21
chr1_226186741_226223663:chr1_226186741_226223663,9
chr1_226227060_226231148:chr1_226227060_226231148,8
chr1_226309767_226360690:chr1_226309767_226360690,20
chr1_226408093_226548763:chr1_226408093_226548763,53
chr1_226609230_226631689:chr1_226609230_226631689,5
chr1_226739282_226870615:chr1_226739282_226870615,38
chr1_226896098_226940293:chr1_226896098_226940293,29
chr1_226987544_226989857:chr1_226987544_226989857,10
chr1_227318492_227563555:chr1_227318492_227563555,51
chr1_227679669_227728167:chr1_227679669_227728167,16
chr1_227781226_227815674:chr1_227781226_227815674,10
chr1_227846470_227918655:chr1_227846470_227918655,23
chr1_227947932_228006997:chr1_227947932_228006997,11
chr1_228061271_228082707:chr1_228061271_228082707,11
chr1_228099212_228100730:chr1_228099212_228100730,11
chr1_228103325_228106684:chr1_228103325_228106684,11
chr1_228109299_228140083:chr1_228109299_228140083,14
chr1_228159826_228165803:chr1_228159826_228165803,3
chr1_228182257_228208043:chr1_228182257_228208043,8
chr1_228378876_228393675:chr1_228378876_228393675,10
chr1_228406835_228407934:chr1_228406835_228407934,4
chr1_228416861_228424844:chr1_228416861_228424844,6
chr1_228425360_228457363:chr1_228425360_228457363,11
chr1_228458558_228487381:chr1_228458558_228487381,8
chr1_228496188_228735478:chr1_228496188_228735478,39
chr1_228746664_229271110:chr1_228746664_229271110,154
chr1_229305894_229321014:chr1_229305894_229321014,16
chr1_229343047_229431244:chr1_229343047_229431244,17
chr1_229434094_229440258:chr1_229434094_229440258,5
chr1_229508341_229516581:chr1_229508341_229516581,3
chr1_229558707_229593133:chr1_229558707_229593133,7
chr1_229660200_230057788:chr1_229660200_230057788,133
chr1_230282122_230314489:chr1_230282122_230314489,6
chr1_230426332_230642480:chr1_230426332_230642480,51
chr1_230693982_230702522:chr1_230693982_230702522,9
chr1_230745583_230747387:chr1_230745583_230747387,5
chr1_230801989_230837118:chr1_230801989_230837118,14
chr1_230869591_230906242:chr1_230869591_230906242,15
chr1_231000733_231018957:chr1_231000733_231018957,17
chr1_231040254_231162057:chr1_231040254_231162057,24
chr1_231221565_231223764:chr1_231221565_231223764,5
chr1_231277973_231332752:chr1_231277973_231332752,21
chr1_231355023_231363755:chr1_231355023_231363755,4
chr1_231422287_231528652:chr1_231422287_231528652,25
chr1_232041272_232397964:chr1_232041272_232397964,87
chr1_232630496_232805415:chr1_232630496_232805415,35
chr1_232809929_232950610:chr1_232809929_232950610,31
chr1_233295725_233327723:chr1_233295725_233327723,5
chr1_233385148_233614105:chr1_233385148_233614105,39
chr1_233672514_233904675:chr1_233672514_233904675,37
chr1_234324511_234373455:chr1_234324511_234373455,18
chr1_234385080_234391312:chr1_234385080_234391312,5
chr1_234479179_234604268:chr1_234479179_234604268,36
chr1_234610178_235109340:chr1_234610178_235109340,200
chr1_235128837_235131182:chr1_235128837_235131182,5
chr1_235161250_235166901:chr1_235161250_235166901,7
chr1_235344532_235367426:chr1_235344532_235367426,10
chr1_235504452_235547684:chr1_235504452_235547684,6
chr1_235650608_235661030:chr1_235650608_235661030,2
chr1_235883713_235975829:chr1_235883713_235975829,27
chr1_236065090_236142538:chr1_236065090_236142538,26
chr1_236208907_236215100:chr1_236208907_236215100,2
chr1_236281958_236394285:chr1_236281958_236394285,24
chr1_236484930_236518213:chr1_236484930_236518213,5
chr1_236604516_236686498:chr1_236604516_236686498,25
chr1_236764631_236795280:chr1_236764631_236795280,7
chr1_236903981_237004102:chr1_236903981_237004102,36
chr1_237004441_237042183:chr1_237004441_237042183,9
chr1_237833988_237882403:chr1_237833988_237882403,15
chr1_237890922_237942561:chr1_237890922_237942561,15
chr1_237942633_237943655:chr1_237942633_237943655,0
chr1_237943730_239386567:chr1_237943730_239386567,231
chr1_239915450_240091882:chr1_239915450_240091882,32
chr1_240475187_240489572:chr1_240475187_240489572,3
chr1_240612155_240774741:chr1_240612155_240774741,29
chr1_241357230_241497602:chr1_241357230_241497602,41
chr1_241519755_241532377:chr1_241519755_241532377,4
chr1_241640369_241652280:chr1_241640369_241652280,4
chr1_241802777_241848203:chr1_241802777_241848203,17
chr1_241889939_241957766:chr1_241889939_241957766,22
chr1_241959062_241995489:chr1_241959062_241995489,7
chr1_241999098_242082985:chr1_241999098_242082985,12
chr1_242524697_243124427:chr1_242524697_243124427,78
chr1_243851079_244048652:chr1_243851079_244048652,41
chr1_244057476_244352634:chr1_244057476_244352634,97
chr1_244389663_244408493:chr1_244389663_244408493,23
chr1_244452060_244461272:chr1_244452060_244461272,4
chr1_244640504_244653125:chr1_244640504_244653125,2
chr1_244709033_244835305:chr1_244709033_244835305,35
chr1_244845063_244850296:chr1_244845063_244850296,4
chr1_244864543_244969681:chr1_244864543_244969681,23
chr1_245125228_245154984:chr1_245125228_245154984,6
chr1_245709432_245749346:chr1_245709432_245749346,16
chr1_246507279_246540560:chr1_246507279_246540560,16
chr1_246668595_246724408:chr1_246668595_246724408,13
chr1_246768137_246839097:chr1_246768137_246839097,29
chr1_246931948_246945545:chr1_246931948_246945545,7
chr1_247078811_247099961:chr1_247078811_247099961,12
chr1_247104356_247121974:chr1_247104356_247121974,7
chr1_247172020_247256071:chr1_247172020_247256071,37
chr1_247257145_247297414:chr1_247257145_247297414,17
chr1_247331867_247416172:chr1_247331867_247416172,29
chr1_247458104_247507057:chr1_247458104_247507057,12
chr1_247577690_247588359:chr1_247577690_247588359,3
chr1_247589313_247605585:chr1_247589313_247605585,6
chr1_247606515_247617142:chr1_247606515_247617142,1
chr1_247622372_247670811:chr1_247622372_247670811,9
chr1_247679739_247711435:chr1_247679739_247711435,2
chr1_247716646_247722956:chr1_247716646_247722956,0
chr1_247748158_247754845:chr1_247748158_247754845,4
chr1_247760556_247770168:chr1_247760556_247770168,6
chr1_247779524_247814659:chr1_247779524_247814659,8
chr1_247824119_247840927:chr1_247824119_247840927,9
chr1_247841896_247857186:chr1_247841896_247857186,10
chr1_247880138_247895586:chr1_247880138_247895586,7
chr1_247896531_247920251:chr1_247896531_247920251,7
chr1_247923152_247924888:chr1_247923152_247924888,1
chr1_247935339_247937176:chr1_247935339_247937176,1
chr1_248101163_248145147:chr1_248101163_248145147,6
chr1_248146086_248174820:chr1_248146086_248174820,5
chr1_248181067_248197264:chr1_248181067_248197264,4
chr1_248212925_248231416:chr1_248212925_248231416,3
chr1_248244679_248269916:chr1_248244679_248269916,5
chr1_248277976_248290138:chr1_248277976_248290138,1
chr1_248303424_248323629:chr1_248303424_248323629,1
chr1_248324568_248348774:chr1_248324568_248348774,1
chr1_248349713_248361664:chr1_248349713_248361664,6
chr1_248362627_248375745:chr1_248362627_248375745,3
chr1_248391811_248403047:chr1_248391811_248403047,4
chr1_248408020_248439144:chr1_248408020_248439144,4
chr1_248444316_248445636:chr1_248444316_248445636,0
chr1_248455725_248473350:chr1_248455725_248473350,3
chr1_248474307_248488588:chr1_248474307_248488588,1
chr1_248491113_248508072:chr1_248491113_248508072,0
chr1_248527337_248556911:chr1_248527337_248556911,1
chr1_248562772_248573800:chr1_248562772_248573800,0
chr1_248574757_248590486:chr1_248574757_248590486,0
chr1_248597700_248623556:chr1_248597700_248623556,3
chr1_248635091_248636355:chr1_248635091_248636355,0
chr1_248645278_248649837:chr1_248645278_248649837,0
chr1_248655528_248678139:chr1_248655528_248678139,0
chr1_248685488_248739414:chr1_248685488_248739414,12
chr1_248755759_248810445:chr1_248755759_248810445,14
chr1_248825915_248838223:chr1_248825915_248838223,3
chr1_248859085_248906234:chr1_248859085_248906234,20
chr1_248919146_248956422:chr1_248919146_248956422,4
chr2_0_38813:chr2_0_38813,5
chr2_46505_218135:chr2_46505_218135,28
chr2_278283_279557:chr2_278283_279557,1
chr2_288091_663876:chr2_288091_663876,74
chr2_677406_950848:chr2_677406_950848,51
chr2_1367613_1413462:chr2_1367613_1413462,9
chr2_1543673_1631886:chr2_1543673_1631886,19
chr2_1744515_1789112:chr2_1744515_1789112,5
chr2_2331275_3188969:chr2_2331275_3188969,184
chr2_3377818_3379693:chr2_3377818_3379693,5
chr2_3479565_3497365:chr2_3479565_3497365,15
chr2_3519531_3531812:chr2_3519531_3531812,8
chr2_3558333_3575259:chr2_3558333_3575259,9
chr2_3580920_3595111:chr2_3580920_3595111,13
chr2_3644644_3658199:chr2_3644644_3658199,5
chr2_3848008_5692383:chr2_3848008_5692383,286
chr2_5701385_6840552:chr2_5701385_6840552,189
chr2_6866635_6877776:chr2_6866635_6877776,7
chr2_6898239_6917411:chr2_6898239_6917411,11
chr2_7076367_8682055:chr2_7076367_8682055,302
chr2_8684461_8721080:chr2_8684461_8721080,6
chr2_8837613_8852689:chr2_8837613_8852689,4
chr2_9003684_9206811:chr2_9003684_9206811,47
chr2_9473101_9474550:chr2_9473101_9474550,2
chr2_9555830_9583966:chr2_9555830_9583966,4
chr2_9630997_9843441:chr2_9630997_9843441,38
chr2_9934416_9951692:chr2_9934416_9951692,6
chr2_10002277_10043549:chr2_10002277_10043549,17
chr2_10054836_10056472:chr2_10054836_10056472,5
chr2_10080411_10122567:chr2_10080411_10122567,9
chr2_10211010_10302903:chr2_10211010_10302903,24
chr2_10427604_10439967:chr2_10427604_10439967,9
chr2_10448327_10570753:chr2_10448327_10570753,44
chr2_10689975_10721629:chr2_10689975_10721629,8
chr2_10837712_10911933:chr2_10837712_10911933,18
chr2_10914225_11133127:chr2_10914225_11133127,48
chr2_11151317_11155466:chr2_11151317_11155466,5
chr2_11345437_11444374:chr2_11345437_11444374,23
chr2_11466161_11534044:chr2_11466161_11534044,16
chr2_11642788_11658177:chr2_11642788_11658177,4
chr2_11670195_11677543:chr2_11670195_11677543,3
chr2_11827409_12716935:chr2_11827409_12716935,249
chr2_12742734_14632716:chr2_12742734_14632716,204
chr2_14640041_15166915:chr2_14640041_15166915,95
chr2_15561334_15591867:chr2_15561334_15591867,12
chr2_15631101_15940549:chr2_15631101_15940549,92
chr2_15947004_16549458:chr2_15947004_16549458,100
chr2_16665834_17510578:chr2_16665834_17510578,135
chr2_17530414_17539971:chr2_17530414_17539971,1
chr2_17657018_17663811:chr2_17657018_17663811,4
chr2_17788946_17816459:chr2_17788946_17816459,3
chr2_17817798_17877846:chr2_17817798_17877846,17
chr2_17932958_18554722:chr2_17932958_18554722,95
chr2_18589569_19351484:chr2_18589569_19351484,111
chr2_19358623_19896630:chr2_19358623_19896630,112
chr2_19901983_19910262:chr2_19901983_19910262,2
chr2_19990105_19992051:chr2_19990105_19992051,0
chr2_20012668_20032649:chr2_20012668_20032649,2
chr2_20051628_20200796:chr2_20051628_20200796,32
chr2_20225475_20248690:chr2_20225475_20248690,9
chr2_20352253_20447073:chr2_20352253_20447073,23
chr2_20449440_20617817:chr2_20449440_20617817,63
chr2_20651098_20667143:chr2_20651098_20667143,5
chr2_20679243_20684030:chr2_20679243_20684030,4
chr2_20823101_21001428:chr2_20823101_21001428,35
chr2_21044073_21123967:chr2_21044073_21123967,9
chr2_21144368_23385178:chr2_21144368_23385178,335
chr2_23708606_23748663:chr2_23708606_23748663,10
chr2_23927123_23940462:chr2_23927123_23940462,3
chr2_24004909_24010084:chr2_24004909_24010084,3
chr2_24026775_24029346:chr2_24026775_24029346,3
chr2_24047391_24049740:chr2_24047391_24049740,2
chr2_24063681_24067585:chr2_24063681_24067585,6
chr2_24169638_24175052:chr2_24169638_24175052,0
chr2_24191698_24202863:chr2_24191698_24202863,5
chr2_24360536_24491253:chr2_24360536_24491253,19
chr2_24770702_24789727:chr2_24770702_24789727,3
chr2_24920237_24943635:chr2_24920237_24943635,7
chr2_24972094_25042075:chr2_24972094_25042075,15
chr2_25159135_25160859:chr2_25159135_25160859,2
chr2_25168580_25227873:chr2_25168580_25227873,12
chr2_25342590_25377242:chr2_25342590_25377242,6
chr2_25673577_25733752:chr2_25673577_25733752,12
chr2_25878487_25926597:chr2_25878487_25926597,10
chr2_25982497_26034083:chr2_25982497_26034083,14
chr2_26137454_26173087:chr2_26137454_26173087,12
chr2_26290465_26308172:chr2_26290465_26308172,4
chr2_26395885_26401919:chr2_26395885_26401919,4
chr2_26558756_26562586:chr2_26558756_26562586,6
chr2_26579524_26581204:chr2_26579524_26581204,0
chr2_26641366_26692721:chr2_26641366_26692721,15
chr2_26733420_26764283:chr2_26733420_26764283,7
chr2_26781231_26786055:chr2_26781231_26786055,7
chr2_26794589_26847994:chr2_26794589_26847994,13
chr2_26950351_26970636:chr2_26950351_26970636,7
chr2_27027219_27032964:chr2_27027219_27032964,9
chr2_27041694_27051422:chr2_27041694_27051422,6
chr2_27071654_27078614:chr2_27071654_27078614,7
chr2_27119128_27123814:chr2_27119128_27123814,1
chr2_27134636_27136847:chr2_27134636_27136847,4
chr2_27139410_27149003:chr2_27139410_27149003,5
chr2_27156974_27199586:chr2_27156974_27199586,10
chr2_27243943_27253683:chr2_27243943_27253683,11
chr2_27308445_27309491:chr2_27308445_27309491,3
chr2_27323097_27325853:chr2_27323097_27325853,6
chr2_27356764_27364351:chr2_27356764_27364351,1
chr2_27409591_27427789:chr2_27409591_27427789,1
chr2_27489743_27491882:chr2_27489743_27491882,1
chr2_27495200_27496838:chr2_27495200_27496838,0
chr2_27523684_27537385:chr2_27523684_27537385,4
chr2_27623217_27625637:chr2_27623217_27625637,12
chr2_27694969_27771718:chr2_27694969_27771718,22
chr2_27779733_27781378:chr2_27779733_27781378,3
chr2_28338901_28392857:chr2_28338901_28392857,27
chr2_28417317_28496059:chr2_28417317_28496059,20
chr2_28644142_28751603:chr2_28644142_28751603,28
chr2_28802940_28810833:chr2_28802940_28810833,4
chr2_28870309_28894666:chr2_28870309_28894666,4
chr2_28948219_28981297:chr2_28948219_28981297,7
chr2_29052230_29061694:chr2_29052230_29061694,2
chr2_29074523_29097725:chr2_29074523_29097725,7
chr2_29183808_29192773:chr2_29183808_29192773,1
chr2_29921586_30147006:chr2_29921586_30147006,39
chr2_30160533_30231533:chr2_30160533_30231533,20
chr2_30260028_30447245:chr2_30260028_30447245,38
chr2_30644225_30722770:chr2_30644225_30722770,30
chr2_30807446_30910466:chr2_30807446_30910466,19
chr2_31138440_31173055:chr2_31138440_31173055,8
chr2_31269451_31334320:chr2_31269451_31334320,14
chr2_31414742_31522479:chr2_31414742_31522479,16
chr2_31580938_31867822:chr2_31580938_31867822,40
chr2_32039835_32063555:chr2_32039835_32063555,7
chr2_32157637_32165863:chr2_32157637_32165863,6
chr2_32265743_32277903:chr2_32265743_32277903,4
chr2_32316594_32357022:chr2_32316594_32357022,8
chr2_32618878_32628049:chr2_32618878_32628049,3
chr2_32821051_32946952:chr2_32821051_32946952,17
chr2_33399509_33436347:chr2_33399509_33436347,3
chr2_33569430_33583659:chr2_33569430_33583659,2
chr2_33599299_36355777:chr2_33599299_36355777,276
chr2_36551135_36552257:chr2_36551135_36552257,3
chr2_36598168_36696706:chr2_36598168_36696706,8
chr2_36814794_36837697:chr2_36814794_36837697,4
chr2_36966536_36980894:chr2_36966536_36980894,1
chr2_37156980_37167819:chr2_37156980_37167819,1
chr2_37324833_37344629:chr2_37324833_37344629,5
chr2_37373322_37641943:chr2_37373322_37641943,48
chr2_37672949_37925286:chr2_37672949_37925286,52
chr2_38076151_38293953:chr2_38076151_38293953,45
chr2_38378584_38561968:chr2_38378584_38561968,48
chr2_38602928_38666113:chr2_38602928_38666113,15
chr2_38734765_38743598:chr2_38734765_38743598,10
chr2_38751494_38778209:chr2_38751494_38778209,6
chr2_38785002_38797728:chr2_38785002_38797728,6
chr2_38882709_38889874:chr2_38882709_38889874,3
chr2_38975454_38981548:chr2_38975454_38981548,0
chr2_39124868_39168044:chr2_39124868_39168044,6
chr2_39243983_39249265:chr2_39243983_39249265,4
chr2_39437285_39665482:chr2_39437285_39665482,60
chr2_39717963_39736059:chr2_39717963_39736059,11
chr2_39779276_40097269:chr2_39779276_40097269,39
chr2_40512435_42048020:chr2_40512435_42048020,254
chr2_42058517_42169352:chr2_42058517_42169352,27
chr2_42332548_42335558:chr2_42332548_42335558,5
chr2_42368957_42442016:chr2_42368957_42442016,16
chr2_42756946_42762498:chr2_42756946_42762498,1
chr2_42764135_42767088:chr2_42764135_42767088,1
chr2_42792583_43222401:chr2_42792583_43222401,131
chr2_43226606_43230850:chr2_43226606_43230850,5
chr2_43596038_43637259:chr2_43596038_43637259,8
chr2_43767987_43774038:chr2_43767987_43774038,1
chr2_43882988_43886223:chr2_43882988_43886223,6
chr2_43995989_44168874:chr2_43995989_44168874,24
chr2_44234646_44275479:chr2_44234646_44275479,3
chr2_44772592_44941701:chr2_44772592_44941701,32
chr2_44946071_45005181:chr2_44946071_45005181,13
chr2_45009452_45388679:chr2_45009452_45388679,76
chr2_45611267_45651674:chr2_45611267_45651674,8
chr2_46187990_46297406:chr2_46187990_46297406,34
chr2_46386697_46479564:chr2_46386697_46479564,34
chr2_46484425_46511846:chr2_46484425_46511846,7
chr2_46630176_46698936:chr2_46630176_46698936,15
chr2_46763129_46901869:chr2_46763129_46901869,35
chr2_47076123_47086990:chr2_47076123_47086990,3
chr2_47155308_47160081:chr2_47155308_47160081,2
chr2_47176936_47369310:chr2_47176936_47369310,48
chr2_47387020_47403066:chr2_47387020_47403066,5
chr2_47483228_47509289:chr2_47483228_47509289,14
chr2_47570985_47705467:chr2_47570985_47705467,23
chr2_47706036_47783144:chr2_47706036_47783144,14
chr2_47906498_48314298:chr2_47906498_48314298,74
chr2_48379295_48440765:chr2_48379295_48440765,11
chr2_48515386_48529924:chr2_48515386_48529924,7
chr2_48776519_48962156:chr2_48776519_48962156,37
chr2_49154515_49918502:chr2_49154515_49918502,90
chr2_51032132_53669979:chr2_51032132_53669979,284
chr2_53859967_53864068:chr2_53859967_53864068,8
chr2_54305300_54330883:chr2_54305300_54330883,5
chr2_54361581_54456326:chr2_54361581_54456326,14
chr2_54671446_54723661:chr2_54671446_54723661,11
chr2_55137831_55172546:chr2_55137831_55172546,9
chr2_55269248_55287841:chr2_55269248_55287841,7
chr2_55419856_55519717:chr2_55419856_55519717,10
chr2_55545079_55547291:chr2_55545079_55547291,3
chr2_55617622_55634060:chr2_55617622_55634060,12
chr2_55693844_55865966:chr2_55693844_55865966,18
chr2_55923782_56183989:chr2_55923782_56183989,35
chr2_56386174_57907591:chr2_56386174_57907591,157
chr2_58241380_60450519:chr2_58241380_60450519,369
chr2_60553654_60756267:chr2_60553654_60756267,42
chr2_60802086_60881573:chr2_60802086_60881573,21
chr2_60931612_60940222:chr2_60931612_60940222,6
chr2_61051990_61065870:chr2_61051990_61065870,3
chr2_61138032_61145115:chr2_61138032_61145115,4
chr2_61164828_61187462:chr2_61164828_61187462,16
chr2_61471087_61477848:chr2_61471087_61477848,3
chr2_61538356_61824847:chr2_61538356_61824847,37
chr2_61854060_61868084:chr2_61854060_61868084,8
chr2_62136058_62196114:chr2_62136058_62196114,12
chr2_62224731_62500217:chr2_62224731_62500217,65
chr2_62506195_62673877:chr2_62506195_62673877,17
chr2_63046487_63049734:chr2_63046487_63049734,5
chr2_63057831_63119558:chr2_63057831_63119558,19
chr2_63607197_63840968:chr2_63607197_63840968,39
chr2_64019428_64092651:chr2_64019428_64092651,15
chr2_64144420_64454161:chr2_64144420_64454161,63
chr2_64461381_64524327:chr2_64461381_64524327,19
chr2_64593005_64631620:chr2_64593005_64631620,22
chr2_64653913_64988478:chr2_64653913_64988478,79
chr2_65023865_65056415:chr2_65023865_65056415,13
chr2_65130106_65227830:chr2_65130106_65227830,14
chr2_65271253_65310850:chr2_65271253_65310850,15
chr2_65432599_66435124:chr2_65432599_66435124,193
chr2_66573869_67397332:chr2_66573869_67397332,106
chr2_67412089_68041129:chr2_67412089_68041129,102
chr2_68063004_68129804:chr2_68063004_68129804,17
chr2_68176238_68178856:chr2_68176238_68178856,5
chr2_68252532_68284170:chr2_68252532_68284170,5
chr2_68319949_68365281:chr2_68319949_68365281,7
chr2_68397453_68459421:chr2_68397453_68459421,11
chr2_68580162_68643578:chr2_68580162_68643578,14
chr2_68658251_68734810:chr2_68658251_68734810,9
chr2_68826833_68860908:chr2_68826833_68860908,17
chr2_68871397_68945231:chr2_68871397_68945231,13
chr2_68952893_68974635:chr2_68952893_68974635,6
chr2_68980976_69013143:chr2_68980976_69013143,5
chr2_69249327_69319779:chr2_69249327_69319779,14
chr2_69387227_69395749:chr2_69387227_69395749,2
chr2_69439567_69457996:chr2_69439567_69457996,4
chr2_69827112_69829659:chr2_69827112_69829659,1
chr2_69881384_69893955:chr2_69881384_69893955,0
chr2_69905236_69915108:chr2_69905236_69915108,6
chr2_69942945_69960088:chr2_69942945_69960088,12
chr2_70086273_70087476:chr2_70086273_70087476,4
chr2_70089203_70149884:chr2_70089203_70149884,20
chr2_70191019_70209443:chr2_70191019_70209443,4
chr2_70248793_70258136:chr2_70248793_70258136,2
chr2_70293740_70295975:chr2_70293740_70295975,5
chr2_70302067_70447283:chr2_70302067_70447283,33
chr2_70553826_70656783:chr2_70553826_70656783,18
chr2_70768200_70777309:chr2_70768200_70777309,2
chr2_70790643_70808642:chr2_70790643_70808642,3
chr2_70820599_70830210:chr2_70820599_70830210,5
chr2_70835816_70900575:chr2_70835816_70900575,20
chr2_70933446_70935899:chr2_70933446_70935899,3
chr2_70965431_70978444:chr2_70965431_70978444,1
chr2_70994873_71068295:chr2_70994873_71068295,19
chr2_71079808_71109686:chr2_71079808_71109686,9
chr2_71150101_71182737:chr2_71150101_71182737,13
chr2_71227103_71331781:chr2_71227103_71331781,22
chr2_71435061_71453560:chr2_71435061_71453560,5
chr2_71686763_72129237:chr2_71686763_72129237,81
chr2_72147862_72175983:chr2_72147862_72175983,8
chr2_72826033_72887407:chr2_72826033_72887407,7
chr2_72892158_72917518:chr2_72892158_72917518,9
chr2_72934891_72942035:chr2_72934891_72942035,1
chr2_73071712_73073381:chr2_73071712_73073381,3
chr2_73112948_73202573:chr2_73112948_73202573,15
chr2_73212513_73214244:chr2_73212513_73214244,1
chr2_73233284_73234307:chr2_73233284_73234307,5
chr2_73253005_73254689:chr2_73253005_73254689,10
chr2_73284478_73290928:chr2_73284478_73290928,3
chr2_73293548_73385757:chr2_73293548_73385757,9
chr2_73609919_73640722:chr2_73609919_73640722,9
chr2_73642422_73729872:chr2_73642422_73729872,13
chr2_73737345_73762212:chr2_73737345_73762212,19
chr2_73780103_73784182:chr2_73780103_73784182,2
chr2_73817148_73828960:chr2_73817148_73828960,7
chr2_73873656_73893007:chr2_73873656_73893007,4
chr2_73919865_73926879:chr2_73919865_73926879,3
chr2_73958946_73984909:chr2_73958946_73984909,18
chr2_74108176_74135399:chr2_74108176_74135399,15
chr2_74147912_74152527:chr2_74147912_74152527,10
chr2_74178879_74198614:chr2_74178879_74198614,6
chr2_74343416_74361154:chr2_74343416_74361154,5
chr2_74391866_74414176:chr2_74391866_74414176,1
chr2_74441937_74455022:chr2_74441937_74455022,5
chr2_74465382_74471981:chr2_74465382_74471981,4
chr2_74494559_74497516:chr2_74494559_74497516,2
chr2_74503316_74505042:chr2_74503316_74505042,5
chr2_74507695_74514449:chr2_74507695_74514449,2
chr2_74648330_74654246:chr2_74648330_74654246,2
chr2_74683841_74834126:chr2_74683841_74834126,38
chr2_74893359_74958642:chr2_74893359_74958642,18
chr2_74970128_75046462:chr2_74970128_75046462,18
chr2_75199520_75492317:chr2_75199520_75492317,38
chr2_75569719_75646782:chr2_75569719_75646782,7
chr2_75710915_76747684:chr2_75710915_76747684,157
chr2_77522376_79025701:chr2_77522376_79025701,172
chr2_79028501_79085022:chr2_79028501_79085022,7
chr2_79087993_79120487:chr2_79087993_79120487,1
chr2_79123409_79157005:chr2_79123409_79157005,3
chr2_79159753_79185376:chr2_79159753_79185376,3
chr2_80648780_84423527:chr2_80648780_84423527,426
chr2_84459280_84516497:chr2_84459280_84516497,11
chr2_84819589_84821665:chr2_84819589_84821665,0
chr2_84881084_84905655:chr2_84881084_84905655,6
chr2_84906671_84971160:chr2_84906671_84971160,18
chr2_85059472_85133391:chr2_85059472_85133391,13
chr2_85310387_85318026:chr2_85310387_85318026,6
chr2_85327989_85341954:chr2_85327989_85341954,5
chr2_85391748_85394752:chr2_85391748_85394752,4
chr2_85414016_85418713:chr2_85414016_85418713,4
chr2_85437029_85539167:chr2_85437029_85539167,30
chr2_85561493_85577585:chr2_85561493_85577585,1
chr2_85582031_85584430:chr2_85582031_85584430,3
chr2_85593406_85595744:chr2_85593406_85595744,6
chr2_85649283_85657306:chr2_85649283_85657306,15
chr2_85668741_85694357:chr2_85668741_85694357,7
chr2_85698852_85753990:chr2_85698852_85753990,20
chr2_85791383_85837119:chr2_85791383_85837119,7
chr2_85889034_86020215:chr2_85889034_86020215,43
chr2_86142157_86143935:chr2_86142157_86143935,9
chr2_86195462_86199432:chr2_86195462_86199432,1
chr2_86338083_86441370:chr2_86338083_86441370,23
chr2_86492716_86503429:chr2_86492716_86503429,7
chr2_86778041_86784604:chr2_86778041_86784604,2
chr2_86808396_86815368:chr2_86808396_86815368,6
chr2_86861886_86917614:chr2_86861886_86917614,2
chr2_87021844_87748086:chr2_87021844_87748086,14
chr2_87825796_88027204:chr2_87825796_88027204,5
chr2_88055783_88067824:chr2_88055783_88067824,2
chr2_88113384_88122981:chr2_88113384_88122981,4
chr2_88128062_88170345:chr2_88128062_88170345,6
chr2_88186627_88446786:chr2_88186627_88446786,53
chr2_88452693_88524648:chr2_88452693_88524648,15
chr2_88529585_88556740:chr2_88529585_88556740,4
chr2_88627464_88691672:chr2_88627464_88691672,19
chr2_88750929_94587310:chr2_88750929_94587310,97
chr2_94604628_94871429:chr2_94604628_94871429,5
chr2_94876823_95025707:chr2_94876823_95025707,24
chr2_95053992_95085368:chr2_95053992_95085368,13
chr2_95122003_95144999:chr2_95122003_95144999,8
chr2_95159848_95165808:chr2_95159848_95165808,3
chr2_95184317_95274448:chr2_95184317_95274448,16
chr2_95291302_95297346:chr2_95291302_95297346,0
chr2_95386077_95402707:chr2_95386077_95402707,6
chr2_95416616_95477007:chr2_95416616_95477007,0
chr2_95484754_95592000:chr2_95484754_95592000,14
chr2_95599778_95848931:chr2_95599778_95848931,15
chr2_95991824_96021945:chr2_95991824_96021945,1
chr2_96036265_96112875:chr2_96036265_96112875,18
chr2_96116571_96122817:chr2_96116571_96122817,5
chr2_96138502_96143168:chr2_96138502_96143168,3
chr2_96145440_96184858:chr2_96145440_96184858,9
chr2_96208827_96248513:chr2_96208827_96248513,18
chr2_96305546_96325316:chr2_96305546_96325316,8
chr2_96330507_96335765:chr2_96330507_96335765,3
chr2_96377091_96497645:chr2_96377091_96497645,22
chr2_96508109_96536751:chr2_96508109_96536751,12
chr2_96552638_96593171:chr2_96552638_96593171,21
chr2_96638312_96642763:chr2_96638312_96642763,2
chr2_96704883_96705928:chr2_96704883_96705928,8
chr2_96740064_96760901:chr2_96740064_96760901,4
chr2_96811874_96816267:chr2_96811874_96816267,2
chr2_96835382_96837911:chr2_96835382_96837911,6
chr2_96844021_96847989:chr2_96844021_96847989,6
chr2_96858016_96859717:chr2_96858016_96859717,5
chr2_96870080_96875884:chr2_96870080_96875884,6
chr2_96986580_97083582:chr2_96986580_97083582,7
chr2_97094882_97113152:chr2_97094882_97113152,1
chr2_97264521_97492662:chr2_97264521_97492662,4
chr2_97589877_97646061:chr2_97589877_97646061,8
chr2_97648383_97655938:chr2_97648383_97655938,11
chr2_97664044_97669712:chr2_97664044_97669712,2
chr2_97703066_97713575:chr2_97703066_97713575,3
chr2_97739860_97756335:chr2_97739860_97756335,9
chr2_97995948_98087166:chr2_97995948_98087166,15
chr2_98313299_98346455:chr2_98313299_98346455,3
chr2_98398601_98444586:chr2_98398601_98444586,9
chr2_98594392_98599313:chr2_98594392_98599313,6
chr2_98731132_98793845:chr2_98731132_98793845,16
chr2_98936225_98997260:chr2_98936225_98997260,5
chr2_99163137_99169262:chr2_99163137_99169262,5
chr2_99199561_99242245:chr2_99199561_99242245,14
chr2_99255666_99284237:chr2_99255666_99284237,6
chr2_99304775_99318981:chr2_99304775_99318981,4
chr2_99336333_99337388:chr2_99336333_99337388,1
chr2_99490017_99545418:chr2_99490017_99545418,8
chr2_100142590_100271874:chr2_100142590_100271874,36
chr2_100322501_100391859:chr2_100322501_100391859,16
chr2_100417668_100470481:chr2_100417668_100470481,4
chr2_100483280_100562992:chr2_100483280_100562992,11
chr2_100576739_100820138:chr2_100576739_100820138,45
chr2_100996829_101002288:chr2_100996829_101002288,5
chr2_101151382_101252885:chr2_101151382_101252885,21
chr2_101270316_101275600:chr2_101270316_101275600,7
chr2_101308701_101345549:chr2_101308701_101345549,5
chr2_101387503_101397358:chr2_101387503_101397358,1
chr2_101475112_101697706:chr2_101475112_101697706,33
chr2_101894690_101991959:chr2_101894690_101991959,23
chr2_102028544_102070389:chr2_102028544_102070389,8
chr2_102179874_102186972:chr2_102179874_102186972,5
chr2_102240002_102311562:chr2_102240002_102311562,15
chr2_102352037_102355795:chr2_102352037_102355795,0
chr2_102398776_102418620:chr2_102398776_102418620,5
chr2_102452565_102473225:chr2_102452565_102473225,2
chr2_102533972_102619552:chr2_102533972_102619552,13
chr2_102711355_102714629:chr2_102711355_102714629,2
chr2_102817679_104854114:chr2_102817679_104854114,280
chr2_104858574_105038068:chr2_104858574_105038068,20
chr2_105099960_105241742:chr2_105099960_105241742,32
chr2_105243467_105249403:chr2_105243467_105249403,1
chr2_105329735_105337539:chr2_105329735_105337539,7
chr2_105349211_105357711:chr2_105349211_105357711,8
chr2_105438529_105744911:chr2_105438529_105744911,85
chr2_105894272_106065687:chr2_105894272_106065687,41
chr2_106078155_106093310:chr2_106078155_106093310,2
chr2_106194301_106403405:chr2_106194301_106403405,26
chr2_106468413_106487363:chr2_106468413_106487363,0
chr2_106544297_106801599:chr2_106544297_106801599,52
chr2_106887109_107826891:chr2_106887109_107826891,128
chr2_107892544_107986523:chr2_107892544_107986523,8
chr2_108013994_108239967:chr2_108013994_108239967,32
chr2_108265351_108288894:chr2_108265351_108288894,2
chr2_108309915_108377953:chr2_108309915_108377953,11
chr2_108388989_108449205:chr2_108388989_108449205,12
chr2_108509415_108533670:chr2_108509415_108533670,2
chr2_108687246_108719481:chr2_108687246_108719481,2
chr2_108885485_108894470:chr2_108885485_108894470,4
chr2_108989220_109129204:chr2_108989220_109129204,29
chr2_109504634_109542798:chr2_109504634_109542798,8
chr2_109618990_109792757:chr2_109618990_109792757,15
chr2_109857705_109898431:chr2_109857705_109898431,0
chr2_109968574_110083869:chr2_109968574_110083869,0
chr2_110118139_110123347:chr2_110118139_110123347,4
chr2_110205013_110211528:chr2_110205013_110211528,8
chr2_110212547_110445882:chr2_110212547_110445882,2
chr2_110473075_110513801:chr2_110473075_110513801,0
chr2_110611056_110637527:chr2_110611056_110637527,4
chr2_110678063_110732572:chr2_110678063_110732572,14
chr2_111118548_111120913:chr2_111118548_111120913,0
chr2_111168445_111767639:chr2_111168445_111767639,78
chr2_111884193_111898606:chr2_111884193_111898606,5
chr2_112029561_112055268:chr2_112029561_112055268,6
chr2_112119314_112138384:chr2_112119314_112138384,4
chr2_112188218_112211528:chr2_112188218_112211528,4
chr2_112255042_112275596:chr2_112255042_112275596,6
chr2_112340059_112368368:chr2_112340059_112368368,3
chr2_112433645_112482155:chr2_112433645_112482155,5
chr2_112579818_112584446:chr2_112579818_112584446,3
chr2_112589040_112645938:chr2_112589040_112645938,25
chr2_112663825_112721019:chr2_112663825_112721019,23
chr2_112764609_112773924:chr2_112764609_112773924,4
chr2_112784493_112829750:chr2_112784493_112829750,21
chr2_112836779_112911164:chr2_112836779_112911164,6
chr2_112918882_112978005:chr2_112918882_112978005,18
chr2_112985658_113005458:chr2_112985658_113005458,11
chr2_113008044_113022088:chr2_113008044_113022088,4
chr2_113052867_113058637:chr2_113052867_113058637,2
chr2_113064744_113067969:chr2_113064744_113067969,3
chr2_113075843_113117970:chr2_113075843_113117970,6
chr2_113134014_113173970:chr2_113134014_113173970,11
chr2_113209391_113215996:chr2_113209391_113215996,5
chr2_113278921_113437690:chr2_113278921_113437690,19
chr2_113496204_113498664:chr2_113496204_113498664,0
chr2_113501150_113627265:chr2_113501150_113627265,0
chr2_113643392_113706708:chr2_113643392_113706708,8
chr2_113756642_113889933:chr2_113756642_113889933,29
chr2_113962596_114442640:chr2_113962596_114442640,81
chr2_115845780_117023840:chr2_115845780_117023840,118
chr2_117023915_117814690:chr2_117023915_117814690,105
chr2_117832377_117915480:chr2_117832377_117915480,17
chr2_118014070_118088470:chr2_118014070_118088470,20
chr2_118110997_118842170:chr2_118110997_118842170,112
chr2_118847648_118942193:chr2_118847648_118942193,19
chr2_118994660_119156242:chr2_118994660_119156242,37
chr2_119158751_119223833:chr2_119158751_119223833,13
chr2_119265652_119302224:chr2_119265652_119302224,11
chr2_119372543_119431853:chr2_119372543_119431853,17
chr2_119438504_119439842:chr2_119438504_119439842,2
chr2_119524483_119544448:chr2_119524483_119544448,9
chr2_119656661_119679200:chr2_119656661_119679200,12
chr2_119682118_119759921:chr2_119682118_119759921,26
chr2_119984899_120013076:chr2_119984899_120013076,6
chr2_120179119_120217478:chr2_120179119_120217478,8
chr2_120223400_120252851:chr2_120223400_120252851,13
chr2_120294710_120346135:chr2_120294710_120346135,13
chr2_120351803_120735867:chr2_120351803_120735867,97
chr2_120992653_121216586:chr2_120992653_121216586,57
chr2_121285202_121337775:chr2_121285202_121337775,15
chr2_121649462_121726944:chr2_121649462_121726944,34
chr2_121736875_121755650:chr2_121736875_121755650,5
chr2_121767853_124025286:chr2_121767853_124025286,334
chr2_124921219_126656157:chr2_124921219_126656157,243
chr2_126696667_126898889:chr2_126696667_126898889,62
chr2_126902097_127048022:chr2_126902097_127048022,30
chr2_127107154_127183831:chr2_127107154_127183831,18
chr2_127220299_127257289:chr2_127220299_127257289,6
chr2_127294144_127298667:chr2_127294144_127298667,6
chr2_127388465_127418426:chr2_127388465_127418426,5
chr2_127429242_127480811:chr2_127429242_127480811,26
chr2_127526489_127535682:chr2_127526489_127535682,6
chr2_127681786_127701026:chr2_127681786_127701026,6
chr2_127811171_127843552:chr2_127811171_127843552,6
chr2_127858155_127861629:chr2_127858155_127861629,4
chr2_127885956_127941221:chr2_127885956_127941221,11
chr2_128028059_128091199:chr2_128028059_128091199,14
chr2_128195677_128265479:chr2_128195677_128265479,12
chr2_128318868_129979665:chr2_128318868_129979665,306
chr2_129982738_130073534:chr2_129982738_130073534,4
chr2_130129222_130139286:chr2_130129222_130139286,0
chr2_130145112_130151391:chr2_130145112_130151391,2
chr2_130190727_130191744:chr2_130190727_130191744,0
chr2_130198439_130272337:chr2_130198439_130272337,7
chr2_130272409_130337932:chr2_130272409_130337932,16
chr2_130347967_130356055:chr2_130347967_130356055,13
chr2_130375405_130459454:chr2_130375405_130459454,12
chr2_130509707_130521221:chr2_130509707_130521221,0
chr2_130528603_130592164:chr2_130528603_130592164,0
chr2_130599575_130611439:chr2_130599575_130611439,0
chr2_130658037_130729069:chr2_130658037_130729069,0
chr2_130730336_130755539:chr2_130730336_130755539,4
chr2_130768134_130836913:chr2_130768134_130836913,8
chr2_131093460_131105335:chr2_131093460_131105335,1
chr2_131149845_131209535:chr2_131149845_131209535,7
chr2_131265278_131360491:chr2_131265278_131360491,5
chr2_131364168_131382568:chr2_131364168_131382568,1
chr2_131382638_131385559:chr2_131382638_131385559,0
chr2_131385631_131476118:chr2_131385631_131476118,8
chr2_131482934_131483959:chr2_131482934_131483959,2
chr2_131492397_131527887:chr2_131492397_131527887,17
chr2_131533666_132147590:chr2_131533666_132147590,23
chr2_132258033_132416804:chr2_132258033_132416804,15
chr2_133568463_134119934:chr2_133568463_134119934,104
chr2_134454621_134455758:chr2_134454621_134455758,0
chr2_134719000_134838615:chr2_134719000_134838615,24
chr2_134902034_134918821:chr2_134902034_134918821,4
chr2_134959342_134964490:chr2_134959342_134964490,2
chr2_135047447_135052291:chr2_135047447_135052291,0
chr2_135170710_135196968:chr2_135170710_135196968,14
chr2_135725269_135741854:chr2_135725269_135741854,5
chr2_135785056_135787849:chr2_135785056_135787849,2
chr2_135837184_135839625:chr2_135837184_135839625,6
chr2_135876443_135905880:chr2_135876443_135905880,8
chr2_135985684_136114348:chr2_135985684_136114348,30
chr2_136118149_136765544:chr2_136118149_136765544,110
chr2_137677718_137964472:chr2_137677718_137964472,33
chr2_138016364_138501769:chr2_138016364_138501769,58
chr2_138573547_138669156:chr2_138573547_138669156,13
chr2_138780390_140231422:chr2_138780390_140231422,178
chr2_142131016_142877663:chr2_142131016_142877663,79
chr2_143055833_143129418:chr2_143055833_143129418,7
chr2_143768352_143938067:chr2_143768352_143938067,34
chr2_144333069_144384080:chr2_144333069_144384080,12
chr2_144520119_147844516:chr2_144520119_147844516,501
chr2_148516971_148644750:chr2_148516971_148644750,30
chr2_148787569_148875226:chr2_148787569_148875226,15
chr2_149026759_149038698:chr2_149026759_149038698,2
chr2_149215262_149329984:chr2_149215262_149329984,27
chr2_149474138_149569636:chr2_149474138_149569636,12
chr2_149587775_150468192:chr2_149587775_150468192,122
chr2_150487695_151247939:chr2_150487695_151247939,99
chr2_151261863_151270469:chr2_151261863_151270469,2
chr2_151289668_151357591:chr2_151289668_151357591,9
chr2_151380046_151409901:chr2_151380046_151409901,2
chr2_151482172_151485338:chr2_151482172_151485338,6
chr2_151734476_151798796:chr2_151734476_151798796,30
chr2_151828421_151832770:chr2_151828421_151832770,1
chr2_152099167_152116800:chr2_152099167_152116800,2
chr2_152175763_152335173:chr2_152175763_152335173,20
chr2_152649826_152651731:chr2_152649826_152651731,2
chr2_152762396_153477337:chr2_152762396_153477337,89
chr2_153478762_153871921:chr2_153478762_153871921,48
chr2_154454177_154698694:chr2_154454177_154698694,24
chr2_154858354_156324436:chr2_154858354_156324436,148
chr2_156332721_156435551:chr2_156332721_156435551,23
chr2_156586403_157257704:chr2_156586403_157257704,115
chr2_157327712_157414618:chr2_157327712_157414618,10
chr2_157444089_157526766:chr2_157444089_157526766,14
chr2_157628864_157736445:chr2_157628864_157736445,17
chr2_157876330_157995178:chr2_157876330_157995178,29
chr2_158136154_158171072:chr2_158136154_158171072,3
chr2_158681429_158795316:chr2_158681429_158795316,13
chr2_158815990_158968639:chr2_158815990_158968639,26
chr2_159232659_159235797:chr2_159232659_159235797,7
chr2_159286703_159318978:chr2_159286703_159318978,7
chr2_159616601_159712505:chr2_159616601_159712505,12
chr2_159904756_159932005:chr2_159904756_159932005,6
chr2_160062615_160099670:chr2_160062615_160099670,6
chr2_160200272_160272150:chr2_160200272_160272150,11
chr2_160493807_161136962:chr2_160493807_161136962,76
chr2_161236230_161308424:chr2_161236230_161308424,11
chr2_161411717_161416296:chr2_161411717_161416296,3
chr2_161425870_161624415:chr2_161425870_161624415,20
chr2_161985270_161992244:chr2_161985270_161992244,0
chr2_162074215_162142881:chr2_162074215_162142881,13
chr2_162152247_162170683:chr2_162152247_162170683,6
chr2_162243445_162267073:chr2_162243445_162267073,4
chr2_162363123_162371406:chr2_162363123_162371406,0
chr2_162838767_163602610:chr2_162838767_163602610,78
chr2_163736008_164492416:chr2_163736008_164492416,95
chr2_164621482_164657930:chr2_164621482_164657930,6
chr2_164842076_164894353:chr2_164842076_164894353,8
chr2_164955525_165087525:chr2_164955525_165087525,13
chr2_165204050_165239413:chr2_165204050_165239413,9
chr2_165392304_165469697:chr2_165392304_165469697,9
chr2_165689407_165747587:chr2_165689407_165747587,5
chr2_165794247_165873361:chr2_165794247_165873361,16
chr2_165953776_165984640:chr2_165953776_165984640,7
chr2_166149161_166195184:chr2_166149161_166195184,3
chr2_166375987_166403572:chr2_166375987_166403572,3
chr2_166494249_166888479:chr2_166494249_166888479,57
chr2_167259753_167293000:chr2_167259753_167293000,4
chr2_167874045_167954021:chr2_167874045_167954021,57
chr2_168247595_168456271:chr2_168247595_168456271,37
chr2_168775134_168786538:chr2_168775134_168786538,7
chr2_168865514_168870890:chr2_168865514_168870890,9
chr2_168890430_168901290:chr2_168890430_168901290,2
chr2_168910000_168920780:chr2_168910000_168920780,4
chr2_169031324_169067076:chr2_169031324_169067076,12
chr2_169096167_169127108:chr2_169096167_169127108,15
chr2_169362534_169479493:chr2_169362534_169479493,26
chr2_169506655_169509701:chr2_169506655_169509701,2
chr2_169526258_169528507:chr2_169526258_169528507,3
chr2_169573865_169584350:chr2_169573865_169584350,3
chr2_169641406_169645424:chr2_169641406_169645424,1
chr2_169751878_169798870:chr2_169751878_169798870,19
chr2_169824905_169827453:chr2_169824905_169827453,1
chr2_170084131_170178146:chr2_170084131_170178146,29
chr2_170655167_170715336:chr2_170655167_170715336,13
chr2_170718078_170770377:chr2_170718078_170770377,19
chr2_170798977_170816886:chr2_170798977_170816886,7
chr2_170861151_170928476:chr2_170861151_170928476,18
chr2_170967130_170990822:chr2_170967130_170990822,6
chr2_171231293_171315745:chr2_171231293_171315745,36
chr2_171485052_171522232:chr2_171485052_171522232,16
chr2_171558129_171687468:chr2_171558129_171687468,38
chr2_171750158_171783404:chr2_171750158_171783404,11
chr2_171894244_171922460:chr2_171894244_171922460,10
chr2_171983686_171999952:chr2_171983686_171999952,8
chr2_172082430_172085506:chr2_172082430_172085506,6
chr2_172089674_172099437:chr2_172089674_172099437,7
chr2_172102900_172427335:chr2_172102900_172427335,81
chr2_172506459_172556089:chr2_172506459_172556089,7
chr2_172608669_172735844:chr2_172608669_172735844,28
chr2_173052893_173075845:chr2_173052893_173075845,6
chr2_173268015_173354871:chr2_173268015_173354871,22
chr2_173368997_173900774:chr2_173368997_173900774,121
chr2_173965702_174072446:chr2_173965702_174072446,35
chr2_174248532_174334953:chr2_174248532_174334953,17
chr2_174338500_174348021:chr2_174338500_174348021,4
chr2_174429575_174431570:chr2_174429575_174431570,2
chr2_174487029_174559573:chr2_174487029_174559573,25
chr2_174682913_174747591:chr2_174682913_174747591,16
chr2_174764472_174798808:chr2_174764472_174798808,9
chr2_175005381_175072258:chr2_175005381_175072258,22
chr2_175168203_175176257:chr2_175168203_175176257,11
chr2_175181710_175923881:chr2_175181710_175923881,160
chr2_176002820_176077471:chr2_176002820_176077471,25
chr2_176083962_176092720:chr2_176083962_176092720,3
chr2_176095944_176099794:chr2_176095944_176099794,4
chr2_176102489_176107279:chr2_176102489_176107279,2
chr2_176109754_176116777:chr2_176109754_176116777,2
chr2_176119937_176122718:chr2_176119937_176122718,3
chr2_176124937_176129704:chr2_176124937_176129704,1
chr2_176132695_176151549:chr2_176132695_176151549,3
chr2_176153226_176157306:chr2_176153226_176157306,2
chr2_176173098_176188667:chr2_176173098_176188667,3
chr2_176190907_176269441:chr2_176190907_176269441,8
chr2_176338025_177212793:chr2_176338025_177212793,189
chr2_177223959_177230302:chr2_177223959_177230302,8
chr2_177264727_177392772:chr2_177264727_177392772,58
chr2_177543834_177548997:chr2_177543834_177548997,5
chr2_177552796_177612998:chr2_177552796_177612998,23
chr2_177618742_177623243:chr2_177618742_177623243,1
chr2_178108339_178112436:chr2_178108339_178112436,3
chr2_178129656_178194511:chr2_178129656_178194511,17
chr2_178402893_178431413:chr2_178402893_178431413,21
chr2_178462102_178463663:chr2_178462102_178463663,0
chr2_178478600_178480456:chr2_178478600_178480456,1
chr2_178516463_178525988:chr2_178516463_178525988,5
chr2_178807423_178829756:chr2_178807423_178829756,3
chr2_179050137_179101677:chr2_179050137_179101677,1
chr2_179264832_179441981:chr2_179264832_179441981,30
chr2_179861612_179944875:chr2_179861612_179944875,16
chr2_180007297_180980359:chr2_180007297_180980359,147
chr2_181063425_181457204:chr2_181063425_181457204,61
chr2_181657105_181668294:chr2_181657105_181668294,6
chr2_181680517_181891729:chr2_181680517_181891729,31
chr2_181930738_181954479:chr2_181930738_181954479,6
chr2_182131385_182140040:chr2_182131385_182140040,2
chr2_182523306_182716256:chr2_182523306_182716256,40
chr2_182794464_182833274:chr2_182794464_182833274,10
chr2_182866637_182909114:chr2_182866637_182909114,13
chr2_183038457_183078746:chr2_183038457_183078746,12
chr2_183100008_183117513:chr2_183100008_183117513,7
chr2_183161680_184598528:chr2_183161680_184598528,219
chr2_184939492_185738803:chr2_184939492_185738803,111
chr2_185833290_186486259:chr2_185833290_186486259,94
chr2_186509361_186590055:chr2_186509361_186590055,20
chr2_186680901_186694059:chr2_186680901_186694059,5
chr2_186765959_186827474:chr2_186765959_186827474,12
chr2_186849170_187341963:chr2_186849170_187341963,100
chr2_187448252_187464229:chr2_187448252_187464229,5
chr2_187554435_188291873:chr2_187554435_188291873,121
chr2_188595926_188974372:chr2_188595926_188974372,31
chr2_189012746_189031897:chr2_189012746_189031897,0
chr2_189179761_189441473:chr2_189179761_189441473,22
chr2_189475552_189560589:chr2_189475552_189560589,13
chr2_189580786_189661458:chr2_189580786_189661458,11
chr2_189670831_189674669:chr2_189670831_189674669,3
chr2_189877629_190055699:chr2_189877629_190055699,16
chr2_190062729_190137776:chr2_190062729_190137776,9
chr2_190319826_190343588:chr2_190319826_190343588,2
chr2_190371665_190407575:chr2_190371665_190407575,13
chr2_190502314_190504337:chr2_190502314_190504337,1
chr2_190534722_190648894:chr2_190534722_190648894,18
chr2_190692766_190880820:chr2_190692766_190880820,29
chr2_190965552_190969148:chr2_190965552_190969148,7
chr2_191014171_191029575:chr2_191014171_191029575,3
chr2_191151596_191245403:chr2_191151596_191245403,17
chr2_191425386_191678135:chr2_191425386_191678135,32
chr2_191686943_191834309:chr2_191686943_191834309,23
chr2_191847088_191949045:chr2_191847088_191949045,30
chr2_192194933_195656957:chr2_192194933_195656957,259
chr2_196068837_196133582:chr2_196068837_196133582,4
chr2_196171578_196194071:chr2_196171578_196194071,2
chr2_196593554_196639714:chr2_196593554_196639714,3
chr2_196732806_196763034:chr2_196732806_196763034,9
chr2_196799683_196804416:chr2_196799683_196804416,0
chr2_196809355_196833003:chr2_196809355_196833003,4
chr2_196926707_196986661:chr2_196926707_196986661,4
chr2_197310780_197389783:chr2_197310780_197389783,11
chr2_197435093_197453551:chr2_197435093_197453551,5
chr2_197475310_197486583:chr2_197475310_197486583,7
chr2_197553699_197568223:chr2_197553699_197568223,3
chr2_197675587_197705368:chr2_197675587_197705368,5
chr2_197708395_197726889:chr2_197708395_197726889,4
chr2_197786206_197804592:chr2_197786206_197804592,2
chr2_198149863_199269499:chr2_198149863_199269499,95
chr2_199471266_199760538:chr2_199471266_199760538,29
chr2_199851192_199911292:chr2_199851192_199911292,7
chr2_199964117_200305878:chr2_199964117_200305878,53
chr2_200482264_200488957:chr2_200482264_200488957,2
chr2_200510068_200526141:chr2_200510068_200526141,4
chr2_200584096_200586013:chr2_200584096_200586013,0
chr2_200671495_200811588:chr2_200671495_200811588,27
chr2_200827338_200853008:chr2_200827338_200853008,4
chr2_200864658_200870906:chr2_200864658_200870906,3
chr2_200903932_200908976:chr2_200903932_200908976,5
chr2_200963660_200973717:chr2_200963660_200973717,1
chr2_201085750_201116163:chr2_201085750_201116163,8
chr2_201176687_201183140:chr2_201176687_201183140,5
chr2_201229406_201233442:chr2_201229406_201233442,1
chr2_201357345_201377206:chr2_201357345_201377206,7
chr2_201480846_201487420:chr2_201480846_201487420,3
chr2_201619178_201620185:chr2_201619178_201620185,0
chr2_201643503_201644873:chr2_201643503_201644873,0
chr2_201698644_201700266:chr2_201698644_201700266,4
chr2_201780933_201806428:chr2_201780933_201806428,3
chr2_201895550_202033854:chr2_201895550_202033854,24
chr2_202038441_202073254:chr2_202038441_202073254,3
chr2_202238597_202265762:chr2_202238597_202265762,4
chr2_202303661_202376326:chr2_202303661_202376326,19
chr2_202567749_202634968:chr2_202567749_202634968,7
chr2_202769757_202773175:chr2_202769757_202773175,1
chr2_202871766_202874260:chr2_202871766_202874260,1
chr2_202988263_203014874:chr2_202988263_203014874,1
chr2_203225194_203239017:chr2_203225194_203239017,0
chr2_203306026_203328393:chr2_203306026_203328393,1
chr2_203432169_203433681:chr2_203432169_203433681,1
chr2_203535301_203706638:chr2_203535301_203706638,15
chr2_203738912_203867770:chr2_203738912_203867770,11
chr2_203873965_203936762:chr2_203873965_203936762,7
chr2_203961577_204545474:chr2_203961577_204545474,66
chr2_205620162_205682500:chr2_205620162_205682500,10
chr2_205798131_205993720:chr2_205798131_205993720,27
chr2_206086174_206114816:chr2_206086174_206114816,2
chr2_206162928_206175315:chr2_206162928_206175315,1
chr2_206217912_206274662:chr2_206217912_206274662,6
chr2_206314427_206443531:chr2_206314427_206443531,8
chr2_206621127_206642486:chr2_206621127_206642486,3
chr2_206649365_206651620:chr2_206649365_206651620,0
chr2_206718396_206737762:chr2_206718396_206737762,3
chr2_206796189_206939517:chr2_206796189_206939517,17
chr2_206969474_207074136:chr2_206969474_207074136,7
chr2_207167246_207529961:chr2_207167246_207529961,57
chr2_207626053_207711639:chr2_207626053_207711639,8
chr2_207756174_207762597:chr2_207756174_207762597,6
chr2_207769906_207821287:chr2_207769906_207821287,9
chr2_208025527_208121606:chr2_208025527_208121606,8
chr2_208124524_208128136:chr2_208124524_208128136,0
chr2_208129828_208142572:chr2_208129828_208142572,4
chr2_208146158_208160739:chr2_208146158_208160739,1
chr2_208163589_208165346:chr2_208163589_208165346,0
chr2_208190030_208236226:chr2_208190030_208236226,7
chr2_208255071_208266254:chr2_208255071_208266254,1
chr2_208494506_209424046:chr2_208494506_209424046,117
chr2_209734112_209771831:chr2_209734112_209771831,6
chr2_209999296_210002637:chr2_209999296_210002637,5
chr2_210171409_210187922:chr2_210171409_210187922,0
chr2_210225447_210290149:chr2_210225447_210290149,3
chr2_210315174_210431250:chr2_210315174_210431250,10
chr2_210679107_211375716:chr2_210679107_211375716,48
chr2_212538802_212999697:chr2_212538802_212999697,28
chr2_213152456_213284463:chr2_213152456_213284463,9
chr2_214578976_214725645:chr2_214578976_214725645,9
chr2_214809683_214931541:chr2_214809683_214931541,9
chr2_215138626_215312058:chr2_215138626_215312058,23
chr2_215349764_215360864:chr2_215349764_215360864,4
chr2_215436068_215942583:chr2_215436068_215942583,78
chr2_216034096_216038387:chr2_216034096_216038387,5
chr2_216102783_216109347:chr2_216102783_216109347,1
chr2_216206293_216257864:chr2_216206293_216257864,15
chr2_216372483_216412483:chr2_216372483_216412483,7
chr2_216483053_216498843:chr2_216483053_216498843,9
chr2_216504086_216632827:chr2_216504086_216632827,27
chr2_216664436_216672104:chr2_216664436_216672104,1
chr2_216695549_216859457:chr2_216695549_216859457,25
chr2_216860064_217799790:chr2_216860064_217799790,139
chr2_218002995_218034933:chr2_218002995_218034933,6
chr2_218090584_218125293:chr2_218090584_218125293,2
chr2_218137251_218162840:chr2_218137251_218162840,7
chr2_218166962_218217188:chr2_218166962_218217188,9
chr2_218254348_218259495:chr2_218254348_218259495,5
chr2_218346793_218356856:chr2_218346793_218356856,6
chr2_218368094_218382272:chr2_218368094_218382272,4
chr2_218405941_218419122:chr2_218405941_218419122,6
chr2_218597080_218607898:chr2_218597080_218607898,2
chr2_218702717_218710834:chr2_218702717_218710834,2
chr2_218755416_218782146:chr2_218755416_218782146,5
chr2_218815293_218822307:chr2_218815293_218822307,0
chr2_218831803_218859804:chr2_218831803_218859804,6
chr2_218874233_218880851:chr2_218874233_218880851,1
chr2_218893928_218959665:chr2_218893928_218959665,14
chr2_218962155_218981086:chr2_218962155_218981086,5
chr2_218985184_218990189:chr2_218985184_218990189,2
chr2_218993422_219002845:chr2_218993422_219002845,2
chr2_219041551_219054423:chr2_219041551_219054423,2
chr2_219060921_219069356:chr2_219060921_219069356,3
chr2_219170029_219171896:chr2_219170029_219171896,6
chr2_219185475_219206781:chr2_219185475_219206781,6
chr2_219272197_219279365:chr2_219272197_219279365,2
chr2_219286895_219289622:chr2_219286895_219289622,2
chr2_219309401_219327406:chr2_219309401_219327406,5
chr2_219333177_219372042:chr2_219333177_219372042,6
chr2_219400007_219418376:chr2_219400007_219418376,4
chr2_219426734_219434842:chr2_219426734_219434842,2
chr2_219493629_219496130:chr2_219493629_219496130,4
chr2_219506989_219514481:chr2_219506989_219514481,6
chr2_219575711_219597856:chr2_219575711_219597856,4
chr2_219616451_219627629:chr2_219616451_219627629,4
chr2_219641971_221418026:chr2_219641971_221418026,187
chr2_221574202_222199886:chr2_221574202_222199886,70
chr2_222298998_222423987:chr2_222298998_222423987,21
chr2_222562621_222566898:chr2_222562621_222566898,3
chr2_222656092_222671657:chr2_222656092_222671657,1
chr2_222709930_222861035:chr2_222709930_222861035,20
chr2_222944639_223052189:chr2_222944639_223052189,10
chr2_223055637_223596939:chr2_223055637_223596939,58
chr2_223602361_223755325:chr2_223602361_223755325,19
chr2_223837582_223875347:chr2_223837582_223875347,9
chr2_223945335_223957462:chr2_223945335_223957462,2
chr2_223967714_223975044:chr2_223967714_223975044,8
chr2_224039286_224378697:chr2_224039286_224378697,38
chr2_224402107_224470149:chr2_224402107_224470149,7
chr2_224585363_224703763:chr2_224585363_224703763,14
chr2_224716365_224765089:chr2_224716365_224765089,5
chr2_225042468_225399709:chr2_225042468_225399709,32
chr2_225703654_226731311:chr2_225703654_226731311,91
chr2_226999210_227002713:chr2_226999210_227002713,4
chr2_227314792_227325250:chr2_227314792_227325250,0
chr2_227357836_227362037:chr2_227357836_227362037,3
chr2_227379306_227387682:chr2_227379306_227387682,1
chr2_227387949_227472155:chr2_227387949_227472155,9
chr2_227561217_227598892:chr2_227561217_227598892,3
chr2_227599255_227608783:chr2_227599255_227608783,0
chr2_227609101_227614537:chr2_227609101_227614537,1
chr2_227614840_227617497:chr2_227614840_227617497,0
chr2_227617815_227666803:chr2_227617815_227666803,6
chr2_227667061_227683762:chr2_227667061_227683762,4
chr2_227718028_227724439:chr2_227718028_227724439,0
chr2_227724757_227728334:chr2_227724757_227728334,0
chr2_227728625_227745893:chr2_227728625_227745893,2
chr2_227746220_227813841:chr2_227746220_227813841,9
chr2_227817556_227871630:chr2_227817556_227871630,5
chr2_227924344_227979954:chr2_227924344_227979954,4
chr2_228181687_229023972:chr2_228181687_229023972,79
chr2_229271287_229357628:chr2_229271287_229357628,9
chr2_229714555_229763836:chr2_229714555_229763836,10
chr2_230013119_230034981:chr2_230013119_230034981,1
chr2_230068924_230165185:chr2_230068924_230165185,11
chr2_230313215_230327192:chr2_230313215_230327192,1
chr2_230403732_230416200:chr2_230403732_230416200,2
chr2_230545606_230712841:chr2_230545606_230712841,29
chr2_230821075_230864184:chr2_230821075_230864184,8
chr2_230879254_230907327:chr2_230879254_230907327,8
chr2_230925242_230996120:chr2_230925242_230996120,12
chr2_231008040_231037522:chr2_231008040_231037522,7
chr2_231049719_231056866:chr2_231049719_231056866,3
chr2_231172827_231198630:chr2_231172827_231198630,5
chr2_231376848_231395709:chr2_231376848_231395709,7
chr2_231401164_231453530:chr2_231401164_231453530,10
chr2_231464484_231523186:chr2_231464484_231523186,10
chr2_231530445_231592863:chr2_231530445_231592863,6
chr2_231594276_231708524:chr2_231594276_231708524,25
chr2_231713551_231732432:chr2_231713551_231732432,9
chr2_231809253_231921808:chr2_231809253_231921808,15
chr2_231926396_231961712:chr2_231926396_231961712,1
chr2_232344350_232378750:chr2_232344350_232378750,1
chr2_232382889_232406843:chr2_232382889_232406843,5
chr2_232410714_232456152:chr2_232410714_232456152,4
chr2_232460753_232479826:chr2_232460753_232479826,2
chr2_232487834_232520387:chr2_232487834_232520387,7
chr2_232536664_232539691:chr2_232536664_232539691,1
chr2_232583644_232606056:chr2_232583644_232606056,8
chr2_232682776_232697330:chr2_232682776_232697330,4
chr2_232860605_232866450:chr2_232860605_232866450,1
chr2_233013256_233032671:chr2_233013256_233032671,3
chr2_233035057_233060341:chr2_233035057_233060341,4
chr2_233207903_233251672:chr2_233207903_233251672,8
chr2_233295669_233307815:chr2_233295669_233307815,6
chr2_233347055_233354493:chr2_233347055_233354493,1
chr2_233472098_233475525:chr2_233472098_233475525,3
chr2_233566782_233617632:chr2_233566782_233617632,6
chr2_233773300_233775723:chr2_233773300_233775723,0
chr2_233833418_233836701:chr2_233833418_233836701,7
chr2_233854535_233865436:chr2_233854535_233865436,5
chr2_233868409_233917372:chr2_233868409_233917372,12
chr2_234019522_234050701:chr2_234019522_234050701,8
chr2_234077134_234493040:chr2_234077134_234493040,54
chr2_234497081_234952016:chr2_234497081_234952016,49
chr2_235055714_235494042:chr2_235055714_235494042,77
chr2_236131793_236165235:chr2_236131793_236165235,8
chr2_236168386_236193458:chr2_236168386_236193458,6
chr2_236264406_236324150:chr2_236264406_236324150,7
chr2_236507476_236569824:chr2_236507476_236569824,4
chr2_236582354_237085888:chr2_236582354_237085888,65
chr2_237100474_237324017:chr2_237100474_237324017,38
chr2_237414164_237486409:chr2_237414164_237486409,6
chr2_237555322_237566573:chr2_237555322_237566573,2
chr2_237567175_237574325:chr2_237567175_237574325,3
chr2_237590734_237627586:chr2_237590734_237627586,6
chr2_237781643_237798778:chr2_237781643_237798778,2
chr2_237842805_237859622:chr2_237842805_237859622,1
chr2_237912106_237966944:chr2_237912106_237966944,12
chr2_238133287_238138667:chr2_238133287_238138667,4
chr2_238152947_238158969:chr2_238152947_238158969,2
chr2_238168890_238170401:chr2_238168890_238170401,7
chr2_238203695_238238266:chr2_238203695_238238266,9
chr2_238240038_238244043:chr2_238240038_238244043,0
chr2_238288610_238320517:chr2_238288610_238320517,11
chr2_238400900_238426926:chr2_238400900_238426926,8
chr2_238452250_238848084:chr2_238452250_238848084,52
chr2_238910534_239048167:chr2_238910534_239048167,30
chr2_239401649_239957371:chr2_239401649_239957371,121
chr2_240025342_240029490:chr2_240025342_240029490,1
chr2_240030429_240044570:chr2_240030429_240044570,2
chr2_240053521_240126562:chr2_240053521_240126562,10
chr2_240136347_240139025:chr2_240136347_240139025,1
chr2_240140658_240435662:chr2_240140658_240435662,52
chr2_240565256_240568483:chr2_240565256_240568483,2
chr2_240581372_240586733:chr2_240581372_240586733,2
chr2_240599104_240605429:chr2_240599104_240605429,1
chr2_240633159_240676417:chr2_240633159_240676417,4
chr2_240682885_240691865:chr2_240682885_240691865,2
chr2_240698483_240713766:chr2_240698483_240713766,9
chr2_240821403_240868823:chr2_240821403_240868823,9
chr2_240880500_240886047:chr2_240880500_240886047,1
chr2_240896156_240906335:chr2_240896156_240906335,1
chr2_240993311_240998617:chr2_240993311_240998617,0
chr2_241102287_241106098:chr2_241102287_241106098,3
chr2_241183652_241188676:chr2_241183652_241188676,6
chr2_241225976_241227290:chr2_241225976_241227290,5
chr2_241354027_241356284:chr2_241354027_241356284,1
chr2_241509572_241558744:chr2_241509572_241558744,11
chr2_241574131_241584404:chr2_241574131_241584404,6
chr2_241673857_241675746:chr2_241673857_241675746,7
chr2_241729478_241734629:chr2_241729478_241734629,4
chr2_241768811_241776821:chr2_241768811_241776821,1
chr2_241804287_241809192:chr2_241804287_241809192,2
chr2_241817413_241849883:chr2_241817413_241849883,7
chr2_241858894_241869728:chr2_241858894_241869728,1
chr2_241873823_241893987:chr2_241873823_241893987,3
chr2_241902585_242193529:chr2_241902585_242193529,34
chr3_0_196762:chr3_0_196762,32
chr3_409417_1093023:chr3_409417_1093023,89
chr3_1404217_2098865:chr3_1404217_2098865,101
chr3_3057959_3066323:chr3_3057959_3066323,2
chr3_3110374_3126939:chr3_3110374_3126939,4
chr3_3179717_3799430:chr3_3179717_3799430,129
chr3_3849834_4303368:chr3_3849834_4303368,60
chr3_4317265_4361145:chr3_4317265_4361145,12
chr3_4467269_4493347:chr3_4467269_4493347,6
chr3_4847506_4979436:chr3_4847506_4979436,28
chr3_4985323_5122291:chr3_4985323_5122291,46
chr3_5180911_5187706:chr3_5180911_5187706,8
chr3_5219958_6861114:chr3_5219958_6861114,355
chr3_7741533_8501822:chr3_7741533_8501822,149
chr3_8574668_8619385:chr3_8574668_8619385,6
chr3_8652084_8733801:chr3_8652084_8733801,26
chr3_8746758_8750380:chr3_8746758_8750380,4
chr3_8769613_8877074:chr3_8769613_8877074,35
chr3_8963472_8980590:chr3_8963472_8980590,6
chr3_9249646_9363053:chr3_9249646_9363053,32
chr3_9386791_9397614:chr3_9386791_9397614,21
chr3_9478154_9498360:chr3_9478154_9498360,15
chr3_9553822_9649504:chr3_9553822_9649504,19
chr3_9702393_9703832:chr3_9702393_9703832,6
chr3_9729908_9731734:chr3_9729908_9731734,3
chr3_9748015_9749951:chr3_9748015_9749951,7
chr3_9769947_9779966:chr3_9769947_9779966,4
chr3_9836365_9837848:chr3_9836365_9837848,6
chr3_9844008_9866709:chr3_9844008_9866709,5
chr3_9880253_9890609:chr3_9880253_9890609,8
chr3_9894349_9902611:chr3_9894349_9902611,11
chr3_9952408_9962681:chr3_9952408_9962681,12
chr3_10011118_10026436:chr3_10011118_10026436,4
chr3_10108255_10115674:chr3_10108255_10115674,8
chr3_10127190_10141777:chr3_10127190_10141777,14
chr3_10153667_10164918:chr3_10153667_10164918,0
chr3_10243745_10248458:chr3_10243745_10248458,6
chr3_10281218_10285665:chr3_10281218_10285665,13
chr3_10292947_10300930:chr3_10292947_10300930,15
chr3_10321112_10324022:chr3_10321112_10324022,1
chr3_10619961_10816227:chr3_10619961_10816227,58
chr3_10940714_10992747:chr3_10940714_10992747,22
chr3_11039247_11137237:chr3_11039247_11137237,28
chr3_11263557_11272396:chr3_11263557_11272396,2
chr3_11720539_11790441:chr3_11720539_11790441,28
chr3_11846885_12004387:chr3_11846885_12004387,33
chr3_12192032_12287367:chr3_12192032_12287367,33
chr3_12434344_12484479:chr3_12434344_12484479,13
chr3_12664117_12733527:chr3_12664117_12733527,15
chr3_12769457_12796679:chr3_12769457_12796679,3
chr3_12841582_12897042:chr3_12841582_12897042,43
chr3_13283257_13316234:chr3_13283257_13316234,19
chr3_13420322_13480305:chr3_13420322_13480305,22
chr3_13506416_13549124:chr3_13506416_13549124,14
chr3_13638404_13816257:chr3_13638404_13816257,54
chr3_13880071_14112076:chr3_13880071_14112076,38
chr3_14143680_14145146:chr3_14143680_14145146,11
chr3_14201122_14402575:chr3_14201122_14402575,81
chr3_14540342_14651761:chr3_14540342_14651761,59
chr3_14672655_14675140:chr3_14672655_14675140,7
chr3_14773036_14818961:chr3_14773036_14818961,16
chr3_14934571_14947582:chr3_14934571_14947582,12
chr3_15065315_15070072:chr3_15065315_15070072,8
chr3_15099148_15206245:chr3_15099148_15206245,26
chr3_15252916_15254352:chr3_15252916_15254352,7
chr3_15341380_15409759:chr3_15341380_15409759,24
chr3_15442613_15450132:chr3_15442613_15450132,11
chr3_15521706_15560698:chr3_15521706_15560698,14
chr3_15859814_16174679:chr3_15859814_16174679,80
chr3_16231992_16257060:chr3_16231992_16257060,10
chr3_16513699_16586791:chr3_16513699_16586791,14
chr3_16605423_16884954:chr3_16605423_16884954,53
chr3_17090606_17157161:chr3_17090606_17157161,28
chr3_17742631_18345376:chr3_17742631_18345376,126
chr3_18445592_19148509:chr3_18445592_19148509,116
chr3_19535642_19879471:chr3_19535642_19879471,56
chr3_20012264_20040445:chr3_20012264_20040445,7
chr3_20154404_20160592:chr3_20154404_20160592,9
chr3_20186206_21412217:chr3_20186206_21412217,219
chr3_21751210_23203097:chr3_21751210_23203097,231
chr3_23591925_23805954:chr3_23591925_23805954,53
chr3_23980617_24117152:chr3_23980617_24117152,29
chr3_24495708_24829320:chr3_24495708_24829320,63
chr3_25664907_25718943:chr3_25664907_25718943,12
chr3_25794531_26622771:chr3_25794531_26622771,158
chr3_26710776_27106483:chr3_26710776_27106483,68
chr3_27369383_27372722:chr3_27369383_27372722,1
chr3_27484384_27715952:chr3_27484384_27715952,37
chr3_27722713_28241618:chr3_27722713_28241618,83
chr3_28526358_28575277:chr3_28526358_28575277,17
chr3_28758337_29281070:chr3_28758337_29281070,112
chr3_30010395_30606501:chr3_30010395_30606501,89
chr3_30694142_30726196:chr3_30694142_30726196,12
chr3_30894661_31532924:chr3_30894661_31532924,157
chr3_31637616_31660824:chr3_31637616_31660824,13
chr3_31991723_32106619:chr3_31991723_32106619,13
chr3_32168709_32238679:chr3_32168709_32238679,18
chr3_32370321_32391852:chr3_32370321_32391852,5
chr3_32455528_32481311:chr3_32455528_32481311,12
chr3_32502852_32525973:chr3_32502852_32525973,5
chr3_32570858_32685187:chr3_32570858_32685187,28
chr3_32773875_32817996:chr3_32773875_32817996,13
chr3_32897824_32951643:chr3_32897824_32951643,12
chr3_32956349_32961107:chr3_32956349_32961107,1
chr3_33097146_33114013:chr3_33097146_33114013,7
chr3_33147773_33150042:chr3_33147773_33150042,3
chr3_33218810_33277024:chr3_33218810_33277024,14
chr3_33440405_33496244:chr3_33440405_33496244,13
chr3_33718254_33798629:chr3_33718254_33798629,20
chr3_33869703_35638852:chr3_33869703_35638852,352
chr3_35794486_36380503:chr3_35794486_36380503,110
chr3_36548007_36712420:chr3_36548007_36712420,47
chr3_36764553_36826818:chr3_36764553_36826818,26
chr3_36945054_36985042:chr3_36945054_36985042,13
chr3_37050846_37052625:chr3_37050846_37052625,11
chr3_37176360_37243270:chr3_37176360_37243270,15
chr3_37366879_37452140:chr3_37366879_37452140,41
chr3_37823507_37861879:chr3_37823507_37861879,5
chr3_37984469_37987977:chr3_37984469_37987977,4
chr3_38029642_38039207:chr3_38029642_38039207,1
chr3_38137127_38138660:chr3_38137127_38138660,2
chr3_38143022_38165536:chr3_38143022_38165536,10
chr3_38255484_38265811:chr3_38255484_38265811,12
chr3_38278757_38282293:chr3_38278757_38282293,1
chr3_38318575_38346784:chr3_38318575_38346784,12
chr3_38427186_38453889:chr3_38427186_38453889,5
chr3_38493142_38496339:chr3_38493142_38496339,1
chr3_38526303_38548061:chr3_38526303_38548061,12
chr3_38649687_38696806:chr3_38649687_38696806,18
chr3_38816217_38845763:chr3_38816217_38845763,8
chr3_39138900_39141854:chr3_39138900_39141854,10
chr3_39154641_39183214:chr3_39154641_39183214,12
chr3_39192595_39263493:chr3_39192595_39263493,16
chr3_39281735_39329708:chr3_39281735_39329708,9
chr3_39333680_39383369:chr3_39333680_39383369,17
chr3_39397351_39406719:chr3_39397351_39406719,11
chr3_39412542_39467679:chr3_39412542_39467679,17
chr3_39529497_39808913:chr3_39529497_39808913,55
chr3_40260321_40309706:chr3_40260321_40309706,22
chr3_40312424_40387183:chr3_40312424_40387183,28
chr3_40428744_40457338:chr3_40428744_40457338,12
chr3_40468587_40477121:chr3_40468587_40477121,4
chr3_40491053_40506038:chr3_40491053_40506038,7
chr3_40518736_40524959:chr3_40518736_40524959,3
chr3_40539782_41199504:chr3_40539782_41199504,154
chr3_41240443_41246598:chr3_41240443_41246598,6
chr3_41962103_42087199:chr3_41962103_42087199,48
chr3_42225890_42257825:chr3_42225890_42257825,10
chr3_42266185_42397082:chr3_42266185_42397082,20
chr3_42410610_42489298:chr3_42410610_42489298,25
chr3_42537568_42547968:chr3_42537568_42547968,8
chr3_42648735_42653696:chr3_42648735_42653696,8
chr3_42667580_42685536:chr3_42667580_42685536,4
chr3_42702798_42705755:chr3_42702798_42705755,4
chr3_42773253_42782907:chr3_42773253_42782907,8
chr3_42804490_42809444:chr3_42804490_42809444,2
chr3_42867286_42872191:chr3_42867286_42872191,1
chr3_42875879_42906141:chr3_42875879_42906141,17
chr3_42919334_42936385:chr3_42919334_42936385,5
chr3_42942792_42979310:chr3_42942792_42979310,7
chr3_43057715_43079233:chr3_43057715_43079233,15
chr3_43106079_43286539:chr3_43106079_43286539,42
chr3_43351143_43365847:chr3_43351143_43365847,8
chr3_43734371_44241885:chr3_43734371_44241885,177
chr3_44332098_44338128:chr3_44332098_44338128,4
chr3_44409448_44431704:chr3_44409448_44431704,19
chr3_44477670_44491765:chr3_44477670_44491765,15
chr3_44510617_44555192:chr3_44510617_44555192,15
chr3_44583483_44584963:chr3_44583483_44584963,1
chr3_44660791_44712659:chr3_44660791_44712659,33
chr3_44723831_44729634:chr3_44723831_44729634,3
chr3_44737083_44748743:chr3_44737083_44748743,8
chr3_44853256_44861911:chr3_44853256_44861911,7
chr3_44865664_44874607:chr3_44865664_44874607,9
chr3_45012668_45026302:chr3_45012668_45026302,15
chr3_45036071_45082276:chr3_45036071_45082276,24
chr3_45146378_45224465:chr3_45146378_45224465,33
chr3_45226287_45388575:chr3_45226287_45388575,53
chr3_45549407_45594750:chr3_45549407_45594750,34
chr3_45686341_45689395:chr3_45686341_45689395,3
chr3_45745409_45755448:chr3_45745409_45755448,7
chr3_45796536_45823315:chr3_45796536_45823315,13
chr3_45915724_45917902:chr3_45915724_45917902,8
chr3_45995824_46017006:chr3_45995824_46017006,8
chr3_46085844_46201710:chr3_46085844_46201710,20
chr3_46208313_46242380:chr3_46208313_46242380,8
chr3_46266706_46354110:chr3_46266706_46354110,20
chr3_46360940_46370141:chr3_46360940_46370141,2
chr3_46376206_46407258:chr3_46376206_46407258,12
chr3_46409523_46435644:chr3_46409523_46435644,8
chr3_46485234_46497975:chr3_46485234_46497975,7
chr3_46500950_46515384:chr3_46500950_46515384,11
chr3_46566302_46574534:chr3_46566302_46574534,3
chr3_46582457_46612524:chr3_46582457_46612524,14
chr3_46626543_46668994:chr3_46626543_46668994,16
chr3_46710886_46712116:chr3_46710886_46712116,1
chr3_46717869_46857871:chr3_46717869_46857871,36
chr3_46863444_46877720:chr3_46863444_46877720,7
chr3_46903799_46921729:chr3_46903799_46921729,20
chr3_47009701_47016435:chr3_47009701_47016435,11
chr3_47164113_47227997:chr3_47164113_47227997,20
chr3_47346816_47381020:chr3_47346816_47381020,12
chr3_47475941_47495639:chr3_47475941_47495639,13
chr3_47513712_47562237:chr3_47513712_47562237,17
chr3_47580240_47585268:chr3_47580240_47585268,11
chr3_47781893_47803137:chr3_47781893_47803137,8
chr3_48088848_48157145:chr3_48088848_48157145,24
chr3_48188417_48223494:chr3_48188417_48223494,7
chr3_48225485_48241103:chr3_48225485_48241103,5
chr3_48270990_48292316:chr3_48270990_48292316,5
chr3_48301367_48306841:chr3_48301367_48306841,1
chr3_48333661_48372218:chr3_48333661_48372218,3
chr3_48394725_48403853:chr3_48394725_48403853,1
chr3_48430086_48432172:chr3_48430086_48432172,7
chr3_48444208_48446736:chr3_48444208_48446736,1
chr3_48504810_48517683:chr3_48504810_48517683,2
chr3_48595329_48599001:chr3_48595329_48599001,5
chr3_48609646_48620758:chr3_48609646_48620758,3
chr3_48621769_48625722:chr3_48621769_48625722,3
chr3_48635461_48636462:chr3_48635461_48636462,0
chr3_48662886_48673843:chr3_48662886_48673843,8
chr3_48685915_48688002:chr3_48685915_48688002,6
chr3_48717221_48746585:chr3_48717221_48746585,10
chr3_48847874_48856925:chr3_48847874_48856925,2
chr3_48898882_48918841:chr3_48898882_48918841,2
chr3_48986382_48989907:chr3_48986382_48989907,2
chr3_49094373_49095931:chr3_49094373_49095931,2
chr3_49104757_49108049:chr3_49104757_49108049,5
chr3_49133050_49162534:chr3_49133050_49162534,11
chr3_49166331_49171597:chr3_49166331_49171597,4
chr3_49176486_49177633:chr3_49176486_49177633,3
chr3_49191858_49198427:chr3_49191858_49198427,1
chr3_49258106_49268595:chr3_49258106_49268595,2
chr3_49340053_49357175:chr3_49340053_49357175,4
chr3_49429324_49468947:chr3_49429324_49468947,3
chr3_49535615_49554476:chr3_49535615_49554476,3
chr3_49671549_49674350:chr3_49671549_49674350,4
chr3_49786542_49790731:chr3_49786542_49790731,3
chr3_49799873_49803260:chr3_49799873_49803260,0
chr3_49813953_49828600:chr3_49813953_49828600,8
chr3_49856564_49857988:chr3_49856564_49857988,1
chr3_49869906_49887001:chr3_49869906_49887001,4
chr3_49903873_49908872:chr3_49903873_49908872,4
chr3_49929811_49940149:chr3_49929811_49940149,0
chr3_50077249_50088918:chr3_50077249_50088918,1
chr3_50119021_50155057:chr3_50119021_50155057,12
chr3_50189075_50191609:chr3_50189075_50191609,1
chr3_50197696_50205270:chr3_50197696_50205270,1
chr3_50221486_50227067:chr3_50221486_50227067,3
chr3_50259362_50267651:chr3_50259362_50267651,4
chr3_50277546_50279086:chr3_50277546_50279086,3
chr3_50312381_50317807:chr3_50312381_50317807,5
chr3_50322745_50324908:chr3_50322745_50324908,1
chr3_50328223_50329787:chr3_50328223_50329787,6
chr3_50345732_50347329:chr3_50345732_50347329,3
chr3_50504244_50558024:chr3_50504244_50558024,13
chr3_50596166_50606488:chr3_50596166_50606488,13
chr3_50649291_50674926:chr3_50649291_50674926,5
chr3_51384198_51385290:chr3_51384198_51385290,2
chr3_51389397_51391284:chr3_51389397_51391284,4
chr3_51500015_51538718:chr3_51500015_51538718,6
chr3_51668660_51671251:chr3_51668660_51671251,4
chr3_51704323_51707067:chr3_51704323_51707067,0
chr3_51718613_51778562:chr3_51718613_51778562,9
chr3_51779237_51826882:chr3_51779237_51826882,4
chr3_51830856_51861614:chr3_51830856_51861614,4
chr3_51863424_51873720:chr3_51863424_51873720,2
chr3_51875601_51894875:chr3_51875601_51894875,4
chr3_51903353_51933428:chr3_51903353_51933428,8
chr3_51948867_51955380:chr3_51948867_51955380,0
chr3_51967466_51968509:chr3_51967466_51968509,1
chr3_51989197_51993521:chr3_51989197_51993521,10
chr3_51995895_52048918:chr3_51995895_52048918,20
chr3_52056571_52075225:chr3_52056571_52075225,2
chr3_52154423_52198082:chr3_52154423_52198082,8
chr3_52214327_52221079:chr3_52214327_52221079,6
chr3_52225645_52228611:chr3_52225645_52228611,2
chr3_52239158_52245758:chr3_52239158_52245758,4
chr3_52250599_52254433:chr3_52250599_52254433,6
chr3_52278649_52287827:chr3_52278649_52287827,4
chr3_52295257_52316318:chr3_52295257_52316318,5
chr3_52423641_52433034:chr3_52423641_52433034,3
chr3_52445103_52451099:chr3_52445103_52451099,1
chr3_52454041_52455603:chr3_52454041_52455603,2
chr3_52493068_52495337:chr3_52493068_52495337,7
chr3_52535027_52536604:chr3_52535027_52536604,1
chr3_52541890_52545366:chr3_52541890_52545366,3
chr3_52770940_52777598:chr3_52770940_52777598,2
chr3_52792068_52794795:chr3_52792068_52794795,2
chr3_52808797_52812961:chr3_52808797_52812961,3
chr3_52830672_52833120:chr3_52830672_52833120,3
chr3_52897548_52903571:chr3_52897548_52903571,4
chr3_53046073_53088482:chr3_53046073_53088482,12
chr3_53130435_53161208:chr3_53130435_53161208,13
chr3_53192717_53224711:chr3_53192717_53224711,8
chr3_53256022_53283428:chr3_53256022_53283428,7
chr3_53347543_53494610:chr3_53347543_53494610,17
chr3_53865794_53867065:chr3_53865794_53867065,3
chr3_53882152_53884416:chr3_53882152_53884416,1
chr3_53891859_54122551:chr3_53891859_54122551,39
chr3_55074557_55465714:chr3_55074557_55465714,41
chr3_55487306_55508310:chr3_55487306_55508310,2
chr3_56468467_56557155:chr3_56468467_56557155,10
chr3_56683265_56727419:chr3_56683265_56727419,9
chr3_57079268_57089981:chr3_57079268_57089981,3
chr3_57170317_57197837:chr3_57170317_57197837,3
chr3_57292685_57293699:chr3_57292685_57293699,0
chr3_57544344_57556273:chr3_57544344_57556273,1
chr3_57693077_57756308:chr3_57693077_57756308,10
chr3_57930013_58008421:chr3_57930013_58008421,21
chr3_58172251_58192256:chr3_58172251_58192256,3
chr3_58210972_58237791:chr3_58210972_58237791,6
chr3_58294734_58306244:chr3_58294734_58306244,6
chr3_58320193_58332891:chr3_58320193_58332891,4
chr3_58426127_58427629:chr3_58426127_58427629,4
chr3_58433832_58492095:chr3_58433832_58492095,8
chr3_58502360_58505135:chr3_58502360_58505135,1
chr3_58537190_58564116:chr3_58537190_58564116,7
chr3_58627610_58633945:chr3_58627610_58633945,1
chr3_58666774_58742007:chr3_58666774_58742007,12
chr3_59050025_59747276:chr3_59050025_59747276,77
chr3_61251452_61561570:chr3_61251452_61561570,35
chr3_62297609_62319021:chr3_62297609_62319021,3
chr3_62336213_62369680:chr3_62336213_62369680,1
chr3_62373550_62398347:chr3_62373550_62398347,5
chr3_62875416_63278307:chr3_62875416_63278307,44
chr3_63616924_63652674:chr3_63616924_63652674,3
chr3_63665212_63819298:chr3_63665212_63819298,12
chr3_64003462_64010550:chr3_64003462_64010550,8
chr3_64024007_64092235:chr3_64024007_64092235,7
chr3_64268173_64515653:chr3_64268173_64515653,39
chr3_64688000_65353525:chr3_64688000_65353525,97
chr3_66038918_66133609:chr3_66038918_66133609,7
chr3_66501121_66998306:chr3_66501121_66998306,53
chr3_67011210_67360459:chr3_67011210_67360459,35
chr3_67654612_67991543:chr3_67654612_67991543,33
chr3_68545621_68731765:chr3_68545621_68731765,19
chr3_68932547_68975224:chr3_68932547_68975224,4
chr3_69013684_69019826:chr3_69013684_69019826,1
chr3_69052333_69054729:chr3_69052333_69054729,2
chr3_69080373_69084936:chr3_69080373_69084936,0
chr3_69122595_69168781:chr3_69122595_69168781,3
chr3_69386088_69739463:chr3_69386088_69739463,46
chr3_69968332_70194478:chr3_69968332_70194478,27
chr3_70312638_70954707:chr3_70312638_70954707,66
chr3_71583978_71675413:chr3_71583978_71675413,9
chr3_71756496_71771654:chr3_71756496_71771654,4
chr3_71785148_72374592:chr3_71785148_72374592,133
chr3_72446623_72749276:chr3_72446623_72749276,51
chr3_72848445_72888045:chr3_72848445_72888045,4
chr3_72976915_72996742:chr3_72976915_72996742,4
chr3_73069198_73382430:chr3_73069198_73382430,34
chr3_73624941_74262567:chr3_73624941_74262567,67
chr3_74614659_75664327:chr3_74614659_75664327,62
chr3_75667173_75729960:chr3_75667173_75729960,5
chr3_75785549_75906674:chr3_75785549_75906674,6
chr3_77649964_78597238:chr3_77649964_78597238,71
chr3_79767998_81489702:chr3_79767998_81489702,125
chr3_81761645_84958988:chr3_81761645_84958988,228
chr3_86074429_86937972:chr3_86074429_86937972,59
chr3_86991149_87227308:chr3_86991149_87227308,14
chr3_87255556_87259403:chr3_87255556_87259403,0
chr3_87276584_87792705:chr3_87276584_87792705,36
chr3_87993839_88051949:chr3_87993839_88051949,8
chr3_88157965_88338455:chr3_88157965_88338455,13
chr3_88467594_89107620:chr3_88467594_89107620,49
chr3_89482134_93873050:chr3_89482134_93873050,86
chr3_93973896_93980154:chr3_93973896_93980154,2
chr3_94055678_94057921:chr3_94055678_94057921,0
chr3_94131832_96814593:chr3_94131832_96814593,183
chr3_97761532_97764520:chr3_97761532_97764520,0
chr3_97801242_97822010:chr3_97801242_97822010,0
chr3_97972431_97985101:chr3_97972431_97985101,1
chr3_98035315_98087172:chr3_98035315_98087172,4
chr3_98088102_98130720:chr3_98088102_98130720,5
chr3_98138548_98147478:chr3_98138548_98147478,2
chr3_98156614_98166695:chr3_98156614_98166695,0
chr3_98169774_98264243:chr3_98169774_98264243,8
chr3_98265356_98282504:chr3_98265356_98282504,2
chr3_98284070_98353853:chr3_98284070_98353853,6
chr3_98354819_98390665:chr3_98354819_98390665,3
chr3_98391631_98463200:chr3_98391631_98463200,4
chr3_98472924_98497680:chr3_98472924_98497680,0
chr3_98498631_98515482:chr3_98498631_98515482,2
chr3_98522902_98531977:chr3_98522902_98531977,3
chr3_98534681_98579445:chr3_98534681_98579445,9
chr3_98593611_98732261:chr3_98593611_98732261,14
chr3_98901695_99638593:chr3_98901695_99638593,60
chr3_99799217_99817861:chr3_99799217_99817861,5
chr3_100181732_100260991:chr3_100181732_100260991,13
chr3_100325238_100334756:chr3_100325238_100334756,3
chr3_100361635_100363430:chr3_100361635_100363430,3
chr3_100456319_100492618:chr3_100456319_100492618,7
chr3_100577444_100609600:chr3_100577444_100609600,1
chr3_100695479_100709289:chr3_100695479_100709289,4
chr3_100993421_101222545:chr3_100993421_101222545,28
chr3_101320575_101324204:chr3_101320575_101324204,0
chr3_101513212_101561867:chr3_101513212_101561867,9
chr3_101566446_101574093:chr3_101566446_101574093,6
chr3_101594465_101648888:chr3_101594465_101648888,23
chr3_101677132_101681090:chr3_101677132_101681090,2
chr3_101686718_101724613:chr3_101686718_101724613,7
chr3_101770562_101779210:chr3_101770562_101779210,2
chr3_101861022_102435014:chr3_101861022_102435014,57
chr3_102479841_105366908:chr3_102479841_105366908,197
chr3_105576900_105655460:chr3_105576900_105655460,6
chr3_105869401_106902030:chr3_105869401_106902030,78
chr3_106902102_107377438:chr3_106902102_107377438,29
chr3_107378635_107522961:chr3_107378635_107522961,12
chr3_107811339_108043090:chr3_107811339_108043090,35
chr3_108091031_108160811:chr3_108091031_108160811,14
chr3_108222424_108296547:chr3_108222424_108296547,4
chr3_108378285_108380367:chr3_108378285_108380367,0
chr3_108510596_108549863:chr3_108510596_108549863,10
chr3_108694840_108755637:chr3_108694840_108755637,6
chr3_108757410_108822785:chr3_108757410_108822785,11
chr3_108855005_108907791:chr3_108855005_108907791,6
chr3_108953879_108958247:chr3_108953879_108958247,0
chr3_109118134_109136718:chr3_109118134_109136718,1
chr3_109151401_109293787:chr3_109151401_109293787,10
chr3_109316517_109326143:chr3_109316517_109326143,2
chr3_109337546_111071815:chr3_109337546_111071815,153
chr3_111194170_111542196:chr3_111194170_111542196,32
chr3_111665996_111674675:chr3_111665996_111674675,2
chr3_111976517_111979025:chr3_111976517_111979025,1
chr3_111993368_111998921:chr3_111993368_111998921,2
chr3_112013885_112034735:chr3_112013885_112034735,1
chr3_112081269_112086388:chr3_112081269_112086388,1
chr3_112118210_112120838:chr3_112118210_112120838,1
chr3_112133248_112140897:chr3_112133248_112140897,0
chr3_112294216_112332572:chr3_112294216_112332572,1
chr3_112362812_112463965:chr3_112362812_112463965,10
chr3_112499472_112532509:chr3_112499472_112532509,3
chr3_112585579_112596796:chr3_112585579_112596796,4
chr3_112641143_112815710:chr3_112641143_112815710,16
chr3_112846864_112921204:chr3_112846864_112921204,2
chr3_112975103_112990983:chr3_112975103_112990983,4
chr3_113019671_113211556:chr3_113019671_113211556,20
chr3_113441514_113442717:chr3_113441514_113442717,1
chr3_113515156_113532554:chr3_113515156_113532554,2
chr3_113629575_113648384:chr3_113629575_113648384,4
chr3_113696642_113716457:chr3_113696642_113716457,3
chr3_113812056_113838787:chr3_113812056_113838787,2
chr3_114088422_114127579:chr3_114088422_114127579,6
chr3_114199407_114234630:chr3_114199407_114234630,1
chr3_114237578_114294027:chr3_114237578_114294027,7
chr3_114310288_114314499:chr3_114310288_114314499,2
chr3_115147288_115623509:chr3_115147288_115623509,48
chr3_115721483_115802373:chr3_115721483_115802373,5
chr3_116445487_118900556:chr3_116445487_118900556,214
chr3_119151456_119173597:chr3_119151456_119173597,3
chr3_119205143_119211741:chr3_119205143_119211741,11
chr3_119240878_119294382:chr3_119240878_119294382,8
chr3_119420714_119428948:chr3_119420714_119428948,1
chr3_119463615_119468962:chr3_119463615_119468962,1
chr3_119494708_119498546:chr3_119494708_119498546,2
chr3_119559614_119579491:chr3_119559614_119579491,3
chr3_119589945_119597884:chr3_119589945_119597884,8
chr3_119629811_119642055:chr3_119629811_119642055,6
chr3_119660589_119669531:chr3_119660589_119669531,6
chr3_119677406_119703021:chr3_119677406_119703021,5
chr3_119767102_119782100:chr3_119767102_119782100,3
chr3_119818487_119821320:chr3_119818487_119821320,0
chr3_120094447_120165477:chr3_120094447_120165477,6
chr3_120285222_120324508:chr3_120285222_120324508,11
chr3_120349354_120392292:chr3_120349354_120392292,5
chr3_120450992_120596335:chr3_120450992_120596335,23
chr3_120602507_120628171:chr3_120602507_120628171,6
chr3_120682239_120684937:chr3_120682239_120684937,3
chr3_120783069_120908204:chr3_120783069_120908204,20
chr3_121424761_121431430:chr3_121424761_121431430,7
chr3_121545988_121567948:chr3_121545988_121567948,2
chr3_121590622_121593378:chr3_121590622_121593378,0
chr3_121630295_121631398:chr3_121630295_121631398,5
chr3_121660903_121663200:chr3_121660903_121663200,2
chr3_121749741_121769760:chr3_121749741_121769760,4
chr3_121886526_121894400:chr3_121886526_121894400,2
chr3_121944188_121987322:chr3_121944188_121987322,5
chr3_122022247_122055361:chr3_122022247_122055361,4
chr3_122121136_122183667:chr3_122121136_122183667,2
chr3_122291629_122325247:chr3_122291629_122325247,2
chr3_122341969_122359590:chr3_122341969_122359590,4
chr3_122416062_122421901:chr3_122416062_122421901,4
chr3_122514939_122527923:chr3_122514939_122527923,1
chr3_122575203_122577649:chr3_122575203_122577649,0
chr3_122639047_122680838:chr3_122639047_122680838,1
chr3_122730840_122739998:chr3_122730840_122739998,0
chr3_122793831_122795068:chr3_122793831_122795068,2
chr3_122881139_122909081:chr3_122881139_122909081,7
chr3_123028605_123067024:chr3_123028605_123067024,5
chr3_123162104_123201942:chr3_123162104_123201942,12
chr3_123274136_123282295:chr3_123274136_123282295,1
chr3_123449090_123491553:chr3_123449090_123491553,4
chr3_123585053_123610048:chr3_123585053_123610048,3
chr3_123884332_123913421:chr3_123884332_123913421,4
chr3_123961229_123969014:chr3_123961229_123969014,2
chr3_123992124_124033368:chr3_123992124_124033368,2
chr3_124726325_124730451:chr3_124726325_124730451,1
chr3_124749273_124761947:chr3_124749273_124761947,1
chr3_124901418_124905441:chr3_124901418_124905441,1
chr3_124934751_124965709:chr3_124934751_124965709,2
chr3_125055997_125082643:chr3_125055997_125082643,4
chr3_125212748_125225668:chr3_125212748_125225668,1
chr3_125375354_125446649:chr3_125375354_125446649,9
chr3_125520202_125528857:chr3_125520202_125528857,6
chr3_125595497_125969177:chr3_125595497_125969177,20
chr3_125983454_126006356:chr3_125983454_126006356,7
chr3_126101520_126103569:chr3_126101520_126103569,2
chr3_126181186_126342634:chr3_126181186_126342634,26
chr3_126357408_126394908:chr3_126357408_126394908,8
chr3_126436556_126437600:chr3_126436556_126437600,4
chr3_126475891_126481165:chr3_126475891_126481165,1
chr3_126517773_126524154:chr3_126517773_126524154,0
chr3_126558932_126607049:chr3_126558932_126607049,4
chr3_126655124_126704239:chr3_126655124_126704239,4
chr3_126960420_126983114:chr3_126960420_126983114,7
chr3_127037389_127193130:chr3_127037389_127193130,41
chr3_127198185_127283782:chr3_127198185_127283782,15
chr3_127288046_127571231:chr3_127288046_127571231,41
chr3_127622436_127629184:chr3_127622436_127629184,2
chr3_127680926_127689065:chr3_127680926_127689065,1
chr3_127823185_127915231:chr3_127823185_127915231,20
chr3_127987677_128051640:chr3_127987677_128051640,14
chr3_128408646_128462436:chr3_128408646_128462436,16
chr3_128466890_128479421:chr3_128466890_128479421,10
chr3_128493201_128619968:chr3_128493201_128619968,38
chr3_128650818_128726182:chr3_128650818_128726182,12
chr3_128814798_128879619:chr3_128814798_128879619,20
chr3_129040742_129060778:chr3_129040742_129060778,7
chr3_129062406_129087568:chr3_129062406_129087568,6
chr3_129161063_129167826:chr3_129161063_129167826,4
chr3_129183896_129249605:chr3_129183896_129249605,23
chr3_129277773_129278831:chr3_129277773_129278831,0
chr3_129306186_129314770:chr3_129306186_129314770,6
chr3_129316286_129401320:chr3_129316286_129401320,18
chr3_129428636_129430946:chr3_129428636_129430946,4
chr3_129520507_129528638:chr3_129520507_129528638,1
chr3_129535344_129543174:chr3_129535344_129543174,0
chr3_129551467_129555213:chr3_129551467_129555213,8
chr3_129606676_129647791:chr3_129606676_129647791,5
chr3_129893711_129974719:chr3_129893711_129974719,21
chr3_129977935_130081830:chr3_129977935_130081830,6
chr3_130098390_130345671:chr3_130098390_130345671,18
chr3_130484846_130517176:chr3_130484846_130517176,2
chr3_130677042_130678933:chr3_130677042_130678933,3
chr3_130746829_130850594:chr3_130746829_130850594,15
chr3_131350465_131381670:chr3_131350465_131381670,6
chr3_131388830_131462211:chr3_131388830_131462211,14
chr3_131502971_131533568:chr3_131502971_131533568,4
chr3_132039606_132317406:chr3_132039606_132317406,25
chr3_132368302_132417501:chr3_132368302_132417501,5
chr3_132539032_132558137:chr3_132539032_132558137,2
chr3_132722459_133038390:chr3_132722459_133038390,31
chr3_133397775_133400055:chr3_133397775_133400055,0
chr3_133475208_133573685:chr3_133475208_133573685,12
chr3_133590274_133600237:chr3_133590274_133600237,1
chr3_133895882_133932700:chr3_133895882_133932700,8
chr3_134029925_134157132:chr3_134029925_134157132,17
chr3_134250859_134355344:chr3_134250859_134355344,14
chr3_134375417_134477703:chr3_134375417_134477703,12
chr3_134575013_134599922:chr3_134575013_134599922,2
chr3_134651022_134795259:chr3_134651022_134795259,19
chr3_135260467_135965727:chr3_135260467_135965727,88
chr3_136147894_136148916:chr3_136147894_136148916,1
chr3_136196335_136250339:chr3_136196335_136250339,6
chr3_136330169_136336235:chr3_136330169_136336235,8
chr3_136752378_136819125:chr3_136752378_136819125,14
chr3_136855888_136862207:chr3_136855888_136862207,5
chr3_136951606_136957982:chr3_136951606_136957982,2
chr3_137011085_137764314:chr3_137011085_137764314,68
chr3_137766334_137998815:chr3_137766334_137998815,19
chr3_138033649_138061989:chr3_138033649_138061989,8
chr3_138115608_138123712:chr3_138115608_138123712,1
chr3_138132390_138160987:chr3_138132390_138160987,6
chr3_138174921_138187247:chr3_138174921_138187247,2
chr3_138329851_138347647:chr3_138329851_138347647,4
chr3_138405535_138434615:chr3_138405535_138434615,5
chr3_138481686_138494343:chr3_138481686_138494343,1
chr3_138594260_138608770:chr3_138594260_138608770,2
chr3_138633376_138652697:chr3_138633376_138652697,8
chr3_138834928_138944223:chr3_138834928_138944223,20
chr3_138953990_139003961:chr3_138953990_139003961,3
chr3_139006268_139019030:chr3_139006268_139019030,2
chr3_139020926_139042101:chr3_139020926_139042101,1
chr3_139044892_139343993:chr3_139044892_139343993,49
chr3_139389680_139452883:chr3_139389680_139452883,10
chr3_139476516_139517437:chr3_139476516_139517437,6
chr3_139539742_139560179:chr3_139539742_139560179,5
chr3_139678050_139935184:chr3_139678050_139935184,31
chr3_140577397_140678063:chr3_140577397_140678063,11
chr3_140701150_140941835:chr3_140701150_140941835,22
chr3_140980995_141051346:chr3_140980995_141051346,6
chr3_141148611_141231824:chr3_141148611_141231824,8
chr3_141294924_141324185:chr3_141294924_141324185,4
chr3_141449792_141487026:chr3_141449792_141487026,7
chr3_141615344_141738297:chr3_141615344_141738297,21
chr3_141747560_141763407:chr3_141747560_141763407,5
chr3_141819352_141876642:chr3_141819352_141876642,13
chr3_141926549_141944427:chr3_141926549_141944427,3
chr3_142149544_142157526:chr3_142149544_142157526,4
chr3_142225585_142306609:chr3_142225585_142306609,11
chr3_142448037_142449234:chr3_142448037_142449234,0
chr3_142578733_142596392:chr3_142578733_142596392,7
chr3_142713664_142724033:chr3_142713664_142724033,2
chr3_142807888_142817873:chr3_142807888_142817873,0
chr3_142889083_142949163:chr3_142889083_142949163,11
chr3_142964008_143001569:chr3_142964008_143001569,10
chr3_143060725_143119770:chr3_143060725_143119770,11
chr3_143124014_143265221:chr3_143124014_143265221,26
chr3_143848468_143971797:chr3_143848468_143971797,7
chr3_143992368_146069439:chr3_143992368_146069439,167
chr3_146161184_146192334:chr3_146161184_146192334,8
chr3_146251105_146433287:chr3_146251105_146433287,19
chr3_146495991_146515179:chr3_146495991_146515179,10
chr3_146544607_146576554:chr3_146544607_146576554,3
chr3_146605346_147386045:chr3_146605346_147386045,65
chr3_147406543_147409364:chr3_147406543_147409364,2
chr3_147416719_148697902:chr3_147416719_148697902,85
chr3_148743003_148827810:chr3_148743003_148827810,5
chr3_148860187_148865295:chr3_148860187_148865295,2
chr3_148897203_148991539:chr3_148897203_148991539,10
chr3_149086533_149129637:chr3_149086533_149129637,7
chr3_149221829_149318497:chr3_149221829_149318497,9
chr3_149333636_149369021:chr3_149333636_149369021,3
chr3_149377649_149474696:chr3_149377649_149474696,16
chr3_149503394_149517234:chr3_149503394_149517234,1
chr3_149724788_149738471:chr3_149724788_149738471,3
chr3_149752489_149761099:chr3_149752489_149761099,0
chr3_149792554_149812687:chr3_149792554_149812687,1
chr3_149962139_149964903:chr3_149962139_149964903,2
chr3_149970895_150408297:chr3_149970895_150408297,55
chr3_150466422_150541997:chr3_150466422_150541997,20
chr3_150586016_150603320:chr3_150586016_150603320,10
chr3_150630436_150659884:chr3_150630436_150659884,7
chr3_150703920_150741124:chr3_150703920_150741124,6
chr3_150763169_150870375:chr3_150763169_150870375,16
chr3_150905439_150926162:chr3_150905439_150926162,4
chr3_150972999_151085663:chr3_150972999_151085663,9
chr3_151539316_151733926:chr3_151539316_151733926,15
chr3_151761339_151814115:chr3_151761339_151814115,4
chr3_151828488_151873642:chr3_151828488_151873642,1
chr3_151884619_152243631:chr3_151884619_152243631,43
chr3_152465780_152835130:chr3_152465780_152835130,40
chr3_152841439_153162225:chr3_152841439_153162225,29
chr3_153170627_154121002:chr3_153170627_154121002,95
chr3_154257825_154272545:chr3_154257825_154272545,4
chr3_154324487_154334942:chr3_154324487_154334942,1
chr3_154430190_155024201:chr3_154430190_155024201,46
chr3_155183729_155290226:chr3_155183729_155290226,20
chr3_155293683_155479880:chr3_155293683_155479880,22
chr3_155745071_155762616:chr3_155745071_155762616,3
chr3_155806278_155821023:chr3_155806278_155821023,4
chr3_155854427_155870649:chr3_155854427_155870649,2
chr3_155944020_156120547:chr3_155944020_156120547,21
chr3_156555117_156674589:chr3_156555117_156674589,19
chr3_156706770_156826352:chr3_156706770_156826352,20
chr3_157046129_157143120:chr3_157046129_157143120,18
chr3_157160147_157259741:chr3_157160147_157259741,15
chr3_157503605_158095904:chr3_157503605_158095904,56
chr3_158106420_158110088:chr3_158106420_158110088,1
chr3_158545730_158571193:chr3_158545730_158571193,8
chr3_158606456_158644526:chr3_158606456_158644526,3
chr3_158695581_158696891:chr3_158695581_158696891,2
chr3_158732457_158802053:chr3_158732457_158802053,16
chr3_158829716_159069318:chr3_158829716_159069318,32
chr3_159897359_159988834:chr3_159897359_159988834,8
chr3_159996019_160225421:chr3_159996019_160225421,26
chr3_160485747_160495006:chr3_160485747_160495006,3
chr3_160565571_160677159:chr3_160565571_160677159,19
chr3_160678448_160756230:chr3_160678448_160756230,12
chr3_161078902_161083882:chr3_161078902_161083882,2
chr3_161105349_161221310:chr3_161105349_161221310,5
chr3_161253532_161344797:chr3_161253532_161344797,16
chr3_161371517_161496807:chr3_161371517_161496807,9
chr3_161503942_164978897:chr3_161503942_164978897,218
chr3_165078496_165186719:chr3_165078496_165186719,8
chr3_165197109_165772903:chr3_165197109_165772903,34
chr3_165837423_167239842:chr3_165837423_167239842,106
chr3_167407886_167441932:chr3_167407886_167441932,4
chr3_167476963_167478683:chr3_167476963_167478683,0
chr3_167657923_167683297:chr3_167657923_167683297,5
chr3_167825569_168008688:chr3_167825569_168008688,17
chr3_168095924_169083506:chr3_168095924_169083506,95
chr3_169663712_169766920:chr3_169663712_169766920,16
chr3_169769561_169773395:chr3_169769561_169773395,1
chr3_169789716_169793002:chr3_169789716_169793002,3
chr3_169837773_169839171:chr3_169837773_169839171,0
chr3_169869935_169911571:chr3_169869935_169911571,13
chr3_169939175_169966806:chr3_169939175_169966806,7
chr3_169998373_170037994:chr3_169998373_170037994,6
chr3_170085392_170087583:chr3_170085392_170087583,2
chr3_170181733_170222423:chr3_170181733_170222423,5
chr3_170305977_170357714:chr3_170305977_170357714,10
chr3_170396849_170418867:chr3_170396849_170418867,5
chr3_170434691_170459547:chr3_170434691_170459547,9
chr3_170586075_170864874:chr3_170586075_170864874,69
chr3_170870195_170888417:chr3_170870195_170888417,6
chr3_170908637_170996346:chr3_170908637_170996346,15
chr3_171026720_171058413:chr3_171026720_171058413,7
chr3_171460408_171600403:chr3_171460408_171600403,30
chr3_171810483_171843348:chr3_171810483_171843348,7
chr3_171859318_172039577:chr3_171859318_172039577,46
chr3_172401669_172443290:chr3_172401669_172443290,11
chr3_172448456_172505507:chr3_172448456_172505507,7
chr3_172523430_172630248:chr3_172523430_172630248,27
chr3_172711067_172750725:chr3_172711067_172750725,9
chr3_172821474_172889356:chr3_172821474_172889356,14
chr3_173141235_173395951:chr3_173141235_173395951,29
chr3_174294372_174859333:chr3_174294372_174859333,58
chr3_175810548_177019343:chr3_175810548_177019343,122
chr3_177197482_178536435:chr3_177197482_178536435,210
chr3_178844429_179017222:chr3_178844429_179017222,27
chr3_179072513_179148356:chr3_179072513_179148356,11
chr3_179267050_179322875:chr3_179267050_179322875,13
chr3_179338583_179347708:chr3_179338583_179347708,4
chr3_179394936_179396087:chr3_179394936_179396087,4
chr3_179451470_179562925:chr3_179451470_179562925,14
chr3_179627647_179653039:chr3_179627647_179653039,1
chr3_179789401_179794957:chr3_179789401_179794957,1
chr3_180036937_180602162:chr3_180036937_180602162,71
chr3_180679489_180912669:chr3_180679489_180912669,29
chr3_180989838_181711924:chr3_180989838_181711924,89
chr3_181714436_182793503:chr3_181714436_182793503,155
chr3_182921629_182938073:chr3_182921629_182938073,7
chr3_182985918_183015217:chr3_182985918_183015217,12
chr3_183099587_183122214:chr3_183099587_183122214,6
chr3_183162734_183178040:chr3_183162734_183178040,2
chr3_183428619_183487550:chr3_183428619_183487550,17
chr3_183555706_183635622:chr3_183555706_183635622,19
chr3_183684519_183697796:chr3_183684519_183697796,2
chr3_183812624_183815921:chr3_183812624_183815921,6
chr3_183825577_183829270:chr3_183825577_183829270,4
chr3_183884880_183919933:chr3_183884880_183919933,8
chr3_184017884_184031543:chr3_184017884_184031543,5
chr3_184039369_184053046:chr3_184039369_184053046,4
chr3_184060673_184097063:chr3_184060673_184097063,11
chr3_184106995_184135357:chr3_184106995_184135357,4
chr3_184145311_184155376:chr3_184145311_184155376,1
chr3_184173614_184174854:chr3_184173614_184174854,3
chr3_184184091_184186198:chr3_184184091_184186198,8
chr3_184194005_184229584:chr3_184194005_184229584,16
chr3_184293031_184299240:chr3_184293031_184299240,4
chr3_184309050_184314605:chr3_184309050_184314605,6
chr3_184368591_184371934:chr3_184368591_184371934,14
chr3_184390739_184561784:chr3_184390739_184561784,43
chr3_184582408_184710363:chr3_184582408_184710363,25
chr3_184712064_184812165:chr3_184712064_184812165,15
chr3_185052614_185076837:chr3_185052614_185076837,16
chr3_185153060_185190623:chr3_185153060_185190623,7
chr3_185254049_185282960:chr3_185254049_185282960,3
chr3_185499035_185506261:chr3_185499035_185506261,5
chr3_185552588_185586294:chr3_185552588_185586294,6
chr3_185633551_185643129:chr3_185633551_185643129,4
chr3_185825042_185914557:chr3_185825042_185914557,18
chr3_185938014_186046313:chr3_185938014_186046313,28
chr3_186109089_186147200:chr3_186109089_186147200,12
chr3_186362234_186538442:chr3_186362234_186538442,32
chr3_186544380_186546066:chr3_186544380_186546066,2
chr3_186585793_186613059:chr3_186585793_186613059,12
chr3_186621318_186635968:chr3_186621318_186635968,5
chr3_186653141_186666013:chr3_186653141_186666013,2
chr3_186678234_186717358:chr3_186678234_186717358,7
chr3_186744410_186783576:chr3_186744410_186783576,11
chr3_186806482_186842709:chr3_186806482_186842709,6
chr3_186858463_186930525:chr3_186858463_186930525,13
chr3_187078553_187120947:chr3_187078553_187120947,24
chr3_187139496_187197485:chr3_187139496_187197485,12
chr3_187201462_187217281:chr3_187201462_187217281,5
chr3_187291737_187368384:chr3_187291737_187368384,19
chr3_187372076_187668911:chr3_187372076_187668911,65
chr3_187670394_187698258:chr3_187670394_187698258,10
chr3_187702557_187721376:chr3_187702557_187721376,4
chr3_187745468_188153020:chr3_187745468_188153020,74
chr3_188890671_189171970:chr3_188890671_189171970,29
chr3_189325304_189596745:chr3_189325304_189596745,41
chr3_189897276_189956727:chr3_189897276_189956727,18
chr3_190122278_190166707:chr3_190122278_190166707,5
chr3_190167209_190290360:chr3_190167209_190290360,16
chr3_190412138_190428654:chr3_190412138_190428654,4
chr3_190449901_190514084:chr3_190449901_190514084,5
chr3_190659750_190852736:chr3_190659750_190852736,11
chr3_190862694_191199240:chr3_190862694_191199240,51
chr3_191265615_191267167:chr3_191265615_191267167,0
chr3_191398659_191461162:chr3_191398659_191461162,22
chr3_191461456_192139389:chr3_191461456_192139389,102
chr3_192727541_192796814:chr3_192727541_192796814,4
chr3_192917856_193241221:chr3_192917856_193241221,37
chr3_193270855_193274788:chr3_193270855_193274788,1
chr3_193378753_193398966:chr3_193378753_193398966,1
chr3_193554895_193593207:chr3_193554895_193593207,7
chr3_193697811_194136147:chr3_193697811_194136147,109
chr3_194138732_194339767:chr3_194138732_194339767,57
chr3_194351328_194355248:chr3_194351328_194355248,2
chr3_194369743_194394820:chr3_194369743_194394820,7
chr3_194399266_194402676:chr3_194399266_194402676,4
chr3_194487002_194587677:chr3_194487002_194587677,36
chr3_194633419_194640790:chr3_194633419_194640790,3
chr3_194672191_194685882:chr3_194672191_194685882,7
chr3_194689037_195068283:chr3_194689037_195068283,78
chr3_195271159_195274744:chr3_195271159_195274744,0
chr3_195443020_195514427:chr3_195443020_195514427,7
chr3_195543325_195568704:chr3_195543325_195568704,6
chr3_195583940_195720977:chr3_195583940_195720977,53
chr3_195733551_195746770:chr3_195733551_195746770,5
chr3_195811929_195863363:chr3_195811929_195863363,14
chr3_195908551_196049283:chr3_195908551_196049283,16
chr3_196082090_196197451:chr3_196082090_196197451,42
chr3_196211400_196216533:chr3_196211400_196216533,3
chr3_196287726_196291218:chr3_196287726_196291218,1
chr3_196338420_196347661:chr3_196338420_196347661,8
chr3_196432427_196468782:chr3_196432427_196468782,9
chr3_196503768_196506878:chr3_196503768_196506878,1
chr3_196515346_196554176:chr3_196515346_196554176,10
chr3_196589059_196639693:chr3_196589059_196639693,13
chr3_196662004_196706276:chr3_196662004_196706276,11
chr3_196736007_196739856:chr3_196736007_196739856,0
chr3_196832647_196867919:chr3_196832647_196867919,8
chr3_196943543_196946355:chr3_196943543_196946355,4
chr3_196968833_197001739:chr3_196968833_197001739,5
chr3_197029817_197042559:chr3_197029817_197042559,5
chr3_197299321_197509782:chr3_197299321_197509782,57
chr3_197573343_197668866:chr3_197573343_197668866,26
chr3_197787596_197791225:chr3_197787596_197791225,3
chr3_198043720_198295559:chr3_198043720_198295559,15
chr4_0_53320:chr4_0_53320,0
chr4_88208_124500:chr4_88208_124500,4
chr4_202304_270674:chr4_202304_270674,13
chr4_305474_337813:chr4_305474_337813,7
chr4_384868_439987:chr4_384868_439987,9
chr4_540200_573879:chr4_540200_573879,11
chr4_576295_625572:chr4_576295_625572,8
chr4_670782_672435:chr4_670782_672435,2
chr4_689151_705831:chr4_689151_705831,4
chr4_770089_784956:chr4_770089_784956,13
chr4_826129_849276:chr4_826129_849276,8
chr4_973569_979034:chr4_973569_979034,2
chr4_1004564_1011625:chr4_1004564_1011625,3
chr4_1026898_1056250:chr4_1026898_1056250,11
chr4_1113564_1166931:chr4_1113564_1166931,10
chr4_1208844_1211444:chr4_1208844_1211444,4
chr4_1250355_1289890:chr4_1250355_1289890,11
chr4_1340137_1347207:chr4_1340137_1347207,11
chr4_1388049_1402931:chr4_1388049_1402931,3
chr4_1406442_1639880:chr4_1406442_1639880,48
chr4_1684313_1692730:chr4_1684313_1692730,9
chr4_1712319_1715951:chr4_1712319_1715951,4
chr4_1745171_1793292:chr4_1745171_1793292,16
chr4_1808867_1811478:chr4_1808867_1811478,4
chr4_1856156_1871392:chr4_1856156_1871392,7
chr4_2008974_2041994:chr4_2008974_2041994,7
chr4_2043964_2059326:chr4_2043964_2059326,3
chr4_2069089_2071917:chr4_2069089_2071917,3
chr4_2242121_2247431:chr4_2242121_2247431,4
chr4_2262109_2269596:chr4_2262109_2269596,7
chr4_2463002_2469105:chr4_2463002_2469105,10
chr4_2515857_2535374:chr4_2515857_2535374,7
chr4_2732573_2741647:chr4_2732573_2741647,10
chr4_2756336_2793084:chr4_2756336_2793084,10
chr4_2841096_2843843:chr4_2841096_2843843,3
chr4_2934825_2937935:chr4_2934825_2937935,7
chr4_3040760_3074680:chr4_3040760_3074680,6
chr4_3256613_3285890:chr4_3256613_3285890,8
chr4_3439913_3441967:chr4_3439913_3441967,0
chr4_3449486_3463305:chr4_3449486_3463305,2
chr4_3501482_3503611:chr4_3501482_3503611,3
chr4_3532422_3766384:chr4_3532422_3766384,33
chr4_3768526_4188725:chr4_3768526_4188725,33
chr4_4226929_4235541:chr4_4226929_4235541,0
chr4_4248223_4267700:chr4_4248223_4267700,7
chr4_4321783_4386531:chr4_4321783_4386531,12
chr4_4542343_4859664:chr4_4542343_4859664,74
chr4_4863936_5014585:chr4_4863936_5014585,48
chr4_5019458_5051479:chr4_5019458_5051479,16
chr4_5500989_5562438:chr4_5500989_5562438,9
chr4_5709548_5711200:chr4_5709548_5711200,3
chr4_5814305_5820763:chr4_5814305_5820763,8
chr4_5893086_5957109:chr4_5893086_5957109,16
chr4_6018546_6026198:chr4_6018546_6026198,4
chr4_6200549_6269849:chr4_6200549_6269849,16
chr4_6303265_6320580:chr4_6303265_6320580,7
chr4_6563799_6575188:chr4_6563799_6575188,7
chr4_6623362_6640684:chr4_6623362_6640684,7
chr4_6642729_6693877:chr4_6642729_6693877,31
chr4_6697170_6707700:chr4_6697170_6707700,6
chr4_6709865_6716173:chr4_6709865_6716173,2
chr4_6717664_6782726:chr4_6717664_6782726,12
chr4_6884164_6909465:chr4_6884164_6909465,12
chr4_7033114_7040848:chr4_7033114_7040848,6
chr4_7068064_7192537:chr4_7068064_7192537,38
chr4_7742827_7758712:chr4_7742827_7758712,6
chr4_7939861_7965326:chr4_7939861_7965326,14
chr4_8158813_8199289:chr4_8158813_8199289,6
chr4_8241103_8269753:chr4_8241103_8269753,8
chr4_8307098_8366281:chr4_8307098_8366281,15
chr4_8476555_8580391:chr4_8476555_8580391,24
chr4_8590023_8592764:chr4_8590023_8592764,1
chr4_8619752_8846075:chr4_8619752_8846075,43
chr4_8871839_9170408:chr4_8871839_9170408,22
chr4_9176730_9210656:chr4_9176730_9210656,0
chr4_9212249_9215404:chr4_9212249_9215404,0
chr4_9216997_9220151:chr4_9216997_9220151,0
chr4_9221744_9224895:chr4_9221744_9224895,0
chr4_9226488_9234384:chr4_9226488_9234384,0
chr4_9236046_9243878:chr4_9236046_9243878,0
chr4_9245471_9248629:chr4_9245471_9248629,1
chr4_9250222_9253377:chr4_9250222_9253377,1
chr4_9254970_9258123:chr4_9254970_9258123,0
chr4_9259716_9262871:chr4_9259716_9262871,0
chr4_9264464_9267618:chr4_9264464_9267618,0
chr4_9269211_9325164:chr4_9269211_9325164,0
chr4_9326757_9329910:chr4_9326757_9329910,0
chr4_9331503_9334657:chr4_9331503_9334657,0
chr4_9336250_9339402:chr4_9336250_9339402,0
chr4_9340995_9344147:chr4_9340995_9344147,0
chr4_9345740_9348892:chr4_9345740_9348892,0
chr4_9350485_9353637:chr4_9350485_9353637,0
chr4_9355230_9363128:chr4_9355230_9363128,0
chr4_9364721_9444413:chr4_9364721_9444413,2
chr4_9450666_9781633:chr4_9450666_9781633,15
chr4_9784009_9826223:chr4_9784009_9826223,6
chr4_10040270_10074338:chr4_10040270_10074338,10
chr4_10116799_10439879:chr4_10116799_10439879,116
chr4_10457426_10486394:chr4_10457426_10486394,4
chr4_10684768_11393149:chr4_10684768_11393149,126
chr4_11428894_13367723:chr4_11428894_13367723,273
chr4_13484340_13540829:chr4_13484340_13540829,19
chr4_13544508_13568737:chr4_13544508_13568737,7
chr4_13627725_15002480:chr4_13627725_15002480,218
chr4_15070151_15339987:chr4_15070151_15339987,37
chr4_15446167_15469864:chr4_15446167_15469864,6
chr4_15601557_15604380:chr4_15601557_15604380,1
chr4_15655357_15681826:chr4_15655357_15681826,8
chr4_15690447_15703064:chr4_15690447_15703064,3
chr4_15732787_15778327:chr4_15732787_15778327,6
chr4_15853232_15935576:chr4_15853232_15935576,20
chr4_15938740_15960244:chr4_15938740_15960244,6
chr4_15963175_15968227:chr4_15963175_15968227,1
chr4_16084023_16160504:chr4_16084023_16160504,19
chr4_16226471_16501540:chr4_16226471_16501540,43
chr4_16898645_17486394:chr4_16898645_17486394,89
chr4_17512090_17515164:chr4_17512090_17515164,4
chr4_17527104_17577197:chr4_17527104_17577197,5
chr4_17607970_17614640:chr4_17607970_17614640,2
chr4_17781621_17800654:chr4_17781621_17800654,6
chr4_18021875_20251904:chr4_18021875_20251904,303
chr4_20620561_20696281:chr4_20620561_20696281,12
chr4_21948772_22387375:chr4_21948772_22387375,48
chr4_22516066_22692936:chr4_22516066_22692936,15
chr4_22819569_23792020:chr4_22819569_23792020,212
chr4_24472905_24527474:chr4_24472905_24527474,21
chr4_24584554_24795572:chr4_24584554_24795572,47
chr4_24800842_24803513:chr4_24800842_24803513,3
chr4_24980204_24998846:chr4_24980204_24998846,2
chr4_25030946_25120013:chr4_25030946_25120013,20
chr4_25160449_25234032:chr4_25160449_25234032,19
chr4_25279204_25312773:chr4_25279204_25312773,5
chr4_25370383_25377262:chr4_25370383_25377262,6
chr4_25418498_25655850:chr4_25418498_25655850,45
chr4_25678748_25747432:chr4_25678748_25747432,13
chr4_25863566_25914219:chr4_25863566_25914219,10
chr4_25929812_26163457:chr4_25929812_26163457,51
chr4_26435131_26481395:chr4_26435131_26481395,10
chr4_26490484_26584083:chr4_26490484_26584083,17
chr4_26756223_26860840:chr4_26756223_26860840,29
chr4_27025381_30720368:chr4_27025381_30720368,385
chr4_31146800_36005403:chr4_31146800_36005403,556
chr4_36244514_36281615:chr4_36244514_36281615,7
chr4_36347511_37244742:chr4_36347511_37244742,105
chr4_37449463_37453924:chr4_37449463_37453924,1
chr4_37686376_37826685:chr4_37686376_37826685,25
chr4_37862937_37891083:chr4_37862937_37891083,6
chr4_38139173_38664198:chr4_38139173_38664198,121
chr4_38701517_38772237:chr4_38701517_38772237,18
chr4_38782990_38796254:chr4_38782990_38796254,5
chr4_38804791_38822896:chr4_38804791_38822896,5
chr4_38857755_38867805:chr4_38857755_38867805,2
chr4_38945739_38966743:chr4_38945739_38966743,4
chr4_39032409_39044830:chr4_39032409_39044830,3
chr4_39126233_39182528:chr4_39126233_39182528,13
chr4_39285810_39287455:chr4_39285810_39287455,4
chr4_39366362_39406929:chr4_39366362_39406929,10
chr4_39451533_39454123:chr4_39451533_39454123,7
chr4_39479506_39498754:chr4_39479506_39498754,4
chr4_39527439_39546335:chr4_39527439_39546335,3
chr4_39638865_39698135:chr4_39638865_39698135,12
chr4_39782792_39822862:chr4_39782792_39822862,6
chr4_39977911_40056849:chr4_39977911_40056849,12
chr4_40158252_40191079:chr4_40158252_40191079,6
chr4_40246967_40335332:chr4_40246967_40335332,19
chr4_40355217_40423279:chr4_40355217_40423279,9
chr4_40630594_40749954:chr4_40630594_40749954,28
chr4_41214542_41256927:chr4_41214542_41256927,5
chr4_41268455_41359606:chr4_41268455_41359606,15
chr4_41700044_41744081:chr4_41700044_41744081,4
chr4_41748725_41935428:chr4_41748725_41935428,37
chr4_41960803_41981755:chr4_41960803_41981755,7
chr4_41986465_41990529:chr4_41986465_41990529,1
chr4_42090461_42110852:chr4_42090461_42110852,2
chr4_42152655_42397487:chr4_42152655_42397487,34
chr4_42402487_42408372:chr4_42402487_42408372,4
chr4_42657105_42892712:chr4_42657105_42892712,26
chr4_43030658_44173902:chr4_43030658_44173902,125
chr4_44448809_44622087:chr4_44448809_44622087,21
chr4_44651625_44678419:chr4_44651625_44678419,9
chr4_44726556_46035768:chr4_44726556_46035768,146
chr4_46124054_46243547:chr4_46124054_46243547,14
chr4_46390300_46734826:chr4_46390300_46734826,40
chr4_46909245_46918899:chr4_46909245_46918899,3
chr4_46993581_47031566:chr4_46993581_47031566,8
chr4_47426447_47450786:chr4_47426447_47450786,7
chr4_47463702_47485274:chr4_47463702_47485274,4
chr4_47838067_47847232:chr4_47838067_47847232,4
chr4_47914667_47935976:chr4_47914667_47935976,5
chr4_48040173_48066392:chr4_48040173_48066392,1
chr4_48134250_48135782:chr4_48134250_48135782,2
chr4_48269838_48341528:chr4_48269838_48341528,22
chr4_48426201_48483342:chr4_48426201_48483342,18
chr4_48494389_48497356:chr4_48494389_48497356,5
chr4_48780279_48831087:chr4_48780279_48831087,10
chr4_48861815_48885018:chr4_48861815_48885018,7
chr4_48906828_48986274:chr4_48906828_48986274,13
chr4_49062079_51843152:chr4_49062079_51843152,13
chr4_51916837_51993651:chr4_51916837_51993651,14
chr4_52038299_52051303:chr4_52038299_52051303,1
chr4_52097299_52590959:chr4_52097299_52590959,59
chr4_52659301_52742552:chr4_52659301_52742552,18
chr4_52751425_52862316:chr4_52751425_52862316,24
chr4_52866835_52872981:chr4_52866835_52872981,8
chr4_53366061_53377640:chr4_53366061_53377640,3
chr4_53591486_54009788:chr4_53591486_54009788,81
chr4_54064605_54100162:chr4_54064605_54100162,10
chr4_54102498_54229292:chr4_54102498_54229292,14
chr4_54298245_54657956:chr4_54298245_54657956,79
chr4_54740715_55078480:chr4_54740715_55078480,59
chr4_55125595_55346241:chr4_55125595_55346241,37
chr4_55373100_55395956:chr4_55373100_55395956,8
chr4_55426175_55427902:chr4_55426175_55427902,4
chr4_55546909_55556518:chr4_55546909_55556518,4
chr4_55592245_55595230:chr4_55592245_55595230,1
chr4_55636793_55819789:chr4_55636793_55819789,34
chr4_55837489_55853647:chr4_55837489_55853647,2
chr4_55905086_55948944:chr4_55905086_55948944,10
chr4_56033361_56049097:chr4_56033361_56049097,2
chr4_56330609_56338289:chr4_56330609_56338289,1
chr4_56387491_56393361:chr4_56387491_56393361,7
chr4_56464578_56467616:chr4_56464578_56467616,2
chr4_56503681_56505208:chr4_56503681_56505208,5
chr4_56524453_56530605:chr4_56524453_56530605,2
chr4_56603507_56647997:chr4_56603507_56647997,15
chr4_56681296_56809860:chr4_56681296_56809860,32
chr4_56821701_56907899:chr4_56821701_56907899,10
chr4_56935844_56963349:chr4_56935844_56963349,9
chr4_56977606_56978895:chr4_56977606_56978895,2
chr4_57110385_61200325:chr4_57110385_61200325,386
chr4_62078335_64276297:chr4_62078335_64276297,199
chr4_64409460_65319566:chr4_64409460_65319566,95
chr4_65670489_67468761:chr4_65670489_67468761,167
chr4_67545503_67558726:chr4_67545503_67558726,3
chr4_67607337_67612651:chr4_67607337_67612651,1
chr4_67701155_67737117:chr4_67701155_67737117,26
chr4_67754388_67820875:chr4_67754388_67820875,14
chr4_67884002_67909394:chr4_67884002_67909394,6
chr4_67963493_68053197:chr4_67963493_68053197,8
chr4_68129869_68226652:chr4_68129869_68226652,11
chr4_68245694_68310386:chr4_68245694_68310386,7
chr4_68350090_68447462:chr4_68350090_68447462,11
chr4_68497604_68537172:chr4_68497604_68537172,1
chr4_68576322_68646596:chr4_68576322_68646596,6
chr4_68670652_68815993:chr4_68670652_68815993,14
chr4_68832023_68928462:chr4_68832023_68928462,5
chr4_68951804_69051374:chr4_68951804_69051374,8
chr4_69112987_69199950:chr4_69112987_69199950,6
chr4_69214748_69280474:chr4_69214748_69280474,3
chr4_69295050_69480164:chr4_69295050_69480164,7
chr4_69526014_69588416:chr4_69526014_69588416,8
chr4_69653247_69721166:chr4_69653247_69721166,5
chr4_69760620_69841211:chr4_69760620_69841211,12
chr4_69860145_69931067:chr4_69860145_69931067,8
chr4_69946574_69955255:chr4_69946574_69955255,1
chr4_69965728_69995965:chr4_69965728_69995965,7
chr4_70002570_70028458:chr4_70002570_70028458,2
chr4_70036538_70050437:chr4_70036538_70050437,2
chr4_70058848_70154236:chr4_70058848_70154236,11
chr4_70166609_70195724:chr4_70166609_70195724,3
chr4_70204576_70226123:chr4_70204576_70226123,0
chr4_70235252_70238380:chr4_70235252_70238380,1
chr4_70251432_70334980:chr4_70251432_70334980,8
chr4_70337116_70360759:chr4_70337116_70360759,1
chr4_70367158_70383130:chr4_70367158_70383130,3
chr4_70390244_70397939:chr4_70390244_70397939,3
chr4_70410195_70430491:chr4_70410195_70430491,3
chr4_70482997_70518568:chr4_70482997_70518568,7
chr4_70532743_70592255:chr4_70532743_70592255,12
chr4_70607288_70628743:chr4_70607288_70628743,4
chr4_70646824_70655540:chr4_70646824_70655540,1
chr4_70666508_70688531:chr4_70666508_70688531,2
chr4_70690551_70704738:chr4_70690551_70704738,5
chr4_70808619_70815782:chr4_70808619_70815782,1
chr4_70839890_70902368:chr4_70839890_70902368,7
chr4_70988168_70993648:chr4_70988168_70993648,1
chr4_71030914_71186764:chr4_71030914_71186764,16
chr4_71572083_71741692:chr4_71572083_71741692,13
chr4_71805520_72031999:chr4_71805520_72031999,25
chr4_72148305_72280968:chr4_72148305_72280968,14
chr4_72569221_73052361:chr4_72569221_73052361,45
chr4_73069759_73073375:chr4_73069759_73073375,3
chr4_73258798_73404286:chr4_73258798_73404286,20
chr4_73421482_73436220:chr4_73421482_73436220,2
chr4_73456174_73481744:chr4_73456174_73481744,6
chr4_73504001_73571549:chr4_73504001_73571549,13
chr4_73620631_73740568:chr4_73620631_73740568,22
chr4_73743716_73836677:chr4_73743716_73836677,14
chr4_73838760_73853295:chr4_73838760_73853295,8
chr4_73854483_73869392:chr4_73854483_73869392,4
chr4_73871308_73980810:chr4_73871308_73980810,15
chr4_73982124_73986438:chr4_73982124_73986438,1
chr4_73988190_73995641:chr4_73988190_73995641,2
chr4_73998677_74036588:chr4_73998677_74036588,5
chr4_74038689_74097039:chr4_74038689_74097039,15
chr4_74099195_74123272:chr4_74099195_74123272,5
chr4_74303099_74308469:chr4_74303099_74308469,3
chr4_74316789_74365144:chr4_74316789_74365144,12
chr4_74388749_74445135:chr4_74388749_74445135,9
chr4_74455005_74744758:chr4_74455005_74744758,56
chr4_74794523_74933115:chr4_74794523_74933115,17
chr4_75050113_75479032:chr4_75050113_75479032,43
chr4_75530026_75556065:chr4_75530026_75556065,12
chr4_75565893_75576495:chr4_75565893_75576495,1
chr4_75630528_75642785:chr4_75630528_75642785,3
chr4_75814286_75859866:chr4_75814286_75859866,7
chr4_75902452_75910654:chr4_75902452_75910654,1
chr4_75941013_75949914:chr4_75941013_75949914,3
chr4_75990945_76001274:chr4_75990945_76001274,5
chr4_76007509_76011189:chr4_76007509_76011189,1
chr4_76112786_76114663:chr4_76112786_76114663,0
chr4_76148397_76158736:chr4_76148397_76158736,5
chr4_76311130_76313038:chr4_76311130_76313038,0
chr4_76421141_76435228:chr4_76421141_76435228,2
chr4_76783253_76894151:chr4_76783253_76894151,19
chr4_76898144_76949751:chr4_76898144_76949751,11
chr4_77038615_77047154:chr4_77038615_77047154,6
chr4_77075989_77157206:chr4_77075989_77157206,15
chr4_77170060_77511752:chr4_77170060_77511752,68
chr4_77611834_77713386:chr4_77611834_77713386,17
chr4_77820269_77862829:chr4_77820269_77862829,7
chr4_77952785_78057322:chr4_77952785_78057322,18
chr4_78544269_78551769:chr4_78544269_78551769,5
chr4_78610447_78776349:chr4_78610447_78776349,45
chr4_78939438_79316646:chr4_78939438_79316646,86
chr4_79326061_79406360:chr4_79326061_79406360,7
chr4_79408228_79901145:chr4_79408228_79901145,76
chr4_80073472_80185269:chr4_80073472_80185269,36
chr4_80204329_80266587:chr4_80204329_80266587,11
chr4_80291017_80335729:chr4_80291017_80335729,8
chr4_80963750_81030707:chr4_80963750_81030707,10
chr4_81057627_81087369:chr4_81057627_81087369,7
chr4_81215222_81426392:chr4_81215222_81426392,36
chr4_81471907_82352497:chr4_81471907_82352497,117
chr4_82373991_82422563:chr4_82373991_82422563,19
chr4_82461177_82483175:chr4_82461177_82483175,7
chr4_82562253_82629538:chr4_82562253_82629538,18
chr4_82798796_82818508:chr4_82798796_82818508,7
chr4_82919969_82924602:chr4_82919969_82924602,5
chr4_83012941_83035182:chr4_83012941_83035182,7
chr4_83075818_83090047:chr4_83075818_83090047,3
chr4_83114729_83263823:chr4_83114729_83263823,36
chr4_83285134_83292460:chr4_83285134_83292460,1
chr4_83335153_83407345:chr4_83335153_83407345,11
chr4_83485100_83535913:chr4_83485100_83535913,19
chr4_83605875_84491984:chr4_83605875_84491984,146
chr4_84499292_84583126:chr4_84499292_84583126,12
chr4_84651334_84669596:chr4_84651334_84669596,2
chr4_84966690_85475149:chr4_84966690_85475149,48
chr4_86002666_86010404:chr4_86002666_86010404,1
chr4_86453195_86594314:chr4_86453195_86594314,26
chr4_86815161_86823467:chr4_86815161_86823467,3
chr4_86849384_86876204:chr4_86849384_86876204,5
chr4_86892422_86935010:chr4_86892422_86935010,14
chr4_87141039_87160102:chr4_87141039_87160102,10
chr4_87220618_87303793:chr4_87220618_87303793,13
chr4_87322882_87336514:chr4_87322882_87336514,3
chr4_87391188_87422572:chr4_87391188_87422572,4
chr4_87459455_87473334:chr4_87459455_87473334,1
chr4_87529376_87608528:chr4_87529376_87608528,10
chr4_87616873_87650279:chr4_87616873_87650279,5
chr4_87664357_87799553:chr4_87664357_87799553,10
chr4_87812435_87821397:chr4_87812435_87821397,3
chr4_87846792_87975713:chr4_87846792_87975713,23
chr4_87983411_88007634:chr4_87983411_88007634,7
chr4_88077777_88090263:chr4_88077777_88090263,2
chr4_88231626_88257619:chr4_88231626_88257619,1
chr4_88284561_88378851:chr4_88284561_88378851,15
chr4_88443097_88457118:chr4_88443097_88457118,5
chr4_88506163_88520997:chr4_88506163_88520997,7
chr4_88708539_88725959:chr4_88708539_88725959,14
chr4_89057185_89111168:chr4_89057185_89111168,8
chr4_89114901_89236382:chr4_89114901_89236382,19
chr4_89307800_89724098:chr4_89307800_89724098,58
chr4_89838304_89879510:chr4_89838304_89879510,7
chr4_89954614_90127393:chr4_89954614_90127393,17
chr4_91605295_92303965:chr4_91605295_92303965,71
chr4_93774566_93828752:chr4_93774566_93828752,7
chr4_93830964_94207607:chr4_93830964_94207607,44
chr4_94291292_94298534:chr4_94291292_94298534,2
chr4_94342836_94451941:chr4_94342836_94451941,14
chr4_94668223_94757954:chr4_94668223_94757954,14
chr4_95158450_95162503:chr4_95158450_95162503,0
chr4_95548973_95840092:chr4_95548973_95840092,41
chr4_95841464_97558871:chr4_95841464_97558871,184
chr4_98143476_98261383:chr4_98143476_98261383,15
chr4_98443858_98470366:chr4_98443858_98470366,6
chr4_98658611_98879275:chr4_98658611_98879275,34
chr4_98929133_98995720:chr4_98929133_98995720,15
chr4_99062809_99070977:chr4_99062809_99070977,8
chr4_99088788_99123657:chr4_99088788_99123657,8
chr4_99144297_99202638:chr4_99144297_99202638,6
chr4_99219246_99276368:chr4_99219246_99276368,2
chr4_99290985_99304970:chr4_99290985_99304970,1
chr4_99321401_99336496:chr4_99321401_99336496,6
chr4_99352746_99412262:chr4_99352746_99412262,7
chr4_99435342_99511020:chr4_99435342_99511020,18
chr4_99542303_99546710:chr4_99542303_99546710,0
chr4_99623997_99636528:chr4_99623997_99636528,4
chr4_99657828_99816826:chr4_99657828_99816826,24
chr4_99870190_99878335:chr4_99870190_99878335,4
chr4_99894546_99896247:chr4_99894546_99896247,1
chr4_99946618_99948087:chr4_99946618_99948087,2
chr4_99950275_100185869:chr4_99950275_100185869,36
chr4_100190468_100395340:chr4_100190468_100395340,29
chr4_100518022_101023417:chr4_100518022_101023417,75
chr4_101347526_101790729:chr4_101347526_101790729,51
chr4_102074812_102251040:chr4_102074812_102251040,18
chr4_102345482_102501358:chr4_102345482_102501358,17
chr4_102617302_102630769:chr4_102617302_102630769,3
chr4_102760968_102794382:chr4_102760968_102794382,4
chr4_103099834_103105810:chr4_103099834_103105810,5
chr4_103198343_103586030:chr4_103198343_103586030,41
chr4_103719985_104468307:chr4_103719985_104468307,69
chr4_104494894_105145874:chr4_104494894_105145874,77
chr4_105279803_105369076:chr4_105279803_105369076,13
chr4_105474070_105552619:chr4_105474070_105552619,13
chr4_105680914_105682626:chr4_105680914_105682626,4
chr4_105847725_105895470:chr4_105847725_105895470,5
chr4_105971671_106041598:chr4_105971671_106041598,5
chr4_106349456_106357391:chr4_106349456_106357391,1
chr4_106368778_106921801:chr4_106368778_106921801,53
chr4_107036313_107613665:chr4_107036313_107613665,73
chr4_107720234_107824562:chr4_107720234_107824562,18
chr4_107915047_107931548:chr4_107915047_107931548,1
chr4_107953461_107989888:chr4_107953461_107989888,6
chr4_108035171_108047547:chr4_108035171_108047547,9
chr4_108168932_108620575:chr4_108168932_108620575,91
chr4_108630484_108650598:chr4_108630484_108650598,11
chr4_108667820_108742052:chr4_108667820_108742052,14
chr4_108763053_108808724:chr4_108763053_108808724,5
chr4_109302658_109433814:chr4_109302658_109433814,35
chr4_109540896_109560245:chr4_109540896_109560245,5
chr4_109703445_109709988:chr4_109703445_109709988,13
chr4_109801999_109815509:chr4_109801999_109815509,3
chr4_109824737_109827971:chr4_109824737_109827971,4
chr4_109844942_109848106:chr4_109844942_109848106,2
chr4_109872315_109912882:chr4_109872315_109912882,10
chr4_110013766_110045845:chr4_110013766_110045845,5
chr4_110198615_110476154:chr4_110198615_110476154,33
chr4_110565285_110617422:chr4_110565285_110617422,7
chr4_110642123_112145453:chr4_110642123_112145453,162
chr4_112195256_112231786:chr4_112195256_112231786,3
chr4_112273110_112274536:chr4_112273110_112274536,0
chr4_112285904_112297368:chr4_112285904_112297368,6
chr4_112442621_112513515:chr4_112442621_112513515,8
chr4_112516180_112539338:chr4_112516180_112539338,6
chr4_112657586_112705621:chr4_112657586_112705621,8
chr4_113383736_113451031:chr4_113383736_113451031,12
chr4_113761738_113900283:chr4_113761738_113900283,18
chr4_113979647_114598401:chr4_113979647_114598401,49
chr4_114678225_114827762:chr4_114678225_114827762,21
chr4_115113620_117083553:chr4_115113620_117083553,176
chr4_117085576_118033321:chr4_117085576_118033321,101
chr4_118258634_118280037:chr4_118258634_118280037,3
chr4_118353003_118685391:chr4_118353003_118685391,21
chr4_118715430_118722822:chr4_118715430_118722822,4
chr4_118836126_118850680:chr4_118836126_118850680,3
chr4_119061247_119135831:chr4_119061247_119135831,11
chr4_119187789_119212712:chr4_119187789_119212712,3
chr4_119304445_119317249:chr4_119304445_119317249,1
chr4_119322138_119494402:chr4_119322138_119494402,17
chr4_119628804_120055622:chr4_119628804_120055622,58
chr4_120066848_120691914:chr4_120066848_120691914,71
chr4_120922726_121035612:chr4_120922726_121035612,8
chr4_121072535_121131407:chr4_121072535_121131407,8
chr4_121227483_121328641:chr4_121227483_121328641,10
chr4_121381018_121667945:chr4_121381018_121667945,46
chr4_121696980_121758929:chr4_121696980_121758929,11
chr4_121765400_121801322:chr4_121765400_121801322,8
chr4_121870474_121874480:chr4_121870474_121874480,2
chr4_121952060_122152330:chr4_121952060_122152330,37
chr4_122362752_122379010:chr4_122362752_122379010,5
chr4_122429784_122451469:chr4_122429784_122451469,1
chr4_122456725_122610107:chr4_122456725_122610107,24
chr4_122621066_122732703:chr4_122621066_122732703,29
chr4_122744939_122826681:chr4_122744939_122826681,11
chr4_123319433_123396794:chr4_123319433_123396794,18
chr4_123403760_124664047:chr4_123403760_124664047,168
chr4_124712732_125314954:chr4_124712732_125314954,82
chr4_125492932_127632956:chr4_125492932_127632956,313
chr4_127726737_127730399:chr4_127726737_127730399,1
chr4_127774292_127781795:chr4_127774292_127781795,2
chr4_127840733_127880892:chr4_127840733_127880892,9
chr4_127899224_127917731:chr4_127899224_127917731,5
chr4_128039953_128061311:chr4_128039953_128061311,2
chr4_128222926_128269241:chr4_128222926_128269241,6
chr4_128287813_128809699:chr4_128287813_128809699,108
chr4_128875224_128883992:chr4_128875224_128883992,2
chr4_129116637_133149293:chr4_129116637_133149293,351
chr4_133194700_134196332:chr4_133194700_134196332,88
chr4_134201789_137518917:chr4_134201789_137518917,325
chr4_137532494_138164096:chr4_137532494_138164096,63
chr4_138242349_139015780:chr4_138242349_139015780,137
chr4_139045939_139057219:chr4_139045939_139057219,6
chr4_139177218_139266164:chr4_139177218_139266164,20
chr4_139280225_139289916:chr4_139280225_139289916,4
chr4_139391384_139454120:chr4_139391384_139454120,23
chr4_139476609_139492973:chr4_139476609_139492973,5
chr4_139556219_139665818:chr4_139556219_139665818,16
chr4_140154184_140257307:chr4_140154184_140257307,21
chr4_140385728_140388452:chr4_140385728_140388452,0
chr4_140427648_140442261:chr4_140427648_140442261,0
chr4_140498293_140524167:chr4_140498293_140524167,2
chr4_140553770_140559430:chr4_140553770_140559430,1
chr4_140568961_140620781:chr4_140568961_140620781,10
chr4_140756385_140859806:chr4_140756385_140859806,19
chr4_141133469_141220894:chr4_141133469_141220894,18
chr4_141234697_141636582:chr4_141234697_141636582,55
chr4_141733987_142023159:chr4_141733987_142023159,37
chr4_142846535_143184916:chr4_142846535_143184916,34
chr4_143223874_143336875:chr4_143223874_143336875,25
chr4_143474565_143513701:chr4_143474565_143513701,7
chr4_143557486_143577301:chr4_143557486_143577301,5
chr4_143700675_143870863:chr4_143700675_143870863,27
chr4_143905559_143996103:chr4_143905559_143996103,6
chr4_144019380_144109302:chr4_144019380_144109302,6
chr4_144140718_144646155:chr4_144140718_144646155,80
chr4_144745271_144994574:chr4_144745271_144994574,32
chr4_145129524_145133649:chr4_145129524_145133649,3
chr4_145180589_145455948:chr4_145180589_145455948,39
chr4_145456448_145481305:chr4_145456448_145481305,1
chr4_145559176_145619384:chr4_145559176_145619384,9
chr4_145660033_145680145:chr4_145660033_145680145,3
chr4_145732797_145757626:chr4_145732797_145757626,6
chr4_145938823_146175717:chr4_145938823_146175717,35
chr4_146191535_146214537:chr4_146191535_146214537,5
chr4_146232267_146253980:chr4_146232267_146253980,2
chr4_146521940_146638892:chr4_146521940_146638892,9
chr4_146642474_146706616:chr4_146642474_146706616,9
chr4_146945864_147481096:chr4_146945864_147481096,64
chr4_147544954_147617396:chr4_147544954_147617396,11
chr4_147636721_147637784:chr4_147636721_147637784,3
chr4_147684163_147732087:chr4_147684163_147732087,12
chr4_148072776_148078763:chr4_148072776_148078763,2
chr4_148444698_149351708:chr4_148444698_149351708,108
chr4_149815843_150078444:chr4_149815843_150078444,29
chr4_150257438_150264434:chr4_150257438_150264434,2
chr4_151015727_151099627:chr4_151015727_151099627,12
chr4_151104642_151120280:chr4_151104642_151120280,10
chr4_151325605_151409175:chr4_151325605_151409175,20
chr4_151761007_152320543:chr4_151761007_152320543,115
chr4_152536092_152618627:chr4_152536092_152618627,23
chr4_152679997_152769353:chr4_152679997_152769353,12
chr4_152912357_152936322:chr4_152912357_152936322,5
chr4_152979671_153152162:chr4_152979671_153152162,43
chr4_153339317_153344648:chr4_153339317_153344648,3
chr4_153415118_153466359:chr4_153415118_153466359,11
chr4_153636711_153684279:chr4_153636711_153684279,16
chr4_153706260_153710159:chr4_153706260_153710159,0
chr4_153760024_153780590:chr4_153760024_153780590,5
chr4_153789083_154231741:chr4_153789083_154231741,63
chr4_154491799_154535004:chr4_154491799_154535004,3
chr4_154550400_154562979:chr4_154550400_154562979,3
chr4_154572807_154583125:chr4_154572807_154583125,1
chr4_154590742_154604135:chr4_154590742_154604135,3
chr4_154612656_154740837:chr4_154612656_154740837,22
chr4_154753120_154781271:chr4_154753120_154781271,5
chr4_154828813_155173722:chr4_154828813_155173722,51
chr4_155217076_155342657:chr4_155217076_155342657,13
chr4_155376965_155462735:chr4_155376965_155462735,13
chr4_155462807_155666847:chr4_155462807_155666847,28
chr4_155737059_155759020:chr4_155737059_155759020,4
chr4_155807811_155829728:chr4_155807811_155829728,7
chr4_155866277_155903695:chr4_155866277_155903695,5
chr4_155920406_155924117:chr4_155920406_155924117,2
chr4_155953866_156760453:chr4_155953866_156760453,92
chr4_156971799_157076149:chr4_156971799_157076149,18
chr4_157172090_157220119:chr4_157172090_157220119,1
chr4_157366075_158124473:chr4_157366075_158124473,69
chr4_158173025_158210485:chr4_158173025_158210485,6
chr4_158255416_158521713:chr4_158255416_158521713,28
chr4_158653372_158666674:chr4_158653372_158666674,3
chr4_158723396_158769025:chr4_158723396_158769025,7
chr4_159035229_159103078:chr4_159035229_159103078,10
chr4_159360173_161383896:chr4_159360173_161383896,75
chr4_162164000_163126707:chr4_162164000_163126707,73
chr4_163166890_163323961:chr4_163166890_163323961,22
chr4_163332596_163343891:chr4_163332596_163343891,5
chr4_163351934_163471094:chr4_163351934_163471094,9
chr4_163473754_163494689:chr4_163473754_163494689,4
chr4_163520539_163524297:chr4_163520539_163524297,4
chr4_164384019_164754130:chr4_164384019_164754130,37
chr4_164803795_164877177:chr4_164803795_164877177,12
chr4_164897527_164954445:chr4_164897527_164954445,6
chr4_164977657_165031998:chr4_164977657_165031998,10
chr4_165041749_165053865:chr4_165041749_165053865,7
chr4_165060554_165070607:chr4_165060554_165070607,1
chr4_165112860_165207560:chr4_165112860_165207560,13
chr4_165323156_165327668:chr4_165323156_165327668,2
chr4_165343164_165379007:chr4_165343164_165379007,9
chr4_165498547_165873236:chr4_165498547_165873236,50
chr4_166104457_166733383:chr4_166104457_166733383,66
chr4_167234494_168092536:chr4_167234494_168092536,83
chr4_168187736_168216293:chr4_168187736_168216293,4
chr4_168318752_168356734:chr4_168318752_168356734,1
chr4_168480492_168497051:chr4_168480492_168497051,7
chr4_168928441_168987589:chr4_168928441_168987589,14
chr4_169010255_169094258:chr4_169010255_169094258,15
chr4_169270956_169392808:chr4_169270956_169392808,14
chr4_169612583_169620577:chr4_169612583_169620577,4
chr4_169723673_169729469:chr4_169723673_169729469,3
chr4_169757944_169986601:chr4_169757944_169986601,39
chr4_170026395_170060221:chr4_170026395_170060221,4
chr4_170090387_171813403:chr4_170090387_171813403,172
chr4_173041559_173168810:chr4_173041559_173168810,20
chr4_173323967_173331375:chr4_173323967_173331375,5
chr4_173334358_173370953:chr4_173334358_173370953,6
chr4_173377532_173384700:chr4_173377532_173384700,4
chr4_173519144_173526090:chr4_173519144_173526090,2
chr4_173530229_174236657:chr4_173530229_174236657,97
chr4_174333381_174490174:chr4_174333381_174490174,30
chr4_174522893_174636919:chr4_174522893_174636919,13
chr4_174829247_174918357:chr4_174829247_174918357,13
chr4_174978180_175632936:chr4_174978180_175632936,87
chr4_176002691_176065840:chr4_176002691_176065840,9
chr4_176182815_176184578:chr4_176182815_176184578,0
chr4_176195585_176213672:chr4_176195585_176213672,3
chr4_176269222_176319965:chr4_176269222_176319965,10
chr4_176332245_176683537:chr4_176332245_176683537,44
chr4_176792922_177309873:chr4_176792922_177309873,68
chr4_177362936_177430773:chr4_177362936_177430773,16
chr4_177442437_182243401:chr4_177442437_182243401,533
chr4_182803024_182890090:chr4_182803024_182890090,27
chr4_182917611_183099256:chr4_182917611_183099256,28
chr4_183322426_183444635:chr4_183322426_183444635,30
chr4_183449064_183505057:chr4_183449064_183505057,19
chr4_183512429_183639634:chr4_183512429_183639634,26
chr4_183713589_183905306:chr4_183713589_183905306,31
chr4_184023526_184088705:chr4_184023526_184088705,19
chr4_184217873_184387728:chr4_184217873_184387728,46
chr4_184474550_184627695:chr4_184474550_184627695,25
chr4_184734096_184755594:chr4_184734096_184755594,10
chr4_184825968_185018489:chr4_184825968_185018489,36
chr4_185020953_185143265:chr4_185020953_185143265,22
chr4_185150382_185159664:chr4_185150382_185159664,5
chr4_185471733_185500659:chr4_185471733_185500659,4
chr4_185535507_185585522:chr4_185535507_185585522,18
chr4_185956372_186069155:chr4_185956372_186069155,28
chr4_186088073_186104703:chr4_186088073_186104703,3
chr4_186175337_186191566:chr4_186175337_186191566,2
chr4_186213463_186227506:chr4_186213463_186227506,3
chr4_186258471_186266188:chr4_186258471_186266188,2
chr4_186289681_186533654:chr4_186289681_186533654,52
chr4_186555567_186587793:chr4_186555567_186587793,14
chr4_186723856_187995770:chr4_186723856_187995770,254
chr4_188005046_188091271:chr4_188005046_188091271,18
chr4_188109603_188139440:chr4_188109603_188139440,3
chr4_188147743_189940871:chr4_188147743_189940871,257
chr4_189963192_190024366:chr4_189963192_190024366,10
chr4_190027256_190173773:chr4_190027256_190173773,3
chr4_190175845_190214555:chr4_190175845_190214555,0
chr5_0_92167:chr5_0_92167,12
chr5_189966_191494:chr5_189966_191494,2
chr5_257082_271645:chr5_257082_271645,5
chr5_438285_443175:chr5_438285_443175,7
chr5_467290_470455:chr5_467290_470455,6
chr5_524449_612339:chr5_524449_612339,33
chr5_653553_659861:chr5_653553_659861,17
chr5_693352_710354:chr5_693352_710354,0
chr5_784729_795604:chr5_784729_795604,1
chr5_850986_863740:chr5_850986_863740,15
chr5_918120_1008801:chr5_918120_1008801,35
chr5_1038943_1050383:chr5_1038943_1050383,5
chr5_1112063_1201594:chr5_1112063_1201594,33
chr5_1246189_1253166:chr5_1246189_1253166,1
chr5_1295068_1317751:chr5_1295068_1317751,13
chr5_1345099_1392793:chr5_1345099_1392793,18
chr5_1445440_1461426:chr5_1445440_1461426,11
chr5_1523960_1798384:chr5_1523960_1798384,72
chr5_1799837_1801406:chr5_1799837_1801406,2
chr5_1816048_1877412:chr5_1816048_1877412,31
chr5_1887179_2745844:chr5_1887179_2745844,207
chr5_2751677_3595831:chr5_2751677_3595831,195
chr5_3601403_5140329:chr5_3601403_5140329,315
chr5_5320304_5422676:chr5_5320304_5422676,38
chr5_5490220_6371873:chr5_5490220_6371873,241
chr5_6378547_6448858:chr5_6378547_6448858,19
chr5_6496723_6599238:chr5_6496723_6599238,37
chr5_6674386_6713431:chr5_6674386_6713431,7
chr5_6757044_7396137:chr5_6757044_7396137,131
chr5_7851133_7859158:chr5_7851133_7859158,7
chr5_7901113_9035032:chr5_7901113_9035032,219
chr5_9546075_9627346:chr5_9546075_9627346,12
chr5_9903876_10225506:chr5_9903876_10225506,86
chr5_10266412_10277594:chr5_10266412_10277594,21
chr5_10307902_10353694:chr5_10307902_10353694,20
chr5_10440388_10441878:chr5_10440388_10441878,5
chr5_10465026_10564069:chr5_10465026_10564069,25
chr5_10657816_10679229:chr5_10657816_10679229,8
chr5_10761234_10971835:chr5_10761234_10971835,55
chr5_11904446_13690327:chr5_11904446_13690327,326
chr5_13944688_14143341:chr5_13944688_14143341,48
chr5_14510204_14581791:chr5_14510204_14581791,10
chr5_14616180_14664717:chr5_14616180_14664717,10
chr5_14699850_14704799:chr5_14699850_14704799,14
chr5_14871778_15500179:chr5_14871778_15500179,133
chr5_15939793_16067138:chr5_15939793_16067138,21
chr5_16179791_16451518:chr5_16179791_16451518,63
chr5_16465800_16473052:chr5_16465800_16473052,3
chr5_16616997_16661906:chr5_16616997_16661906,8
chr5_16936288_17216822:chr5_16936288_17216822,52
chr5_17276834_17444009:chr5_17276834_17444009,31
chr5_17483946_17490966:chr5_17483946_17490966,0
chr5_17492076_17498230:chr5_17492076_17498230,2
chr5_17498827_17518366:chr5_17498827_17518366,2
chr5_17518963_17521800:chr5_17518963_17521800,0
chr5_17522397_17525234:chr5_17522397_17525234,0
chr5_17525831_17528668:chr5_17525831_17528668,0
chr5_17529265_17585161:chr5_17529265_17585161,0
chr5_17585758_17590363:chr5_17585758_17590363,0
chr5_17590960_17593797:chr5_17590960_17593797,0
chr5_17594394_17597231:chr5_17594394_17597231,0
chr5_17597828_17604182:chr5_17597828_17604182,0
chr5_17605739_17610989:chr5_17605739_17610989,0
chr5_17611944_17632087:chr5_17611944_17632087,1
chr5_17632684_17634459:chr5_17632684_17634459,0
chr5_17635053_17654867:chr5_17635053_17654867,4
chr5_17655849_19471295:chr5_17655849_19471295,282
chr5_20575713_21750672:chr5_20575713_21750672,112
chr5_22853344_23507154:chr5_22853344_23507154,105
chr5_23528093_24487099:chr5_23528093_24487099,118
chr5_24644978_26880596:chr5_24644978_26880596,273
chr5_27038586_31193685:chr5_27038586_31193685,682
chr5_31329146_31400493:chr5_31329146_31400493,23
chr5_31555053_31639130:chr5_31555053_31639130,19
chr5_32110932_32124715:chr5_32110932_32124715,16
chr5_32174319_32227006:chr5_32174319_32227006,15
chr5_32312939_32354349:chr5_32312939_32354349,11
chr5_32444740_32585556:chr5_32444740_32585556,23
chr5_32604079_32690871:chr5_32604079_32690871,19
chr5_32791720_33440695:chr5_32791720_33440695,101
chr5_33468091_33523534:chr5_33468091_33523534,21
chr5_33891990_33936385:chr5_33891990_33936385,5
chr5_33938918_33944622:chr5_33938918_33944622,4
chr5_33984693_33986164:chr5_33984693_33986164,3
chr5_34124528_34656327:chr5_34124528_34656327,64
chr5_34832612_34839163:chr5_34832612_34839163,4
chr5_34925996_34929558:chr5_34925996_34929558,8
chr5_34958964_34998101:chr5_34958964_34998101,18
chr5_35230487_35617862:chr5_35230487_35617862,77
chr5_35814611_35856890:chr5_35814611_35856890,8
chr5_35879603_35904287:chr5_35879603_35904287,5
chr5_35938779_35951005:chr5_35938779_35951005,8
chr5_36001022_36035020:chr5_36001022_36035020,7
chr5_36066882_36098406:chr5_36066882_36098406,11
chr5_36184319_36192588:chr5_36184319_36192588,5
chr5_36242279_36246912:chr5_36242279_36246912,2
chr5_36301902_36606605:chr5_36301902_36606605,64
chr5_36688334_36876768:chr5_36688334_36876768,39
chr5_37066413_37106234:chr5_37066413_37106234,5
chr5_37249376_37288136:chr5_37249376_37288136,6
chr5_37371106_37379317:chr5_37371106_37379317,5
chr5_37753435_37812676:chr5_37753435_37812676,15
chr5_37840041_38258558:chr5_37840041_38258558,113
chr5_38465480_38474667:chr5_38465480_38474667,5
chr5_38595405_38846011:chr5_38595405_38846011,57
chr5_38935641_38937919:chr5_38935641_38937919,1
chr5_39074399_39105251:chr5_39074399_39105251,17
chr5_39270649_39284139:chr5_39270649_39284139,4
chr5_39364495_39371676:chr5_39364495_39371676,1
chr5_39424980_40679914:chr5_39424980_40679914,219
chr5_40693735_40711575:chr5_40693735_40711575,3
chr5_40755961_40759388:chr5_40755961_40759388,2
chr5_40798374_40825261:chr5_40798374_40825261,4
chr5_40835222_40841366:chr5_40835222_40841366,7
chr5_40855354_40909496:chr5_40855354_40909496,11
chr5_40984643_40998019:chr5_40984643_40998019,4
chr5_41071342_41142115:chr5_41071342_41142115,16
chr5_41261469_41306951:chr5_41261469_41306951,16
chr5_41510601_41730064:chr5_41510601_41730064,36
chr5_41870425_41904343:chr5_41870425_41904343,10
chr5_41921636_41925280:chr5_41921636_41925280,4
chr5_41941743_42423438:chr5_41941743_42423438,88
chr5_42721878_42756817:chr5_42721878_42756817,9
chr5_42811892_43039370:chr5_42811892_43039370,55
chr5_43043247_43120913:chr5_43043247_43120913,23
chr5_43176324_43192224:chr5_43176324_43192224,4
chr5_43280850_43287469:chr5_43280850_43287469,8
chr5_43313412_43376644:chr5_43313412_43376644,11
chr5_43412391_43444251:chr5_43412391_43444251,10
chr5_43484387_43486708:chr5_43484387_43486708,3
chr5_43515148_43526266:chr5_43515148_43526266,6
chr5_43557411_43602674:chr5_43557411_43602674,16
chr5_43707396_44300246:chr5_43707396_44300246,72
chr5_44389420_44808946:chr5_44389420_44808946,66
chr5_44815514_45254947:chr5_44815514_45254947,62
chr5_45696380_50396191:chr5_45696380_50396191,122
chr5_50441288_50665930:chr5_50441288_50665930,16
chr5_50846519_51383447:chr5_50846519_51383447,60
chr5_51394730_52787915:chr5_51394730_52787915,137
chr5_52959209_52989351:chr5_52959209_52989351,2
chr5_53109757_53480628:chr5_53109757_53480628,65
chr5_53487134_53560638:chr5_53487134_53560638,14
chr5_53683338_53883941:chr5_53683338_53883941,27
chr5_54310573_54455698:chr5_54310573_54455698,76
chr5_54456377_54517758:chr5_54456377_54517758,25
chr5_54546586_54977866:chr5_54546586_54977866,70
chr5_54985593_55024255:chr5_54985593_55024255,8
chr5_55034570_55102645:chr5_55034570_55102645,16
chr5_55110252_55112970:chr5_55110252_55112970,2
chr5_55173177_55219563:chr5_55173177_55219563,7
chr5_55227315_55231151:chr5_55227315_55231151,6
chr5_55233608_55256054:chr5_55233608_55256054,11
chr5_55534964_55625844:chr5_55534964_55625844,9
chr5_55712335_55738060:chr5_55712335_55738060,1
chr5_55817157_55851356:chr5_55817157_55851356,6
chr5_55922850_55935094:chr5_55922850_55935094,6
chr5_55994963_56099679:chr5_55994963_56099679,17
chr5_56233330_56815548:chr5_56233330_56815548,102
chr5_56896152_56909259:chr5_56896152_56909259,3
chr5_56952123_57174058:chr5_56952123_57174058,46
chr5_57264679_57480017:chr5_57264679_57480017,36
chr5_57482811_58453981:chr5_57482811_58453981,136
chr5_58460086_58491434:chr5_58460086_58491434,3
chr5_58497090_58582151:chr5_58497090_58582151,11
chr5_58859394_58969037:chr5_58859394_58969037,14
chr5_60496286_60596911:chr5_60496286_60596911,12
chr5_60700166_60751790:chr5_60700166_60751790,12
chr5_60844269_60866453:chr5_60844269_60866453,3
chr5_61153026_61157703:chr5_61153026_61157703,2
chr5_61162468_61332257:chr5_61162468_61332257,19
chr5_61546172_62306205:chr5_61546172_62306205,125
chr5_62403905_62412762:chr5_62403905_62412762,2
chr5_62628589_63957873:chr5_62628589_63957873,163
chr5_63962445_64165842:chr5_63962445_64165842,25
chr5_64372869_64506014:chr5_64372869_64506014,12
chr5_64612319_64690502:chr5_64612319_64690502,18
chr5_65018763_65148737:chr5_65018763_65148737,29
chr5_65481920_65516291:chr5_65481920_65516291,9
chr5_65587549_65589689:chr5_65587549_65589689,1
chr5_65829283_65926574:chr5_65829283_65926574,13
chr5_66082546_66144299:chr5_66082546_66144299,12
chr5_66183615_66596392:chr5_66183615_66596392,63
chr5_67169593_67179612:chr5_67169593_67179612,2
chr5_67196799_68215755:chr5_67196799_68215755,134
chr5_68301821_69094013:chr5_68301821_69094013,164
chr5_69131069_69167149:chr5_69131069_69167149,10
chr5_69178245_69189582:chr5_69178245_69189582,6
chr5_69210357_69217759:chr5_69210357_69217759,6
chr5_69230158_69234794:chr5_69230158_69234794,2
chr5_69277430_69280174:chr5_69277430_69280174,2
chr5_69332801_69350983:chr5_69332801_69350983,8
chr5_69444330_69492546:chr5_69444330_69492546,9
chr5_69558104_69560190:chr5_69558104_69560190,0
chr5_69595221_70025250:chr5_69595221_70025250,0
chr5_70043113_70049522:chr5_70043113_70049522,0
chr5_70077595_70900668:chr5_70077595_70900668,0
chr5_70918530_70924940:chr5_70918530_70924940,0
chr5_70953015_70968165:chr5_70953015_70968165,0
chr5_71025339_71035346:chr5_71025339_71035346,0
chr5_71067676_71455650:chr5_71067676_71455650,4
chr5_71567820_71587339:chr5_71567820_71587339,15
chr5_71658706_71719274:chr5_71658706_71719274,13
chr5_71721045_72107474:chr5_71721045_72107474,62
chr5_72209565_72219402:chr5_72209565_72219402,10
chr5_72368395_72439902:chr5_72368395_72439902,23
chr5_72507410_72816660:chr5_72507410_72816660,57
chr5_72914388_72956040:chr5_72914388_72956040,1
chr5_73090522_73120574:chr5_73090522_73120574,9
chr5_73131809_73173192:chr5_73131809_73173192,12
chr5_73175143_73446265:chr5_73175143_73446265,39
chr5_73448777_73498441:chr5_73448777_73498441,7
chr5_73505667_73552189:chr5_73505667_73552189,11
chr5_73583380_73626195:chr5_73583380_73626195,18
chr5_73941990_74627408:chr5_73941990_74627408,148
chr5_74866966_75025345:chr5_74866966_75025345,32
chr5_75052558_75068296:chr5_75052558_75068296,3
chr5_75236878_75337167:chr5_75236878_75337167,11
chr5_75362116_75368485:chr5_75362116_75368485,6
chr5_75609991_75611452:chr5_75609991_75611452,2
chr5_75671846_75674123:chr5_75671846_75674123,5
chr5_75717437_76083382:chr5_75717437_76083382,57
chr5_76353939_76403284:chr5_76353939_76403284,11
chr5_76708132_76716125:chr5_76708132_76716125,2
chr5_76735770_76819029:chr5_76735770_76819029,13
chr5_76835315_76850013:chr5_76835315_76850013,1
chr5_76921650_76953044:chr5_76921650_76953044,7
chr5_76969471_77030403:chr5_76969471_77030403,11
chr5_77065234_77072071:chr5_77065234_77072071,7
chr5_77087285_77180303:chr5_77087285_77180303,13
chr5_77428256_77430932:chr5_77428256_77430932,3
chr5_77492316_77628711:chr5_77492316_77628711,16
chr5_77638713_77691165:chr5_77638713_77691165,11
chr5_77776339_78000521:chr5_77776339_78000521,45
chr5_78294698_78360616:chr5_78294698_78360616,16
chr5_78480739_78485229:chr5_78480739_78485229,7
chr5_78648772_78777208:chr5_78648772_78777208,22
chr5_78985958_78997563:chr5_78985958_78997563,1
chr5_79090069_79111808:chr5_79090069_79111808,7
chr5_79132288_79236130:chr5_79132288_79236130,16
chr5_79327211_79372635:chr5_79327211_79372635,13
chr5_79514134_79612440:chr5_79514134_79612440,15
chr5_79688246_79689835:chr5_79688246_79689835,4
chr5_79800222_79976715:chr5_79800222_79976715,28
chr5_80083287_80111224:chr5_80083287_80111224,4
chr5_80256048_80320001:chr5_80256048_80320001,12
chr5_80321842_80408063:chr5_80321842_80408063,12
chr5_80483379_80488099:chr5_80483379_80488099,3
chr5_80542563_80556754:chr5_80542563_80556754,10
chr5_80570280_80626225:chr5_80570280_80626225,12
chr5_80876815_80960362:chr5_80876815_80960362,22
chr5_81230162_81233321:chr5_81230162_81233321,2
chr5_81266398_81301586:chr5_81266398_81301586,9
chr5_81313297_81329995:chr5_81313297_81329995,9
chr5_81394134_81412803:chr5_81394134_81412803,5
chr5_81751807_81972022:chr5_81751807_81972022,49
chr5_82256133_82273319:chr5_82256133_82273319,8
chr5_82278354_83052845:chr5_82278354_83052845,135
chr5_83353760_83471743:chr5_83353760_83471743,18
chr5_83582302_83637804:chr5_83582302_83637804,12
chr5_83720855_83940553:chr5_83720855_83940553,23
chr5_84384880_86617940:chr5_84384880_86617940,193
chr5_86620962_87267882:chr5_86620962_87267882,90
chr5_87412930_88188315:chr5_87412930_88188315,80
chr5_88268845_88717116:chr5_88268845_88717116,72
chr5_88904105_90392256:chr5_88904105_90392256,252
chr5_90409756_90458208:chr5_90409756_90458208,9
chr5_90514557_90515625:chr5_90514557_90515625,3
chr5_90529584_90558796:chr5_90529584_90558796,15
chr5_91164437_91368630:chr5_91164437_91368630,37
chr5_91383317_93583221:chr5_91383317_93583221,265
chr5_93594611_93617724:chr5_93594611_93617724,3
chr5_94111699_94150850:chr5_94111699_94150850,1
chr5_94697621_94703689:chr5_94697621_94703689,3
chr5_95285094_95391365:chr5_95285094_95391365,22
chr5_95450441_95463893:chr5_95450441_95463893,9
chr5_95605102_95620086:chr5_95605102_95620086,2
chr5_95622142_95646776:chr5_95622142_95646776,6
chr5_95796361_95813848:chr5_95796361_95813848,8
chr5_95822726_95885097:chr5_95822726_95885097,27
chr5_95961851_96390332:chr5_95961851_96390332,92
chr5_96433248_96662036:chr5_96433248_96662036,42
chr5_96814145_96875938:chr5_96814145_96875938,15
chr5_96919716_96936079:chr5_96919716_96936079,4
chr5_97037513_97091866:chr5_97037513_97091866,18
chr5_97142611_97160866:chr5_97142611_97160866,10
chr5_97183247_98768631:chr5_97183247_98768631,219
chr5_98796494_98853984:chr5_98796494_98853984,6
chr5_98929007_100535373:chr5_98929007_100535373,164
chr5_100586741_100806932:chr5_100586741_100806932,26
chr5_100903282_102233985:chr5_100903282_102233985,145
chr5_102296284_102371773:chr5_102296284_102371773,8
chr5_102499001_102754782:chr5_102499001_102754782,25
chr5_103031105_103085999:chr5_103031105_103085999,5
chr5_103212799_103258373:chr5_103212799_103258373,8
chr5_103278660_103548854:chr5_103278660_103548854,39
chr5_103562789_107376893:chr5_103562789_107376893,441
chr5_107670937_107859034:chr5_107670937_107859034,30
chr5_108382098_108747896:chr5_108382098_108747896,64
chr5_109196841_109334721:chr5_109196841_109334721,19
chr5_109409974_109689926:chr5_109409974_109689926,34
chr5_109869625_110419495:chr5_109869625_110419495,87
chr5_110726671_110738144:chr5_110726671_110738144,2
chr5_110765157_111070061:chr5_110765157_111070061,34
chr5_111078026_111092347:chr5_111078026_111092347,0
chr5_111130502_111223582:chr5_111130502_111223582,8
chr5_111494886_111496032:chr5_111494886_111496032,3
chr5_111512535_111728801:chr5_111512535_111728801,33
chr5_111976932_112142439:chr5_111976932_112142439,20
chr5_112419277_112707497:chr5_112419277_112707497,56
chr5_112846239_112861286:chr5_112846239_112861286,2
chr5_112922227_112976797:chr5_112922227_112976797,7
chr5_113488453_113513693:chr5_113488453_113513693,6
chr5_113595284_114055977:chr5_113595284_114055977,52
chr5_114496496_115124771:chr5_114496496_115124771,100
chr5_115180294_115204011:chr5_115180294_115204011,0
chr5_115262877_115267189:chr5_115262877_115267189,0
chr5_115296654_115520907:chr5_115296654_115520907,37
chr5_115544775_115578495:chr5_115544775_115578495,8
chr5_115626036_115804732:chr5_115626036_115804732,30
chr5_115816659_115828199:chr5_115816659_115828199,5
chr5_115914081_115962474:chr5_115914081_115962474,7
chr5_116027606_116032471:chr5_116027606_116032471,2
chr5_116059489_116085024:chr5_116059489_116085024,7
chr5_116293287_116443554:chr5_116293287_116443554,25
chr5_116574823_118836073:chr5_116574823_118836073,259
chr5_118988547_119071026:chr5_118988547_119071026,12
chr5_119249127_119268758:chr5_119249127_119268758,3
chr5_119399688_119452496:chr5_119399688_119452496,8
chr5_119542332_119629557:chr5_119542332_119629557,10
chr5_119635822_120464277:chr5_119635822_120464277,100
chr5_120687332_121851881:chr5_120687332_121851881,115
chr5_121852833_121961974:chr5_121852833_121961974,11
chr5_122028633_122063194:chr5_122028633_122063194,9
chr5_122078259_122129545:chr5_122078259_122129545,9
chr5_122153569_122311690:chr5_122153569_122311690,22
chr5_122464219_122774995:chr5_122464219_122774995,55
chr5_122834543_122845612:chr5_122834543_122845612,5
chr5_123009205_123023249:chr5_123009205_123023249,7
chr5_123036725_123089240:chr5_123036725_123089240,13
chr5_123194266_123344891:chr5_123194266_123344891,22
chr5_123423842_123512176:chr5_123423842_123512176,12
chr5_123617049_124636914:chr5_123617049_124636914,145
chr5_124748824_126360119:chr5_124748824_126360119,197
chr5_126494364_126541840:chr5_126494364_126541840,9
chr5_126595219_126600946:chr5_126595219_126600946,1
chr5_126627252_126631704:chr5_126627252_126631704,0
chr5_126636284_126776622:chr5_126636284_126776622,19
chr5_126837020_126867713:chr5_126837020_126867713,5
chr5_127030558_127042561:chr5_127030558_127042561,3
chr5_127073502_127290795:chr5_127073502_127290795,28
chr5_127461222_127517639:chr5_127461222_127517639,4
chr5_127555085_127649081:chr5_127555085_127649081,16
chr5_127658630_127703390:chr5_127658630_127703390,3
chr5_127941507_128083765:chr5_127941507_128083765,39
chr5_128189677_128257908:chr5_128189677_128257908,17
chr5_128538245_128965487:chr5_128538245_128965487,60
chr5_129033635_129094748:chr5_129033635_129094748,19
chr5_129114028_129460297:chr5_129114028_129460297,48
chr5_129738683_129748093:chr5_129738683_129748093,1
chr5_129766732_129904464:chr5_129766732_129904464,22
chr5_130186634_131159026:chr5_130186634_131159026,130
chr5_131165256_131170943:chr5_131165256_131170943,3
chr5_131205428_131264052:chr5_131205428_131264052,18
chr5_131394672_131423920:chr5_131394672_131423920,18
chr5_131635229_131641713:chr5_131635229_131641713,1
chr5_131797017_131806989:chr5_131797017_131806989,3
chr5_131945663_131949972:chr5_131945663_131949972,0
chr5_132012068_132060654:chr5_132012068_132060654,8
chr5_132063204_132073788:chr5_132063204_132073788,7
chr5_132076170_132190146:chr5_132076170_132190146,39
chr5_132227853_132257695:chr5_132227853_132257695,5
chr5_132273454_132294393:chr5_132273454_132294393,14
chr5_132344190_132369709:chr5_132344190_132369709,12
chr5_132395612_132481608:chr5_132395612_132481608,41
chr5_132490773_132541444:chr5_132490773_132541444,7
chr5_132543522_132556976:chr5_132543522_132556976,0
chr5_132646349_132656521:chr5_132646349_132656521,5
chr5_132661110_132673988:chr5_132661110_132673988,4
chr5_132682678_132692630:chr5_132682678_132692630,5
chr5_132737546_132747425:chr5_132737546_132747425,2
chr5_132778012_132813301:chr5_132778012_132813301,10
chr5_132816786_132822140:chr5_132816786_132822140,6
chr5_132830647_132861184:chr5_132830647_132861184,6
chr5_132868847_132873667:chr5_132868847_132873667,12
chr5_132963634_132996984:chr5_132963634_132996984,8
chr5_133026549_133052012:chr5_133026549_133052012,9
chr5_133106449_133196454:chr5_133106449_133196454,20
chr5_133612541_133955509:chr5_133612541_133955509,81
chr5_133968625_133971870:chr5_133968625_133971870,9
chr5_134176950_134194331:chr5_134176950_134194331,7
chr5_134226073_134298423:chr5_134226073_134298423,17
chr5_134392108_134402064:chr5_134392108_134402064,8
chr5_134411881_134524314:chr5_134411881_134524314,26
chr5_134583227_134601148:chr5_134583227_134601148,4
chr5_134632828_134648784:chr5_134632828_134648784,7
chr5_134727909_134738547:chr5_134727909_134738547,3
chr5_134752157_134758778:chr5_134752157_134758778,3
chr5_134831121_134845679:chr5_134831121_134845679,8
chr5_134859735_134873769:chr5_134859735_134873769,6
chr5_134901635_134905130:chr5_134901635_134905130,2
chr5_134962644_134967906:chr5_134962644_134967906,2
chr5_135011696_135027733:chr5_135011696_135027733,13
chr5_135034228_135334380:chr5_135034228_135334380,95
chr5_135399887_135444213:chr5_135399887_135444213,9
chr5_135452351_135534281:chr5_135452351_135534281,21
chr5_135535964_135570678:chr5_135535964_135570678,9
chr5_135888637_135892245:chr5_135888637_135892245,2
chr5_135895841_135946903:chr5_135895841_135946903,6
chr5_135954983_136028987:chr5_135954983_136028987,16
chr5_136063818_136132844:chr5_136063818_136132844,21
chr5_136182733_136191467:chr5_136182733_136191467,4
chr5_136193162_136212744:chr5_136193162_136212744,3
chr5_136365545_136975297:chr5_136365545_136975297,96
chr5_137499326_137617499:chr5_137499326_137617499,24
chr5_137736089_137745650:chr5_137736089_137745650,3
chr5_137754363_137867859:chr5_137754363_137867859,8
chr5_137887851_137889456:chr5_137887851_137889456,2
chr5_138038653_138084032:chr5_138038653_138084032,9
chr5_138092365_138115174:chr5_138092365_138115174,5
chr5_138213323_138252379:chr5_138213323_138252379,11
chr5_138274621_138285264:chr5_138274621_138285264,6
chr5_138349729_138352684:chr5_138349729_138352684,6
chr5_138437027_138439056:chr5_138437027_138439056,6
chr5_138446965_138465478:chr5_138446965_138465478,9
chr5_138469303_138506094:chr5_138469303_138506094,9
chr5_138543236_138553755:chr5_138543236_138553755,5
chr5_138575401_138753424:chr5_138575401_138753424,45
chr5_138935034_138946723:chr5_138935034_138946723,14
chr5_139198368_139274100:chr5_139198368_139274100,20
chr5_139331677_139341853:chr5_139331677_139341853,4
chr5_139383297_139387466:chr5_139383297_139387466,2
chr5_139395104_139396766:chr5_139395104_139396766,1
chr5_139404089_139410202:chr5_139404089_139410202,5
chr5_139439525_139448559:chr5_139439525_139448559,3
chr5_139462743_139471003:chr5_139462743_139471003,2
chr5_139473700_139475532:chr5_139473700_139475532,5
chr5_139482758_139561338:chr5_139482758_139561338,19
chr5_139628434_139647298:chr5_139628434_139647298,17
chr5_139683882_139795807:chr5_139683882_139795807,25
chr5_139844466_139846780:chr5_139844466_139846780,2
chr5_140043299_140114108:chr5_140043299_140114108,10
chr5_140129392_140175187:chr5_140129392_140175187,19
chr5_140243789_140245034:chr5_140243789_140245034,6
chr5_140303101_140332842:chr5_140303101_140332842,9
chr5_140346603_140360193:chr5_140346603_140360193,8
chr5_140375141_140401832:chr5_140375141_140401832,6
chr5_140569100_140631731:chr5_140569100_140631731,21
chr5_140633701_140639450:chr5_140633701_140639450,4
chr5_140662480_140664903:chr5_140662480_140664903,7
chr5_140699305_140700446:chr5_140699305_140700446,4
chr5_140706686_140786135:chr5_140706686_140786135,15
chr5_141012347_141051373:chr5_141012347_141051373,8
chr5_141059346_141094614:chr5_141059346_141094614,4
chr5_141098703_141100472:chr5_141098703_141100472,1
chr5_141103827_141121817:chr5_141103827_141121817,1
chr5_141125623_141135205:chr5_141125623_141135205,0
chr5_141138615_141150056:chr5_141138615_141150056,2
chr5_141153287_141172643:chr5_141153287_141172643,2
chr5_141176383_141177789:chr5_141176383_141177789,0
chr5_141180539_141182386:chr5_141180539_141182386,0
chr5_141195647_141199626:chr5_141195647_141199626,0
chr5_141203779_141208718:chr5_141203779_141208718,0
chr5_141212571_141213918:chr5_141212571_141213918,0
chr5_141218979_141223342:chr5_141218979_141223342,1
chr5_141227759_141245394:chr5_141227759_141245394,2
chr5_141249365_141302634:chr5_141249365_141302634,13
chr5_141304049_141318489:chr5_141304049_141318489,9
chr5_141320784_141330513:chr5_141320784_141330513,7
chr5_141512975_141515020:chr5_141512975_141515020,4
chr5_141619000_141620880:chr5_141619000_141620880,4
chr5_141651418_141653401:chr5_141651418_141653401,0
chr5_141682230_141853089:chr5_141682230_141853089,41
chr5_141878410_141923870:chr5_141878410_141923870,9
chr5_141942047_141943580:chr5_141942047_141943580,4
chr5_141958202_141966842:chr5_141958202_141966842,6
chr5_141990292_142000670:chr5_141990292_142000670,12
chr5_142013027_142108778:chr5_142013027_142108778,21
chr5_142154440_142310429:chr5_142154440_142310429,50
chr5_142325021_142592177:chr5_142325021_142592177,75
chr5_142698070_142770376:chr5_142698070_142770376,11
chr5_143229011_143277930:chr5_143229011_143277930,20
chr5_143435512_143812160:chr5_143435512_143812160,76
chr5_143820716_144158161:chr5_143820716_144158161,35
chr5_144485686_145756343:chr5_144485686_145756343,178
chr5_145835342_145858520:chr5_145835342_145858520,8
chr5_145873014_145936577:chr5_145873014_145936577,10
chr5_146063292_146084312:chr5_146063292_146084312,5
chr5_146105577_146113033:chr5_146105577_146113033,4
chr5_146182650_146203604:chr5_146182650_146203604,4
chr5_146289223_146338838:chr5_146289223_146338838,10
chr5_146341728_146447329:chr5_146341728_146447329,29
chr5_146511961_146513143:chr5_146511961_146513143,4
chr5_146516190_146580741:chr5_146516190_146580741,10
chr5_147081520_147235025:chr5_147081520_147235025,19
chr5_147387855_147390807:chr5_147387855_147390807,1
chr5_147510068_147585437:chr5_147510068_147585437,11
chr5_147782728_147824581:chr5_147782728_147824581,7
chr5_147839196_147878710:chr5_147839196_147878710,3
chr5_147882191_147892721:chr5_147882191_147892721,3
chr5_147906538_148063979:chr5_147906538_148063979,15
chr5_148137382_148168545:chr5_148137382_148168545,8
chr5_148175619_148202777:chr5_148175619_148202777,3
chr5_148215137_148238524:chr5_148215137_148238524,4
chr5_148243580_148268793:chr5_148243580_148268793,3
chr5_148286255_148312422:chr5_148286255_148312422,9
chr5_148315919_148335558:chr5_148315919_148335558,4
chr5_148339852_148383957:chr5_148339852_148383957,12
chr5_148442836_148451031:chr5_148442836_148451031,5
chr5_148654527_148826610:chr5_148654527_148826610,24
chr5_148828623_148982149:chr5_148828623_148982149,31
chr5_149063062_149141492:chr5_149063062_149141492,22
chr5_149260542_149271858:chr5_149260542_149271858,2
chr5_149343637_149345498:chr5_149343637_149345498,3
chr5_149354583_149358045:chr5_149354583_149358045,5
chr5_149369653_149374266:chr5_149369653_149374266,0
chr5_149404202_149492981:chr5_149404202_149492981,22
chr5_149551439_149581497:chr5_149551439_149581497,10
chr5_149634968_149730309:chr5_149634968_149730309,31
chr5_149855022_149857952:chr5_149855022_149857952,6
chr5_149944793_149960757:chr5_149944793_149960757,6
chr5_149987400_149993117:chr5_149987400_149993117,3
chr5_150155845_150166777:chr5_150155845_150166777,8
chr5_150184558_150190061:chr5_150184558_150190061,5
chr5_150211063_150219490:chr5_150211063_150219490,2
chr5_150290130_150296342:chr5_150290130_150296342,3
chr5_150302905_150357696:chr5_150302905_150357696,15
chr5_150400293_150401638:chr5_150400293_150401638,8
chr5_150412910_150442634:chr5_150412910_150442634,13
chr5_150449739_150497778:chr5_150449739_150497778,27
chr5_150558211_150601075:chr5_150558211_150601075,8
chr5_150659207_150660868:chr5_150659207_150660868,3
chr5_150679368_150690791:chr5_150679368_150690791,3
chr5_150701062_150708439:chr5_150701062_150708439,3
chr5_150759017_150778756:chr5_150759017_150778756,6
chr5_150796734_150846520:chr5_150796734_150846520,9
chr5_150904980_151020590:chr5_150904980_151020590,31
chr5_151087685_151100705:chr5_151087685_151100705,5
chr5_151157779_151181051:chr5_151157779_151181051,8
chr5_151224092_151253184:chr5_151224092_151253184,8
chr5_151270440_151276357:chr5_151270440_151276357,4
chr5_151303766_151314971:chr5_151303766_151314971,2
chr5_151347559_151437045:chr5_151347559_151437045,13
chr5_151492379_151504091:chr5_151492379_151504091,7
chr5_151591331_151661095:chr5_151591331_151661095,16
chr5_151686915_151742821:chr5_151686915_151742821,15
chr5_151758631_151771953:chr5_151758631_151771953,7
chr5_151812785_151822512:chr5_151812785_151822512,8
chr5_151924851_152391545:chr5_151924851_152391545,78
chr5_152405279_153490669:chr5_152405279_153490669,156
chr5_153813869_153990147:chr5_153813869_153990147,36
chr5_154057450_154190732:chr5_154057450_154190732,20
chr5_154420984_154445996:chr5_154420984_154445996,12
chr5_154461053_154474971:chr5_154461053_154474971,3
chr5_154478227_154682978:chr5_154478227_154682978,44
chr5_154850603_154858248:chr5_154850603_154858248,5
chr5_154876792_154887410:chr5_154876792_154887410,15
chr5_154938211_154941072:chr5_154938211_154941072,2
chr5_154969411_155013754:chr5_154969411_155013754,10
chr5_155018141_156327163:chr5_155018141_156327163,200
chr5_156767788_156850294:chr5_156767788_156850294,8
chr5_156852528_156919291:chr5_156852528_156919291,8
chr5_156963226_157029412:chr5_156963226_157029412,8
chr5_157059116_157085831:chr5_157059116_157085831,2
chr5_157109044_157137423:chr5_157109044_157137423,5
chr5_157142865_157161845:chr5_157142865_157161845,6
chr5_157166264_157180839:chr5_157166264_157180839,1
chr5_157255185_157266122:chr5_157255185_157266122,0
chr5_157395594_157460018:chr5_157395594_157460018,3
chr5_157474722_157477303:chr5_157474722_157477303,1
chr5_157575775_157625678:chr5_157575775_157625678,5
chr5_157680158_157731419:chr5_157680158_157731419,11
chr5_157741449_157743711:chr5_157741449_157743711,2
chr5_157760709_157785746:chr5_157760709_157785746,12
chr5_157859145_158695919:chr5_157859145_158695919,137
chr5_159099916_159157408:chr5_159099916_159157408,13
chr5_159210053_159263289:chr5_159210053_159263289,21
chr5_159286036_159314779:chr5_159286036_159314779,8
chr5_159330487_159916481:chr5_159330487_159916481,100
chr5_159973012_160009138:chr5_159973012_160009138,10
chr5_160065543_160075881:chr5_160065543_160075881,7
chr5_160119450_160187380:chr5_160119450_160187380,12
chr5_160238722_160249082:chr5_160238722_160249082,2
chr5_160339570_160347753:chr5_160339570_160347753,5
chr5_160370626_160393147:chr5_160370626_160393147,7
chr5_160400054_160401640:chr5_160400054_160401640,4
chr5_160419081_160421854:chr5_160419081_160421854,4
chr5_160428744_160563119:chr5_160428744_160563119,33
chr5_160852211_161288435:chr5_160852211_161288435,67
chr5_161548404_161685720:chr5_161548404_161685720,20
chr5_161702592_161847190:chr5_161702592_161847190,14
chr5_161899971_162067464:chr5_161899971_162067464,18
chr5_162155539_163437570:chr5_162155539_163437570,159
chr5_163491941_163503063:chr5_163491941_163503063,6
chr5_163519354_166979028:chr5_163519354_166979028,391
chr5_168264157_168291644:chr5_168264157_168291644,7
chr5_168472303_168486470:chr5_168472303_168486470,5
chr5_168519301_168529304:chr5_168519301_168529304,5
chr5_168530634_168548494:chr5_168530634_168548494,4
chr5_168579368_168661739:chr5_168579368_168661739,18
chr5_169301139_169583772:chr5_169301139_169583772,51
chr5_169604778_169637274:chr5_169604778_169637274,5
chr5_170083382_170105896:chr5_170083382_170105896,7
chr5_170109737_170232984:chr5_170109737_170232984,22
chr5_170297777_170353486:chr5_170297777_170353486,15
chr5_170736632_170783724:chr5_170736632_170783724,14
chr5_170814047_170862017:chr5_170814047_170862017,9
chr5_171300015_171309247:chr5_171300015_171309247,3
chr5_171312139_171387115:chr5_171312139_171387115,10
chr5_171410900_171419646:chr5_171410900_171419646,7
chr5_171457626_171785816:chr5_171457626_171785816,82
chr5_171791136_171861548:chr5_171791136_171861548,13
chr5_172006638_172042078:chr5_172006638_172042078,8
chr5_172188224_172194171:chr5_172188224_172194171,1
chr5_172203454_172209645:chr5_172203454_172209645,2
chr5_172283764_172325180:chr5_172283764_172325180,6
chr5_172454525_172641262:chr5_172454525_172641262,58
chr5_172691540_172768095:chr5_172691540_172768095,25
chr5_172771195_172834250:chr5_172771195_172834250,19
chr5_172952683_172958728:chr5_172952683_172958728,2
chr5_172969771_172983770:chr5_172969771_172983770,6
chr5_173035445_173056351:chr5_173035445_173056351,8
chr5_173139284_173144530:chr5_173139284_173144530,1
chr5_173164387_173232108:chr5_173164387_173232108,20
chr5_173235206_173314722:chr5_173235206_173314722,17
chr5_173328414_173607144:chr5_173328414_173607144,73
chr5_173616650_173888348:chr5_173616650_173888348,72
chr5_173961980_173989169:chr5_173961980_173989169,7
chr5_174006140_174045705:chr5_174006140_174045705,9
chr5_174109179_174724581:chr5_174109179_174724581,116
chr5_174730896_175440035:chr5_174730896_175440035,110
chr5_175444182_175478559:chr5_175444182_175478559,8
chr5_175529742_175658070:chr5_175529742_175658070,22
chr5_175710756_175796532:chr5_175710756_175796532,18
chr5_175884021_175959530:chr5_175884021_175959530,7
chr5_175968315_176063054:chr5_175968315_176063054,1
chr5_176127142_176238423:chr5_176127142_176238423,41
chr5_176361807_176365486:chr5_176361807_176365486,2
chr5_176381909_176383945:chr5_176381909_176383945,10
chr5_176389761_176392454:chr5_176389761_176392454,5
chr5_176416569_176448384:chr5_176416569_176448384,4
chr5_176510074_176526711:chr5_176510074_176526711,3
chr5_176537402_176542510:chr5_176537402_176542510,5
chr5_176610156_176620081:chr5_176610156_176620081,5
chr5_176659051_176810558:chr5_176659051_176810558,48
chr5_176899346_176905004:chr5_176899346_176905004,9
chr5_177006794_177022695:chr5_177006794_177022695,11
chr5_177081189_177086914:chr5_177081189_177086914,3
chr5_177098144_177133014:chr5_177098144_177133014,5
chr5_177312752_177331566:chr5_177312752_177331566,17
chr5_177351668_177357923:chr5_177351668_177357923,6
chr5_177372596_177384433:chr5_177372596_177384433,4
chr5_177398848_177400108:chr5_177398848_177400108,1
chr5_177400661_177402140:chr5_177400661_177402140,0
chr5_177409564_177426675:chr5_177409564_177426675,11
chr5_177442891_177445994:chr5_177442891_177445994,7
chr5_177473634_177483393:chr5_177473634_177483393,10
chr5_177497604_177501903:chr5_177497604_177501903,4
chr5_177516961_177519787:chr5_177516961_177519787,8
chr5_177554563_177592202:chr5_177554563_177592202,7
chr5_177597242_177600131:chr5_177597242_177600131,3
chr5_177610330_177711048:chr5_177610330_177711048,11
chr5_177783425_177992234:chr5_177783425_177992234,15
chr5_177996242_178007691:chr5_177996242_178007691,3
chr5_178063588_178113531:chr5_178063588_178113531,11
chr5_178126081_178131013:chr5_178126081_178131013,2
chr5_178153885_178184504:chr5_178153885_178184504,5
chr5_178187371_178204532:chr5_178187371_178204532,8
chr5_178232822_178237617:chr5_178232822_178237617,8
chr5_178590393_178602663:chr5_178590393_178602663,5
chr5_178627050_178694571:chr5_178627050_178694571,10
chr5_178697761_178711511:chr5_178697761_178711511,5
chr5_178730659_178859952:chr5_178730659_178859952,45
chr5_178885020_178895912:chr5_178885020_178895912,4
chr5_178933212_178941197:chr5_178933212_178941197,4
chr5_178966433_178978326:chr5_178966433_178978326,2
chr5_178995320_179023803:chr5_178995320_179023803,6
chr5_179035064_179060372:chr5_179035064_179060372,5
chr5_179083977_179110852:chr5_179083977_179110852,8
chr5_179345461_179550553:chr5_179345461_179550553,35
chr5_179610012_179614177:chr5_179610012_179614177,15
chr5_179634784_179678559:chr5_179634784_179678559,8
chr5_179681034_179698426:chr5_179681034_179698426,5
chr5_179731641_179732821:chr5_179731641_179732821,2
chr5_179777283_179793985:chr5_179777283_179793985,12
chr5_179858817_179862070:chr5_179858817_179862070,3
chr5_179907897_179955066:chr5_179907897_179955066,9
chr5_180071759_180100794:chr5_180071759_180100794,11
chr5_180209211_180233142:chr5_180209211_180233142,9
chr5_180292083_180300697:chr5_180292083_180300697,4
chr5_180353336_180494378:chr5_180353336_180494378,26
chr5_180578358_180590104:chr5_180578358_180590104,3
chr5_180591499_180601505:chr5_180591499_180601505,3
chr5_180649600_180739122:chr5_180649600_180739122,18
chr5_180740058_180784779:chr5_180740058_180784779,10
chr5_180815616_180847610:chr5_180815616_180847610,13
chr5_180861276_180899158:chr5_180861276_180899158,8
chr5_180950906_180988845:chr5_180950906_180988845,0
chr5_181006727_181040265:chr5_181006727_181040265,4
chr5_181061521_181123121:chr5_181061521_181123121,10
chr5_181131169_181147585:chr5_181131169_181147585,5
chr5_181159285_181193923:chr5_181159285_181193923,5
chr5_181205196_181223280:chr5_181205196_181223280,5
chr5_181235808_181236896:chr5_181235808_181236896,11
chr5_181243906_181255146:chr5_181243906_181255146,22
chr5_181261143_181342141:chr5_181261143_181342141,12
chr5_181370030_181538259:chr5_181370030_181538259,0
chr6_0_292486:chr6_0_292486,26
chr6_351355_391751:chr6_351355_391751,20
chr6_411443_485153:chr6_411443_485153,20
chr6_693139_1312097:chr6_693139_1312097,169
chr6_1314758_1389575:chr6_1314758_1389575,15
chr6_1395603_1609914:chr6_1395603_1609914,60
chr6_1613897_1623805:chr6_1613897_1623805,5
chr6_2245605_2663636:chr6_2245605_2663636,117
chr6_2786952_2832331:chr6_2786952_2832331,25
chr6_2841863_2887269:chr6_2841863_2887269,22
chr6_2903309_2948158:chr6_2903309_2948158,15
chr6_2971793_2999893:chr6_2971793_2999893,10
chr6_3019755_3063966:chr6_3019755_3063966,15
chr6_3115187_3118375:chr6_3115187_3118375,7
chr6_3157544_3224276:chr6_3157544_3224276,25
chr6_3227653_3258946:chr6_3227653_3258946,16
chr6_3457050_3722618:chr6_3457050_3722618,87
chr6_3751713_3849372:chr6_3751713_3849372,33
chr6_3851317_4021299:chr6_3851317_4021299,34
chr6_4064983_4068366:chr6_4064983_4068366,2
chr6_4079137_4115705:chr6_4079137_4115705,10
chr6_4135575_4706137:chr6_4135575_4706137,137
chr6_4955544_4994716:chr6_4955544_4994716,22
chr6_5004037_5068326:chr6_5004037_5068326,13
chr6_5771583_5997998:chr6_5771583_5997998,62
chr6_6007518_6144083:chr6_6007518_6144083,25
chr6_6320662_6588719:chr6_6320662_6588719,73
chr6_6654982_7107742:chr6_6654982_7107742,139
chr6_7251980_7281142:chr6_7251980_7281142,11
chr6_7313199_7326658:chr6_7313199_7326658,5
chr6_7418037_7541670:chr6_7418037_7541670,44
chr6_7586714_7590197:chr6_7586714_7590197,2
chr6_7611967_7726098:chr6_7611967_7726098,37
chr6_8102595_8411434:chr6_8102595_8411434,77
chr6_8435567_10396676:chr6_8435567_10396676,362
chr6_10419659_10521350:chr6_10419659_10521350,30
chr6_10629368_10671421:chr6_10629368_10671421,10
chr6_10709782_10723069:chr6_10709782_10723069,9
chr6_10731127_10747758:chr6_10731127_10747758,13
chr6_10759774_10762722:chr6_10759774_10762722,4
chr6_10838539_10873222:chr6_10838539_10873222,13
chr6_10882041_10887051:chr6_10882041_10887051,4
chr6_10974309_10980758:chr6_10974309_10980758,7
chr6_11044305_11093833:chr6_11044305_11093833,11
chr6_11138733_11183297:chr6_11138733_11183297,11
chr6_11382348_11537748:chr6_11382348_11537748,31
chr6_11583524_11713522:chr6_11583524_11713522,21
chr6_11778803_12012311:chr6_11778803_12012311,80
chr6_12164999_12290360:chr6_12164999_12290360,36
chr6_12297194_12716766:chr6_12297194_12716766,96
chr6_13328537_13357829:chr6_13328537_13357829,14
chr6_13487600_13574273:chr6_13487600_13574273,32
chr6_13711835_13786556:chr6_13711835_13786556,21
chr6_13814557_13924445:chr6_13814557_13924445,34
chr6_13980310_14117255:chr6_13980310_14117255,52
chr6_14136918_15246068:chr6_14136918_15246068,335
chr6_15663058_16129085:chr6_15663058_16129085,163
chr6_16148248_16238586:chr6_16148248_16238586,52
chr6_16295549_16299111:chr6_16295549_16299111,10
chr6_16761460_17102049:chr6_16761460_17102049,63
chr6_17131378_17281360:chr6_17131378_17281360,27
chr6_17293871_17393594:chr6_17293871_17393594,13
chr6_17557780_17600301:chr6_17557780_17600301,5
chr6_17611715_17615036:chr6_17611715_17615036,7
chr6_17706925_17759125:chr6_17706925_17759125,7
chr6_17987635_18120439:chr6_17987635_18120439,26
chr6_18122677_18128310:chr6_18122677_18128310,2
chr6_18264530_18387349:chr6_18264530_18387349,28
chr6_18468870_19837369:chr6_18468870_19837369,167
chr6_19842197_20099683:chr6_19842197_20099683,57
chr6_20212469_20401878:chr6_20212469_20401878,44
chr6_20493714_20534456:chr6_20493714_20534456,10
chr6_21232404_21593750:chr6_21232404_21593750,55
chr6_21598619_22287245:chr6_21598619_22287245,84
chr6_22302835_22569565:chr6_22302835_22569565,69
chr6_22571666_24126214:chr6_22571666_24126214,201
chr6_24147530_24171754:chr6_24147530_24171754,7
chr6_24383292_24402935:chr6_24383292_24402935,2
chr6_24489578_24494968:chr6_24489578_24494968,0
chr6_24537207_24544106:chr6_24537207_24544106,5
chr6_24646191_24649978:chr6_24646191_24649978,0
chr6_24719154_24774936:chr6_24719154_24774936,7
chr6_24786099_24797334:chr6_24786099_24797334,13
chr6_24798917_24804283:chr6_24798917_24804283,2
chr6_25042168_25279373:chr6_25042168_25279373,33
chr6_25620530_25652214:chr6_25620530_25652214,11
chr6_25701783_25726062:chr6_25701783_25726062,3
chr6_25727345_25754698:chr6_25727345_25754698,8
chr6_25781199_25782914:chr6_25781199_25782914,1
chr6_25832052_25844855:chr6_25832052_25844855,5
chr6_25874243_25912753:chr6_25874243_25912753,6
chr6_25930691_25962801:chr6_25930691_25962801,5
chr6_25991231_26017031:chr6_25991231_26017031,12
chr6_26017787_26020450:chr6_26017787_26020450,1
chr6_26022050_26026895:chr6_26022050_26026895,2
chr6_26027283_26031588:chr6_26027283_26031588,2
chr6_26033618_26043226:chr6_26033618_26043226,1
chr6_26043713_26045383:chr6_26043713_26045383,0
chr6_26045869_26055739:chr6_26045869_26055739,2
chr6_26056470_26087428:chr6_26056470_26087428,5
chr6_26098343_26103932:chr6_26098343_26103932,1
chr6_26104337_26107411:chr6_26104337_26107411,2
chr6_26108135_26113169:chr6_26108135_26113169,2
chr6_26124690_26156328:chr6_26124690_26156328,11
chr6_26157115_26158120:chr6_26157115_26158120,1
chr6_26171349_26183760:chr6_26171349_26183760,7
chr6_26184230_26188709:chr6_26184230_26188709,4
chr6_26189112_26196783:chr6_26189112_26196783,9
chr6_26199988_26204609:chr6_26199988_26204609,0
chr6_26205021_26216199:chr6_26205021_26216199,3
chr6_26217437_26224177:chr6_26217437_26224177,3
chr6_26227473_26234211:chr6_26227473_26234211,0
chr6_26234987_26240392:chr6_26234987_26240392,4
chr6_26240793_26246610:chr6_26240793_26246610,3
chr6_26246996_26250141:chr6_26246996_26250141,2
chr6_26252075_26270917:chr6_26252075_26270917,3
chr6_26271413_26272930:chr6_26271413_26272930,1
chr6_26273412_26285125:chr6_26273412_26285125,4
chr6_26285534_26365197:chr6_26285534_26365197,26
chr6_26378320_26383107:chr6_26378320_26383107,2
chr6_26394874_26402274:chr6_26394874_26402274,7
chr6_26415208_26440503:chr6_26415208_26440503,10
chr6_26453415_26457954:chr6_26453415_26457954,5
chr6_26476622_26500302:chr6_26476622_26500302,12
chr6_26510425_26538365:chr6_26510425_26538365,5
chr6_26546933_26596952:chr6_26546933_26596952,11
chr6_26600739_26634382:chr6_26600739_26634382,11
chr6_26659746_27132315:chr6_26659746_27132315,46
chr6_27133535_27138292:chr6_27133535_27138292,3
chr6_27147562_27247700:chr6_27147562_27247700,15
chr6_27256620_27308376:chr6_27256620_27308376,5
chr6_27312273_27374614:chr6_27312273_27374614,16
chr6_27403908_27450746:chr6_27403908_27450746,16
chr6_27473105_27807478:chr6_27473105_27807478,48
chr6_27808667_27810050:chr6_27808667_27810050,3
chr6_27810536_27814301:chr6_27810536_27814301,4
chr6_27815489_27824091:chr6_27815489_27824091,4
chr6_27824480_27831173:chr6_27824480_27831173,4
chr6_27831560_27837879:chr6_27831560_27837879,5
chr6_27839110_27865316:chr6_27839110_27865316,20
chr6_27867588_27871844:chr6_27867588_27871844,1
chr6_27873534_27890314:chr6_27873534_27890314,6
chr6_27890826_27892698:chr6_27890826_27892698,4
chr6_27893891_27911184:chr6_27893891_27911184,9
chr6_27912396_27957240:chr6_27912396_27957240,19
chr6_27958182_28053227:chr6_27958182_28053227,15
chr6_28054202_28080281:chr6_28054202_28080281,2
chr6_28089563_28124608:chr6_28089563_28124608,22
chr6_28130082_28141882:chr6_28130082_28141882,8
chr6_28159460_28161760:chr6_28159460_28161760,2
chr6_28169595_28225274:chr6_28169595_28225274,12
chr6_28233487_28241696:chr6_28233487_28241696,9
chr6_28260958_28267142:chr6_28260958_28267142,2
chr6_28278204_28281571:chr6_28278204_28281571,3
chr6_28302549_28324736:chr6_28302549_28324736,7
chr6_28369172_28378820:chr6_28369172_28378820,7
chr6_28399747_28432654:chr6_28399747_28432654,12
chr6_28443491_28503295:chr6_28443491_28503295,7
chr6_28515793_28525880:chr6_28515793_28525880,2
chr6_28534955_28570534:chr6_28534955_28570534,8
chr6_28616202_28903001:chr6_28616202_28903001,57
chr6_28923985_28994787:chr6_28923985_28994787,21
chr6_29005612_29044212:chr6_29005612_29044212,10
chr6_29045175_29086207:chr6_29045175_29086207,3
chr6_29087313_29099489:chr6_29087313_29099489,3
chr6_29102701_29108057:chr6_29102701_29108057,4
chr6_29114770_29170906:chr6_29114770_29170906,4
chr6_29175811_29301700:chr6_29175811_29301700,11
chr6_29313017_29353748:chr6_29313017_29353748,4
chr6_29368865_29373422:chr6_29368865_29373422,1
chr6_29375291_29395630:chr6_29375291_29395630,3
chr6_29398008_29425503:chr6_29398008_29425503,6
chr6_29464328_29486696:chr6_29464328_29486696,7
chr6_29487956_29550406:chr6_29487956_29550406,18
chr6_29559732_29585120:chr6_29559732_29585120,3
chr6_29590500_29602237:chr6_29590500_29602237,9
chr6_29633183_29657091:chr6_29633183_29657091,5
chr6_29681152_29723433:chr6_29681152_29723433,5
chr6_29727296_29826473:chr6_29727296_29826473,14
chr6_29831021_29942531:chr6_29831021_29942531,23
chr6_29945870_30061264:chr6_29945870_30061264,44
chr6_30064907_30067197:chr6_30064907_30067197,2
chr6_30075769_30102896:chr6_30075769_30102896,2
chr6_30113090_30136139:chr6_30113090_30136139,3
chr6_30148735_30151942:chr6_30148735_30151942,0
chr6_30161211_30163545:chr6_30161211_30163545,2
chr6_30172693_30184454:chr6_30172693_30184454,4
chr6_30213406_30326468:chr6_30213406_30326468,42
chr6_30346858_30489508:chr6_30346858_30489508,24
chr6_30494194_30541380:chr6_30494194_30541380,11
chr6_30563723_30571441:chr6_30563723_30571441,7
chr6_30591522_30600412:chr6_30591522_30600412,16
chr6_30673006_30676388:chr6_30673006_30676388,10
chr6_30691420_30699806:chr6_30691420_30699806,6
chr6_30717281_30720351:chr6_30717281_30720351,3
chr6_30725422_30727708:chr6_30725422_30727708,8
chr6_30744547_30880969:chr6_30744547_30880969,41
chr6_30900156_30908206:chr6_30900156_30908206,5
chr6_30926459_30931352:chr6_30926459_30931352,6
chr6_30932170_30940972:chr6_30932170_30940972,8
chr6_30954221_30983717:chr6_30954221_30983717,7
chr6_30989903_31005951:chr6_30989903_31005951,3
chr6_31035402_31111222:chr6_31035402_31111222,24
chr6_31112575_31114799:chr6_31112575_31114799,1
chr6_31140092_31142438:chr6_31140092_31142438,2
chr6_31170682_31268748:chr6_31170682_31268748,23
chr6_31272092_31353874:chr6_31272092_31353874,13
chr6_31357179_31400710:chr6_31357179_31400710,6
chr6_31415315_31494917:chr6_31415315_31494917,15
chr6_31511124_31528961:chr6_31511124_31528961,10
chr6_31542003_31544443:chr6_31542003_31544443,8
chr6_31558829_31572098:chr6_31558829_31572098,12
chr6_31574324_31575564:chr6_31574324_31575564,4
chr6_31578336_31580557:chr6_31578336_31580557,3
chr6_31582425_31586276:chr6_31582425_31586276,1
chr6_31593006_31615233:chr6_31593006_31615233,8
chr6_31617015_31620714:chr6_31617015_31620714,6
chr6_31637771_31639027:chr6_31637771_31639027,9
chr6_31673546_31676683:chr6_31673546_31676683,5
chr6_31681067_31686954:chr6_31681067_31686954,12
chr6_31703324_31706865:chr6_31703324_31706865,6
chr6_31721746_31723372:chr6_31721746_31723372,7
chr6_31737318_31740004:chr6_31737318_31740004,11
chr6_31795752_31797395:chr6_31795752_31797395,7
chr6_31806966_31809618:chr6_31806966_31809618,3
chr6_31817942_31827737:chr6_31817942_31827737,10
chr6_31830254_31857658:chr6_31830254_31857658,30
chr6_32002681_32014794:chr6_32002681_32014794,0
chr6_32035418_32038414:chr6_32035418_32038414,0
chr6_32109338_32115263:chr6_32109338_32115263,5
chr6_32130288_32148362:chr6_32130288_32148362,8
chr6_32224067_32292697:chr6_32224067_32292697,8
chr6_32371903_32393338:chr6_32371903_32393338,2
chr6_32407181_32439886:chr6_32407181_32439886,6
chr6_32445046_32517352:chr6_32445046_32517352,7
chr6_32530287_32578774:chr6_32530287_32578774,1
chr6_32589848_32637405:chr6_32589848_32637405,4
chr6_32643684_32659466:chr6_32643684_32659466,1
chr6_32666657_32741390:chr6_32666657_32741390,6
chr6_32747198_32756097:chr6_32747198_32756097,3
chr6_32763532_32812762:chr6_32763532_32812762,9
chr6_32817002_32821830:chr6_32817002_32821830,0
chr6_32838739_32840716:chr6_32838739_32840716,1
chr6_32859851_32934635:chr6_32859851_32934635,7
chr6_32941028_32948617:chr6_32941028_32948617,3
chr6_32953097_32968593:chr6_32953097_32968593,5
chr6_32981505_33004181:chr6_32981505_33004181,9
chr6_33009591_33064568:chr6_33009591_33064568,10
chr6_33089696_33162693:chr6_33089696_33162693,11
chr6_33192467_33193587:chr6_33192467_33193587,1
chr6_33206831_33208499:chr6_33206831_33208499,8
chr6_33212716_33250271:chr6_33212716_33250271,11
chr6_33329279_33391822:chr6_33329279_33391822,5
chr6_33409896_33411013:chr6_33409896_33411013,3
chr6_33418107_33420064:chr6_33418107_33420064,3
chr6_33457544_33572551:chr6_33457544_33572551,29
chr6_33580276_33621321:chr6_33580276_33621321,8
chr6_33711700_33721661:chr6_33711700_33721661,4
chr6_33746905_33771212:chr6_33746905_33771212,10
chr6_33789130_33794672:chr6_33789130_33794672,2
chr6_33804003_34018642:chr6_33804003_34018642,74
chr6_34155622_34236872:chr6_34155622_34236872,18
chr6_34249006_34279678:chr6_34249006_34279678,11
chr6_34426069_34466075:chr6_34426069_34466075,17
chr6_34535223_34537801:chr6_34535223_34537801,4
chr6_34556329_34587287:chr6_34556329_34587287,19
chr6_34696767_34757504:chr6_34696767_34757504,14
chr6_34773857_34792082:chr6_34773857_34792082,8
chr6_34888071_34889254:chr6_34888071_34889254,2
chr6_35091406_35118074:chr6_35091406_35118074,16
chr6_35141339_35213955:chr6_35141339_35213955,23
chr6_35253079_35259734:chr6_35253079_35259734,6
chr6_35295985_35297817:chr6_35295985_35297817,2
chr6_35321771_35342557:chr6_35321771_35342557,14
chr6_35428178_35452337:chr6_35428178_35452337,12
chr6_35467102_35468400:chr6_35467102_35468400,13
chr6_35470780_35473596:chr6_35470780_35473596,13
chr6_35512896_35573589:chr6_35512896_35573589,17
chr6_35728583_35737031:chr6_35728583_35737031,7
chr6_35749079_35776597:chr6_35749079_35776597,9
chr6_35779552_35781018:chr6_35779552_35781018,0
chr6_35797323_35805351:chr6_35797323_35805351,6
chr6_35824070_35832965:chr6_35824070_35832965,4
chr6_35921098_35943515:chr6_35921098_35943515,14
chr6_36024641_36027807:chr6_36024641_36027807,4
chr6_36111236_36130512:chr6_36111236_36130512,10
chr6_36144521_36196743:chr6_36144521_36196743,12
chr6_36232790_36243167:chr6_36232790_36243167,9
chr6_36313955_36315760:chr6_36313955_36315760,2
chr6_36336888_36354087:chr6_36336888_36354087,5
chr6_36387669_36390550:chr6_36387669_36390550,1
chr6_36491141_36493891:chr6_36491141_36493891,6
chr6_36547479_36594361:chr6_36547479_36594361,17
chr6_36605600_36676462:chr6_36605600_36676462,42
chr6_36687332_36697825:chr6_36687332_36697825,6
chr6_36733184_36740774:chr6_36733184_36740774,9
chr6_36839998_36854828:chr6_36839998_36854828,17
chr6_36928964_36948295:chr6_36928964_36948295,6
chr6_36964837_36968134:chr6_36964837_36968134,7
chr6_36986551_37005654:chr6_36986551_37005654,7
chr6_37029069_37170151:chr6_37029069_37170151,37
chr6_37175428_37212180:chr6_37175428_37212180,20
chr6_37332970_37353982:chr6_37332970_37353982,12
chr6_37394734_37433220:chr6_37394734_37433220,17
chr6_37481508_37482937:chr6_37481508_37482937,6
chr6_37499893_37630678:chr6_37499893_37630678,64
chr6_37697883_37819726:chr6_37697883_37819726,30
chr6_38154624_38168450:chr6_38154624_38168450,16
chr6_38639929_38675924:chr6_38639929_38675924,22
chr6_38703145_38715310:chr6_38703145_38715310,8
chr6_39030792_39048780:chr6_39030792_39048780,6
chr6_39091303_39104062:chr6_39091303_39104062,5
chr6_39115186_39188970:chr6_39115186_39188970,35
chr6_39229475_39299000:chr6_39229475_39299000,27
chr6_39322968_39329989:chr6_39322968_39329989,4
chr6_39725408_39792375:chr6_39725408_39792375,18
chr6_39934462_40391590:chr6_39934462_40391590,175
chr6_40587364_41026894:chr6_40587364_41026894,164
chr6_41039221_41042466:chr6_41039221_41042466,4
chr6_41044337_41053201:chr6_41044337_41053201,8
chr6_41102403_41149259:chr6_41102403_41149259,19
chr6_41154349_41158507:chr6_41154349_41158507,2
chr6_41163116_41189748:chr6_41163116_41189748,11
chr6_41201149_41228348:chr6_41201149_41228348,9
chr6_41238882_41267384:chr6_41238882_41267384,10
chr6_41286682_41335607:chr6_41286682_41335607,20
chr6_41350889_41546380:chr6_41350889_41546380,78
chr6_41602384_41637017:chr6_41602384_41637017,18
chr6_41654244_41683977:chr6_41654244_41683977,14
chr6_41747397_41770175:chr6_41747397_41770175,13
chr6_41895375_41905353:chr6_41895375_41905353,15
chr6_41933046_41934932:chr6_41933046_41934932,25
chr6_42048894_42050523:chr6_42048894_42050523,6
chr6_42083272_42101118:chr6_42083272_42101118,21
chr6_42142620_42155405:chr6_42142620_42155405,7
chr6_42163418_42173363:chr6_42163418_42173363,3
chr6_42180056_42183283:chr6_42180056_42183283,2
chr6_42194956_42206806:chr6_42194956_42206806,18
chr6_42217861_42224930:chr6_42217861_42224930,1
chr6_42452224_42564028:chr6_42452224_42564028,35
chr6_42693505_42696597:chr6_42693505_42696597,7
chr6_42722597_42744497:chr6_42722597_42744497,11
chr6_42868556_42879615:chr6_42868556_42879615,12
chr6_42890821_42916052:chr6_42890821_42916052,9
chr6_42925838_42929129:chr6_42925838_42929129,1
chr6_42979181_42984569:chr6_42979181_42984569,7
chr6_43029599_43037616:chr6_43029599_43037616,24
chr6_43075093_43076313:chr6_43075093_43076313,5
chr6_43161715_43171268:chr6_43161715_43171268,4
chr6_43224587_43225628:chr6_43224587_43225628,6
chr6_43229481_43243480:chr6_43229481_43243480,6
chr6_43288258_43298259:chr6_43288258_43298259,8
chr6_43308826_43336069:chr6_43308826_43336069,20
chr6_43369647_43427540:chr6_43369647_43427540,22
chr6_43456632_43477569:chr6_43456632_43477569,13
chr6_43510346_43511831:chr6_43510346_43511831,12
chr6_44461400_44809056:chr6_44461400_44809056,158
chr6_45551082_45898450:chr6_45551082_45898450,116
chr6_46146688_46159184:chr6_46146688_46159184,4
chr6_46170980_46220735:chr6_46170980_46220735,21
chr6_46491970_46549579:chr6_46491970_46549579,5
chr6_46678190_46687884:chr6_46678190_46687884,2
chr6_46735721_46746932:chr6_46735721_46746932,1
chr6_46759506_46793388:chr6_46759506_46793388,8
chr6_46839778_46852521:chr6_46839778_46852521,3
chr6_46954939_46997707:chr6_46954939_46997707,15
chr6_47042332_47231531:chr6_47042332_47231531,64
chr6_47309905_47477788:chr6_47309905_47477788,43
chr6_47627263_47656471:chr6_47627263_47656471,10
chr6_47722014_47782031:chr6_47722014_47782031,18
chr6_47826381_47856672:chr6_47826381_47856672,8
chr6_48111197_49430359:chr6_48111197_49430359,249
chr6_49493107_49499922:chr6_49493107_49499922,4
chr6_49528078_49550667:chr6_49528078_49550667,8
chr6_49561916_49605174:chr6_49561916_49605174,5
chr6_49636839_49692358:chr6_49636839_49692358,15
chr6_49713543_49727375:chr6_49713543_49727375,6
chr6_49744388_49785659:chr6_49744388_49785659,23
chr6_49787285_49834256:chr6_49787285_49834256,19
chr6_49877096_49960248:chr6_49877096_49960248,27
chr6_49964164_49968676:chr6_49964164_49968676,1
chr6_49969625_50009137:chr6_49969625_50009137,3
chr6_50021994_50042098:chr6_50021994_50042098,3
chr6_50049929_50713525:chr6_50049929_50713525,140
chr6_50773033_50818870:chr6_50773033_50818870,14
chr6_50847619_51615298:chr6_50847619_51615298,179
chr6_52087613_52186374:chr6_52087613_52186374,24
chr6_52190638_52236680:chr6_52190638_52236680,9
chr6_52244500_52264014:chr6_52244500_52264014,12
chr6_52284742_52362150:chr6_52284742_52362150,19
chr6_52407777_52420341:chr6_52407777_52420341,8
chr6_52577060_52671112:chr6_52577060_52671112,13
chr6_52686588_52750086:chr6_52686588_52750086,16
chr6_52763475_52791370:chr6_52763475_52791370,1
chr6_52803816_52831691:chr6_52803816_52831691,6
chr6_52846245_52896645:chr6_52846245_52896645,6
chr6_52909698_52977952:chr6_52909698_52977952,8
chr6_52995284_53001302:chr6_52995284_53001302,4
chr6_53061824_53064997:chr6_53061824_53064997,2
chr6_53100873_53126960:chr6_53100873_53126960,9
chr6_53148841_53267403:chr6_53148841_53267403,34
chr6_53348950_53497340:chr6_53348950_53497340,30
chr6_53545101_53647915:chr6_53545101_53647915,20
chr6_53665756_53795004:chr6_53665756_53795004,30
chr6_53924125_53998889:chr6_53924125_53998889,8
chr6_54007152_54018969:chr6_54007152_54018969,1
chr6_54266280_54308440:chr6_54266280_54308440,8
chr6_54390142_54846770:chr6_54390142_54846770,47
chr6_54945099_55106468:chr6_54945099_55106468,13
chr6_55282617_55327468:chr6_55282617_55327468,3
chr6_55402493_55434372:chr6_55402493_55434372,4
chr6_55579192_55753652:chr6_55579192_55753652,10
chr6_55875590_56056589:chr6_55875590_56056589,18
chr6_56394128_56457995:chr6_56394128_56457995,14
chr6_57027346_57046692:chr6_57027346_57046692,7
chr6_57055225_57090187:chr6_57055225_57090187,19
chr6_57170305_57172325:chr6_57170305_57172325,1
chr6_57222307_57314804:chr6_57222307_57314804,9
chr6_57646850_61542669:chr6_57646850_61542669,83
chr6_62286225_63211468:chr6_62286225_63211468,78
chr6_63213027_63275950:chr6_63213027_63275950,6
chr6_63319983_63516439:chr6_63319983_63516439,6
chr6_63583588_63635801:chr6_63583588_63635801,3
chr6_65707226_68635281:chr6_65707226_68635281,340
chr6_69389506_69674009:chr6_69389506_69674009,41
chr6_69797010_69866555:chr6_69797010_69866555,12
chr6_70212468_70215060:chr6_70212468_70215060,0
chr6_70303084_70413507:chr6_70303084_70413507,26
chr6_70561174_70566929:chr6_70561174_70566929,7
chr6_70589569_70667882:chr6_70589569_70667882,17
chr6_70957060_71288810:chr6_70957060_71288810,50
chr6_71309059_71886549:chr6_71309059_71886549,77
chr6_72403145_72622063:chr6_72403145_72622063,43
chr6_73198853_73223543:chr6_73198853_73223543,6
chr6_73225496_73241313:chr6_73225496_73241313,1
chr6_73310378_73353062:chr6_73310378_73353062,3
chr6_73354276_73362657:chr6_73354276_73362657,3
chr6_73364171_73368554:chr6_73364171_73368554,3
chr6_73369897_73394827:chr6_73369897_73394827,4
chr6_73417566_73423710:chr6_73417566_73423710,1
chr6_73452297_73461736:chr6_73452297_73461736,3
chr6_73509236_73515749:chr6_73509236_73515749,6
chr6_73521032_73593378:chr6_73521032_73593378,15
chr6_73653992_73696202:chr6_73653992_73696202,4
chr6_73828313_75084325:chr6_73828313_75084325,123
chr6_75206053_75237674:chr6_75206053_75237674,14
chr6_75250298_75252923:chr6_75250298_75252923,0
chr6_75284792_75291858:chr6_75284792_75291858,5
chr6_75493800_75601879:chr6_75493800_75601879,15
chr6_75718281_75749238:chr6_75718281_75749238,6
chr6_75919537_75921113:chr6_75919537_75921113,0
chr6_76072662_77460923:chr6_76072662_77460923,156
chr6_77463491_77650273:chr6_77463491_77650273,23
chr6_77927045_78867550:chr6_77927045_78867550,97
chr6_78903102_78934418:chr6_78903102_78934418,10
chr6_79078254_79201244:chr6_79078254_79201244,20
chr6_79234682_79484990:chr6_79234682_79484990,29
chr6_79703655_79914813:chr6_79703655_79914813,39
chr6_79947553_80004648:chr6_79947553_80004648,7
chr6_80042527_80106609:chr6_80042527_80106609,10
chr6_80346270_81745729:chr6_80346270_81745729,142
chr6_81752681_82169986:chr6_81752681_82169986,58
chr6_82247744_82362982:chr6_82247744_82362982,13
chr6_82367420_82892389:chr6_82367420_82892389,70
chr6_83065841_83067670:chr6_83065841_83067670,1
chr6_83198935_83210401:chr6_83198935_83210401,2
chr6_83431051_83512533:chr6_83431051_83512533,12
chr6_83525704_83552884:chr6_83525704_83552884,3
chr6_83709393_83853228:chr6_83709393_83853228,23
chr6_83967423_84033771:chr6_83967423_84033771,12
chr6_84090881_84124249:chr6_84090881_84124249,15
chr6_84227643_84732495:chr6_84227643_84732495,59
chr6_84764598_85450082:chr6_84764598_85450082,96
chr6_85495784_85505495:chr6_85495784_85505495,2
chr6_85593858_85607783:chr6_85593858_85607783,7
chr6_85642886_86937527:chr6_85642886_86937527,168
chr6_87016679_87085497:chr6_87016679_87085497,13
chr6_87095106_87155564:chr6_87095106_87155564,11
chr6_87265943_87282979:chr6_87265943_87282979,4
chr6_87342329_87344812:chr6_87342329_87344812,1
chr6_87365463_87397123:chr6_87365463_87397123,6
chr6_87399741_87407971:chr6_87399741_87407971,4
chr6_87464465_87472973:chr6_87464465_87472973,2
chr6_87512336_87513937:chr6_87512336_87513937,2
chr6_87667451_87674859:chr6_87667451_87674859,5
chr6_87702233_88047840:chr6_87702233_88047840,67
chr6_88066838_88139863:chr6_88066838_88139863,13
chr6_88167349_88609896:chr6_88167349_88609896,83
chr6_88963618_89080750:chr6_88963618_89080750,28
chr6_89085160_89095958:chr6_89085160_89095958,3
chr6_89118071_89146054:chr6_89118071_89146054,7
chr6_89165565_89177503:chr6_89165565_89177503,1
chr6_89231288_89254463:chr6_89231288_89254463,5
chr6_89315299_89326624:chr6_89315299_89326624,5
chr6_89352722_89364615:chr6_89352722_89364615,2
chr6_89412273_89433151:chr6_89412273_89433151,7
chr6_89638747_89642497:chr6_89638747_89642497,4
chr6_89819794_89829879:chr6_89819794_89829879,2
chr6_89874436_89894468:chr6_89874436_89894468,10
chr6_89896120_89926527:chr6_89896120_89926527,8
chr6_90296843_90513578:chr6_90296843_90513578,63
chr6_90587072_93240019:chr6_90587072_93240019,303
chr6_93419559_95577534:chr6_93419559_95577534,216
chr6_95609452_96015973:chr6_95609452_96015973,49
chr6_96215612_96521805:chr6_96215612_96521805,30
chr6_96555276_96562573:chr6_96555276_96562573,5
chr6_96618626_96794124:chr6_96618626_96794124,30
chr6_96837477_96889314:chr6_96837477_96889314,6
chr6_97140753_97142160:chr6_97140753_97142160,1
chr6_97283216_98834573:chr6_97283216_98834573,179
chr6_98839458_98868534:chr6_98839458_98868534,10
chr6_98947946_99271160:chr6_98947946_99271160,60
chr6_99350056_99369400:chr6_99350056_99369400,5
chr6_99394195_99398049:chr6_99394195_99398049,2
chr6_99425308_99432324:chr6_99425308_99432324,2
chr6_99515423_99521048:chr6_99515423_99521048,2
chr6_99533185_99542386:chr6_99533185_99542386,8
chr6_99568814_99606832:chr6_99568814_99606832,7
chr6_99615562_99918518:chr6_99615562_99918518,42
chr6_99994223_100385008:chr6_99994223_100385008,58
chr6_100464921_100508193:chr6_100464921_100508193,13
chr6_100881329_101393707:chr6_100881329_101393707,56
chr6_102070083_104728093:chr6_102070083_104728093,281
chr6_104859919_104957106:chr6_104859919_104957106,8
chr6_105083332_105096821:chr6_105083332_105096821,4
chr6_105137157_105157899:chr6_105137157_105157899,8
chr6_105180014_105273217:chr6_105180014_105273217,12
chr6_105403082_106086335:chr6_105403082_106086335,119
chr6_106109938_106184475:chr6_106109938_106184475,29
chr6_106325760_106360716:chr6_106325760_106360716,6
chr6_106668417_106969830:chr6_106668417_106969830,51
chr6_106976855_107028198:chr6_106976855_107028198,10
chr6_107051586_107065181:chr6_107051586_107065181,7
chr6_107115515_107152561:chr6_107115515_107152561,6
chr6_107459564_107490116:chr6_107459564_107490116,4
chr6_107661306_107702153:chr6_107661306_107702153,6
chr6_107824313_107867755:chr6_107824313_107867755,5
chr6_107958208_108041408:chr6_107958208_108041408,14
chr6_108074741_108166021:chr6_108074741_108166021,19
chr6_108188809_108211221:chr6_108188809_108211221,11
chr6_108261040_108295053:chr6_108261040_108295053,6
chr6_108526001_108559824:chr6_108526001_108559824,8
chr6_108684774_108848421:chr6_108684774_108848421,40
chr6_108974476_108984308:chr6_108974476_108984308,2
chr6_109174418_109366513:chr6_109174418_109366513,68
chr6_109382467_109390214:chr6_109382467_109390214,4
chr6_109483219_109492854:chr6_109483219_109492854,6
chr6_109825426_109978310:chr6_109825426_109978310,26
chr6_109980720_110099818:chr6_109980720_110099818,18
chr6_110232232_110243939:chr6_110232232_110243939,3
chr6_110358349_110388320:chr6_110358349_110388320,4
chr6_110415575_110424686:chr6_110415575_110424686,1
chr6_110476613_110609977:chr6_110476613_110609977,23
chr6_110895713_110958705:chr6_110895713_110958705,11
chr6_110967872_110982037:chr6_110967872_110982037,4
chr6_111028263_111087502:chr6_111028263_111087502,16
chr6_111231194_111259338:chr6_111231194_111259338,6
chr6_111280005_111299032:chr6_111280005_111299032,5
chr6_111483711_111555380:chr6_111483711_111555380,18
chr6_111605878_111660331:chr6_111605878_111660331,4
chr6_111873452_112054103:chr6_111873452_112054103,35
chr6_112102790_112107930:chr6_112102790_112107930,0
chr6_112254567_112347329:chr6_112254567_112347329,19
chr6_112351294_113857344:chr6_112351294_113857344,215
chr6_113863475_113933027:chr6_113863475_113933027,10
chr6_113971148_114055595:chr6_113971148_114055595,16
chr6_114343023_115931148:chr6_114343023_115931148,149
chr6_116060891_116100852:chr6_116060891_116100852,8
chr6_116444861_116461374:chr6_116444861_116461374,4
chr6_116463771_116494988:chr6_116463771_116494988,3
chr6_116561127_116571503:chr6_116561127_116571503,2
chr6_116597675_116616478:chr6_116597675_116616478,6
chr6_116632985_116635617:chr6_116632985_116635617,6
chr6_116668766_116681210:chr6_116668766_116681210,5
chr6_116741867_116752196:chr6_116741867_116752196,2
chr6_116765719_116792084:chr6_116765719_116792084,6
chr6_116829083_116877241:chr6_116829083_116877241,6
chr6_116932161_117265557:chr6_116932161_117265557,59
chr6_117273565_117287352:chr6_117273565_117287352,6
chr6_117425942_117482673:chr6_117425942_117482673,9
chr6_117602511_117675468:chr6_117602511_117675468,17
chr6_117710727_117907263:chr6_117710727_117907263,25
chr6_118317671_118460771:chr6_118317671_118460771,15
chr6_118710089_118813454:chr6_118710089_118813454,27
chr6_118935159_118959762:chr6_118935159_118959762,4
chr6_119149128_119177204:chr6_119149128_119177204,3
chr6_119349761_121079493:chr6_119349761_121079493,207
chr6_121334729_121435645:chr6_121334729_121435645,12
chr6_121449727_122399550:chr6_121449727_122399550,128
chr6_122433119_122443350:chr6_122433119_122443350,6
chr6_122726373_122749200:chr6_122726373_122749200,3
chr6_122784074_122789257:chr6_122784074_122789257,2
chr6_122809720_122996234:chr6_122809720_122996234,23
chr6_123072925_123216338:chr6_123072925_123216338,9
chr6_123636950_123803864:chr6_123636950_123803864,25
chr6_124825640_124962436:chr6_124825640_124962436,24
chr6_125092634_125153772:chr6_125092634_125153772,19
chr6_125264407_125275349:chr6_125264407_125275349,6
chr6_125301967_125749631:chr6_125301967_125749631,84
chr6_125761269_125781114:chr6_125761269_125781114,8
chr6_125932034_125956769:chr6_125932034_125956769,12
chr6_125980244_125986539:chr6_125980244_125986539,5
chr6_126079719_126340114:chr6_126079719_126340114,57
chr6_126348875_127118670:chr6_126348875_127118670,82
chr6_127199481_127266681:chr6_127199481_127266681,6
chr6_127343609_127438405:chr6_127343609_127438405,14
chr6_127519335_127577173:chr6_127519335_127577173,5
chr6_127591820_127708193:chr6_127591820_127708193,7
chr6_127918595_127968784:chr6_127918595_127968784,10
chr6_128520599_128883137:chr6_128520599_128883137,44
chr6_129516566_129576131:chr6_129516566_129576131,10
chr6_129710177_129831243:chr6_129710177_129831243,21
chr6_129861315_130018580:chr6_129861315_130018580,28
chr6_130141438_130144314:chr6_130141438_130144314,3
chr6_130443067_130827405:chr6_130443067_130827405,60
chr6_130837135_130839346:chr6_130837135_130839346,2
chr6_131063245_131135466:chr6_131063245_131135466,8
chr6_131283532_131573225:chr6_131283532_131573225,39
chr6_131628313_131637301:chr6_131628313_131637301,2
chr6_131747410_131808019:chr6_131747410_131808019,8
chr6_131895155_131948175:chr6_131895155_131948175,11
chr6_131951372_132296054:chr6_131951372_132296054,37
chr6_132401475_132445866:chr6_132401475_132445866,8
chr6_132513472_132538276:chr6_132513472_132538276,1
chr6_132539336_132552671:chr6_132539336_132552671,1
chr6_132553756_132570321:chr6_132553756_132570321,5
chr6_132571359_132588591:chr6_132571359_132588591,1
chr6_132624275_132643311:chr6_132624275_132643311,3
chr6_132659182_132680848:chr6_132659182_132680848,5
chr6_132714055_132743869:chr6_132714055_132743869,8
chr6_132763455_132769369:chr6_132763455_132769369,3
chr6_132798637_132814568:chr6_132798637_132814568,8
chr6_132817564_133241356:chr6_132817564_133241356,50
chr6_133532128_133889112:chr6_133532128_133889112,49
chr6_133895537_133952173:chr6_133895537_133952173,11
chr6_134052624_134169255:chr6_134052624_134169255,32
chr6_134318112_134917392:chr6_134318112_134917392,114
chr6_134950101_134960377:chr6_134950101_134960377,6
chr6_135054822_135181307:chr6_135054822_135181307,34
chr6_135219172_135283531:chr6_135219172_135283531,27
chr6_135497740_135851700:chr6_135497740_135851700,76
chr6_136195574_136231033:chr6_136195574_136231033,18
chr6_136250311_136256626:chr6_136250311_136256626,2
chr6_136289846_136342733:chr6_136289846_136342733,17
chr6_136550422_136557045:chr6_136550422_136557045,5
chr6_136792477_136822591:chr6_136792477_136822591,3
chr6_136913934_136922300:chr6_136913934_136922300,2
chr6_136925660_136999970:chr6_136925660_136999970,17
chr6_137044965_137143819:chr6_137044965_137143819,15
chr6_137173644_137197483:chr6_137173644_137197483,5
chr6_137219385_137492198:chr6_137219385_137492198,80
chr6_137494394_137867258:chr6_137494394_137867258,95
chr6_137883312_138088504:chr6_137883312_138088504,47
chr6_138107419_138161938:chr6_138107419_138161938,8
chr6_138344663_138377904:chr6_138344663_138377904,3
chr6_138383486_138403530:chr6_138383486_138403530,3
chr6_138572569_138773768:chr6_138572569_138773768,47
chr6_138793319_138796086:chr6_138793319_138796086,1
chr6_138988253_139028744:chr6_138988253_139028744,10
chr6_139043302_139135079:chr6_139043302_139135079,17
chr6_139180802_139240060:chr6_139180802_139240060,9
chr6_139291998_139371806:chr6_139291998_139371806,27
chr6_139374648_142074483:chr6_139374648_142074483,498
chr6_142224685_142302006:chr6_142224685_142302006,15
chr6_142446261_142751468:chr6_142446261_142751468,64
chr6_142945176_143059212:chr6_142945176_143059212,28
chr6_143343883_143422831:chr6_143343883_143422831,25
chr6_143490616_143494811:chr6_143490616_143494811,5
chr6_143511720_143536877:chr6_143511720_143536877,7
chr6_143831185_143843337:chr6_143831185_143843337,6
chr6_143938343_143940299:chr6_143938343_143940299,2
chr6_144064599_144094883:chr6_144064599_144094883,10
chr6_144095573_144150516:chr6_144095573_144150516,30
chr6_144191939_144285334:chr6_144191939_144285334,29
chr6_144853034_145625304:chr6_144853034_145625304,151
chr6_145736023_145793501:chr6_145736023_145793501,9
chr6_145814795_145884806:chr6_145814795_145884806,27
chr6_145964358_146027706:chr6_145964358_146027706,13
chr6_146437601_146543832:chr6_146437601_146543832,20
chr6_146554953_146598971:chr6_146554953_146598971,5
chr6_146815462_147204416:chr6_146815462_147204416,145
chr6_147390473_147508689:chr6_147390473_147508689,34
chr6_147570021_148272327:chr6_147570021_148272327,176
chr6_148552044_148747029:chr6_148552044_148747029,44
chr6_149076990_149217925:chr6_149076990_149217925,32
chr6_149411607_149446794:chr6_149411607_149446794,19
chr6_149485014_149504494:chr6_149485014_149504494,6
chr6_149546043_149566374:chr6_149546043_149566374,8
chr6_149591748_149594872:chr6_149591748_149594872,10
chr6_149648714_149658152:chr6_149648714_149658152,5
chr6_149718101_149724314:chr6_149718101_149724314,3
chr6_149746529_149749694:chr6_149746529_149749694,2
chr6_149811421_149818756:chr6_149811421_149818756,8
chr6_149864359_149883178:chr6_149864359_149883178,8
chr6_149898113_149916877:chr6_149898113_149916877,9
chr6_149923121_149942013:chr6_149923121_149942013,8
chr6_149949235_149963942:chr6_149949235_149963942,2
chr6_149973715_150018333:chr6_149973715_150018333,14
chr6_150025532_150061052:chr6_150025532_150061052,9
chr6_150069121_150143043:chr6_150069121_150143043,24
chr6_150250392_150369011:chr6_150250392_150369011,61
chr6_150405969_150599884:chr6_150405969_150599884,49
chr6_150843665_150865701:chr6_150843665_150865701,6
chr6_151101887_151239966:chr6_151101887_151239966,26
chr6_151358559_151364114:chr6_151358559_151364114,4
chr6_151391559_151404761:chr6_151391559_151404761,11
chr6_151470101_151494016:chr6_151470101_151494016,7
chr6_151621193_151656671:chr6_151621193_151656671,5
chr6_152637362_152697896:chr6_152637362_152697896,16
chr6_152728185_152750796:chr6_152728185_152750796,4
chr6_152759760_152970534:chr6_152759760_152970534,50
chr6_152983579_152987361:chr6_152983579_152987361,1
chr6_153002709_153004458:chr6_153002709_153004458,2
chr6_153131282_154010495:chr6_153131282_154010495,148
chr6_154356803_154387514:chr6_154356803_154387514,6
chr6_154510685_154733377:chr6_154510685_154733377,41
chr6_154834244_154995314:chr6_154834244_154995314,46
chr6_155314484_155395367:chr6_155314484_155395367,16
chr6_155455839_156547911:chr6_155455839_156547911,240
chr6_156547986_156776025:chr6_156547986_156776025,50
chr6_157210779_157289024:chr6_157210779_157289024,28
chr6_157323519_157381189:chr6_157323519_157381189,12
chr6_157678157_157823245:chr6_157678157_157823245,52
chr6_157945077_157981862:chr6_157945077_157981862,10
chr6_158099176_158109518:chr6_158099176_158109518,3
chr6_158199344_158312464:chr6_158199344_158312464,54
chr6_158511828_158536639:chr6_158511828_158536639,9
chr6_158635429_158636473:chr6_158635429_158636473,6
chr6_158644743_158650053:chr6_158644743_158650053,4
chr6_158819368_158972870:chr6_158819368_158972870,35
chr6_159000202_159034480:chr6_159000202_159034480,6
chr6_159044991_159169399:chr6_159044991_159169399,42
chr6_159272108_159669068:chr6_159272108_159669068,101
chr6_159798429_159800275:chr6_159798429_159800275,4
chr6_159820704_159890987:chr6_159820704_159890987,23
chr6_159917447_159969081:chr6_159917447_159969081,14
chr6_160111504_160121814:chr6_160111504_160121814,7
chr6_160158718_160216754:chr6_160158718_160216754,15
chr6_160258821_160348377:chr6_160258821_160348377,25
chr6_160452577_160531481:chr6_160452577_160531481,26
chr6_160664275_160702192:chr6_160664275_160702192,4
chr6_160754097_160991768:chr6_160754097_160991768,77
chr6_161117380_161129966:chr6_161117380_161129966,21
chr6_161274061_161347416:chr6_161274061_161347416,27
chr6_163315500_163414717:chr6_163315500_163414717,33
chr6_163578592_165279663:chr6_163578592_165279663,377
chr6_165309605_165327288:chr6_165309605_165327288,5
chr6_165663241_165939455:chr6_165663241_165939455,83
chr6_165988039_166157655:chr6_165988039_166157655,25
chr6_166168655_166305299:chr6_166168655_166305299,36
chr6_166308392_166319727:chr6_166308392_166319727,1
chr6_166342545_166364918:chr6_166342545_166364918,13
chr6_166382940_166409363:chr6_166382940_166409363,14
chr6_166862525_166922112:chr6_166862525_166922112,35
chr6_166956550_166999396:chr6_166956550_166999396,35
chr6_167052718_167111794:chr6_167052718_167111794,18
chr6_167139141_167155246:chr6_167139141_167155246,9
chr6_167157980_167291314:chr6_167157980_167291314,29
chr6_167316014_167325085:chr6_167316014_167325085,3
chr6_167342688_167826563:chr6_167342688_167826563,112
chr6_167972023_167997670:chr6_167972023_167997670,9
chr6_168045091_168053094:chr6_168045091_168053094,1
chr6_168081557_168292829:chr6_168081557_168292829,68
chr6_168319777_168441183:chr6_168319777_168441183,38
chr6_168667992_169215784:chr6_168667992_169215784,114
chr6_169253846_169457211:chr6_169253846_169457211,56
chr6_169724500_169740108:chr6_169724500_169740108,3
chr6_169781600_170282205:chr6_169781600_170282205,180
chr6_170407067_170535119:chr6_170407067_170535119,43
chr6_170553307_170554368:chr6_170553307_170554368,0
chr6_170572859_170575294:chr6_170572859_170575294,6
chr6_170584637_170805979:chr6_170584637_170805979,7
chr7_0_192570:chr7_0_192570,36
chr7_260772_290169:chr7_260772_290169,6
chr7_294422_497257:chr7_294422_497257,48
chr7_520700_549196:chr7_520700_549196,4
chr7_786475_815556:chr7_786475_815556,11
chr7_874934_876553:chr7_874934_876553,3
chr7_896436_897899:chr7_896436_897899,4
chr7_955407_964851:chr7_955407_964851,4
chr7_975549_983180:chr7_975549_983180,3
chr7_989640_996986:chr7_989640_996986,3
chr7_1138257_1148849:chr7_1138257_1148849,3
chr7_1160196_1232871:chr7_1160196_1232871,12
chr7_1237326_1434358:chr7_1237326_1434358,47
chr7_1459470_1470276:chr7_1459470_1470276,6
chr7_1504389_1530701:chr7_1504389_1530701,4
chr7_1556205_1567331:chr7_1556205_1567331,2
chr7_1570032_1666063:chr7_1570032_1666063,36
chr7_1747946_1815794:chr7_1747946_1815794,17
chr7_2232945_2234194:chr7_2232945_2234194,6
chr7_2314441_2354085:chr7_2314441_2354085,10
chr7_2380745_2403610:chr7_2380745_2403610,19
chr7_2448484_2474727:chr7_2448484_2474727,3
chr7_2476398_2512528:chr7_2476398_2512528,9
chr7_2529177_2537809:chr7_2529177_2537809,5
chr7_2555524_2558978:chr7_2555524_2558978,2
chr7_2614728_2631985:chr7_2614728_2631985,6
chr7_2664802_2679521:chr7_2664802_2679521,3
chr7_2844308_2906141:chr7_2844308_2906141,13
chr7_3043867_3301251:chr7_3043867_3301251,58
chr7_4269000_4682294:chr7_4269000_4682294,74
chr7_4771442_4775622:chr7_4771442_4775622,3
chr7_4794397_4797054:chr7_4794397_4797054,1
chr7_4883716_4905997:chr7_4883716_4905997,9
chr7_4959187_5045859:chr7_4959187_5045859,22
chr7_5073223_5190232:chr7_5073223_5190232,15
chr7_5233855_5282942:chr7_5233855_5282942,7
chr7_5423834_5454424:chr7_5423834_5454424,16
chr7_5513809_5527147:chr7_5513809_5527147,15
chr7_5530601_5592815:chr7_5530601_5592815,12
chr7_5606655_5620046:chr7_5606655_5620046,17
chr7_5781663_5859717:chr7_5781663_5859717,9
chr7_5886363_5898732:chr7_5886363_5898732,2
chr7_6059175_6104948:chr7_6059175_6104948,8
chr7_6272624_6329410:chr7_6272624_6329410,10
chr7_6348967_6374526:chr7_6348967_6374526,6
chr7_6403967_6409128:chr7_6403967_6409128,4
chr7_6447954_6461088:chr7_6447954_6461088,2
chr7_6484152_6496777:chr7_6484152_6496777,5
chr7_6551461_6577453:chr7_6551461_6577453,5
chr7_6608726_6615609:chr7_6608726_6615609,4
chr7_6624290_6637317:chr7_6624290_6637317,6
chr7_6658279_6688432:chr7_6658279_6688432,11
chr7_6706947_6754102:chr7_6706947_6754102,8
chr7_6826275_7182543:chr7_6826275_7182543,44
chr7_7248616_7357874:chr7_7248616_7357874,24
chr7_7535873_7566883:chr7_7535873_7566883,5
chr7_7609144_7636517:chr7_7609144_7636517,9
chr7_7879223_7968795:chr7_7879223_7968795,21
chr7_8089080_8113183:chr7_8089080_8113183,6
chr7_8262555_8433608:chr7_8262555_8433608,29
chr7_8752961_10931942:chr7_8752961_10931942,369
chr7_10940153_10973871:chr7_10940153_10973871,8
chr7_11169618_11370364:chr7_11169618_11370364,41
chr7_11832198_12211293:chr7_11832198_12211293,44
chr7_12243367_12330884:chr7_12243367_12330884,36
chr7_12403865_12570719:chr7_12403865_12570719,29
chr7_12660182_12686902:chr7_12660182_12686902,6
chr7_12690958_13891228:chr7_12690958_13891228,193
chr7_13991425_14145048:chr7_13991425_14145048,29
chr7_14974858_15200316:chr7_14974858_15200316,34
chr7_15562015_15611211:chr7_15562015_15611211,9
chr7_15686683_16087524:chr7_15686683_16087524,49
chr7_16421538_16461480:chr7_16421538_16461480,9
chr7_16465738_16526824:chr7_16465738_16526824,14
chr7_16581568_16599778:chr7_16581568_16599778,12
chr7_16706517_16753754:chr7_16706517_16753754,13
chr7_16784536_16791810:chr7_16784536_16791810,1
chr7_16804999_16859411:chr7_16804999_16859411,7
chr7_16881983_17298651:chr7_16881983_17298651,52
chr7_17346147_17790760:chr7_17346147_17790760,60
chr7_17940494_18026769:chr7_17940494_18026769,15
chr7_18027846_18086824:chr7_18027846_18086824,5
chr7_19002416_19113046:chr7_19002416_19113046,12
chr7_19117636_19144781:chr7_19117636_19144781,4
chr7_19145421_19695460:chr7_19145421_19695460,57
chr7_19709037_19719314:chr7_19709037_19719314,2
chr7_19773617_20134654:chr7_19773617_20134654,46
chr7_20217384_20330899:chr7_20217384_20330899,18
chr7_20415754_20615666:chr7_20415754_20615666,29
chr7_20757008_20782278:chr7_20757008_20782278,7
chr7_20786886_21428082:chr7_20786886_21428082,82
chr7_21514822_21543038:chr7_21514822_21543038,2
chr7_21945899_22118235:chr7_21945899_22118235,34
chr7_22357154_22419443:chr7_22357154_22419443,20
chr7_22500188_22727199:chr7_22500188_22727199,98
chr7_22731998_22812973:chr7_22731998_22812973,20
chr7_22822849_22934210:chr7_22822849_22934210,17
chr7_23014130_23105784:chr7_23014130_23105784,18
chr7_23177914_23182047:chr7_23177914_23182047,3
chr7_23201006_23246774:chr7_23201006_23246774,17
chr7_23275108_23299338:chr7_23275108_23299338,4
chr7_23470491_23504779:chr7_23470491_23504779,8
chr7_23531981_23597381:chr7_23531981_23597381,11
chr7_23644708_23680198:chr7_23644708_23680198,9
chr7_23702650_23710218:chr7_23702650_23710218,2
chr7_23832513_24284189:chr7_23832513_24284189,71
chr7_24291862_24573451:chr7_24291862_24573451,63
chr7_24694193_24698354:chr7_24694193_24698354,1
chr7_24757939_24796536:chr7_24757939_24796536,15
chr7_24980178_25118655:chr7_24980178_25118655,19
chr7_25125260_25134691:chr7_25125260_25134691,0
chr7_25180354_25224569:chr7_25180354_25224569,14
chr7_25228486_26152197:chr7_25228486_26152197,182
chr7_26187137_26189926:chr7_26187137_26189926,5
chr7_26213607_26291861:chr7_26213607_26291861,11
chr7_26374383_26667067:chr7_26374383_26667067,65
chr7_26864590_27092992:chr7_26864590_27092992,40
chr7_27096000_27100353:chr7_27096000_27100353,2
chr7_27102683_27107009:chr7_27102683_27107009,3
chr7_27152583_27153715:chr7_27152583_27153715,1
chr7_27156675_27162437:chr7_27156675_27162437,2
chr7_27165537_27170604:chr7_27165537_27170604,3
chr7_27174320_27181156:chr7_27174320_27181156,3
chr7_27185232_27194363:chr7_27185232_27194363,1
chr7_27200091_27242801:chr7_27200091_27242801,4
chr7_27247830_27525441:chr7_27247830_27525441,64
chr7_27662883_27739372:chr7_27662883_27739372,17
chr7_28180795_28299320:chr7_28180795_28299320,12
chr7_28825894_28953357:chr7_28825894_28953357,27
chr7_28958330_28994635:chr7_28958330_28994635,7
chr7_29514328_29563834:chr7_29514328_29563834,7
chr7_29567295_29806507:chr7_29567295_29806507,33
chr7_29917061_29920102:chr7_29917061_29920102,2
chr7_29990289_30010586:chr7_29990289_30010586,4
chr7_30026702_30028411:chr7_30026702_30028411,1
chr7_30130483_30134985:chr7_30130483_30134985,2
chr7_30162762_30284596:chr7_30162762_30284596,31
chr7_30367689_30424526:chr7_30367689_30424526,15
chr7_30478784_30496620:chr7_30478784_30496620,9
chr7_30504829_30594734:chr7_30504829_30594734,31
chr7_30634033_30651941:chr7_30634033_30651941,5
chr7_30700103_30752134:chr7_30700103_30752134,15
chr7_30892387_30911852:chr7_30892387_30911852,19
chr7_30925516_30963952:chr7_30925516_30963952,15
chr7_30979528_31052307:chr7_30979528_31052307,28
chr7_31111474_31337464:chr7_31111474_31337464,38
chr7_31340726_31514089:chr7_31340726_31514089,22
chr7_31658720_31687214:chr7_31658720_31687214,3
chr7_31708455_31751178:chr7_31708455_31751178,6
chr7_32428224_32485337:chr7_32428224_32485337,13
chr7_32588726_32868171:chr7_32588726_32868171,41
chr7_32891760_32957439:chr7_32891760_32957439,20
chr7_33006928_33014112:chr7_33006928_33014112,7
chr7_33062776_33094796:chr7_33062776_33094796,11
chr7_33109404_33129284:chr7_33109404_33129284,3
chr7_33635767_33904914:chr7_33635767_33904914,48
chr7_34156427_34658217:chr7_34156427_34658217,59
chr7_34878332_34928880:chr7_34878332_34928880,7
chr7_35038041_35202429:chr7_35038041_35202429,3
chr7_35254100_35632658:chr7_35254100_35632658,69
chr7_35695135_35800985:chr7_35695135_35800985,16
chr7_35907110_36153253:chr7_35907110_36153253,38
chr7_36301538_36324151:chr7_36301538_36324151,14
chr7_36453791_36512940:chr7_36453791_36512940,20
chr7_36724494_36852905:chr7_36724494_36852905,31
chr7_37449326_37683765:chr7_37449326_37683765,34
chr7_37743835_37848596:chr7_37743835_37848596,9
chr7_37900397_37905931:chr7_37900397_37905931,4
chr7_37916817_37920639:chr7_37916817_37920639,0
chr7_37951936_38178244:chr7_37951936_38178244,25
chr7_38230669_38259642:chr7_38230669_38259642,2
chr7_38273636_38383703:chr7_38273636_38383703,17
chr7_38631373_38685345:chr7_38631373_38685345,11
chr7_38687089_38722973:chr7_38687089_38722973,9
chr7_38909191_38977908:chr7_38909191_38977908,11
chr7_39468601_39566403:chr7_39468601_39566403,21
chr7_39612089_39623571:chr7_39612089_39623571,3
chr7_39708120_39950255:chr7_39708120_39950255,38
chr7_40099580_40126026:chr7_40099580_40126026,9
chr7_40860763_41685113:chr7_40860763_41685113,139
chr7_41703090_41960948:chr7_41703090_41960948,39
chr7_42237209_42909272:chr7_42237209_42909272,120
chr7_42912070_42916860:chr7_42912070_42916860,5
chr7_42937857_43112646:chr7_42937857_43112646,39
chr7_43566001_43583107:chr7_43566001_43583107,7
chr7_43729523_43758679:chr7_43729523_43758679,3
chr7_43807342_43866557:chr7_43807342_43866557,14
chr7_43956136_43997896:chr7_43956136_43997896,4
chr7_44010124_44044701:chr7_44010124_44044701,1
chr7_44069456_44072061:chr7_44069456_44072061,4
chr7_44082530_44104344:chr7_44082530_44104344,10
chr7_44123548_44138863:chr7_44123548_44138863,10
chr7_44141332_44143212:chr7_44141332_44143212,1
chr7_44189439_44200977:chr7_44189439_44200977,2
chr7_44214294_44217153:chr7_44214294_44217153,2
chr7_44325594_44379118:chr7_44325594_44379118,12
chr7_44490658_44512534:chr7_44490658_44512534,5
chr7_44541330_44565803:chr7_44541330_44565803,17
chr7_44573908_44577893:chr7_44573908_44577893,13
chr7_44582231_44606626:chr7_44582231_44606626,3
chr7_44709066_44748570:chr7_44709066_44748570,15
chr7_44769881_44796680:chr7_44769881_44796680,6
chr7_44803117_44826888:chr7_44803117_44826888,15
chr7_44848126_44876298:chr7_44848126_44876298,8
chr7_44885530_44962661:chr7_44885530_44962661,9
chr7_44979015_44999745:chr7_44979015_44999745,13
chr7_45076470_45080436:chr7_45076470_45080436,8
chr7_45088969_45100099:chr7_45088969_45100099,4
chr7_45111697_45157790:chr7_45111697_45157790,15
chr7_45184250_45574139:chr7_45184250_45574139,84
chr7_45723116_45859993:chr7_45723116_45859993,11
chr7_45873082_45888487:chr7_45873082_45888487,2
chr7_45893660_45912244:chr7_45893660_45912244,3
chr7_45921272_47275153:chr7_45921272_47275153,206
chr7_47582111_47774613:chr7_47582111_47774613,35
chr7_47948466_47963287:chr7_47948466_47963287,2
chr7_47979615_47987147:chr7_47979615_47987147,3
chr7_48029107_48035542:chr7_48029107_48035542,4
chr7_48061297_48088703:chr7_48061297_48088703,4
chr7_48108736_48171457:chr7_48108736_48171457,14
chr7_48647497_48924546:chr7_48647497_48924546,27
chr7_48927454_49773637:chr7_48927454_49773637,102
chr7_49921950_49937440:chr7_49921950_49937440,1
chr7_50093246_50095882:chr7_50093246_50095882,0
chr7_50159256_50304063:chr7_50159256_50304063,28
chr7_50405101_50444132:chr7_50405101_50444132,13
chr7_50450350_50458441:chr7_50450350_50458441,0
chr7_50565405_50590067:chr7_50565405_50590067,2
chr7_50793453_51016211:chr7_50793453_51016211,55
chr7_51316809_53035632:chr7_51316809_53035632,221
chr7_53036925_54542374:chr7_53036925_54542374,180
chr7_54571067_54752252:chr7_54571067_54752252,26
chr7_54759211_55019016:chr7_54759211_55019016,37
chr7_55211628_55365336:chr7_55211628_55365336,25
chr7_55433737_55470607:chr7_55433737_55470607,11
chr7_55572502_55793539:chr7_55572502_55793539,11
chr7_55862752_55887455:chr7_55862752_55887455,2
chr7_55942225_55951876:chr7_55942225_55951876,0
chr7_55956500_55964584:chr7_55956500_55964584,3
chr7_56000179_56011063:chr7_56000179_56011063,2
chr7_56092952_56101572:chr7_56092952_56101572,9
chr7_56106476_56114680:chr7_56106476_56114680,1
chr7_56116417_56502085:chr7_56116417_56502085,34
chr7_56503037_57117675:chr7_56503037_57117675,27
chr7_57139864_57186272:chr7_57139864_57186272,8
chr7_57186344_57450176:chr7_57186344_57450176,41
chr7_57473559_63908364:chr7_57473559_63908364,128
chr7_63910561_63998848:chr7_63910561_63998848,16
chr7_64018081_64045433:chr7_64018081_64045433,4
chr7_64085339_64207202:chr7_64085339_64207202,14
chr7_64220290_64228473:chr7_64220290_64228473,0
chr7_64266931_64313960:chr7_64266931_64313960,5
chr7_64356634_64519877:chr7_64356634_64519877,22
chr7_64563071_64666132:chr7_64563071_64666132,19
chr7_64711577_64794427:chr7_64711577_64794427,16
chr7_64833680_64882512:chr7_64833680_64882512,10
chr7_64930981_64971775:chr7_64930981_64971775,10
chr7_65006746_65373854:chr7_65006746_65373854,33
chr7_65401136_65873073:chr7_65401136_65873073,44
chr7_65959558_65960683:chr7_65959558_65960683,10
chr7_65982213_66075818:chr7_65982213_66075818,8
chr7_66093576_66114817:chr7_66093576_66114817,15
chr7_66154568_66205333:chr7_66154568_66205333,10
chr7_66360443_66628880:chr7_66360443_66628880,71
chr7_66643229_66654566:chr7_66643229_66654566,8
chr7_66811464_66921224:chr7_66811464_66921224,49
chr7_66958551_66987679:chr7_66958551_66987679,8
chr7_66995586_66996832:chr7_66995586_66996832,0
chr7_67239514_67276940:chr7_67239514_67276940,2
chr7_67289005_69598474:chr7_67289005_69598474,347
chr7_70793506_71132143:chr7_70793506_71132143,44
chr7_71713599_71779490:chr7_71713599_71779490,12
chr7_72447143_72574512:chr7_72447143_72574512,13
chr7_72828200_72879356:chr7_72828200_72879356,4
chr7_72951459_72959484:chr7_72951459_72959484,0
chr7_72969466_73019718:chr7_72969466_73019718,0
chr7_73029766_73047861:chr7_73029766_73047861,0
chr7_73057911_73075971:chr7_73057911_73075971,0
chr7_73086038_73104007:chr7_73086038_73104007,0
chr7_73155431_73302515:chr7_73155431_73302515,2
chr7_73308826_73312535:chr7_73308826_73312535,2
chr7_73358625_73433777:chr7_73358625_73433777,9
chr7_73436120_73440405:chr7_73436120_73440405,7
chr7_73522293_73536355:chr7_73522293_73536355,6
chr7_73557690_73567536:chr7_73557690_73567536,5
chr7_73578579_73593201:chr7_73578579_73593201,7
chr7_73624522_73667830:chr7_73624522_73667830,10
chr7_73672110_73680917:chr7_73672110_73680917,6
chr7_73719669_73736093:chr7_73719669_73736093,6
chr7_73738802_73768996:chr7_73738802_73768996,8
chr7_73770270_73830995:chr7_73770270_73830995,12
chr7_73832690_73834589:chr7_73832690_73834589,1
chr7_73842516_73861158:chr7_73842516_73861158,4
chr7_73865890_74028172:chr7_73865890_74028172,42
chr7_74069907_74083803:chr7_74069907_74083803,7
chr7_74122525_74174355:chr7_74122525_74174355,7
chr7_74197096_74210005:chr7_74197096_74210005,1
chr7_74229834_74231501:chr7_74229834_74231501,6
chr7_74254399_74289406:chr7_74254399_74289406,10
chr7_74405935_74453905:chr7_74405935_74453905,10
chr7_74602605_74657717:chr7_74602605_74657717,11
chr7_74760692_74774010:chr7_74760692_74774010,0
chr7_74789315_74796150:chr7_74789315_74796150,0
chr7_74851605_74904288:chr7_74851605_74904288,0
chr7_74915078_74964704:chr7_74915078_74964704,0
chr7_75073802_75092555:chr7_75073802_75092555,0
chr7_75149817_75237204:chr7_75149817_75237204,0
chr7_75317429_75335342:chr7_75317429_75335342,0
chr7_75345396_75395628:chr7_75345396_75395628,0
chr7_75405605_75416785:chr7_75405605_75416785,0
chr7_75486299_75492319:chr7_75486299_75492319,0
chr7_75504316_75533297:chr7_75504316_75533297,4
chr7_75738941_75769523:chr7_75738941_75769523,3
chr7_75791597_75810824:chr7_75791597_75810824,2
chr7_75823372_75879033:chr7_75823372_75879033,11
chr7_75888926_75915154:chr7_75888926_75915154,8
chr7_75994595_75996336:chr7_75994595_75996336,3
chr7_76067508_76201895:chr7_76067508_76201895,21
chr7_76287287_76302672:chr7_76287287_76302672,4
chr7_76304292_76326798:chr7_76304292_76326798,13
chr7_76358991_76389336:chr7_76358991_76389336,9
chr7_76442069_76461708:chr7_76442069_76461708,1
chr7_76505991_76510551:chr7_76505991_76510551,2
chr7_76516522_76531312:chr7_76516522_76531312,0
chr7_76543297_76609985:chr7_76543297_76609985,3
chr7_76627279_77022305:chr7_76627279_77022305,7
chr7_77032361_77050390:chr7_77032361_77050390,0
chr7_77062558_77122614:chr7_77062558_77122614,3
chr7_77295204_77310750:chr7_77295204_77310750,7
chr7_77416349_77537294:chr7_77416349_77537294,23
chr7_77640069_77696458:chr7_77640069_77696458,18
chr7_77783022_77793727:chr7_77783022_77793727,5
chr7_77957504_78017054:chr7_77957504_78017054,16
chr7_79453667_80134830:chr7_79453667_80134830,92
chr7_80226181_80458634:chr7_80226181_80458634,28
chr7_80512064_80602206:chr7_80512064_80602206,15
chr7_80679274_80742537:chr7_80679274_80742537,8
chr7_80922389_81699009:chr7_80922389_81699009,93
chr7_81770047_81946443:chr7_81770047_81946443,20
chr7_82443956_82754011:chr7_82443956_82754011,29
chr7_83162884_83363237:chr7_83162884_83363237,28
chr7_83649139_83955776:chr7_83649139_83955776,32
chr7_84194789_84995552:chr7_84194789_84995552,124
chr7_85250243_86643908:chr7_85250243_86643908,149
chr7_86864879_86876905:chr7_86864879_86876905,4
chr7_87059654_87152452:chr7_87059654_87152452,16
chr7_87220587_87345663:chr7_87220587_87345663,18
chr7_87399794_87401695:chr7_87399794_87401695,0
chr7_87475680_87503016:chr7_87475680_87503016,1
chr7_87832296_87833567:chr7_87832296_87833567,2
chr7_87909553_87934250:chr7_87909553_87934250,6
chr7_88202889_88205114:chr7_88202889_88205114,3
chr7_88226976_88270891:chr7_88226976_88270891,3
chr7_88306894_88759699:chr7_88306894_88759699,50
chr7_89338528_90154468:chr7_89338528_90154468,84
chr7_90164827_90211739:chr7_90164827_90211739,7
chr7_90237683_90245173:chr7_90237683_90245173,3
chr7_90311063_90316806:chr7_90311063_90316806,0
chr7_90321304_90346715:chr7_90321304_90346715,7
chr7_90391453_90403460:chr7_90391453_90403460,6
chr7_90415954_90469638:chr7_90415954_90469638,8
chr7_90513397_90596320:chr7_90513397_90596320,10
chr7_91210590_91264432:chr7_91210590_91264432,7
chr7_91271326_91870928:chr7_91271326_91870928,80
chr7_91880702_91940861:chr7_91880702_91940861,7
chr7_92110673_92112152:chr7_92110673_92112152,3
chr7_92134803_92141642:chr7_92134803_92141642,2
chr7_92179142_92198968:chr7_92179142_92198968,6
chr7_92401383_92447481:chr7_92401383_92447481,14
chr7_92460075_92468379:chr7_92460075_92468379,4
chr7_92477946_92487024:chr7_92477946_92487024,2
chr7_92540481_92560757:chr7_92540481_92560757,10
chr7_92590390_92604920:chr7_92590390_92604920,4
chr7_92836573_93099517:chr7_92836573_93099517,30
chr7_93117979_93130055:chr7_93117979_93130055,4
chr7_93148385_93188533:chr7_93148385_93188533,7
chr7_93361123_93424485:chr7_93361123_93424485,13
chr7_93574724_93885395:chr7_93574724_93885395,38
chr7_93890753_93906566:chr7_93890753_93906566,4
chr7_93911265_93921734:chr7_93911265_93921734,2
chr7_93928610_93962761:chr7_93928610_93962761,6
chr7_94004355_94394894:chr7_94004355_94394894,45
chr7_94431227_94509808:chr7_94431227_94509808,8
chr7_94557019_94584979:chr7_94557019_94584979,5
chr7_94669695_94907593:chr7_94669695_94907593,26
chr7_95296415_95297675:chr7_95296415_95297675,3
chr7_95324532_95359871:chr7_95324532_95359871,5
chr7_95396375_95404861:chr7_95396375_95404861,2
chr7_95435028_95485942:chr7_95435028_95485942,9
chr7_95540233_95583498:chr7_95540233_95583498,6
chr7_95596516_95772553:chr7_95596516_95772553,25
chr7_96110322_96120219:chr7_96110322_96120219,2
chr7_96322098_96481625:chr7_96322098_96481625,36
chr7_96709846_97005552:chr7_96709846_97005552,39
chr7_97011040_97020395:chr7_97011040_97020395,1
chr7_97024831_97117697:chr7_97024831_97117697,14
chr7_97181763_97732085:chr7_97181763_97732085,77
chr7_97740472_97851676:chr7_97740472_97851676,13
chr7_97928441_97984686:chr7_97928441_97984686,6
chr7_97990196_98106861:chr7_97990196_98106861,16
chr7_98209638_98211438:chr7_98209638_98211438,1
chr7_98252232_98281685:chr7_98252232_98281685,16
chr7_98401090_98617284:chr7_98401090_98617284,27
chr7_98629869_98846489:chr7_98629869_98846489,47
chr7_98870014_98878531:chr7_98870014_98878531,3
chr7_99013241_99027439:chr7_99013241_99027439,15
chr7_99144108_99173571:chr7_99144108_99173571,3
chr7_99208115_99325897:chr7_99208115_99325897,32
chr7_99366262_99374729:chr7_99366262_99374729,14
chr7_99466167_99472889:chr7_99466167_99472889,4
chr7_99500281_99504661:chr7_99500281_99504661,4
chr7_99534700_99546299:chr7_99534700_99546299,6
chr7_99552114_99558641:chr7_99552114_99558641,6
chr7_99576453_99598266:chr7_99576453_99598266,2
chr7_99611045_99616945:chr7_99611045_99616945,6
chr7_99679996_99684676:chr7_99679996_99684676,2
chr7_99735196_99756966:chr7_99735196_99756966,7
chr7_99784184_99828012:chr7_99784184_99828012,8
chr7_99866093_99876061:chr7_99866093_99876061,1
chr7_99877033_99890402:chr7_99877033_99890402,1
chr7_99919530_99923265:chr7_99919530_99923265,1
chr7_99929620_99966729:chr7_99929620_99966729,9
chr7_99976031_100015595:chr7_99976031_100015595,5
chr7_100045374_100049773:chr7_100045374_100049773,2
chr7_100082577_100088968:chr7_100082577_100088968,5
chr7_100125508_100126966:chr7_100125508_100126966,1
chr7_100128495_100148917:chr7_100128495_100148917,3
chr7_100214387_100219247:chr7_100214387_100219247,3
chr7_100221490_100307701:chr7_100221490_100307701,18
chr7_100322196_100358116:chr7_100322196_100358116,29
chr7_100367831_100373486:chr7_100367831_100373486,9
chr7_100434118_100435281:chr7_100434118_100435281,7
chr7_100436497_100456619:chr7_100436497_100456619,3
chr7_100479214_100483926:chr7_100479214_100483926,1
chr7_100494802_100539202:chr7_100494802_100539202,6
chr7_100568220_100572227:chr7_100568220_100572227,4
chr7_100601117_100602362:chr7_100601117_100602362,1
chr7_100608175_100612161:chr7_100608175_100612161,2
chr7_100615377_100620419:chr7_100615377_100620419,7
chr7_100641552_100643096:chr7_100641552_100643096,1
chr7_100656448_100673739:chr7_100656448_100673739,3
chr7_100694250_100706120:chr7_100694250_100706120,1
chr7_100707486_100720467:chr7_100707486_100720467,3
chr7_100723700_100733594:chr7_100723700_100733594,3
chr7_100797797_100802564:chr7_100797797_100802564,7
chr7_100873454_100875102:chr7_100873454_100875102,4
chr7_100896994_100949533:chr7_100896994_100949533,9
chr7_100968347_100969564:chr7_100968347_100969564,1
chr7_101018936_101020080:chr7_101018936_101020080,1
chr7_101058859_101085480:chr7_101058859_101085480,11
chr7_101097967_101127103:chr7_101097967_101127103,9
chr7_101139247_101154475:chr7_101139247_101154475,1
chr7_101161276_101162508:chr7_101161276_101162508,7
chr7_101165569_101170495:chr7_101165569_101170495,3
chr7_101180293_101195006:chr7_101180293_101195006,5
chr7_101201036_101205983:chr7_101201036_101205983,2
chr7_101224190_101232093:chr7_101224190_101232093,5
chr7_101245081_101310913:chr7_101245081_101310913,16
chr7_101321823_101362874:chr7_101321823_101362874,6
chr7_101559024_101613329:chr7_101559024_101613329,7
chr7_101629296_101816006:chr7_101629296_101816006,42
chr7_102283958_102285140:chr7_102283958_102285140,1
chr7_102321711_102345745:chr7_102321711_102345745,1
chr7_102356444_102396362:chr7_102356444_102396362,5
chr7_102426666_102433574:chr7_102426666_102433574,5
chr7_102478922_102479975:chr7_102478922_102479975,0
chr7_102517777_102537918:chr7_102517777_102537918,0
chr7_102572583_102579645:chr7_102572583_102579645,0
chr7_102616758_102637024:chr7_102616758_102637024,0
chr7_102671663_102748998:chr7_102671663_102748998,1
chr7_103150001_103297434:chr7_103150001_103297434,8
chr7_103344767_103347523:chr7_103344767_103347523,0
chr7_103446207_103471788:chr7_103446207_103471788,5
chr7_103989658_104126340:chr7_103989658_104126340,26
chr7_104208013_104328602:chr7_104208013_104328602,13
chr7_104908561_105014204:chr7_104908561_105014204,30
chr7_105115019_105116373:chr7_105115019_105116373,6
chr7_105389391_105456500:chr7_105389391_105456500,14
chr7_105522271_105532200:chr7_105522271_105532200,2
chr7_105581493_105604771:chr7_105581493_105604771,3
chr7_105876599_105963263:chr7_105876599_105963263,20
chr7_106036432_106090504:chr7_106036432_106090504,12
chr7_106112576_106248297:chr7_106112576_106248297,29
chr7_106284983_106654359:chr7_106284983_106654359,105
chr7_106661158_106865281:chr7_106661158_106865281,51
chr7_106908980_107044704:chr7_106908980_107044704,27
chr7_107161811_107169002:chr7_107161811_107169002,3
chr7_107623317_107660827:chr7_107623317_107660827,6
chr7_107717809_107744141:chr7_107717809_107744141,4
chr7_107761667_107765468:chr7_107761667_107765468,0
chr7_107803223_107891106:chr7_107803223_107891106,15
chr7_107921198_107923798:chr7_107921198_107923798,7
chr7_108003161_108023552:chr7_108003161_108023552,7
chr7_108130361_108147648:chr7_108130361_108147648,3
chr7_108456720_108470416:chr7_108456720_108470416,3
chr7_108528178_108562131:chr7_108528178_108562131,5
chr7_108574850_110662643:chr7_108574850_110662643,229
chr7_111562492_111726109:chr7_111562492_111726109,12
chr7_112343934_112423173:chr7_112343934_112423173,19
chr7_112477203_112480852:chr7_112477203_112480852,1
chr7_112491062_112762376:chr7_112491062_112762376,37
chr7_112790393_112819146:chr7_112790393_112819146,6
chr7_112939875_113082284:chr7_112939875_113082284,16
chr7_113087724_113116717:chr7_113087724_113116717,2
chr7_113118554_113876776:chr7_113118554_113876776,89
chr7_113919009_114086326:chr7_113919009_114086326,21
chr7_114693765_114922093:chr7_114693765_114922093,28
chr7_115019917_115935151:chr7_115019917_115935151,95
chr7_116030763_116210538:chr7_116030763_116210538,21
chr7_116258783_116499737:chr7_116258783_116499737,33
chr7_116508541_116525008:chr7_116508541_116525008,6
chr7_116561185_116672195:chr7_116561185_116672195,7
chr7_116798377_116862586:chr7_116798377_116862586,12
chr7_116922049_116953500:chr7_116922049_116953500,12
chr7_117230176_117275450:chr7_117230176_117275450,11
chr7_117323058_117363221:chr7_117323058_117363221,5
chr7_117427493_117480024:chr7_117427493_117480024,8
chr7_117668665_117710650:chr7_117668665_117710650,4
chr7_117873441_118184163:chr7_117873441_118184163,38
chr7_118204035_118224703:chr7_118204035_118224703,3
chr7_118242732_120273174:chr7_118242732_120273174,257
chr7_120750337_120787319:chr7_120750337_120787319,5
chr7_120858144_120950776:chr7_120858144_120950776,15
chr7_120977216_120988710:chr7_120977216_120988710,5
chr7_121297442_121325366:chr7_121297442_121325366,7
chr7_121341104_121348877:chr7_121341104_121348877,7
chr7_121396308_121873160:chr7_121396308_121873160,68
chr7_122062036_122073548:chr7_122062036_122073548,7
chr7_122144249_122301302:chr7_122144249_122301302,19
chr7_122304750_122318410:chr7_122304750_122318410,1
chr7_122886460_122994703:chr7_122886460_122994703,11
chr7_122995700_123113530:chr7_122995700_123113530,16
chr7_123199971_123452192:chr7_123199971_123452192,26
chr7_123534595_123536996:chr7_123534595_123536996,0
chr7_123639481_123655865:chr7_123639481_123655865,4
chr7_123664290_123681942:chr7_123664290_123681942,7
chr7_123749003_123845168:chr7_123749003_123845168,14
chr7_123877481_123925240:chr7_123877481_123925240,6
chr7_123971414_124030920:chr7_123971414_124030920,7
chr7_124033067_124743884:chr7_124033067_124743884,91
chr7_124765792_124822385:chr7_124765792_124822385,6
chr7_124929825_126438597:chr7_124929825_126438597,151
chr7_127252941_127370042:chr7_127252941_127370042,26
chr7_127392708_127580627:chr7_127392708_127580627,35
chr7_127585596_127588410:chr7_127585596_127588410,6
chr7_127591700_127593735:chr7_127591700_127593735,2
chr7_127602144_127610291:chr7_127602144_127610291,3
chr7_127618142_127652193:chr7_127618142_127652193,7
chr7_128092593_128241277:chr7_128092593_128241277,34
chr7_128257629_128297684:chr7_128257629_128297684,8
chr7_128343908_128350324:chr7_128343908_128350324,2
chr7_128361690_128392276:chr7_128361690_128392276,9
chr7_128409982_128455877:chr7_128409982_128455877,22
chr7_128458418_128476747:chr7_128458418_128476747,7
chr7_128506602_128672291:chr7_128506602_128672291,20
chr7_128687877_128709060:chr7_128687877_128709060,7
chr7_128731743_128739358:chr7_128731743_128739358,5
chr7_128775794_128791437:chr7_128775794_128791437,6
chr7_128822130_128830405:chr7_128822130_128830405,6
chr7_128859272_128862855:chr7_128859272_128862855,4
chr7_128872047_128876864:chr7_128872047_128876864,2
chr7_128910709_128937031:chr7_128910709_128937031,8
chr7_128950038_128954184:chr7_128950038_128954184,6
chr7_129055111_129144706:chr7_129055111_129144706,23
chr7_129169699_129188632:chr7_129169699_129188632,21
chr7_129213545_129225029:chr7_129213545_129225029,10
chr7_129430211_129434431:chr7_129430211_129434431,6
chr7_129488399_129502530:chr7_129488399_129502530,20
chr7_129512918_129611719:chr7_129512918_129611719,88
chr7_129757076_129830731:chr7_129757076_129830731,77
chr7_129952960_130018285:chr7_129952960_130018285,52
chr7_130051451_130070533:chr7_130051451_130070533,10
chr7_130135705_130164712:chr7_130135705_130164712,88
chr7_130205406_130207859:chr7_130205406_130207859,7
chr7_130216844_130266862:chr7_130216844_130266862,31
chr7_130289798_130293160:chr7_130289798_130293160,8
chr7_130324180_130344815:chr7_130324180_130344815,17
chr7_130368730_130380493:chr7_130368730_130380493,14
chr7_130388108_130393770:chr7_130388108_130393770,2
chr7_130441016_130486174:chr7_130441016_130486174,26
chr7_130687432_130730696:chr7_130687432_130730696,30
chr7_130734207_131110093:chr7_130734207_131110093,310
chr7_131496632_131500270:chr7_131496632_131500270,13
chr7_131556628_132123339:chr7_131556628_132123339,388
chr7_132648688_132784869:chr7_132648688_132784869,114
chr7_133082090_133253077:chr7_133082090_133253077,94
chr7_134065761_134127339:chr7_134065761_134127339,39
chr7_134264595_134289331:chr7_134264595_134289331,11
chr7_134316930_134442349:chr7_134316930_134442349,74
chr7_134459239_134527566:chr7_134459239_134527566,26
chr7_134541412_134549109:chr7_134541412_134549109,3
chr7_134579869_134646852:chr7_134579869_134646852,28
chr7_134679816_134779633:chr7_134679816_134779633,49
chr7_134970729_134986507:chr7_134970729_134986507,3
chr7_135170707_135183838:chr7_135170707_135183838,16
chr7_135211526_135231914:chr7_135211526_135231914,11
chr7_135258663_135361794:chr7_135258663_135361794,67
chr7_135510102_135557916:chr7_135510102_135557916,19
chr7_135648753_135662513:chr7_135648753_135662513,13
chr7_135676416_135681230:chr7_135676416_135681230,13
chr7_135728186_135729591:chr7_135728186_135729591,4
chr7_135748813_135926759:chr7_135748813_135926759,109
chr7_135977359_136868651:chr7_135977359_136868651,509
chr7_137020213_137227340:chr7_137020213_137227340,57
chr7_137343733_137381036:chr7_137343733_137381036,20
chr7_137846974_137874978:chr7_137846974_137874978,23
chr7_138002086_138076458:chr7_138002086_138076458,24
chr7_138118305_138460258:chr7_138118305_138460258,115
chr7_138589996_138594284:chr7_138589996_138594284,4
chr7_138701362_138706293:chr7_138701362_138706293,5
chr7_138806759_138831380:chr7_138806759_138831380,11
chr7_138981389_139025705:chr7_138981389_139025705,27
chr7_139036042_139043514:chr7_139036042_139043514,10
chr7_139109720_139133777:chr7_139109720_139133777,16
chr7_139191986_139231236:chr7_139191986_139231236,18
chr7_139308236_139340471:chr7_139308236_139340471,16
chr7_139423454_139452689:chr7_139423454_139452689,29
chr7_139483673_139523684:chr7_139483673_139523684,26
chr7_139544985_139561569:chr7_139544985_139561569,9
chr7_140020293_140023748:chr7_140020293_140023748,6
chr7_140062951_140084745:chr7_140062951_140084745,16
chr7_140176983_140333751:chr7_140176983_140333751,84
chr7_140398530_140404057:chr7_140398530_140404057,1
chr7_140427974_140453032:chr7_140427974_140453032,14
chr7_140479569_140518418:chr7_140479569_140518418,12
chr7_140641460_140672944:chr7_140641460_140672944,6
chr7_140695110_140696707:chr7_140695110_140696707,6
chr7_140706643_140713327:chr7_140706643_140713327,6
chr7_140924929_141002609:chr7_140924929_141002609,25
chr7_141014952_141074063:chr7_141014952_141074063,23
chr7_141480380_141551409:chr7_141480380_141551409,49
chr7_141655244_141656727:chr7_141655244_141656727,7
chr7_141702166_141708352:chr7_141702166_141708352,4
chr7_141731271_141738320:chr7_141731271_141738320,6
chr7_141750488_141764096:chr7_141750488_141764096,37
chr7_141765197_141776673:chr7_141765197_141776673,27
chr7_141781691_141790216:chr7_141781691_141790216,12
chr7_141791367_141803556:chr7_141791367_141803556,11
chr7_141803628_141836277:chr7_141803628_141836277,13
chr7_141841485_141916398:chr7_141841485_141916398,24
chr7_141920625_141927356:chr7_141920625_141927356,3
chr7_141946974_141972630:chr7_141946974_141972630,12
chr7_141973773_141995878:chr7_141973773_141995878,2
chr7_142106747_142111717:chr7_142106747_142111717,2
chr7_142222324_142252142:chr7_142222324_142252142,18
chr7_142258058_142749471:chr7_142258058_142749471,203
chr7_142753072_142770969:chr7_142753072_142770969,4
chr7_142774560_142855075:chr7_142774560_142855075,35
chr7_142885745_142908100:chr7_142885745_142908100,15
chr7_142933746_142939483:chr7_142933746_142939483,10
chr7_142962363_143026199:chr7_142962363_143026199,31
chr7_143027132_143052340:chr7_143027132_143052340,7
chr7_143053282_143132076:chr7_143053282_143132076,25
chr7_143139739_143183418:chr7_143139739_143183418,16
chr7_143184435_143222036:chr7_143184435_143222036,15
chr7_143223079_143263440:chr7_143223079_143263440,27
chr7_143269115_143284898:chr7_143269115_143284898,17
chr7_143307696_143316110:chr7_143307696_143316110,13
chr7_143352083_143353399:chr7_143352083_143353399,7
chr7_143408856_143443452:chr7_143408856_143443452,20
chr7_143444409_143477872:chr7_143444409_143477872,17
chr7_143478796_143571800:chr7_143478796_143571800,22
chr7_143574387_143620973:chr7_143574387_143620973,0
chr7_143730410_143755088:chr7_143730410_143755088,9
chr7_143757696_143851374:chr7_143757696_143851374,4
chr7_143902176_143935232:chr7_143902176_143935232,10
chr7_143936186_143954843:chr7_143936186_143954843,13
chr7_143964360_144000319:chr7_143964360_144000319,13
chr7_144008793_144048947:chr7_144008793_144048947,15
chr7_144058845_144069810:chr7_144058845_144069810,7
chr7_144075870_144086277:chr7_144075870_144086277,7
chr7_144098953_144109582:chr7_144098953_144109582,4
chr7_144110539_144123175:chr7_144110539_144123175,2
chr7_144131188_144183465:chr7_144131188_144183465,15
chr7_144195879_144228243:chr7_144195879_144228243,0
chr7_144239605_144257662:chr7_144239605_144257662,2
chr7_144264792_144266673:chr7_144264792_144266673,0
chr7_144269288_144312418:chr7_144269288_144312418,0
chr7_144322737_144355401:chr7_144322737_144355401,0
chr7_144380632_144397239:chr7_144380632_144397239,7
chr7_144410227_144451940:chr7_144410227_144451940,13
chr7_144836053_146116800:chr7_144836053_146116800,334
chr7_148420998_148590765:chr7_148420998_148590765,57
chr7_148615860_148697755:chr7_148615860_148697755,30
chr7_148801110_148807382:chr7_148801110_148807382,19
chr7_148884291_149003050:chr7_148884291_149003050,67
chr7_149028505_149069640:chr7_149028505_149069640,26
chr7_149090718_149102783:chr7_149090718_149102783,6
chr7_149183042_149195545:chr7_149183042_149195545,8
chr7_149226243_149239650:chr7_149226243_149239650,7
chr7_149255606_149262195:chr7_149255606_149262195,12
chr7_149284988_149431362:chr7_149284988_149431362,61
chr7_149461062_149472695:chr7_149461062_149472695,12
chr7_149497809_149714950:chr7_149497809_149714950,183
chr7_149734575_149764181:chr7_149734575_149764181,12
chr7_149773588_149838374:chr7_149773588_149838374,29
chr7_149867479_149872963:chr7_149867479_149872963,9
chr7_150341629_150368095:chr7_150341629_150368095,22
chr7_150374039_150379329:chr7_150374039_150379329,11
chr7_150398630_150450629:chr7_150398630_150450629,51
chr7_150479393_150514871:chr7_150479393_150514871,8
chr7_150521073_150567389:chr7_150521073_150567389,16
chr7_150573953_150625374:chr7_150573953_150625374,8
chr7_150632385_150685705:chr7_150632385_150685705,16
chr7_150693641_150716612:chr7_150693641_150716612,6
chr7_150743646_150791300:chr7_150743646_150791300,13
chr7_150805118_150852516:chr7_150805118_150852516,15
chr7_150861504_150944960:chr7_150861504_150944960,68
chr7_150978321_150991016:chr7_150978321_150991016,11
chr7_151024499_151028449:chr7_151024499_151028449,3
chr7_151052756_151053814:chr7_151052756_151053814,6
chr7_151083493_151085866:chr7_151083493_151085866,5
chr7_151144434_151148008:chr7_151144434_151148008,11
chr7_151167694_151175697:chr7_151167694_151175697,4
chr7_151187792_151190872:chr7_151187792_151190872,4
chr7_151205496_151207836:chr7_151205496_151207836,3
chr7_151227205_151232482:chr7_151227205_151232482,5
chr7_151277149_151341811:chr7_151277149_151341811,30
chr7_151378449_151381123:chr7_151378449_151381123,9
chr7_151410712_151428831:chr7_151410712_151428831,12
chr7_151440813_151466011:chr7_151440813_151466011,24
chr7_151519895_151556126:chr7_151519895_151556126,18
chr7_151877115_151956445:chr7_151877115_151956445,35
chr7_152019929_152025673:chr7_152019929_152025673,4
chr7_152122340_152134924:chr7_152122340_152134924,27
chr7_152436003_152644775:chr7_152436003_152644775,63
chr7_152676141_152759751:chr7_152676141_152759751,28
chr7_152855378_153748132:chr7_152855378_153748132,264
chr7_154894285_154943689:chr7_154894285_154943689,25
chr7_155003124_155070323:chr7_155003124_155070323,26
chr7_155087392_155297877:chr7_155087392_155297877,92
chr7_155310235_155458128:chr7_155310235_155458128,59
chr7_155464831_155501128:chr7_155464831_155501128,25
chr7_155546559_155644660:chr7_155546559_155644660,34
chr7_155781480_155799979:chr7_155781480_155799979,15
chr7_155812463_156640773:chr7_155812463_156640773,358
chr7_156893183_156949711:chr7_156893183_156949711,17
chr7_156973176_157004853:chr7_156973176_157004853,23
chr7_157010663_157138925:chr7_157010663_157138925,57
chr7_157269370_157337003:chr7_157269370_157337003,42
chr7_157417439_157539055:chr7_157417439_157539055,61
chr7_158587823_158631168:chr7_158587823_158631168,15
chr7_158704804_158730996:chr7_158704804_158730996,3
chr7_158829509_158839244:chr7_158829509_158839244,3
chr7_158946189_159028174:chr7_158946189_159028174,25
chr7_159144867_159345973:chr7_159144867_159345973,20
chr8_0_166085:chr8_0_166085,0
chr8_167024_232136:chr8_167024_232136,5
chr8_247340_406957:chr8_247340_406957,13
chr8_477967_489945:chr8_477967_489945,0
chr8_545780_614745:chr8_545780_614745,7
chr8_731224_737627:chr8_731224_737627,3
chr8_1708476_1763788:chr8_1708476_1763788,10
chr8_1786570_1823925:chr8_1786570_1823925,6
chr8_1958641_1973676:chr8_1958641_1973676,6
chr8_2006936_2045045:chr8_2006936_2045045,6
chr8_2145456_2935360:chr8_2145456_2935360,116
chr8_4994914_6406626:chr8_4994914_6406626,107
chr8_6648508_6708641:chr8_6648508_6708641,12
chr8_6761503_6808516:chr8_6761503_6808516,11
chr8_6835524_6870591:chr8_6835524_6870591,3
chr8_6877936_6924696:chr8_6877936_6924696,7
chr8_6926076_6935819:chr8_6926076_6935819,1
chr8_6938306_6977648:chr8_6938306_6977648,4
chr8_6980092_6996765:chr8_6980092_6996765,0
chr8_6999198_7015868:chr8_6999198_7015868,0
chr8_7018297_7055303:chr8_7018297_7055303,1
chr8_7056739_7312721:chr8_7056739_7312721,1
chr8_7320096_7332386:chr8_7320096_7332386,0
chr8_7333979_7337114:chr8_7333979_7337114,0
chr8_7338707_7355516:chr8_7338707_7355516,0
chr8_7385558_7414854:chr8_7385558_7414854,0
chr8_7416863_7428887:chr8_7416863_7428887,0
chr8_7430348_7447753:chr8_7430348_7447753,0
chr8_7463542_7470307:chr8_7463542_7470307,0
chr8_7475082_7482503:chr8_7475082_7482503,0
chr8_7486400_7487678:chr8_7486400_7487678,0
chr8_7489593_7495910:chr8_7489593_7495910,0
chr8_7509311_7539626:chr8_7509311_7539626,0
chr8_7542450_7556699:chr8_7542450_7556699,0
chr8_7559712_7571994:chr8_7559712_7571994,0
chr8_7575006_7579643:chr8_7575006_7579643,0
chr8_7582653_7715442:chr8_7582653_7715442,0
chr8_7718453_7723090:chr8_7718453_7723090,0
chr8_7726101_7730738:chr8_7726101_7730738,0
chr8_7733749_7738386:chr8_7733749_7738386,0
chr8_7741396_7746033:chr8_7741396_7746033,0
chr8_7749044_7753681:chr8_7749044_7753681,0
chr8_7756692_7761329:chr8_7756692_7761329,0
chr8_7764340_7768976:chr8_7764340_7768976,0
chr8_7771988_7778590:chr8_7771988_7778590,0
chr8_7781413_7811719:chr8_7781413_7811719,0
chr8_7815716_7821003:chr8_7815716_7821003,0
chr8_7823880_7825138:chr8_7823880_7825138,0
chr8_7829053_7836435:chr8_7829053_7836435,0
chr8_7841242_7848007:chr8_7841242_7848007,0
chr8_7863797_7881391:chr8_7863797_7881391,0
chr8_7882663_7894676:chr8_7882663_7894676,0
chr8_7896716_7926336:chr8_7896716_7926336,0
chr8_7952413_7971660:chr8_7952413_7971660,0
chr8_7973253_7976392:chr8_7973253_7976392,0
chr8_7977985_8317735:chr8_7977985_8317735,12
chr8_8386439_8701936:chr8_8386439_8701936,39
chr8_8704096_8783353:chr8_8704096_8783353,14
chr8_8893630_9002896:chr8_8893630_9002896,13
chr8_9100104_9136254:chr8_9100104_9136254,2
chr8_9151539_9555911:chr8_9151539_9555911,69
chr8_9782346_10054291:chr8_9782346_10054291,31
chr8_10428891_10525531:chr8_10428891_10525531,10
chr8_10554166_10606348:chr8_10554166_10606348,14
chr8_10655143_10672627:chr8_10655143_10672627,3
chr8_10700590_10723767:chr8_10700590_10723767,4
chr8_10730511_10764960:chr8_10730511_10764960,9
chr8_10839875_10896044:chr8_10839875_10896044,6
chr8_11201833_11284815:chr8_11201833_11284815,10
chr8_11328146_11331011:chr8_11328146_11331011,2
chr8_11332360_11421475:chr8_11332360_11421475,17
chr8_11466753_11494386:chr8_11466753_11494386,2
chr8_11564599_11676934:chr8_11564599_11676934,16
chr8_11760002_11769709:chr8_11760002_11769709,0
chr8_11787345_11795581:chr8_11787345_11795581,0
chr8_11839309_11842523:chr8_11839309_11842523,5
chr8_11868087_11973936:chr8_11868087_11973936,16
chr8_11974599_11982255:chr8_11974599_11982255,6
chr8_11984590_11993173:chr8_11984590_11993173,2
chr8_12000752_12064388:chr8_12000752_12064388,0
chr8_12071747_12089337:chr8_12071747_12089337,0
chr8_12115516_12132416:chr8_12115516_12132416,0
chr8_12134099_12136434:chr8_12134099_12136434,0
chr8_12138849_12182105:chr8_12138849_12182105,1
chr8_12194133_12310961:chr8_12194133_12310961,0
chr8_12318316_12424420:chr8_12318316_12424420,0
chr8_12436400_12721905:chr8_12436400_12721905,10
chr8_12755526_12945672:chr8_12755526_12945672,34
chr8_13029777_13083360:chr8_13029777_13083360,16
chr8_13604620_14084844:chr8_13604620_14084844,55
chr8_15238431_15540086:chr8_15238431_15540086,39
chr8_15766649_16107880:chr8_15766649_16107880,50
chr8_16192651_16992180:chr8_16192651_16992180,84
chr8_17002345_17027237:chr8_17002345_17027237,3
chr8_17122642_17156481:chr8_17122642_17156481,2
chr8_17413351_17497087:chr8_17413351_17497087,13
chr8_17570566_17576432:chr8_17570566_17576432,1
chr8_17801521_17864388:chr8_17801521_17864388,7
chr8_17895538_17922987:chr8_17895538_17922987,9
chr8_18029948_18055991:chr8_18029948_18055991,9
chr8_18084961_18170466:chr8_18084961_18170466,21
chr8_18223689_18391281:chr8_18223689_18391281,32
chr8_18401218_18527302:chr8_18401218_18527302,28
chr8_19013703_19313692:chr8_19013703_19313692,39
chr8_19396218_19404160:chr8_19396218_19404160,4
chr8_19757908_19817415:chr8_19757908_19817415,7
chr8_19852067_19939252:chr8_19852067_19939252,18
chr8_19967259_20144854:chr8_19967259_20144854,31
chr8_20183136_20197380:chr8_20183136_20197380,3
chr8_20221696_20246164:chr8_20221696_20246164,6
chr8_20303963_21690397:chr8_20303963_21690397,268
chr8_21788875_21908872:chr8_21788875_21908872,35
chr8_21913690_21919661:chr8_21913690_21919661,4
chr8_22006585_22024133:chr8_22006585_22024133,9
chr8_22036897_22042752:chr8_22036897_22042752,2
chr8_22082525_22089149:chr8_22082525_22089149,5
chr8_22104911_22106877:chr8_22104911_22106877,4
chr8_22109419_22114418:chr8_22109419_22114418,2
chr8_22131052_22138019:chr8_22131052_22138019,8
chr8_22141907_22146829:chr8_22141907_22146829,4
chr8_22212326_22219702:chr8_22212326_22219702,6
chr8_22232099_22245132:chr8_22232099_22245132,7
chr8_22254601_22275315:chr8_22254601_22275315,5
chr8_22357568_22367277:chr8_22357568_22367277,2
chr8_22434129_22441077:chr8_22434129_22441077,5
chr8_22541125_22551926:chr8_22541125_22551926,6
chr8_22575788_22578740:chr8_22575788_22578740,1
chr8_22598026_22599598:chr8_22598026_22599598,3
chr8_22669121_22687658:chr8_22669121_22687658,10
chr8_22693480_22713250:chr8_22693480_22713250,9
chr8_22941077_22987250:chr8_22941077_22987250,11
chr8_23069031_23102920:chr8_23069031_23102920,8
chr8_23117445_23135587:chr8_23117445_23135587,5
chr8_23164027_23190451:chr8_23164027_23190451,12
chr8_23225102_23243636:chr8_23225102_23243636,5
chr8_23261999_23288091:chr8_23261999_23288091,14
chr8_23404120_23429161:chr8_23404120_23429161,8
chr8_23457647_23528955:chr8_23457647_23528955,22
chr8_23575463_23678692:chr8_23575463_23678692,17
chr8_23682938_23701739:chr8_23682938_23701739,6
chr8_23706756_23841928:chr8_23706756_23841928,31
chr8_23854806_24294068:chr8_23854806_24294068,71
chr8_24359014_24384284:chr8_24359014_24384284,4
chr8_24406013_24441025:chr8_24406013_24441025,3
chr8_24509565_24913760:chr8_24509565_24913760,57
chr8_24919093_24950954:chr8_24919093_24950954,11
chr8_24956612_25184688:chr8_24956612_25184688,25
chr8_25415711_25419257:chr8_25415711_25419257,4
chr8_25425040_25427846:chr8_25425040_25427846,2
chr8_25507917_25841724:chr8_25507917_25841724,64
chr8_26045413_26291507:chr8_26045413_26291507,56
chr8_26372680_26383053:chr8_26372680_26383053,7
chr8_26413127_26504700:chr8_26413127_26504700,27
chr8_26658175_26748149:chr8_26658175_26748149,20
chr8_26867278_27235307:chr8_26867278_27235307,64
chr8_27258404_27284885:chr8_27258404_27284885,11
chr8_27479261_27491142:chr8_27479261_27491142,5
chr8_27545564_27596916:chr8_27545564_27596916,12
chr8_27614700_27633901:chr8_27614700_27633901,1
chr8_27676771_27733315:chr8_27676771_27733315,12
chr8_27772640_27774553:chr8_27772640_27774553,1
chr8_27805316_27809623:chr8_27805316_27809623,9
chr8_27837817_27869882:chr8_27837817_27869882,7
chr8_27992673_28021963:chr8_27992673_28021963,8
chr8_28083936_28090231:chr8_28083936_28090231,3
chr8_28191153_28317267:chr8_28191153_28317267,32
chr8_28343351_28345589:chr8_28343351_28345589,4
chr8_28386460_28428411:chr8_28386460_28428411,12
chr8_28490229_28494211:chr8_28490229_28494211,0
chr8_28574258_28701500:chr8_28574258_28701500,33
chr8_28755599_28767660:chr8_28755599_28767660,7
chr8_29053270_29067277:chr8_29053270_29067277,10
chr8_29263070_29333063:chr8_29263070_29333063,7
chr8_29350684_30063002:chr8_29350684_30063002,157
chr8_30083208_30095407:chr8_30083208_30095407,4
chr8_30144665_30156368:chr8_30144665_30156368,6
chr8_30183639_30384540:chr8_30183639_30384540,34
chr8_30572256_30578317:chr8_30572256_30578317,16
chr8_30658236_30678065:chr8_30658236_30678065,6
chr8_30727846_30744163:chr8_30727846_30744163,8
chr8_30767006_30785615:chr8_30767006_30785615,11
chr8_30812818_30831543:chr8_30812818_30831543,5
chr8_30913008_30995801:chr8_30913008_30995801,22
chr8_31176138_31639244:chr8_31176138_31639244,52
chr8_32774046_33015127:chr8_32774046_33015127,39
chr8_33015199_33370823:chr8_33015199_33370823,57
chr8_33473146_33485181:chr8_33473146_33485181,3
chr8_33513135_33547753:chr8_33513135_33547753,8
chr8_33567128_33591329:chr8_33567128_33591329,6
chr8_33600023_35235474:chr8_33600023_35235474,225
chr8_35796540_36784373:chr8_35796540_36784373,139
chr8_36936125_37695781:chr8_36936125_37695781,160
chr8_37700019_37736633:chr8_37700019_37736633,11
chr8_37758422_37762545:chr8_37758422_37762545,2
chr8_37779768_37796882:chr8_37779768_37796882,9
chr8_37849861_37858617:chr8_37849861_37858617,7
chr8_37899497_37934280:chr8_37899497_37934280,14
chr8_37940124_37962989:chr8_37940124_37962989,7
chr8_37966599_38030533:chr8_37966599_38030533,11
chr8_38060365_38105492:chr8_38060365_38105492,19
chr8_38140080_38142699:chr8_38140080_38142699,6
chr8_38150952_38163320:chr8_38150952_38163320,7
chr8_38213301_38231584:chr8_38213301_38231584,7
chr8_38382271_38386475:chr8_38382271_38386475,0
chr8_38409527_38411142:chr8_38409527_38411142,3
chr8_38468635_38728581:chr8_38468635_38728581,52
chr8_38853028_38901345:chr8_38853028_38901345,12
chr8_39105261_39107528:chr8_39105261_39107528,2
chr8_39284917_39584567:chr8_39284917_39584567,20
chr8_39730065_39743734:chr8_39730065_39743734,1
chr8_39838227_39913890:chr8_39838227_39913890,9
chr8_39928790_39934650:chr8_39928790_39934650,2
chr8_40016392_40153481:chr8_40016392_40153481,17
chr8_40155310_40530589:chr8_40155310_40530589,55
chr8_40897826_41261961:chr8_40897826_41261961,65
chr8_41309473_41490395:chr8_41309473_41490395,37
chr8_41510980_41529260:chr8_41510980_41529260,5
chr8_41545030_41578199:chr8_41545030_41578199,7
chr8_41625001_41645176:chr8_41625001_41645176,8
chr8_41650817_41653224:chr8_41650817_41653224,3
chr8_41896741_41929478:chr8_41896741_41929478,8
chr8_42051987_42153062:chr8_42051987_42153062,20
chr8_42171183_42174717:chr8_42171183_42174717,6
chr8_42207565_42271301:chr8_42207565_42271301,11
chr8_42332460_42338493:chr8_42332460_42338493,1
chr8_42371808_42374062:chr8_42371808_42374062,1
chr8_42377229_42391760:chr8_42377229_42391760,3
chr8_42405937_42416474:chr8_42405937_42416474,9
chr8_42555195_42697365:chr8_42555195_42697365,16
chr8_42737407_42752619:chr8_42737407_42752619,5
chr8_42768786_42836673:chr8_42768786_42836673,12
chr8_42843325_42849636:chr8_42843325_42849636,3
chr8_43030535_43056322:chr8_43030535_43056322,5
chr8_43085785_43093514:chr8_43085785_43093514,8
chr8_43123434_43140463:chr8_43123434_43140463,13
chr8_43202855_43292441:chr8_43202855_43292441,15
chr8_43363185_46828415:chr8_43363185_46828415,202
chr8_46828490_47260877:chr8_46828490_47260877,59
chr8_47738164_47773110:chr8_47738164_47773110,8
chr8_47978160_48008430:chr8_47978160_48008430,7
chr8_48064708_48710788:chr8_48064708_48710788,119
chr8_48735311_48917597:chr8_48735311_48917597,27
chr8_48921429_49054335:chr8_48921429_49054335,23
chr8_49076093_49909795:chr8_49076093_49909795,95
chr8_50796692_51319576:chr8_50796692_51319576,50
chr8_51809445_51817574:chr8_51809445_51817574,2
chr8_51899186_52110837:chr8_51899186_52110837,33
chr8_52409879_52534036:chr8_52409879_52534036,16
chr8_52565430_52622457:chr8_52565430_52622457,13
chr8_52714435_52939181:chr8_52714435_52939181,45
chr8_52943734_53225723:chr8_52943734_53225723,39
chr8_53251637_53715542:chr8_53251637_53715542,67
chr8_53843245_53851794:chr8_53843245_53851794,2
chr8_53959304_53966555:chr8_53959304_53966555,7
chr8_54022448_54046366:chr8_54022448_54046366,5
chr8_54101947_54135240:chr8_54101947_54135240,11
chr8_54148514_54457934:chr8_54148514_54457934,47
chr8_54460892_54559184:chr8_54460892_54559184,19
chr8_54871234_55102027:chr8_54871234_55102027,32
chr8_55542054_55738757:chr8_55542054_55738757,26
chr8_55826445_55879834:chr8_55826445_55879834,3
chr8_56014169_56067253:chr8_56014169_56067253,14
chr8_56074506_56112941:chr8_56074506_56112941,9
chr8_56113982_56160908:chr8_56113982_56160908,9
chr8_56218809_56300004:chr8_56218809_56300004,11
chr8_56320175_56440956:chr8_56320175_56440956,13
chr8_56446641_56957930:chr8_56446641_56957930,94
chr8_56993867_57994522:chr8_56993867_57994522,141
chr8_58148784_58411360:chr8_58148784_58411360,42
chr8_58451501_58490177:chr8_58451501_58490177,8
chr8_58500163_58553260:chr8_58500163_58553260,11
chr8_58659853_58805411:chr8_58659853_58805411,37
chr8_59119147_60185411:chr8_59119147_60185411,158
chr8_60281400_60516909:chr8_60281400_60516909,44
chr8_60623644_60678739:chr8_60623644_60678739,4
chr8_60868028_61287969:chr8_60868028_61287969,80
chr8_61714592_62248853:chr8_61714592_62248853,75
chr8_62999652_63015078:chr8_62999652_63015078,3
chr8_63038806_63059487:chr8_63038806_63059487,5
chr8_63086053_63168552:chr8_63086053_63168552,11
chr8_63212788_64580364:chr8_63212788_64580364,170
chr8_64583627_64586574:chr8_64583627_64586574,0
chr8_64798737_65602457:chr8_64798737_65602457,114
chr8_65634177_65644733:chr8_65634177_65644733,4
chr8_65710563_65714333:chr8_65710563_65714333,5
chr8_65842064_66014977:chr8_65842064_66014977,33
chr8_66101245_66127128:chr8_66101245_66127128,5
chr8_66178464_66429013:chr8_66178464_66429013,55
chr8_66430733_66432503:chr8_66430733_66432503,7
chr8_66468907_66493565:chr8_66468907_66493565,3
chr8_66518524_66562174:chr8_66518524_66562174,8
chr8_66613218_66628486:chr8_66613218_66628486,2
chr8_66862022_66870770:chr8_66862022_66870770,0
chr8_66922048_66946500:chr8_66922048_66946500,10
chr8_66962591_66964102:chr8_66962591_66964102,1
chr8_67028554_67043078:chr8_67028554_67043078,3
chr8_67062133_67064367:chr8_67062133_67064367,0
chr8_67196614_67197657:chr8_67196614_67197657,3
chr8_67343781_67422037:chr8_67343781_67422037,12
chr8_67746360_67952045:chr8_67746360_67952045,40
chr8_68237032_68330372:chr8_68237032_68330372,14
chr8_68819023_69466780:chr8_68819023_69466780,80
chr8_69660912_69667045:chr8_69660912_69667045,0
chr8_69834978_70051650:chr8_69834978_70051650,20
chr8_70071252_70109781:chr8_70071252_70109781,2
chr8_70404217_70573217:chr8_70404217_70573217,29
chr8_70608416_70637265:chr8_70608416_70637265,9
chr8_70735942_71197432:chr8_70735942_71197432,53
chr8_71548094_71841559:chr8_71548094_71841559,52
chr8_71844412_72021249:chr8_71844412_72021249,17
chr8_72075584_72537224:chr8_72075584_72537224,49
chr8_72938349_73008863:chr8_72938349_73008863,12
chr8_73048123_73064542:chr8_73048123_73064542,8
chr8_73093172_73241330:chr8_73093172_73241330,31
chr8_73285932_73290241:chr8_73285932_73290241,4
chr8_73325281_73420368:chr8_73325281_73420368,23
chr8_73747480_73780095:chr8_73747480_73780095,8
chr8_73878862_73945118:chr8_73878862_73945118,9
chr8_73972287_73976194:chr8_73972287_73976194,4
chr8_73982783_73991391:chr8_73982783_73991391,2
chr8_74029079_74234699:chr8_74029079_74234699,33
chr8_74321540_74350402:chr8_74321540_74350402,11
chr8_74488872_74824533:chr8_74488872_74824533,31
chr8_74855029_74984504:chr8_74855029_74984504,15
chr8_75034558_75407648:chr8_75034558_75407648,42
chr8_75566834_76681246:chr8_75566834_76681246,116
chr8_76867281_76980257:chr8_76867281_76980257,19
chr8_77001044_78516339:chr8_77001044_78516339,144
chr8_78605267_78666088:chr8_78605267_78666088,12
chr8_78719765_78732771:chr8_78719765_78732771,1
chr8_78805463_79611116:chr8_78805463_79611116,109
chr8_79666158_79764009:chr8_79666158_79764009,18
chr8_79767767_79918716:chr8_79767767_79918716,44
chr8_80171564_80485592:chr8_80171564_80485592,47
chr8_80526265_80628450:chr8_80526265_80628450,14
chr8_80874781_80967809:chr8_80874781_80967809,17
chr8_81112068_81280535:chr8_81112068_81280535,21
chr8_81284775_81440325:chr8_81284775_81440325,20
chr8_81447439_81458252:chr8_81447439_81458252,2
chr8_81461579_81478418:chr8_81461579_81478418,0
chr8_81483233_81524980:chr8_81483233_81524980,11
chr8_81533942_81656913:chr8_81533942_81656913,13
chr8_81686325_81693630:chr8_81686325_81693630,0
chr8_81695058_81701330:chr8_81695058_81701330,2
chr8_81721304_81732447:chr8_81721304_81732447,4
chr8_81759515_81799582:chr8_81759515_81799582,5
chr8_81842185_84182786:chr8_81842185_84182786,212
chr8_84921844_85107237:chr8_84921844_85107237,17
chr8_85146080_85177153:chr8_85146080_85177153,3
chr8_85220374_85245457:chr8_85220374_85245457,3
chr8_85284073_85327607:chr8_85284073_85327607,5
chr8_85378113_85438858:chr8_85378113_85438858,7
chr8_85449040_85464006:chr8_85449040_85464006,1
chr8_85481493_86047108:chr8_85481493_86047108,82
chr8_86069668_86098909:chr8_86069668_86098909,6
chr8_86154225_86214062:chr8_86154225_86214062,6
chr8_86230381_86342546:chr8_86230381_86342546,18
chr8_86468503_86472348:chr8_86468503_86472348,2
chr8_86561498_86574178:chr8_86561498_86574178,1
chr8_86743634_86866414:chr8_86743634_86866414,14
chr8_87382859_87870746:chr8_87382859_87870746,46
chr8_87874015_88032010:chr8_87874015_88032010,18
chr8_88327483_89757815:chr8_88327483_89757815,173
chr8_89791064_89901867:chr8_89791064_89901867,32
chr8_89927888_89933330:chr8_89927888_89933330,2
chr8_89984667_90001476:chr8_89984667_90001476,4
chr8_90053633_90058607:chr8_90053633_90058607,3
chr8_90082879_90621994:chr8_90082879_90621994,178
chr8_90646083_90791774:chr8_90646083_90791774,25
chr8_90985393_90993801:chr8_90985393_90993801,3
chr8_91040859_91070343:chr8_91040859_91070343,6
chr8_91087093_91102618:chr8_91087093_91102618,10
chr8_91398155_91954966:chr8_91398155_91954966,97
chr8_92103385_92883533:chr8_92103385_92883533,96
chr8_92966144_93700549:chr8_92966144_93700549,112
chr8_93741009_93754843:chr8_93741009_93754843,1
chr8_93819238_93916922:chr8_93819238_93916922,22
chr8_93926068_94127161:chr8_93926068_94127161,33
chr8_94217278_94249252:chr8_94217278_94249252,8
chr8_94262319_94371959:chr8_94262319_94371959,31
chr8_94475115_94487688:chr8_94475115_94487688,1
chr8_94553469_94641173:chr8_94553469_94641173,14
chr8_94707466_94719899:chr8_94707466_94719899,1
chr8_94793836_94823286:chr8_94793836_94823286,5
chr8_95076813_95133784:chr8_95076813_95133784,13
chr8_95156685_95244912:chr8_95156685_95244912,38
chr8_95269201_96142332:chr8_95269201_96142332,146
chr8_96160806_96222946:chr8_96160806_96222946,13
chr8_96235545_96239397:chr8_96235545_96239397,4
chr8_96336995_96493812:chr8_96336995_96493812,49
chr8_96611790_96645241:chr8_96611790_96645241,9
chr8_97143501_97273487:chr8_97143501_97273487,38
chr8_97277928_97644183:chr8_97277928_97644183,60
chr8_97730260_97775787:chr8_97730260_97775787,8
chr8_97853013_97869063:chr8_97853013_97869063,7
chr8_98036724_98041720:chr8_98036724_98041720,2
chr8_98045545_98064567:chr8_98045545_98064567,4
chr8_98093609_98102343:chr8_98093609_98102343,2
chr8_98159835_98189825:chr8_98159835_98189825,11
chr8_98294235_98426957:chr8_98294235_98426957,32
chr8_98432853_98454632:chr8_98432853_98454632,4
chr8_98942610_98944441:chr8_98942610_98944441,0
chr8_98952100_99013273:chr8_98952100_99013273,18
chr8_99893707_99960935:chr8_99893707_99960935,15
chr8_100106049_100133350:chr8_100106049_100133350,4
chr8_100145817_100150635:chr8_100145817_100150635,3
chr8_100154003_100158037:chr8_100154003_100158037,1
chr8_100241904_100257066:chr8_100241904_100257066,1
chr8_100336204_100509751:chr8_100336204_100509751,32
chr8_100559759_100572873:chr8_100559759_100572873,4
chr8_100649665_100702915:chr8_100649665_100702915,16
chr8_100722088_100916522:chr8_100722088_100916522,52
chr8_100953382_101197051:chr8_100953382_101197051,73
chr8_101206222_101492438:chr8_101206222_101492438,58
chr8_101669726_101686541:chr8_101669726_101686541,2
chr8_102124907_102204500:chr8_102124907_102204500,20
chr8_102238961_102252272:chr8_102238961_102252272,9
chr8_102412700_102551588:chr8_102412700_102551588,27
chr8_102561018_102648783:chr8_102561018_102648783,29
chr8_102655725_102826301:chr8_102655725_102826301,51
chr8_102864200_103021082:chr8_102864200_103021082,23
chr8_103073051_103140724:chr8_103073051_103140724,21
chr8_103230305_103298493:chr8_103230305_103298493,9
chr8_103332866_103371537:chr8_103332866_103371537,7
chr8_103382989_103398637:chr8_103382989_103398637,2
chr8_103443453_103500609:chr8_103443453_103500609,8
chr8_104256094_104339795:chr8_104256094_104339795,19
chr8_104356689_104379430:chr8_104356689_104379430,6
chr8_104467055_104489235:chr8_104467055_104489235,10
chr8_104589258_105318437:chr8_104589258_105318437,125
chr8_105804539_106270177:chr8_105804539_106270177,73
chr8_106752694_106759482:chr8_106752694_106759482,0
chr8_106770244_107249481:chr8_106770244_107249481,74
chr8_107497918_107899315:chr8_107497918_107899315,51
chr8_108083620_108201215:chr8_108083620_108201215,23
chr8_108248717_108443623:chr8_108248717_108443623,23
chr8_108489196_108606849:chr8_108489196_108606849,11
chr8_108787594_109086584:chr8_108787594_109086584,35
chr8_109121565_109240918:chr8_109121565_109240918,24
chr8_109345954_109362460:chr8_109345954_109362460,5
chr8_109537207_109539701:chr8_109537207_109539701,3
chr8_109565996_109573977:chr8_109565996_109573977,2
chr8_109691600_109963635:chr8_109691600_109963635,24
chr8_109975771_112222927:chr8_109975771_112222927,254
chr8_113436939_115408495:chr8_113436939_115408495,176
chr8_115668975_116642129:chr8_115668975_116642129,157
chr8_116755823_116766523:chr8_116755823_116766523,4
chr8_116774684_116845933:chr8_116774684_116845933,13
chr8_116874776_116938206:chr8_116874776_116938206,10
chr8_116944487_116950216:chr8_116944487_116950216,0
chr8_117176714_117520712:chr8_117176714_117520712,57
chr8_117540262_117794489:chr8_117540262_117794489,39
chr8_118111826_118189467:chr8_118111826_118189467,16
chr8_118621963_118923556:chr8_118621963_118923556,50
chr8_119108455_119208362:chr8_119108455_119208362,15
chr8_119245673_119416445:chr8_119245673_119416445,14
chr8_119424434_119557085:chr8_119424434_119557085,10
chr8_119673390_119730773:chr8_119673390_119730773,14
chr8_119832841_119833975:chr8_119832841_119833975,1
chr8_119855894_119873721:chr8_119855894_119873721,3
chr8_120050918_120125101:chr8_120050918_120125101,8
chr8_120373573_120395436:chr8_120373573_120395436,8
chr8_120523636_120535755:chr8_120523636_120535755,5
chr8_120812046_121612115:chr8_120812046_121612115,105
chr8_121641440_122781654:chr8_121641440_122781654,163
chr8_122974510_123013169:chr8_122974510_123013169,12
chr8_123042302_123072706:chr8_123042302_123072706,8
chr8_123165173_123179046:chr8_123165173_123179046,8
chr8_123210079_123219966:chr8_123210079_123219966,10
chr8_123275541_123319849:chr8_123275541_123319849,14
chr8_123396447_123416724:chr8_123396447_123416724,5
chr8_123448091_123497888:chr8_123448091_123497888,15
chr8_123541206_123644441:chr8_123541206_123644441,23
chr8_123653801_123680793:chr8_123653801_123680793,6
chr8_123737393_123768438:chr8_123737393_123768438,5
chr8_123815452_123851986:chr8_123815452_123851986,8
chr8_124120061_124306188:chr8_124120061_124306188,44
chr8_124372701_124450819:chr8_124372701_124450819,18
chr8_124453026_124474879:chr8_124453026_124474879,15
chr8_124728473_124973294:chr8_124728473_124973294,76
chr8_124979389_124998504:chr8_124979389_124998504,10
chr8_125022283_125024259:chr8_125022283_125024259,5
chr8_125367120_125430357:chr8_125367120_125430357,18
chr8_125438403_126552442:chr8_125438403_126552442,207
chr8_126558478_127413446:chr8_126558478_127413446,124
chr8_127417224_127735433:chr8_127417224_127735433,86
chr8_127742951_129748195:chr8_127742951_129748195,705
chr8_129786624_129839592:chr8_129786624_129839592,11
chr8_130017129_130052103:chr8_130017129_130052103,11
chr8_130443674_130780300:chr8_130443674_130780300,73
chr8_131040909_131904092:chr8_131040909_131904092,132
chr8_132013642_132024215:chr8_132013642_132024215,4
chr8_132059382_132061479:chr8_132059382_132061479,2
chr8_132111157_132120860:chr8_132111157_132120860,3
chr8_132481095_132570415:chr8_132481095_132570415,23
chr8_132675545_132705838:chr8_132675545_132705838,8
chr8_132848807_132866957:chr8_132848807_132866957,2
chr8_133134899_133191038:chr8_133134899_133191038,15
chr8_133231690_133237174:chr8_133231690_133237174,0
chr8_133297252_133454847:chr8_133297252_133454847,31
chr8_133571887_134477787:chr8_133571887_134477787,166
chr8_134713031_135457455:chr8_134713031_135457455,166
chr8_135647610_138130022:chr8_135647610_138130022,305
chr8_138497730_138588234:chr8_138497730_138588234,14
chr8_138914041_139600837:chr8_138914041_139600837,114
chr8_139703123_139727724:chr8_139703123_139727724,9
chr8_140458579_140511321:chr8_140458579_140511321,9
chr8_140517154_140520155:chr8_140517154_140520155,3
chr8_140635633_140657899:chr8_140635633_140657899,11
chr8_141002079_141128588:chr8_141002079_141128588,32
chr8_141195804_141207173:chr8_141195804_141207173,5
chr8_141308288_141356469:chr8_141308288_141356469,13
chr8_141367286_141392020:chr8_141367286_141392020,12
chr8_141432454_142212079:chr8_141432454_142212079,188
chr8_142403182_142449648:chr8_142403182_142449648,5
chr8_142545007_142611048:chr8_142545007_142611048,16
chr8_142614479_142657459:chr8_142614479_142657459,9
chr8_142682725_142700110:chr8_142682725_142700110,1
chr8_142705127_142727222:chr8_142705127_142727222,3
chr8_142736927_142740948:chr8_142736927_142740948,5
chr8_142742406_142750149:chr8_142742406_142750149,2
chr8_142752532_142764337:chr8_142752532_142764337,2
chr8_142777872_142784881:chr8_142777872_142784881,4
chr8_142786539_142834800:chr8_142786539_142834800,16
chr8_142846851_142872356:chr8_142846851_142872356,7
chr8_142879825_142910558:chr8_142879825_142910558,7
chr8_142917843_143018528:chr8_142917843_143018528,23
chr8_143022409_143080629:chr8_143022409_143080629,22
chr8_143083486_143157915:chr8_143083486_143157915,22
chr8_143160654_143213217:chr8_143160654_143213217,13
chr8_143217170_143246938:chr8_143217170_143246938,6
chr8_143262705_143267444:chr8_143262705_143267444,4
chr8_143276931_143291416:chr8_143276931_143291416,12
chr8_143299952_143309323:chr8_143299952_143309323,2
chr8_143359977_143368875:chr8_143359977_143368875,7
chr8_143384221_143428063:chr8_143384221_143428063,3
chr8_143430732_143437658:chr8_143430732_143437658,3
chr8_143541447_143553386:chr8_143541447_143553386,17
chr8_143563062_143566191:chr8_143563062_143566191,1
chr8_143572772_143574784:chr8_143572772_143574784,4
chr8_143578330_143579727:chr8_143578330_143579727,9
chr8_143609575_143612617:chr8_143609575_143612617,11
chr8_143617549_143636018:chr8_143617549_143636018,8
chr8_143653730_143684478:chr8_143653730_143684478,6
chr8_143695385_143706693:chr8_143695385_143706693,6
chr8_143708109_143716348:chr8_143708109_143716348,2
chr8_143722458_143723932:chr8_143722458_143723932,5
chr8_143829315_143833582:chr8_143829315_143833582,8
chr8_143840973_143857323:chr8_143840973_143857323,5
chr8_143878467_143915152:chr8_143878467_143915152,11
chr8_143986460_143990055:chr8_143986460_143990055,5
chr8_143993415_144012279:chr8_143993415_144012279,15
chr8_144047114_144051265:chr8_144047114_144051265,11
chr8_144060692_144078671:chr8_144060692_144078671,14
chr8_144080648_144082633:chr8_144080648_144082633,10
chr8_144086216_144095075:chr8_144086216_144095075,12
chr8_144097525_144098636:chr8_144097525_144098636,10
chr8_144118328_144137773:chr8_144118328_144137773,4
chr8_144140851_144148015:chr8_144140851_144148015,8
chr8_144326852_144330564:chr8_144326852_144330564,1
chr8_144336482_144353227:chr8_144336482_144353227,9
chr8_144361272_144374046:chr8_144361272_144374046,7
chr8_144409335_144412413:chr8_144409335_144412413,7
chr8_144416844_144423616:chr8_144416844_144423616,10
chr8_144444440_144449581:chr8_144444440_144449581,8
chr8_144462871_144466336:chr8_144462871_144466336,3
chr8_144475849_144477981:chr8_144475849_144477981,1
chr8_144507172_144509069:chr8_144507172_144509069,4
chr8_144685846_144720908:chr8_144685846_144720908,8
chr8_144755531_144772223:chr8_144755531_144772223,5
chr8_144787317_144789768:chr8_144787317_144789768,13
chr8_144792390_144798912:chr8_144792390_144798912,11
chr8_144813042_144827559:chr8_144813042_144827559,9
chr8_144847508_144850175:chr8_144847508_144850175,7
chr8_144853556_144876954:chr8_144853556_144876954,8
chr8_144902177_144930357:chr8_144902177_144930357,6
chr8_144950880_145052466:chr8_144950880_145052466,30
chr8_145056030_145138636:chr8_145056030_145138636,16
chr9_0_14512:chr9_0_14512,0
chr9_29739_116230:chr9_29739_116230,0
chr9_118417_120836:chr9_118417_120836,0
chr9_179056_214864:chr9_179056_214864,2
chr9_465255_470294:chr9_465255_470294,5
chr9_746103_841696:chr9_746103_841696,12
chr9_969090_976654:chr9_969090_976654,1
chr9_991732_1050356:chr9_991732_1050356,5
chr9_1057552_2015346:chr9_1057552_2015346,98
chr9_2193624_2621786:chr9_2193624_2621786,56
chr9_2660056_2717509:chr9_2660056_2717509,9
chr9_2730037_2804151:chr9_2730037_2804151,46
chr9_2844095_3218296:chr9_2844095_3218296,31
chr9_3526001_3824126:chr9_3526001_3824126,33
chr9_4300068_4490467:chr9_4300068_4490467,22
chr9_4587469_4588820:chr9_4587469_4588820,1
chr9_4666480_4679568:chr9_4666480_4679568,0
chr9_4708399_4709555:chr9_4708399_4709555,1
chr9_4742043_4792943:chr9_4742043_4792943,4
chr9_4861066_4984389:chr9_4861066_4984389,37
chr9_5129948_5163867:chr9_5129948_5163867,4
chr9_5185639_5231418:chr9_5185639_5231418,3
chr9_5235304_5299863:chr9_5235304_5299863,5
chr9_5304716_5334929:chr9_5304716_5334929,1
chr9_5339876_5357970:chr9_5339876_5357970,3
chr9_5437925_5450541:chr9_5437925_5450541,3
chr9_5470554_5510530:chr9_5470554_5510530,4
chr9_5571282_5629106:chr9_5571282_5629106,8
chr9_5776557_5784571:chr9_5776557_5784571,2
chr9_5833117_5890888:chr9_5833117_5890888,9
chr9_5910606_5919021:chr9_5910606_5919021,2
chr9_6008482_6011024:chr9_6008482_6011024,2
chr9_6015624_6215148:chr9_6015624_6215148,21
chr9_6257983_6328374:chr9_6257983_6328374,7
chr9_6331891_6413198:chr9_6331891_6413198,10
chr9_6507054_6532466:chr9_6507054_6532466,1
chr9_6645729_6720862:chr9_6645729_6720862,7
chr9_7175648_7796499:chr9_7175648_7796499,86
chr9_7799778_8314245:chr9_7799778_8314245,42
chr9_10613002_12693384:chr9_10613002_12693384,132
chr9_12710285_12775019:chr9_12710285_12775019,5
chr9_12823060_13105706:chr9_12823060_13105706,23
chr9_13279692_14081842:chr9_13279692_14081842,72
chr9_14532077_14611070:chr9_14532077_14611070,19
chr9_14693432_14719723:chr9_14693432_14719723,4
chr9_14722733_14737151:chr9_14722733_14737151,2
chr9_14910995_15163621:chr9_14910995_15163621,20
chr9_15307216_15422875:chr9_15307216_15422875,11
chr9_15510970_15553042:chr9_15510970_15553042,2
chr9_15974039_16409502:chr9_15974039_16409502,42
chr9_16870670_17135039:chr9_16870670_17135039,18
chr9_17503923_17579065:chr9_17503923_17579065,8
chr9_17797124_18474152:chr9_17797124_18474152,52
chr9_18910950_18927649:chr9_18910950_18927649,5
chr9_19051025_19053140:chr9_19051025_19053140,1
chr9_19102904_19115760:chr9_19102904_19115760,4
chr9_19127492_19230512:chr9_19127492_19230512,19
chr9_19374281_19375714:chr9_19374281_19375714,6
chr9_19380236_19409008:chr9_19380236_19409008,4
chr9_19452505_19507454:chr9_19452505_19507454,5
chr9_19789037_20341668:chr9_19789037_20341668,53
chr9_20622499_20658308:chr9_20622499_20658308,1
chr9_20995950_20999508:chr9_20995950_20999508,0
chr9_21031640_21077103:chr9_21031640_21077103,0
chr9_21077942_21140631:chr9_21077942_21140631,0
chr9_21141832_21165636:chr9_21141832_21165636,0
chr9_21166660_21186617:chr9_21166660_21186617,0
chr9_21187587_21201468:chr9_21187587_21201468,0
chr9_21202205_21206180:chr9_21202205_21206180,0
chr9_21207143_21216372:chr9_21207143_21216372,0
chr9_21217311_21227242:chr9_21217311_21227242,0
chr9_21228222_21239001:chr9_21228222_21239001,0
chr9_21240005_21304325:chr9_21240005_21304325,0
chr9_21305313_21329664:chr9_21305313_21329664,0
chr9_21335404_21350317:chr9_21335404_21350317,0
chr9_21350887_21367371:chr9_21350887_21367371,0
chr9_21368057_21384254:chr9_21368057_21384254,0
chr9_21385398_21409116:chr9_21385398_21409116,0
chr9_21410185_21440438:chr9_21410185_21440438,0
chr9_21441316_21480838:chr9_21441316_21480838,0
chr9_21482313_21802635:chr9_21482313_21802635,0
chr9_21941115_21967751:chr9_21941115_21967751,0
chr9_21995324_22002902:chr9_21995324_22002902,0
chr9_22009313_22446823:chr9_22009313_22446823,0
chr9_22455740_23690103:chr9_22455740_23690103,0
chr9_23850601_24542951:chr9_23850601_24542951,0
chr9_24545897_25676968:chr9_24545897_25676968,0
chr9_25678444_26840684:chr9_25678444_26840684,25
chr9_26892802_26903371:chr9_26892802_26903371,5
chr9_27066134_27109140:chr9_27066134_27109140,5
chr9_27230178_27284653:chr9_27230178_27284653,6
chr9_27297150_27325208:chr9_27297150_27325208,3
chr9_27529814_27546545:chr9_27529814_27546545,2
chr9_27573866_27937616:chr9_27573866_27937616,42
chr9_29213601_32384642:chr9_29213601_32384642,90
chr9_32526196_32540543:chr9_32526196_32540543,5
chr9_32573159_32629453:chr9_32573159_32629453,6
chr9_32635669_32783539:chr9_32635669_32783539,21
chr9_32789201_32972615:chr9_32789201_32972615,51
chr9_33039907_33041764:chr9_33039907_33041764,2
chr9_33076674_33104076:chr9_33076674_33104076,2
chr9_33167336_33240166:chr9_33167336_33240166,12
chr9_33248567_33252470:chr9_33248567_33252470,5
chr9_33282070_33290515:chr9_33282070_33290515,10
chr9_33371157_33383190:chr9_33371157_33383190,14
chr9_33402568_33441159:chr9_33402568_33441159,13
chr9_33447593_33461352:chr9_33447593_33461352,8
chr9_33473924_33524250:chr9_33473924_33524250,17
chr9_33575442_33750678:chr9_33575442_33750678,17
chr9_33799231_33817159:chr9_33799231_33817159,2
chr9_33920399_33921692:chr9_33920399_33921692,11
chr9_34049199_34086386:chr9_34049199_34086386,12
chr9_34126698_34179004:chr9_34126698_34179004,7
chr9_34343699_34366665:chr9_34343699_34366665,11
chr9_34376898_34379018:chr9_34376898_34379018,3
chr9_34522990_34551432:chr9_34522990_34551432,6
chr9_34590159_34610494:chr9_34590159_34610494,5
chr9_34612097_34613545:chr9_34612097_34613545,8
chr9_34629066_34634721:chr9_34629066_34634721,6
chr9_34637787_34646674:chr9_34637787_34646674,7
chr9_34651035_34652184:chr9_34651035_34652184,8
chr9_34662657_34689569:chr9_34662657_34689569,16
chr9_34691276_34709004:chr9_34691276_34709004,5
chr9_34710136_34723052:chr9_34710136_34723052,3
chr9_34729488_34889065:chr9_34729488_34889065,30
chr9_34895764_34957486:chr9_34895764_34957486,11
chr9_34982544_34989744:chr9_34982544_34989744,2
chr9_34998900_35041094:chr9_34998900_35041094,12
chr9_35045986_35056063:chr9_35045986_35056063,14
chr9_35072625_35073838:chr9_35072625_35073838,5
chr9_35079942_35088687:chr9_35079942_35088687,8
chr9_35096591_35099775:chr9_35096591_35099775,11
chr9_35115862_35162008:chr9_35115862_35162008,8
chr9_35405335_35490110:chr9_35405335_35490110,20
chr9_35563878_35605261:chr9_35563878_35605261,12
chr9_35618413_35649294:chr9_35618413_35649294,4
chr9_35650931_35658291:chr9_35650931_35658291,2
chr9_35665195_35673927:chr9_35665195_35673927,7
chr9_35690056_35696947:chr9_35690056_35696947,8
chr9_35758585_35791590:chr9_35758585_35791590,14
chr9_35815042_35816390:chr9_35815042_35816390,0
chr9_35865515_35869462:chr9_35865515_35869462,3
chr9_35870401_35906201:chr9_35870401_35906201,7
chr9_35907136_35909489:chr9_35907136_35909489,3
chr9_35911686_35957107:chr9_35911686_35957107,16
chr9_35958154_36036912:chr9_35958154_36036912,20
chr9_36124455_36136732:chr9_36124455_36136732,2
chr9_36163906_36169387:chr9_36163906_36169387,1
chr9_36171334_36190920:chr9_36171334_36190920,4
chr9_36212059_36214440:chr9_36212059_36214440,9
chr9_36276978_36336399:chr9_36276978_36336399,11
chr9_36401206_36572894:chr9_36401206_36572894,44
chr9_36677682_36833268:chr9_36677682_36833268,38
chr9_37034268_37120471:chr9_37034268_37120471,21
chr9_37358149_37422695:chr9_37358149_37422695,38
chr9_37436990_37438101:chr9_37436990_37438101,13
chr9_37465450_37485947:chr9_37465450_37485947,12
chr9_37503697_37510891:chr9_37503697_37510891,13
chr9_37576380_37588412:chr9_37576380_37588412,23
chr9_37592597_37603228:chr9_37592597_37603228,11
chr9_37746904_37753804:chr9_37746904_37753804,5
chr9_37785092_37800553:chr9_37785092_37800553,8
chr9_37867664_37887603:chr9_37867664_37887603,14
chr9_37904127_37915897:chr9_37904127_37915897,10
chr9_38069227_38392701:chr9_38069227_38392701,109
chr9_38398661_38406527:chr9_38398661_38406527,6
chr9_38424454_38540566:chr9_38424454_38540566,17
chr9_38545372_38571363:chr9_38545372_38571363,1
chr9_38620596_38694265:chr9_38620596_38694265,12
chr9_38720133_39064709:chr9_38720133_39064709,8
chr9_39288167_39355668:chr9_39288167_39355668,0
chr9_39361962_41126434:chr9_39361962_41126434,11
chr9_41128681_41131308:chr9_41128681_41131308,0
chr9_41189317_41890535:chr9_41189317_41890535,9
chr9_42129426_42183658:chr9_42129426_42183658,0
chr9_42189887_60914406:chr9_42189887_60914406,15
chr9_60920653_61190035:chr9_60920653_61190035,0
chr9_61196280_65282100:chr9_61196280_65282100,11
chr9_65285209_65675927:chr9_65285209_65675927,11
chr9_65734041_65737145:chr9_65734041_65737145,0
chr9_65738396_66900724:chr9_65738396_66900724,0
chr9_66932141_66986303:chr9_66932141_66986303,0
chr9_66992550_67858930:chr9_66992550_67858930,0
chr9_67902394_68241982:chr9_67902394_68241982,0
chr9_68300035_68302866:chr9_68300035_68302866,0
chr9_68305084_68356610:chr9_68305084_68356610,0
chr9_68531061_68536579:chr9_68531061_68536579,1
chr9_68540883_68705239:chr9_68540883_68705239,23
chr9_69009176_69012503:chr9_69009176_69012503,1
chr9_69014113_69035751:chr9_69014113_69035751,4
chr9_69079076_69121263:chr9_69079076_69121263,6
chr9_69255208_69324566:chr9_69255208_69324566,7
chr9_69392456_69427531:chr9_69392456_69427531,5
chr9_69672371_69709524:chr9_69672371_69709524,1
chr9_69760011_69820816:chr9_69760011_69820816,10
chr9_69906227_70043847:chr9_69906227_70043847,21
chr9_70226972_70258977:chr9_70226972_70258977,4
chr9_70354873_70384603:chr9_70354873_70384603,4
chr9_70414657_70529059:chr9_70414657_70529059,15
chr9_71446971_71683365:chr9_71446971_71683365,24
chr9_71768513_71862451:chr9_71768513_71862451,7
chr9_71986058_72051375:chr9_71986058_72051375,11
chr9_72060613_72114607:chr9_72060613_72114607,3
chr9_72253560_72351412:chr9_72253560_72351412,6
chr9_72365208_72521607:chr9_72365208_72521607,11
chr9_72838297_72900670:chr9_72838297_72900670,8
chr9_72953053_73151864:chr9_72953053_73151864,32
chr9_73170393_74497334:chr9_73170393_74497334,112
chr9_74693177_74722494:chr9_74693177_74722494,4
chr9_74887921_74946582:chr9_74887921_74946582,9
chr9_74952912_74980789:chr9_74952912_74980789,9
chr9_75028430_75060576:chr9_75028430_75060576,4
chr9_75147265_75890672:chr9_75147265_75890672,66
chr9_76362975_76385525:chr9_76362975_76385525,7
chr9_76394426_76441665:chr9_76394426_76441665,9
chr9_76507416_76611375:chr9_76507416_76611375,12
chr9_76906114_77019654:chr9_76906114_77019654,9
chr9_77020953_77177533:chr9_77020953_77177533,9
chr9_77421537_77423078:chr9_77421537_77423078,0
chr9_77648322_77716096:chr9_77648322_77716096,4
chr9_78031811_78236074:chr9_78031811_78236074,20
chr9_78279690_78297124:chr9_78279690_78297124,3
chr9_78330093_79571964:chr9_78330093_79571964,142
chr9_79726882_81583682:chr9_79726882_81583682,154
chr9_81689547_81928427:chr9_81689547_81928427,24
chr9_81934998_81943499:chr9_81934998_81943499,0
chr9_81950093_81988771:chr9_81950093_81988771,2
chr9_81995253_82979589:chr9_81995253_82979589,95
chr9_83063142_83242991:chr9_83063142_83242991,20
chr9_83538401_83623142:chr9_83538401_83623142,15
chr9_83644123_83659967:chr9_83644123_83659967,7
chr9_83707958_83739424:chr9_83707958_83739424,3
chr9_83817769_83834098:chr9_83817769_83834098,0
chr9_83921432_83938310:chr9_83921432_83938310,4
chr9_83956986_83968082:chr9_83956986_83968082,1
chr9_84004074_84275456:chr9_84004074_84275456,27
chr9_84368727_84668521:chr9_84368727_84668521,34
chr9_85027054_85546538:chr9_85027054_85546538,55
chr9_85742029_85941145:chr9_85742029_85941145,15
chr9_86100149_86220264:chr9_86100149_86220264,11
chr9_86259657_86264545:chr9_86259657_86264545,3
chr9_86282538_86287732:chr9_86282538_86287732,4
chr9_86354410_86944361:chr9_86354410_86944361,61
chr9_86947506_87497227:chr9_86947506_87497227,77
chr9_87708634_87726118:chr9_87708634_87726118,5
chr9_87731469_87882876:chr9_87731469_87882876,19
chr9_87888903_87917961:chr9_87888903_87917961,5
chr9_87923657_87966440:chr9_87923657_87966440,1
chr9_87974533_88129304:chr9_87974533_88129304,8
chr9_88138475_88388443:chr9_88138475_88388443,36
chr9_88478694_88535177:chr9_88478694_88535177,8
chr9_88575793_88990862:chr9_88575793_88990862,61
chr9_89178818_89311194:chr9_89178818_89311194,5
chr9_89316703_89318499:chr9_89316703_89318499,2
chr9_89359663_89360786:chr9_89359663_89360786,4
chr9_89498113_89605011:chr9_89498113_89605011,18
chr9_89606555_90609831:chr9_89606555_90609831,117
chr9_90642824_90801599:chr9_90642824_90801599,16
chr9_90898549_91213822:chr9_90898549_91213822,66
chr9_91361918_91409044:chr9_91361918_91409044,9
chr9_91424626_91722600:chr9_91424626_91722600,47
chr9_91950228_92031146:chr9_91950228_92031146,23
chr9_92115413_92210206:chr9_92115413_92210206,26
chr9_92293697_92297357:chr9_92293697_92297357,3
chr9_92670131_92711362:chr9_92670131_92711362,11
chr9_92764833_92844181:chr9_92764833_92844181,11
chr9_92878038_92947522:chr9_92878038_92947522,12
chr9_93036233_93058700:chr9_93036233_93058700,7
chr9_93085133_93096216:chr9_93085133_93096216,4
chr9_93113283_93121495:chr9_93113283_93121495,5
chr9_93134251_93184138:chr9_93134251_93184138,10
chr9_93320569_93443331:chr9_93320569_93443331,20
chr9_93566112_93576583:chr9_93566112_93576583,2
chr9_93679587_93951626:chr9_93679587_93951626,51
chr9_93955355_94030812:chr9_93955355_94030812,17
chr9_94109856_94259297:chr9_94109856_94259297,37
chr9_94301829_94318197:chr9_94301829_94318197,6
chr9_94328644_94374568:chr9_94328644_94374568,0
chr9_94461042_94558719:chr9_94461042_94558719,12
chr9_94593824_94603132:chr9_94593824_94603132,4
chr9_94640263_94726698:chr9_94640263_94726698,21
chr9_95087159_95099053:chr9_95087159_95099053,11
chr9_95317709_95442979:chr9_95317709_95442979,30
chr9_95516971_95875690:chr9_95516971_95875690,81
chr9_96041092_96235305:chr9_96041092_96235305,39
chr9_96302176_96313443:chr9_96302176_96313443,1
chr9_96383711_96385940:chr9_96383711_96385940,4
chr9_96418370_96450168:chr9_96418370_96450168,6
chr9_96491336_96500107:chr9_96491336_96500107,6
chr9_96619843_96639576:chr9_96619843_96639576,3
chr9_96655317_96754552:chr9_96655317_96754552,19
chr9_96778087_96816268:chr9_96778087_96816268,14
chr9_96854514_96928842:chr9_96854514_96928842,12
chr9_96942971_97029676:chr9_96942971_97029676,6
chr9_97039643_97307336:chr9_97039643_97307336,43
chr9_97378751_97412095:chr9_97378751_97412095,8
chr9_97496125_97501179:chr9_97496125_97501179,1
chr9_97673748_97674908:chr9_97673748_97674908,8
chr9_97697340_97853225:chr9_97697340_97853225,42
chr9_97856717_97896854:chr9_97856717_97896854,13
chr9_97922500_97926790:chr9_97922500_97926790,1
chr9_97944852_97983340:chr9_97944852_97983340,8
chr9_98015943_98056731:chr9_98015943_98056731,23
chr9_98083077_98084352:chr9_98083077_98084352,5
chr9_98119222_98120974:chr9_98119222_98120974,4
chr9_98192637_98198997:chr9_98192637_98198997,5
chr9_98255649_98288108:chr9_98255649_98288108,12
chr9_98708935_98732008:chr9_98708935_98732008,10
chr9_98796555_98807669:chr9_98796555_98807669,4
chr9_98850081_98890406:chr9_98850081_98890406,14
chr9_98892076_98943906:chr9_98892076_98943906,16
chr9_99070787_99105112:chr9_99070787_99105112,12
chr9_99154192_99216424:chr9_99154192_99216424,18
chr9_99230615_99821884:chr9_99230615_99821884,131
chr9_99866891_99906653:chr9_99866891_99906653,11
chr9_99974534_99979184:chr9_99974534_99979184,3
chr9_100352942_100427142:chr9_100352942_100427142,17
chr9_100588389_101028726:chr9_100588389_101028726,54
chr9_101325135_101360416:chr9_101325135_101360416,6
chr9_101385006_101387632:chr9_101385006_101387632,0
chr9_101410654_101420559:chr9_101410654_101420559,4
chr9_101435774_101473169:chr9_101435774_101473169,10
chr9_101487173_101533852:chr9_101487173_101533852,7
chr9_101563344_101569351:chr9_101563344_101569351,2
chr9_101738647_102995332:chr9_101738647_102995332,132
chr9_103018488_104094308:chr9_103018488_104094308,103
chr9_104141419_104504262:chr9_104141419_104504262,41
chr9_104505222_104526252:chr9_104505222_104526252,5
chr9_104527209_104535748:chr9_104527209_104535748,2
chr9_104536856_104569167:chr9_104536856_104569167,3
chr9_104570130_104598456:chr9_104570130_104598456,4
chr9_104599413_104604670:chr9_104599413_104604670,0
chr9_104605627_104617247:chr9_104605627_104617247,2
chr9_104618204_104694517:chr9_104618204_104694517,11
chr9_104695462_104747682:chr9_104695462_104747682,7
chr9_104760120_104764128:chr9_104760120_104764128,2
chr9_104777764_104781005:chr9_104777764_104781005,3
chr9_104928155_105244650:chr9_104928155_105244650,50
chr9_105438504_105448033:chr9_105438504_105448033,0
chr9_105552433_105558129:chr9_105552433_105558129,3
chr9_105641118_105662456:chr9_105641118_105662456,7
chr9_105663124_105694540:chr9_105663124_105694540,6
chr9_105776629_106863165:chr9_105776629_106863165,160
chr9_107013634_107283278:chr9_107013634_107283278,45
chr9_107332194_107484851:chr9_107332194_107484851,33
chr9_107489769_108854587:chr9_107489769_108854587,258
chr9_108855986_108862265:chr9_108855986_108862265,2
chr9_108863756_108867516:chr9_108863756_108867516,5
chr9_108940954_108942576:chr9_108940954_108942576,3
chr9_109013499_109015134:chr9_109013499_109015134,4
chr9_109119947_109130292:chr9_109119947_109130292,2
chr9_109167249_109171973:chr9_109167249_109171973,4
chr9_109321059_109375699:chr9_109321059_109375699,10
chr9_109498307_109640786:chr9_109498307_109640786,29
chr9_110172512_110199560:chr9_110172512_110199560,3
chr9_110208159_110243809:chr9_110208159_110243809,8
chr9_110256507_110303475:chr9_110256507_110303475,8
chr9_110337863_110365247:chr9_110337863_110365247,1
chr9_110579741_110668790:chr9_110579741_110668790,15
chr9_110806558_110873262:chr9_110806558_110873262,13
chr9_111038998_111327228:chr9_111038998_111327228,33
chr9_111330224_111360684:chr9_111330224_111360684,6
chr9_111484383_111525178:chr9_111484383_111525178,5
chr9_111599647_111631333:chr9_111599647_111631333,5
chr9_111670226_111686170:chr9_111670226_111686170,3
chr9_111794937_111896813:chr9_111794937_111896813,14
chr9_111935369_112040782:chr9_111935369_112040782,23
chr9_112175297_112217714:chr9_112175297_112217714,11
chr9_112333664_112380107:chr9_112333664_112380107,12
chr9_112472405_112486826:chr9_112472405_112486826,14
chr9_112669397_112683925:chr9_112669397_112683925,4
chr9_112718117_112750759:chr9_112718117_112750759,12
chr9_112874987_112878919:chr9_112874987_112878919,3
chr9_112890876_112997119:chr9_112890876_112997119,15
chr9_113012192_113038376:chr9_113012192_113038376,4
chr9_113056724_113151006:chr9_113056724_113151006,14
chr9_113264492_113266991:chr9_113264492_113266991,1
chr9_113292905_113297092:chr9_113292905_113297092,1
chr9_113303376_113313221:chr9_113303376_113313221,6
chr9_113340275_113349540:chr9_113340275_113349540,6
chr9_113371222_113373415:chr9_113371222_113373415,6
chr9_113376986_113386311:chr9_113376986_113386311,3
chr9_113401284_113407234:chr9_113401284_113407234,4
chr9_113429690_113444729:chr9_113429690_113444729,4
chr9_113597738_113876308:chr9_113597738_113876308,45
chr9_114056593_114060126:chr9_114056593_114060126,2
chr9_114078300_114091637:chr9_114078300_114091637,4
chr9_114099292_114155536:chr9_114099292_114155536,20
chr9_114312511_114323097:chr9_114312511_114323097,2
chr9_114326479_114329868:chr9_114326479_114329868,1
chr9_114394405_114402079:chr9_114394405_114402079,6
chr9_114505473_114587768:chr9_114505473_114587768,14
chr9_114598879_114611290:chr9_114598879_114611290,10
chr9_114646422_114656303:chr9_114646422_114656303,4
chr9_114657805_114666433:chr9_114657805_114666433,2
chr9_114682192_114784634:chr9_114682192_114784634,24
chr9_114806039_114893342:chr9_114806039_114893342,17
chr9_114930595_115019574:chr9_114930595_115019574,19
chr9_115118157_116153790:chr9_115118157_116153790,136
chr9_116402321_116423111:chr9_116402321_116423111,8
chr9_117415057_117704402:chr9_117415057_117704402,46
chr9_117724735_119166628:chr9_117724735_119166628,180
chr9_119369435_120388874:chr9_119369435_120388874,184
chr9_120580167_120600810:chr9_120580167_120600810,7
chr9_120714470_120756973:chr9_120714470_120756973,11
chr9_120801787_120816052:chr9_120801787_120816052,18
chr9_120842922_120855650:chr9_120842922_120855650,26
chr9_120894896_120902392:chr9_120894896_120902392,11
chr9_120929171_120952334:chr9_120929171_120952334,9
chr9_121332842_121338986:chr9_121332842_121338986,11
chr9_121370250_121444989:chr9_121370250_121444989,22
chr9_121499844_121567073:chr9_121499844_121567073,11
chr9_121785530_121815673:chr9_121785530_121815673,4
chr9_122093308_122132465:chr9_122093308_122132465,16
chr9_122200083_122202581:chr9_122200083_122202581,5
chr9_122228957_122237621:chr9_122228957_122237621,9
chr9_122331337_122370532:chr9_122331337_122370532,14
chr9_122395703_122476957:chr9_122395703_122476957,20
chr9_122477926_122510801:chr9_122477926_122510801,5
chr9_122511743_122519140:chr9_122511743_122519140,0
chr9_122520082_122526357:chr9_122520082_122526357,3
chr9_122527293_122553111:chr9_122527293_122553111,10
chr9_122554214_122567116:chr9_122554214_122567116,11
chr9_122583384_122614737:chr9_122583384_122614737,6
chr9_122615682_122628068:chr9_122615682_122628068,3
chr9_122657626_122661715:chr9_122657626_122661715,2
chr9_122662648_122675129:chr9_122662648_122675129,4
chr9_122676104_122723989:chr9_122676104_122723989,5
chr9_122724925_122742302:chr9_122724925_122742302,2
chr9_122750783_122788932:chr9_122750783_122788932,12
chr9_122789895_122800122:chr9_122789895_122800122,4
chr9_122801073_122818096:chr9_122801073_122818096,7
chr9_122828588_122844555:chr9_122828588_122844555,1
chr9_122905359_122908055:chr9_122905359_122908055,1
chr9_122913323_122915565:chr9_122913323_122915565,1
chr9_122931512_122941019:chr9_122931512_122941019,10
chr9_123104866_123121268:chr9_123104866_123121268,20
chr9_123268586_123356196:chr9_123268586_123356196,19
chr9_123930126_124011767:chr9_123930126_124011767,22
chr9_124033301_124257605:chr9_124033301_124257605,45
chr9_124415442_124450450:chr9_124415442_124450450,9
chr9_124478580_124481235:chr9_124478580_124481235,1
chr9_124507399_124517274:chr9_124507399_124517274,3
chr9_124771311_124777132:chr9_124771311_124777132,3
chr9_124814882_124853459:chr9_124814882_124853459,10
chr9_124941083_124942607:chr9_124941083_124942607,3
chr9_125143528_125146572:chr9_125143528_125146572,2
chr9_125189803_125200541:chr9_125189803_125200541,2
chr9_125241343_125261825:chr9_125241343_125261825,9
chr9_125367207_125437393:chr9_125367207_125437393,30
chr9_125707208_125747372:chr9_125707208_125747372,12
chr9_125967377_126326828:chr9_125967377_126326828,89
chr9_126507040_126613927:chr9_126507040_126613927,24
chr9_126701032_126805039:chr9_126701032_126805039,24
chr9_126838210_126860638:chr9_126838210_126860638,11
chr9_126885878_126914781:chr9_126885878_126914781,4
chr9_127223166_127263898:chr9_127223166_127263898,18
chr9_127393660_127397168:chr9_127393660_127397168,4
chr9_127407898_127424381:chr9_127407898_127424381,9
chr9_127445372_127447673:chr9_127445372_127447673,13
chr9_127503501_127505342:chr9_127503501_127505342,3
chr9_127579031_127611911:chr9_127579031_127611911,6
chr9_127696029_127706987:chr9_127696029_127706987,5
chr9_127735294_127738316:chr9_127735294_127738316,2
chr9_127778666_127786033:chr9_127778666_127786033,10
chr9_127790792_127802857:chr9_127790792_127802857,6
chr9_127854773_127866479:chr9_127854773_127866479,6
chr9_127906616_127907885:chr9_127906616_127907885,5
chr9_127917041_127920880:chr9_127917041_127920880,3
chr9_127930777_127935098:chr9_127930777_127935098,13
chr9_127937854_127940581:chr9_127937854_127940581,5
chr9_127980989_128061232:chr9_127980989_128061232,24
chr9_128109245_128120692:chr9_128109245_128120692,26
chr9_128128440_128149452:chr9_128128440_128149452,6
chr9_128153453_128160264:chr9_128153453_128160264,9
chr9_128163924_128166064:chr9_128163924_128166064,12
chr9_128288989_128305158:chr9_128288989_128305158,16
chr9_128334072_128340526:chr9_128334072_128340526,19
chr9_128361470_128371318:chr9_128361470_128371318,5
chr9_128392016_128419159:chr9_128392016_128419159,14
chr9_128437351_128455184:chr9_128437351_128455184,5
chr9_128501292_128504691:chr9_128501292_128504691,9
chr9_128542288_128552586:chr9_128542288_128552586,8
chr9_128656847_128683423:chr9_128656847_128683423,6
chr9_128696396_128702502:chr9_128696396_128702502,4
chr9_128724127_128729785:chr9_128724127_128729785,7
chr9_128772486_128787252:chr9_128772486_128787252,2
chr9_128810430_128818499:chr9_128810430_128818499,3
chr9_128829794_128832941:chr9_128829794_128832941,2
chr9_128918039_128920981:chr9_128918039_128920981,5
chr9_128942041_128945529:chr9_128942041_128945529,4
chr9_129028331_129036625:chr9_129028331_129036625,5
chr9_129072082_129081110:chr9_129072082_129081110,13
chr9_129090438_129094793:chr9_129090438_129094793,8
chr9_129148946_129175551:chr9_129148946_129175551,9
chr9_129178261_129608871:chr9_129178261_129608871,111
chr9_129642151_129665646:chr9_129642151_129665646,5
chr9_129722674_129738348:chr9_129722674_129738348,8
chr9_129753042_129803183:chr9_129753042_129803183,22
chr9_129811281_129812941:chr9_129811281_129812941,11
chr9_129824136_129827289:chr9_129824136_129827289,10
chr9_129881828_129887186:chr9_129881828_129887186,16
chr9_130043189_130053905:chr9_130043189_130053905,3
chr9_130140164_130172403:chr9_130140164_130172403,10
chr9_130237303_130265759:chr9_130237303_130265759,7
chr9_130434123_130444706:chr9_130434123_130444706,3
chr9_130501274_130579576:chr9_130501274_130579576,24
chr9_130638352_130664593:chr9_130638352_130664593,7
chr9_130682983_130693759:chr9_130682983_130693759,3
chr9_130704894_130713042:chr9_130704894_130713042,6
chr9_130887675_130892706:chr9_130887675_130892706,44
chr9_130896812_130902439:chr9_130896812_130902439,26
chr9_130939247_131009173:chr9_130939247_131009173,134
chr9_131094473_131096530:chr9_131094473_131096530,7
chr9_131123144_131125585:chr9_131123144_131125585,16
chr9_131234663_131258077:chr9_131234663_131258077,63
chr9_131278035_131289722:chr9_131278035_131289722,8
chr9_131309261_131373650:chr9_131309261_131373650,14
chr9_131500193_131502917:chr9_131500193_131502917,4
chr9_131531263_131545522:chr9_131531263_131545522,4
chr9_131559815_131576774:chr9_131559815_131576774,7
chr9_131740076_131860111:chr9_131740076_131860111,29
chr9_132079867_132162057:chr9_132079867_132162057,10
chr9_132244526_132261355:chr9_132244526_132261355,11
chr9_132354986_132375547:chr9_132354986_132375547,8
chr9_132406840_132410210:chr9_132406840_132410210,2
chr9_132573319_132582605:chr9_132573319_132582605,2
chr9_132590252_132592996:chr9_132590252_132592996,3
chr9_132694955_132725577:chr9_132694955_132725577,6
chr9_132890201_132891348:chr9_132890201_132891348,4
chr9_132991687_133030996:chr9_132991687_133030996,12
chr9_133058503_133061980:chr9_133058503_133061980,4
chr9_133071861_133097721:chr9_133071861_133097721,13
chr9_133149210_133152947:chr9_133149210_133152947,4
chr9_133163914_133205278:chr9_133163914_133205278,9
chr9_133209250_133250400:chr9_133209250_133250400,10
chr9_133275201_133328775:chr9_133275201_133328775,17
chr9_133336188_133338311:chr9_133336188_133338311,6
chr9_133418172_133422366:chr9_133418172_133422366,1
chr9_133479099_133514585:chr9_133479099_133514585,7
chr9_133524959_133532163:chr9_133524959_133532163,8
chr9_133575519_133577080:chr9_133575519_133577080,1
chr9_133609389_133636362:chr9_133609389_133636362,9
chr9_133659329_133663559:chr9_133659329_133663559,4
chr9_133739955_133761893:chr9_133739955_133761893,4
chr9_133992324_134025480:chr9_133992324_134025480,10
chr9_134068026_134135198:chr9_134068026_134135198,17
chr9_134159968_134326454:chr9_134159968_134326454,42
chr9_134440585_134641802:chr9_134440585_134641802,44
chr9_134844843_134880809:chr9_134844843_134880809,11
chr9_134887523_134903231:chr9_134887523_134903231,7
chr9_134917912_135075504:chr9_134917912_135075504,33
chr9_135121184_135479781:chr9_135121184_135479781,108
chr9_135488892_135495180:chr9_135488892_135495180,3
chr9_135504673_135521439:chr9_135504673_135521439,12
chr9_135526540_135546125:chr9_135526540_135546125,6
chr9_135549969_135561755:chr9_135549969_135561755,1
chr9_135566955_135623647:chr9_135566955_135623647,20
chr9_135639540_135663308:chr9_135639540_135663308,7
chr9_135666961_135693406:chr9_135666961_135693406,7
chr9_135699481_135702184:chr9_135699481_135702184,1
chr9_135795502_135808486:chr9_135795502_135808486,4
chr9_135907546_135932968:chr9_135907546_135932968,30
chr9_135961373_136006536:chr9_135961373_136006536,12
chr9_136095289_136114588:chr9_136095289_136114588,9
chr9_136118875_136196249:chr9_136118875_136196249,21
chr9_136205128_136206332:chr9_136205128_136206332,3
chr9_136245812_136249972:chr9_136245812_136249972,3
chr9_136306901_136327538:chr9_136306901_136327538,10
chr9_136373669_136375570:chr9_136373669_136375570,4
chr9_136400170_136401921:chr9_136400170_136401921,6
chr9_136423761_136428618:chr9_136423761_136428618,10
chr9_136483783_136494432:chr9_136483783_136494432,10
chr9_136546048_136658855:chr9_136546048_136658855,24
chr9_136687457_136712571:chr9_136687457_136712571,3
chr9_136724742_136738169:chr9_136724742_136738169,11
chr9_136742940_136744016:chr9_136742940_136744016,3
chr9_136748525_136754385:chr9_136748525_136754385,5
chr9_136758543_136759633:chr9_136758543_136759633,2
chr9_136764518_136791343:chr9_136764518_136791343,9
chr9_136793317_136796337:chr9_136793317_136796337,3
chr9_136841187_136842477:chr9_136841187_136842477,3
chr9_136851024_136852345:chr9_136851024_136852345,8
chr9_136860799_136862118:chr9_136860799_136862118,3
chr9_136866308_136886515:chr9_136866308_136886515,8
chr9_136926607_136940434:chr9_136926607_136940434,11
chr9_136946975_136952272:chr9_136946975_136952272,6
chr9_136955497_136977503:chr9_136955497_136977503,1
chr9_136981742_136982992:chr9_136981742_136982992,4
chr9_136985758_136992421:chr9_136985758_136992421,8
chr9_136996568_137007233:chr9_136996568_137007233,2
chr9_137028922_137030173:chr9_137028922_137030173,3
chr9_137032088_137039462:chr9_137032088_137039462,3
chr9_137046177_137048106:chr9_137046177_137048106,1
chr9_137054061_137062126:chr9_137054061_137062126,5
chr9_137070557_137077516:chr9_137070557_137077516,5
chr9_137084538_137086984:chr9_137084538_137086984,4
chr9_137109183_137110545:chr9_137109183_137110545,7
chr9_137114733_137139153:chr9_137114733_137139153,6
chr9_137172056_137174783:chr9_137172056_137174783,4
chr9_137190366_137191618:chr9_137190366_137191618,6
chr9_137200741_137204081:chr9_137200741_137204081,9
chr9_137223408_137225173:chr9_137223408_137225173,0
chr9_137226315_137227501:chr9_137226315_137227501,1
chr9_137229640_137230756:chr9_137229640_137230756,2
chr9_137236555_137241286:chr9_137236555_137241286,5
chr9_137247751_137251285:chr9_137247751_137251285,1
chr9_137253483_137255326:chr9_137253483_137255326,7
chr9_137273542_137277725:chr9_137273542_137277725,8
chr9_137282641_137299630:chr9_137282641_137299630,6
chr9_137302271_137306895:chr9_137302271_137306895,2
chr9_137441357_137447569:chr9_137441357_137447569,1
chr9_137550402_137551878:chr9_137550402_137551878,0
chr9_137552555_137554443:chr9_137552555_137554443,2
chr9_137578925_137582080:chr9_137578925_137582080,9
chr9_137590512_137605685:chr9_137590512_137605685,4
chr9_137615360_137619004:chr9_137615360_137619004,6
chr9_137836127_137877781:chr9_137836127_137877781,8
chr9_138124619_138394717:chr9_138124619_138394717,4
chr10_0_46887:chr10_0_46887,0
chr10_76621_130087:chr10_76621_130087,7
chr10_254637_274200:chr10_254637_274200,1
chr10_689668_806913:chr10_689668_806913,29
chr10_931705_988433:chr10_931705_988433,19
chr10_1025859_1039151:chr10_1025859_1039151,7
chr10_1132372_1177312:chr10_1132372_1177312,27
chr10_1737525_3067547:chr10_1737525_3067547,224
chr10_3172841_3775995:chr10_3172841_3775995,153
chr10_3785209_4826176:chr10_3785209_4826176,186
chr10_4848062_4963414:chr10_4848062_4963414,32
chr10_4983283_4987774:chr10_4983283_4987774,3
chr10_5018000_5048780:chr10_5018000_5048780,8
chr10_5107686_5153919:chr10_5107686_5153919,4
chr10_5185150_5196836:chr10_5185150_5196836,3
chr10_5218949_5364965:chr10_5218949_5364965,39
chr10_5374692_5393100:chr10_5374692_5393100,10
chr10_5404828_5412556:chr10_5404828_5412556,3
chr10_5459056_5498696:chr10_5459056_5498696,33
chr10_5499570_5524960:chr10_5499570_5524960,12
chr10_5526771_5638866:chr10_5526771_5638866,39
chr10_5666595_5684837:chr10_5666595_5684837,4
chr10_5763740_5765222:chr10_5763740_5765222,5
chr10_5813434_5861615:chr10_5813434_5861615,11
chr10_5937593_5952370:chr10_5937593_5952370,7
chr10_5978741_6010688:chr10_5978741_6010688,6
chr10_6062367_6089033:chr10_6062367_6089033,9
chr10_6117447_6144920:chr10_6117447_6144920,7
chr10_6254648_6394096:chr10_6254648_6394096,27
chr10_6580646_7158623:chr10_6580646_7158623,131
chr10_7411490_7559269:chr10_7411490_7559269,39
chr10_7666966_7703315:chr10_7666966_7703315,15
chr10_7749520_7750961:chr10_7749520_7750961,4
chr10_7807801_7818504:chr10_7807801_7818504,5
chr10_8016631_8054687:chr10_8016631_8054687,8
chr10_8075198_10462549:chr10_8075198_10462549,344
chr10_11336675_11460509:chr10_11336675_11460509,44
chr10_11611650_11742381:chr10_11611650_11742381,28
chr10_11764070_11823355:chr10_11764070_11823355,17
chr10_11872277_11920021:chr10_11872277_11920021,35
chr10_12043170_12068953:chr10_12043170_12068953,6
chr10_12123221_12129640:chr10_12123221_12129640,3
chr10_12250589_12349546:chr10_12250589_12349546,14
chr10_12835545_12896624:chr10_12835545_12896624,14
chr10_13138308_13161557:chr10_13138308_13161557,3
chr10_13211110_13221765:chr10_13211110_13221765,6
chr10_13234374_13277798:chr10_13234374_13277798,9
chr10_13300064_13317427:chr10_13300064_13317427,6
chr10_13348293_13438480:chr10_13348293_13438480,27
chr10_13529014_13586964:chr10_13529014_13586964,8
chr10_13630859_13643705:chr10_13630859_13643705,14
chr10_14330924_14518556:chr10_14330924_14518556,37
chr10_14774897_14819244:chr10_14774897_14819244,6
chr10_14871741_14878865:chr10_14871741_14878865,8
chr10_14954432_14959387:chr10_14954432_14959387,3
chr10_14972857_15043942:chr10_14972857_15043942,3
chr10_15073853_15075474:chr10_15073853_15075474,1
chr10_15088776_15097354:chr10_15088776_15097354,1
chr10_15104257_15105769:chr10_15104257_15105769,3
chr10_15168693_15211642:chr10_15168693_15211642,6
chr10_15371289_15513953:chr10_15371289_15513953,34
chr10_15719922_15778173:chr10_15719922_15778173,11
chr10_15860507_16437009:chr10_15860507_16437009,87
chr10_16521879_16590610:chr10_16521879_16590610,13
chr10_16817424_16823965:chr10_16817424_16823965,2
chr10_17129811_17137335:chr10_17129811_17137335,1
chr10_17201672_17228240:chr10_17201672_17228240,11
chr10_17237593_17315420:chr10_17237593_17315420,15
chr10_17454595_17589031:chr10_17454595_17589031,43
chr10_17617374_17644150:chr10_17617374_17644150,6
chr10_17716824_17752200:chr10_17716824_17752200,6
chr10_17800868_17809347:chr10_17800868_17809347,2
chr10_17911164_17951917:chr10_17911164_17951917,8
chr10_18043285_18140423:chr10_18043285_18140423,11
chr10_18543557_18545560:chr10_18543557_18545560,1
chr10_18681639_19048800:chr10_18681639_19048800,36
chr10_19734478_19747678:chr10_19734478_19747678,2
chr10_19747753_19816431:chr10_19747753_19816431,7
chr10_20289856_20779972:chr10_20289856_20779972,67
chr10_21293050_21513474:chr10_21293050_21513474,34
chr10_21525682_21533755:chr10_21525682_21533755,1
chr10_21743630_21756547:chr10_21743630_21756547,7
chr10_22003730_22208474:chr10_22003730_22208474,38
chr10_22218015_22316387:chr10_22218015_22316387,19
chr10_22331484_22345495:chr10_22331484_22345495,6
chr10_22417610_22534853:chr10_22417610_22534853,24
chr10_22714578_22928052:chr10_22714578_22928052,32
chr10_23038523_23095578:chr10_23038523_23095578,21
chr10_23122013_23192311:chr10_23122013_23192311,8
chr10_23194245_23201915:chr10_23194245_23201915,3
chr10_23344797_23439074:chr10_23344797_23439074,20
chr10_23442377_23694726:chr10_23442377_23694726,33
chr10_24547843_24583613:chr10_24547843_24583613,14
chr10_24723887_24848613:chr10_24723887_24848613,22
chr10_24952606_24981984:chr10_24952606_24981984,5
chr10_25062327_25175000:chr10_25062327_25175000,13
chr10_25602229_25934228:chr10_25602229_25934228,43
chr10_26212532_26216371:chr10_26212532_26216371,4
chr10_26304558_26438340:chr10_26304558_26438340,22
chr10_26567803_26697700:chr10_26567803_26697700,21
chr10_26860958_27004115:chr10_26860958_27004115,14
chr10_27100494_27110110:chr10_27100494_27110110,3
chr10_27242111_27397120:chr10_27242111_27397120,18
chr10_27414347_27504303:chr10_27414347_27504303,10
chr10_27542239_27672873:chr10_27542239_27672873,25
chr10_27745819_27812167:chr10_27745819_27812167,15
chr10_27999079_28050992:chr10_27999079_28050992,9
chr10_28303064_28532778:chr10_28303064_28532778,24
chr10_28623112_28677520:chr10_28623112_28677520,10
chr10_28682932_29289069:chr10_28682932_29289069,138
chr10_29311232_29457337:chr10_29311232_29457337,32
chr10_29736936_30012802:chr10_29736936_30012802,45
chr10_30115494_30309800:chr10_30115494_30309800,23
chr10_30349278_30434020:chr10_30349278_30434020,17
chr10_30461833_30611778:chr10_30461833_30611778,31
chr10_30629753_30844631:chr10_30629753_30844631,47
chr10_31031865_31318416:chr10_31031865_31318416,43
chr10_31529804_31805397:chr10_31529804_31805397,59
chr10_31928876_32009014:chr10_31928876_32009014,14
chr10_32056425_32267750:chr10_32056425_32267750,44
chr10_32378769_32446139:chr10_32378769_32446139,16
chr10_32882864_32900317:chr10_32882864_32900317,4
chr10_32958230_33177492:chr10_32958230_33177492,42
chr10_33334667_34109560:chr10_33334667_34109560,143
chr10_34815296_35008550:chr10_34815296_35008550,42
chr10_35090614_35126845:chr10_35090614_35126845,6
chr10_35212958_35247024:chr10_35212958_35247024,8
chr10_35572667_35605340:chr10_35572667_35605340,10
chr10_35608935_35638246:chr10_35608935_35638246,7
chr10_35642296_37125597:chr10_35642296_37125597,179
chr10_37232567_37773567:chr10_37232567_37773567,61
chr10_37858103_37949572:chr10_37858103_37949572,12
chr10_37976647_38010649:chr10_37976647_38010649,5
chr10_38067834_38094336:chr10_38067834_38094336,5
chr10_38150293_42581586:chr10_38150293_42581586,166
chr10_42638570_42782794:chr10_42638570_42782794,24
chr10_42834937_43077068:chr10_42834937_43077068,56
chr10_43130351_43138444:chr10_43130351_43138444,2
chr10_43185308_43194534:chr10_43185308_43194534,6
chr10_43267065_43371635:chr10_43267065_43371635,32
chr10_43376335_43385617:chr10_43376335_43385617,10
chr10_43409186_43436847:chr10_43409186_43436847,9
chr10_43483181_43556343:chr10_43483181_43556343,15
chr10_43574616_43606437:chr10_43574616_43606437,19
chr10_43617904_43643861:chr10_43617904_43643861,11
chr10_43648881_44370164:chr10_43648881_44370164,173
chr10_44385097_44911336:chr10_44385097_44911336,124
chr10_44937010_44959801:chr10_44937010_44959801,3
chr10_44995891_45000922:chr10_44995891_45000922,2
chr10_45005326_45302649:chr10_45005326_45302649,65
chr10_45315608_45374215:chr10_45315608_45374215,9
chr10_45446117_45454584:chr10_45446117_45454584,3
chr10_45594907_45615499:chr10_45594907_45615499,7
chr10_45672813_45727042:chr10_45672813_45727042,1
chr10_45792964_45825593:chr10_45792964_45825593,1
chr10_45854690_45972488:chr10_45854690_45972488,2
chr10_46003742_46005087:chr10_46003742_46005087,5
chr10_46030623_46033312:chr10_46030623_46033312,4
chr10_46046269_46286996:chr10_46046269_46286996,30
chr10_46330129_46375775:chr10_46330129_46375775,0
chr10_46391778_46461098:chr10_46391778_46461098,2
chr10_46465958_46541735:chr10_46465958_46541735,18
chr10_46557596_46579127:chr10_46557596_46579127,2
chr10_46594173_46911427:chr10_46594173_46911427,3
chr10_47002322_47300196:chr10_47002322_47300196,83
chr10_47313577_47322453:chr10_47313577_47322453,4
chr10_47327588_47348362:chr10_47327588_47348362,8
chr10_47357881_47365495:chr10_47357881_47365495,6
chr10_47384293_47467992:chr10_47384293_47467992,16
chr10_47484115_47487218:chr10_47484115_47487218,1
chr10_47491700_47501853:chr10_47491700_47501853,0
chr10_47523638_47744716:chr10_47523638_47744716,1
chr10_47763592_47917027:chr10_47763592_47917027,1
chr10_47923524_47995321:chr10_47923524_47995321,0
chr10_47999791_48156558:chr10_47999791_48156558,0
chr10_48274696_48306676:chr10_48274696_48306676,13
chr10_48439360_48446035:chr10_48439360_48446035,13
chr10_48656265_48684872:chr10_48656265_48684872,5
chr10_48982956_49014235:chr10_48982956_49014235,12
chr10_49115522_49131153:chr10_49115522_49131153,8
chr10_49134021_49154735:chr10_49134021_49154735,15
chr10_49188391_49299169:chr10_49188391_49299169,46
chr10_49327492_49364065:chr10_49327492_49364065,15
chr10_49396089_49434880:chr10_49396089_49434880,5
chr10_49539538_49609094:chr10_49539538_49609094,28
chr10_49667942_49679650:chr10_49667942_49679650,4
chr10_49710261_49734640:chr10_49710261_49734640,7
chr10_49762379_49818278:chr10_49762379_49818278,17
chr10_50010516_50067953:chr10_50010516_50067953,9
chr10_50133509_50184860:chr10_50133509_50184860,1
chr10_50251516_50305599:chr10_50251516_50305599,12
chr10_50623956_50739935:chr10_50623956_50739935,14
chr10_50759255_50799408:chr10_50759255_50799408,0
chr10_50885627_50990887:chr10_50885627_50990887,14
chr10_52298350_52314280:chr10_52298350_52314280,1
chr10_52317657_52765379:chr10_52317657_52765379,75
chr10_52772784_53802770:chr10_52772784_53802770,143
chr10_55627942_56357226:chr10_55627942_56357226,98
chr10_56361273_58191516:chr10_56361273_58191516,267
chr10_58267894_58269161:chr10_58267894_58269161,3
chr10_58289586_58335005:chr10_58289586_58335005,19
chr10_58370748_58385409:chr10_58370748_58385409,7
chr10_58399220_58512871:chr10_58399220_58512871,17
chr10_58831435_59176642:chr10_58831435_59176642,66
chr10_59363181_59650763:chr10_59363181_59650763,49
chr10_59710079_59736691:chr10_59710079_59736691,8
chr10_59753455_59788746:chr10_59753455_59788746,5
chr10_59906556_60026297:chr10_59906556_60026297,30
chr10_60733528_60778330:chr10_60733528_60778330,4
chr10_60794852_60869437:chr10_60794852_60869437,35
chr10_61001440_61406641:chr10_61001440_61406641,76
chr10_61453381_61662928:chr10_61453381_61662928,40
chr10_61766766_61901698:chr10_61766766_61901698,51
chr10_62096944_62193085:chr10_62096944_62193085,19
chr10_62268844_62374368:chr10_62268844_62374368,18
chr10_62480285_62804719:chr10_62480285_62804719,88
chr10_62808479_62811995:chr10_62808479_62811995,5
chr10_62819167_63133327:chr10_62819167_63133327,87
chr10_63155024_63167224:chr10_63155024_63167224,8
chr10_63625128_65912522:chr10_63625128_65912522,371
chr10_67696195_67796668:chr10_67696195_67796668,16
chr10_67838188_67884655:chr10_67838188_67884655,6
chr10_67918390_67921904:chr10_67918390_67921904,6
chr10_68075283_68106006:chr10_68075283_68106006,10
chr10_68212017_68230594:chr10_68212017_68230594,8
chr10_68232113_68282659:chr10_68232113_68282659,16
chr10_68407277_68414063:chr10_68407277_68414063,2
chr10_68472121_68477997:chr10_68472121_68477997,4
chr10_68527523_68560336:chr10_68527523_68560336,10
chr10_68694487_68721238:chr10_68694487_68721238,4
chr10_68792377_68827530:chr10_68792377_68827530,11
chr10_68895432_68901314:chr10_68895432_68901314,4
chr10_68946847_68956169:chr10_68946847_68956169,9
chr10_68985068_68988802:chr10_68985068_68988802,7
chr10_69016982_69087602:chr10_69016982_69087602,25
chr10_69104811_69124177:chr10_69104811_69124177,6
chr10_69174412_69180233:chr10_69174412_69180233,2
chr10_69209093_69220331:chr10_69209093_69220331,8
chr10_69267552_69269999:chr10_69267552_69269999,2
chr10_69401882_69403902:chr10_69401882_69403902,11
chr10_69416918_69451464:chr10_69416918_69451464,9
chr10_69507666_69571697:chr10_69507666_69571697,24
chr10_69573422_69630246:chr10_69573422_69630246,21
chr10_69633596_69801905:chr10_69633596_69801905,56
chr10_69959144_70052845:chr10_69959144_70052845,18
chr10_70132825_70137980:chr10_70132825_70137980,7
chr10_70170514_70202834:chr10_70170514_70202834,15
chr10_70233429_70247328:chr10_70233429_70247328,6
chr10_70284004_70298974:chr10_70284004_70298974,9
chr10_70382625_70404144:chr10_70382625_70404144,5
chr10_70428618_70431935:chr10_70428618_70431935,7
chr10_70447951_70478766:chr10_70447951_70478766,8
chr10_70568450_70597347:chr10_70568450_70597347,10
chr10_70602741_70672505:chr10_70602741_70672505,29
chr10_70762441_70771237:chr10_70762441_70771237,9
chr10_70785377_70815947:chr10_70785377_70815947,13
chr10_70881184_70882279:chr10_70881184_70882279,7
chr10_70888565_71212569:chr10_70888565_71212569,88
chr10_71302864_71319258:chr10_71302864_71319258,3
chr10_71363385_71396919:chr10_71363385_71396919,16
chr10_71851251_71964394:chr10_71851251_71964394,24
chr10_72013558_72059033:chr10_72013558_72059033,15
chr10_72089032_72096031:chr10_72089032_72096031,5
chr10_72235860_72273923:chr10_72235860_72273923,20
chr10_72276036_72332862:chr10_72276036_72332862,31
chr10_72354919_72367339:chr10_72354919_72367339,12
chr10_72626079_72692142:chr10_72626079_72692142,17
chr10_72887694_72893738:chr10_72887694_72893738,5
chr10_72933036_72934761:chr10_72933036_72934761,4
chr10_72954806_73007216:chr10_72954806_73007216,15
chr10_73096866_73110454:chr10_73096866_73110454,10
chr10_73131823_73133667:chr10_73131823_73133667,4
chr10_73247255_73248848:chr10_73247255_73248848,3
chr10_73252644_73253761:chr10_73252644_73253761,5
chr10_73358864_73375100:chr10_73358864_73375100,12
chr10_73414058_73423578:chr10_73414058_73423578,5
chr10_73433561_73436432:chr10_73433561_73436432,4
chr10_73496024_73497537:chr10_73496024_73497537,4
chr10_73625981_73631611:chr10_73625981_73631611,4
chr10_73641474_73644885:chr10_73641474_73644885,7
chr10_73656029_73674294:chr10_73656029_73674294,2
chr10_73698109_73744371:chr10_73698109_73744371,23
chr10_73776219_73782047:chr10_73776219_73782047,7
chr10_73783652_73785605:chr10_73783652_73785605,2
chr10_73874555_73911131:chr10_73874555_73911131,14
chr10_73917494_73998115:chr10_73917494_73998115,25
chr10_74709290_74825254:chr10_74709290_74825254,21
chr10_75032624_75037471:chr10_75032624_75037471,4
chr10_75073642_75094433:chr10_75073642_75094433,14
chr10_75109191_75111655:chr10_75109191_75111655,6
chr10_75182123_75210169:chr10_75182123_75210169,14
chr10_75231448_75233640:chr10_75231448_75233640,10
chr10_75235957_75397829:chr10_75235957_75397829,31
chr10_75401764_75431623:chr10_75401764_75431623,8
chr10_76560168_76869601:chr10_76560168_76869601,62
chr10_77637808_77790790:chr10_77637808_77790790,38
chr10_77926755_77975148:chr10_77926755_77975148,23
chr10_78029515_78033862:chr10_78029515_78033862,10
chr10_78056806_79068965:chr10_78056806_79068965,325
chr10_79316519_79347468:chr10_79316519_79347468,16
chr10_79355334_79382324:chr10_79355334_79382324,14
chr10_79445624_79512532:chr10_79445624_79512532,26
chr10_79516440_79555851:chr10_79516440_79555851,1
chr10_79560407_79610938:chr10_79560407_79610938,10
chr10_79615455_79703226:chr10_79615455_79703226,7
chr10_79712758_79826738:chr10_79712758_79826738,6
chr10_79850878_79937739:chr10_79850878_79937739,8
chr10_79949105_80078664:chr10_79949105_80078664,23
chr10_80092551_80131660:chr10_80092551_80131660,9
chr10_80145359_80150888:chr10_80145359_80150888,8
chr10_80205808_80271819:chr10_80205808_80271819,7
chr10_80289658_80336101:chr10_80289658_80336101,11
chr10_80368073_80407828:chr10_80368073_80407828,11
chr10_80437115_80454309:chr10_80437115_80454309,9
chr10_80522631_80537901:chr10_80522631_80537901,5
chr10_80646560_81875193:chr10_80646560_81875193,174
chr10_82987179_84139508:chr10_82987179_84139508,195
chr10_84153568_84173800:chr10_84153568_84173800,10
chr10_84185294_84194536:chr10_84185294_84194536,3
chr10_84225589_84231519:chr10_84225589_84231519,4
chr10_84241546_84245052:chr10_84241546_84245052,3
chr10_84259960_84328588:chr10_84259960_84328588,20
chr10_84518517_85599551:chr10_84518517_85599551,197
chr10_86366795_86435255:chr10_86366795_86435255,8
chr10_86521792_86654546:chr10_86521792_86654546,14
chr10_86736072_86756618:chr10_86736072_86756618,5
chr10_86927969_86935539:chr10_86927969_86935539,5
chr10_86963258_86968481:chr10_86963258_86968481,3
chr10_86970915_87020293:chr10_86970915_87020293,3
chr10_87024730_87050201:chr10_87024730_87050201,6
chr10_87191465_87225447:chr10_87191465_87225447,0
chr10_87234978_87357743:chr10_87234978_87357743,2
chr10_87370695_87504892:chr10_87370695_87504892,0
chr10_87553461_87659877:chr10_87553461_87659877,14
chr10_87747705_87751511:chr10_87747705_87751511,1
chr10_87818226_87859157:chr10_87818226_87859157,1
chr10_87971930_88273861:chr10_87971930_88273861,55
chr10_88583318_88586761:chr10_88583318_88586761,1
chr10_88606976_88664441:chr10_88606976_88664441,6
chr10_88678814_88706248:chr10_88678814_88706248,0
chr10_88752776_88760019:chr10_88752776_88760019,0
chr10_88779626_88802729:chr10_88779626_88802729,5
chr10_88851844_88880244:chr10_88851844_88880244,3
chr10_88923487_88935073:chr10_88923487_88935073,2
chr10_89017059_89205628:chr10_89017059_89205628,8
chr10_89207317_89213571:chr10_89207317_89213571,0
chr10_89251775_89302045:chr10_89251775_89302045,9
chr10_89309271_89327996:chr10_89309271_89327996,2
chr10_89340968_89378055:chr10_89340968_89378055,3
chr10_89385205_89392622:chr10_89385205_89392622,2
chr10_89406487_89414567:chr10_89406487_89414567,1
chr10_89420997_89430298:chr10_89420997_89430298,2
chr10_89535594_89579494:chr10_89535594_89579494,5
chr10_89645242_89701589:chr10_89645242_89701589,9
chr10_89774934_90740822:chr10_89774934_90740822,90
chr10_90858039_90871973:chr10_90858039_90871973,1
chr10_90908556_90912095:chr10_90908556_90912095,2
chr10_90921087_91162992:chr10_90921087_91162992,34
chr10_91284337_91409234:chr10_91284337_91409234,20
chr10_91514820_91628441:chr10_91514820_91628441,22
chr10_91633071_91798425:chr10_91633071_91798425,22
chr10_91865475_91906583:chr10_91865475_91906583,4
chr10_91909486_91923769:chr10_91909486_91923769,2
chr10_92031437_92046691:chr10_92031437_92046691,4
chr10_92353964_92451683:chr10_92353964_92451683,20
chr10_92574093_92593129:chr10_92574093_92593129,3
chr10_92655395_92689954:chr10_92655395_92689954,5
chr10_92695647_92826830:chr10_92695647_92826830,24
chr10_93059490_93060797:chr10_93059490_93060797,6
chr10_93069540_93073474:chr10_93069540_93073474,0
chr10_93077885_93306428:chr10_93077885_93306428,32
chr10_93482334_93496611:chr10_93482334_93496611,2
chr10_93529092_93566664:chr10_93529092_93566664,5
chr10_93590072_93591693:chr10_93590072_93591693,0
chr10_93601744_93612536:chr10_93601744_93612536,1
chr10_93666010_93667882:chr10_93666010_93667882,1
chr10_93702959_93757935:chr10_93702959_93757935,9
chr10_93798159_93893977:chr10_93798159_93893977,11
chr10_93909830_93993930:chr10_93909830_93993930,9
chr10_94362939_94402540:chr10_94362939_94402540,4
chr10_94536332_94545787:chr10_94536332_94545787,3
chr10_94602099_94683728:chr10_94602099_94683728,9
chr10_94736190_94762680:chr10_94736190_94762680,2
chr10_94855547_94938657:chr10_94855547_94938657,7
chr10_94990091_95036771:chr10_94990091_95036771,3
chr10_95069497_95194237:chr10_95069497_95194237,10
chr10_95228929_95237571:chr10_95228929_95237571,3
chr10_95291003_95311772:chr10_95291003_95311772,5
chr10_95561371_95605940:chr10_95561371_95605940,13
chr10_95656711_95663400:chr10_95656711_95663400,1
chr10_95693927_95711763:chr10_95693927_95711763,2
chr10_95877266_95907974:chr10_95877266_95907974,9
chr10_96033745_96043582:chr10_96033745_96043582,1
chr10_96060870_96129714:chr10_96060870_96129714,13
chr10_96163761_96189170:chr10_96163761_96189170,2
chr10_96271569_96304433:chr10_96271569_96304433,3
chr10_96338564_96343220:chr10_96338564_96343220,2
chr10_96359002_96364607:chr10_96359002_96364607,0
chr10_96513926_96518109:chr10_96513926_96518109,0
chr10_96587012_96593314:chr10_96587012_96593314,1
chr10_96720514_96832297:chr10_96720514_96832297,15
chr10_96995956_96998037:chr10_96995956_96998037,1
chr10_97292673_97319270:chr10_97292673_97319270,3
chr10_97321915_97332496:chr10_97321915_97332496,9
chr10_97334729_97356356:chr10_97334729_97356356,5
chr10_97401370_97426190:chr10_97401370_97426190,5
chr10_97433444_97435908:chr10_97433444_97435908,5
chr10_97571206_97572440:chr10_97571206_97572440,0
chr10_97612802_97614554:chr10_97612802_97614554,1
chr10_97634156_97640670:chr10_97634156_97640670,1
chr10_97687241_97713729:chr10_97687241_97713729,4
chr10_97718150_97737127:chr10_97718150_97737127,9
chr10_97760895_97766750:chr10_97760895_97766750,9
chr10_97771999_97849842:chr10_97771999_97849842,27
chr10_98030621_98134656:chr10_98030621_98134656,18
chr10_98244897_98247689:chr10_98244897_98247689,5
chr10_98268194_98383567:chr10_98268194_98383567,26
chr10_98415182_98416197:chr10_98415182_98416197,1
chr10_98446935_98457076:chr10_98446935_98457076,5
chr10_99235875_99329355:chr10_99235875_99329355,2
chr10_99394330_99396869:chr10_99394330_99396869,5
chr10_99430624_99532941:chr10_99430624_99532941,18
chr10_99536524_99610521:chr10_99536524_99610521,11
chr10_99620439_99659508:chr10_99620439_99659508,2
chr10_99756134_99782639:chr10_99756134_99782639,5
chr10_99852594_99875570:chr10_99852594_99875570,5
chr10_100009947_100042192:chr10_100009947_100042192,2
chr10_100081869_100150093:chr10_100081869_100150093,11
chr10_100186029_100188299:chr10_100186029_100188299,3
chr10_100229596_100232297:chr10_100229596_100232297,3
chr10_100267638_100273277:chr10_100267638_100273277,3
chr10_100286680_100288148:chr10_100286680_100288148,4
chr10_100330228_100347232:chr10_100330228_100347232,7
chr10_100364826_100463008:chr10_100364826_100463008,14
chr10_100483744_100486646:chr10_100483744_100486646,1
chr10_100519861_100523728:chr10_100519861_100523728,1
chr10_100529923_100535942:chr10_100529923_100535942,5
chr10_100559998_100735395:chr10_100559998_100735395,26
chr10_100829944_100912962:chr10_100829944_100912962,7
chr10_100965134_100969503:chr10_100965134_100969503,0
chr10_100994403_100996587:chr10_100994403_100996587,2
chr10_101041241_101061988:chr10_101041241_101061988,4
chr10_101068131_101131299:chr10_101068131_101131299,7
chr10_101137789_101226993:chr10_101137789_101226993,14
chr10_101229463_101354164:chr10_101229463_101354164,15
chr10_101557313_101578881:chr10_101557313_101578881,8
chr10_101609662_101610665:chr10_101609662_101610665,3
chr10_101695295_101770108:chr10_101695295_101770108,10
chr10_101783446_101784449:chr10_101783446_101784449,6
chr10_101818444_101825973:chr10_101818444_101825973,7
chr10_101843800_101845598:chr10_101843800_101845598,0
chr10_102056173_102065348:chr10_102056173_102065348,4
chr10_102068036_102106488:chr10_102068036_102106488,15
chr10_102120368_102133039:chr10_102120368_102133039,10
chr10_102150333_102152388:chr10_102150333_102152388,2
chr10_102163870_102226298:chr10_102163870_102226298,15
chr10_102382896_102394109:chr10_102382896_102394109,4
chr10_102432574_102449836:chr10_102432574_102449836,6
chr10_102451543_102461394:chr10_102451543_102461394,8
chr10_102477045_102479228:chr10_102477045_102479228,4
chr10_102502712_102503971:chr10_102502712_102503971,1
chr10_102633535_102644478:chr10_102633535_102644478,1
chr10_102658319_102673730:chr10_102658319_102673730,7
chr10_102816262_102830530:chr10_102816262_102830530,3
chr10_102837413_102854209:chr10_102837413_102854209,3
chr10_102901899_102918293:chr10_102901899_102918293,5
chr10_103193272_103245886:chr10_103193272_103245886,7
chr10_103248016_103277137:chr10_103248016_103277137,6
chr10_103290346_103302795:chr10_103290346_103302795,2
chr10_103351140_103367975:chr10_103351140_103367975,1
chr10_103458900_103472803:chr10_103458900_103472803,2
chr10_103479240_103493704:chr10_103479240_103493704,2
chr10_103592546_103594026:chr10_103592546_103594026,2
chr10_103855576_103877568:chr10_103855576_103877568,3
chr10_103918184_103967139:chr10_103918184_103967139,8
chr10_104029233_104031285:chr10_104029233_104031285,1
chr10_104085880_104120165:chr10_104085880_104120165,6
chr10_104126383_104129887:chr10_104126383_104129887,3
chr10_104232364_104254172:chr10_104232364_104254172,1
chr10_104267455_104269183:chr10_104267455_104269183,4
chr10_104304950_104309699:chr10_104304950_104309699,8
chr10_104455102_104641289:chr10_104455102_104641289,23
chr10_105265242_106573662:chr10_105265242_106573662,141
chr10_107164706_109864765:chr10_107164706_109864765,253
chr10_109923511_109996372:chr10_109923511_109996372,9
chr10_110135565_110207604:chr10_110135565_110207604,12
chr10_110287365_110290729:chr10_110287365_110290729,4
chr10_110304920_110497906:chr10_110304920_110497906,22
chr10_110511533_110567694:chr10_110511533_110567694,7
chr10_110606048_110644335:chr10_110606048_110644335,9
chr10_110839468_110871927:chr10_110839468_110871927,9
chr10_111013665_111077028:chr10_111013665_111077028,8
chr10_111080907_112149864:chr10_111080907_112149864,112
chr10_112183765_112283399:chr10_112183765_112283399,20
chr10_112305038_112374115:chr10_112305038_112374115,4
chr10_112855368_112950246:chr10_112855368_112950246,11
chr10_113167678_113550830:chr10_113167678_113550830,69
chr10_113664041_113679193:chr10_113664041_113679193,4
chr10_113730909_113751681:chr10_113730909_113751681,6
chr10_113783429_113834724:chr10_113783429_113834724,12
chr10_113917194_114043865:chr10_113917194_114043865,12
chr10_114046904_114120861:chr10_114046904_114120861,13
chr10_114174220_114179286:chr10_114174220_114179286,1
chr10_114232666_114239253:chr10_114232666_114239253,1
chr10_114404502_114431109:chr10_114404502_114431109,5
chr10_114768304_114821779:chr10_114768304_114821779,8
chr10_114899832_114938194:chr10_114899832_114938194,4
chr10_114977676_115093364:chr10_114977676_115093364,12
chr10_115948999_116056924:chr10_115948999_116056924,14
chr10_116274705_116324447:chr10_116274705_116324447,3
chr10_116380029_116427846:chr10_116380029_116427846,3
chr10_116477957_116545930:chr10_116477957_116545930,5
chr10_116567855_116590958:chr10_116567855_116590958,5
chr10_116609175_116620952:chr10_116609175_116620952,3
chr10_116645143_116662210:chr10_116645143_116662210,0
chr10_117126586_117128519:chr10_117126586_117128519,0
chr10_117138270_117197488:chr10_117138270_117197488,11
chr10_117210299_117241113:chr10_117210299_117241113,9
chr10_117375440_117542745:chr10_117375440_117542745,28
chr10_117549546_118004915:chr10_117549546_118004915,74
chr10_118046941_118297924:chr10_118046941_118297924,35
chr10_118342324_118589996:chr10_118342324_118589996,24
chr10_118595648_118676410:chr10_118595648_118676410,9
chr10_118754970_119029713:chr10_118754970_119029713,42
chr10_119080817_119104112:chr10_119080817_119104112,5
chr10_119137984_119140766:chr10_119137984_119140766,4
chr10_119165714_119167719:chr10_119165714_119167719,1
chr10_119178812_119207570:chr10_119178812_119207570,9
chr10_119459745_119499816:chr10_119459745_119499816,7
chr10_119542719_119573464:chr10_119542719_119573464,11
chr10_119596964_119651379:chr10_119596964_119651379,10
chr10_119677819_119726049:chr10_119677819_119726049,7
chr10_119873581_119892729:chr10_119873581_119892729,5
chr10_119944657_120457226:chr10_119944657_120457226,61
chr10_120592065_120851361:chr10_120592065_120851361,30
chr10_120909524_121478329:chr10_120909524_121478329,82
chr10_121598458_121740423:chr10_121598458_121740423,16
chr10_121928463_121957090:chr10_121928463_121957090,1
chr10_121975217_121989162:chr10_121975217_121989162,1
chr10_122254542_122271295:chr10_122254542_122271295,3
chr10_122338159_122374707:chr10_122338159_122374707,9
chr10_122442600_122454652:chr10_122442600_122454652,0
chr10_122457352_122461552:chr10_122457352_122461552,3
chr10_122514907_122560753:chr10_122514907_122560753,7
chr10_122643736_122697708:chr10_122643736_122697708,9
chr10_122699846_122832154:chr10_122699846_122832154,26
chr10_122879641_122910609:chr10_122879641_122910609,7
chr10_122913111_122930900:chr10_122913111_122930900,3
chr10_122954227_122980400:chr10_122954227_122980400,9
chr10_123058290_123135969:chr10_123058290_123135969,16
chr10_123139423_123148135:chr10_123139423_123148135,10
chr10_123150672_123154401:chr10_123150672_123154401,4
chr10_123170467_123666354:chr10_123170467_123666354,82
chr10_123697399_123745638:chr10_123697399_123745638,8
chr10_123891807_124007667:chr10_123891807_124007667,20
chr10_124093598_124397302:chr10_124093598_124397302,57
chr10_124418923_124445242:chr10_124418923_124445242,4
chr10_124450035_124461822:chr10_124450035_124461822,3
chr10_124614141_124619291:chr10_124614141_124619291,3
chr10_124744378_124757833:chr10_124744378_124757833,6
chr10_124791887_124801818:chr10_124791887_124801818,6
chr10_124836667_124942122:chr10_124836667_124942122,19
chr10_125161030_125576521:chr10_125161030_125576521,51
chr10_125683163_125719708:chr10_125683163_125719708,7
chr10_125764139_125766452:chr10_125764139_125766452,3
chr10_125775821_125784979:chr10_125775821_125784979,5
chr10_125881292_125896563:chr10_125881292_125896563,1
chr10_126009592_126012390:chr10_126009592_126012390,2
chr10_126388477_126424996:chr10_126388477_126424996,6
chr10_126670693_126905427:chr10_126670693_126905427,26
chr10_127452516_127549308:chr10_127452516_127549308,20
chr10_127553540_127737184:chr10_127553540_127737184,21
chr10_127741183_127877840:chr10_127741183_127877840,17
chr10_127892941_127907102:chr10_127892941_127907102,0
chr10_128085855_128096658:chr10_128085855_128096658,2
chr10_128126423_129467240:chr10_128126423_129467240,172
chr10_129770983_129835232:chr10_129770983_129835232,7
chr10_129964274_130063895:chr10_129964274_130063895,9
chr10_130110830_130136390:chr10_130110830_130136390,5
chr10_130180377_131092390:chr10_130180377_131092390,122
chr10_131311721_131901007:chr10_131311721_131901007,80
chr10_131959834_131967683:chr10_131959834_131967683,4
chr10_131981923_132036363:chr10_131981923_132036363,11
chr10_132184858_132186947:chr10_132184858_132186947,0
chr10_132205759_132207481:chr10_132205759_132207481,0
chr10_132381508_132397199:chr10_132381508_132397199,4
chr10_132417859_132537786:chr10_132417859_132537786,32
chr10_132786147_132808391:chr10_132786147_132808391,2
chr10_132942570_133087923:chr10_132942570_133087923,21
chr10_133131675_133160218:chr10_133131675_133160218,6
chr10_133226412_133230216:chr10_133226412_133230216,0
chr10_133231558_133237854:chr10_133231558_133237854,0
chr10_133241928_133262422:chr10_133241928_133262422,8
chr10_133276868_133278634:chr10_133276868_133278634,5
chr10_133352683_133355157:chr10_133352683_133355157,8
chr10_133358019_133362484:chr10_133358019_133362484,7
chr10_133373354_133379261:chr10_133373354_133379261,3
chr10_133391694_133394156:chr10_133391694_133394156,3
chr10_133424625_133453944:chr10_133424625_133453944,6
chr10_133469760_133527362:chr10_133469760_133527362,7
chr10_133539123_133553898:chr10_133539123_133553898,4
chr10_133568291_133623894:chr10_133568291_133623894,3
chr10_133626795_133797422:chr10_133626795_133797422,1
chr11_0_193077:chr11_0_193077,0
chr11_194575_196760:chr11_194575_196760,0
chr11_200258_202923:chr11_200258_202923,5
chr11_252984_278406:chr11_252984_278406,13
chr11_285388_289125:chr11_285388_289125,3
chr11_296107_298199:chr11_296107_298199,7
chr11_299526_307815:chr11_299526_307815,5
chr11_309395_314039:chr11_309395_314039,3
chr11_315272_319675:chr11_315272_319675,2
chr11_320860_369498:chr11_320860_369498,12
chr11_382117_392595:chr11_382117_392595,5
chr11_442011_448267:chr11_442011_448267,6
chr11_491399_494514:chr11_491399_494514,2
chr11_507242_532241:chr11_507242_532241,14
chr11_535576_537526:chr11_535576_537526,6
chr11_564025_576469:chr11_564025_576469,14
chr11_624955_626308:chr11_624955_626308,4
chr11_627181_637268:chr11_627181_637268,5
chr11_640706_644219:chr11_640706_644219,3
chr11_727727_747463:chr11_727727_747463,4
chr11_765012_767221:chr11_765012_767221,13
chr11_777487_787114:chr11_777487_787114,4
chr11_805231_809966:chr11_805231_809966,2
chr11_812876_818913:chr11_812876_818913,9
chr11_825573_827918:chr11_825573_827918,3
chr11_914845_925869:chr11_914845_925869,5
chr11_1036718_1074874:chr11_1036718_1074874,9
chr11_1110508_1157952:chr11_1110508_1157952,10
chr11_1201138_1223065:chr11_1201138_1223065,5
chr11_1262172_1274370:chr11_1262172_1274370,2
chr11_1309632_1389933:chr11_1309632_1389933,13
chr11_1462689_1469447:chr11_1462689_1469447,7
chr11_1486779_1554050:chr11_1486779_1554050,31
chr11_1572271_1584341:chr11_1572271_1584341,4
chr11_1585283_1597176:chr11_1585283_1597176,3
chr11_1598294_1607564:chr11_1598294_1607564,6
chr11_1608463_1620957:chr11_1608463_1620957,1
chr11_1622138_1629774:chr11_1622138_1629774,2
chr11_1630930_1697194:chr11_1630930_1697194,17
chr11_1697755_1732405:chr11_1697755_1732405,9
chr11_1750595_1752754:chr11_1750595_1752754,3
chr11_1763927_1834426:chr11_1763927_1834426,20
chr11_1837521_1838980:chr11_1837521_1838980,3
chr11_1841678_1853083:chr11_1841678_1853083,1
chr11_1892263_1919702:chr11_1892263_1919702,4
chr11_1938702_1947331:chr11_1938702_1947331,2
chr11_2014944_2129116:chr11_2014944_2129116,13
chr11_2161209_2163928:chr11_2161209_2163928,0
chr11_2171815_2268497:chr11_2171815_2268497,22
chr11_2270588_2295627:chr11_2270588_2295627,5
chr11_2318204_2376179:chr11_2318204_2376179,13
chr11_2397397_2400749:chr11_2397397_2400749,7
chr11_2849110_2883217:chr11_2849110_2883217,10
chr11_2885775_2899690:chr11_2885775_2899690,6
chr11_2925246_2928272:chr11_2925246_2928272,3
chr11_2929420_2944436:chr11_2929420_2944436,11
chr11_2992329_3000928:chr11_2992329_3000928,7
chr11_3057423_3087106:chr11_3057423_3087106,7
chr11_3165310_3217943:chr11_3165310_3217943,16
chr11_3218813_3225029:chr11_3218813_3225029,2
chr11_3232417_3357926:chr11_3232417_3357926,9
chr11_3379146_3638511:chr11_3379146_3638511,30
chr11_3642379_3645127:chr11_3642379_3645127,2
chr11_3664416_3665586:chr11_3664416_3665586,1
chr11_3671384_3675009:chr11_3671384_3675009,10
chr11_3840959_3854603:chr11_3840959_3854603,11
chr11_4093210_4094684:chr11_4093210_4094684,4
chr11_4138932_4367262:chr11_4138932_4367262,28
chr11_4368386_4384896:chr11_4368386_4384896,5
chr11_4393702_4449294:chr11_4393702_4449294,9
chr11_4450361_4482645:chr11_4450361_4482645,8
chr11_4493497_4545190:chr11_4493497_4545190,8
chr11_4546144_4586792:chr11_4546144_4586792,13
chr11_4587905_4594038:chr11_4587905_4594038,2
chr11_4595013_4598671:chr11_4595013_4598671,2
chr11_4608231_4637476:chr11_4608231_4637476,7
chr11_4655488_4680170:chr11_4655488_4680170,3
chr11_4697853_4704783:chr11_4697853_4704783,1
chr11_4992429_4994850:chr11_4992429_4994850,0
chr11_5005536_5046525:chr11_5005536_5046525,7
chr11_5047461_5058649:chr11_5047461_5058649,2
chr11_5059627_5069571:chr11_5059627_5069571,4
chr11_5070497_5128775:chr11_5070497_5128775,8
chr11_5138356_5146823:chr11_5138356_5146823,4
chr11_5154757_5199734:chr11_5154757_5199734,6
chr11_5200682_5225463:chr11_5200682_5225463,1
chr11_5227071_5232837:chr11_5227071_5232837,2
chr11_5234483_5248268:chr11_5234483_5248268,10
chr11_5249857_5253187:chr11_5249857_5253187,3
chr11_5254781_5268344:chr11_5254781_5268344,5
chr11_5269945_5301013:chr11_5269945_5301013,20
chr11_5301946_5323358:chr11_5301946_5323358,18
chr11_5324297_5340317:chr11_5324297_5340317,15
chr11_5505652_5507299:chr11_5505652_5507299,4
chr11_5509957_5514392:chr11_5509957_5514392,2
chr11_5516699_5544560:chr11_5516699_5544560,4
chr11_5548540_5580876:chr11_5548540_5580876,3
chr11_5581884_5596110:chr11_5581884_5596110,2
chr11_5644398_5663194:chr11_5644398_5663194,2
chr11_5685074_5689789:chr11_5685074_5689789,2
chr11_5710863_5726501:chr11_5710863_5726501,4
chr11_5727464_5736447:chr11_5727464_5736447,1
chr11_5738523_5754242:chr11_5738523_5754242,3
chr11_5755958_5761152:chr11_5755958_5761152,0
chr11_5769080_5776164:chr11_5769080_5776164,1
chr11_5783355_5786470:chr11_5783355_5786470,2
chr11_5791265_5808923:chr11_5791265_5808923,5
chr11_5821483_5840927:chr11_5821483_5840927,3
chr11_5841897_5856748:chr11_5841897_5856748,1
chr11_5857690_5880628:chr11_5857690_5880628,4
chr11_5887079_5893207:chr11_5887079_5893207,1
chr11_5902730_5942250:chr11_5902730_5942250,6
chr11_5951347_5967552:chr11_5951347_5967552,2
chr11_5968494_5985891:chr11_5968494_5985891,5
chr11_5986985_5999444:chr11_5986985_5999444,2
chr11_6006946_6019335:chr11_6006946_6019335,2
chr11_6034338_6107683:chr11_6034338_6107683,10
chr11_6108835_6169354:chr11_6108835_6169354,8
chr11_6170326_6199223:chr11_6170326_6199223,6
chr11_6200186_6205556:chr11_6200186_6205556,6
chr11_6234636_6239088:chr11_6234636_6239088,3
chr11_6244479_6259837:chr11_6244479_6259837,10
chr11_6272127_6318945:chr11_6272127_6318945,4
chr11_6320501_6390473:chr11_6320501_6390473,19
chr11_6419453_6431048:chr11_6419453_6431048,3
chr11_6440987_6448612:chr11_6440987_6448612,5
chr11_6474459_6476518:chr11_6474459_6476518,2
chr11_6484681_6497279:chr11_6484681_6497279,18
chr11_6572020_6595071:chr11_6572020_6595071,23
chr11_6619422_6621329:chr11_6619422_6621329,2
chr11_6655809_6680384:chr11_6655809_6680384,8
chr11_6683340_6765625:chr11_6683340_6765625,23
chr11_6771976_6783019:chr11_6771976_6783019,3
chr11_6799689_6845682:chr11_6799689_6845682,6
chr11_6846636_6863056:chr11_6846636_6863056,5
chr11_6874717_6876624:chr11_6874717_6876624,0
chr11_6877619_6891573:chr11_6877619_6891573,0
chr11_6892500_6921001:chr11_6892500_6921001,9
chr11_6921994_6926425:chr11_6921994_6926425,2
chr11_6988930_6997084:chr11_6988930_6997084,6
chr11_7071526_7088997:chr11_7071526_7088997,2
chr11_7091148_7251903:chr11_7091148_7251903,24
chr11_7469043_7485505:chr11_7469043_7485505,8
chr11_7511377_7513998:chr11_7511377_7513998,0
chr11_7658141_7665094:chr11_7658141_7665094,0
chr11_7674267_7689436:chr11_7674267_7689436,0
chr11_7706477_7795973:chr11_7706477_7795973,9
chr11_7796942_7824817:chr11_7796942_7824817,3
chr11_7830840_7924591:chr11_7830840_7924591,12
chr11_7931268_7937170:chr11_7931268_7937170,2
chr11_7941708_7957536:chr11_7941708_7957536,5
chr11_7965447_7987336:chr11_7965447_7987336,4
chr11_8001852_8038632:chr11_8001852_8038632,14
chr11_8169025_8224308:chr11_8169025_8224308,16
chr11_8268787_8391869:chr11_8268787_8391869,25
chr11_8594228_8612039:chr11_8594228_8612039,2
chr11_8689872_8693351:chr11_8689872_8693351,8
chr11_8932947_8937577:chr11_8932947_8937577,1
chr11_8943016_8947201:chr11_8943016_8947201,0
chr11_8964947_8980575:chr11_8964947_8980575,8
chr11_9004001_9019475:chr11_9004001_9019475,3
chr11_9091599_9138824:chr11_9091599_9138824,13
chr11_9265350_9280653:chr11_9265350_9280653,3
chr11_9314593_9384651:chr11_9314593_9384651,7
chr11_9448127_9461011:chr11_9448127_9461011,3
chr11_9528524_9573669:chr11_9528524_9573669,11
chr11_9589985_9664076:chr11_9589985_9664076,16
chr11_9752993_9778667:chr11_9752993_9778667,11
chr11_10294219_10305072:chr11_10294219_10305072,1
chr11_10307397_10450387:chr11_10307397_10450387,28
chr11_10507579_10511672:chr11_10507579_10511672,5
chr11_10541187_10556965:chr11_10541187_10556965,3
chr11_10568665_10573094:chr11_10568665_10573094,2
chr11_10693755_10751245:chr11_10693755_10751245,14
chr11_10779746_10797045:chr11_10779746_10797045,9
chr11_10808926_10852705:chr11_10808926_10852705,14
chr11_10858053_11270876:chr11_10858053_11270876,88
chr11_11622005_11841971:chr11_11622005_11841971,43
chr11_11961887_11963035:chr11_11961887_11963035,1
chr11_12009336_12110589:chr11_12009336_12110589,28
chr11_12362140_12377570:chr11_12362140_12377570,5
chr11_12535356_12674420:chr11_12535356_12674420,25
chr11_12944737_13009315:chr11_12944737_13009315,46
chr11_13012119_13276651:chr11_13012119_13276651,66
chr11_13463222_13492053:chr11_13463222_13492053,8
chr11_13496181_13668667:chr11_13496181_13668667,21
chr11_13732346_13962722:chr11_13732346_13962722,48
chr11_14268133_14277919:chr11_14268133_14277919,6
chr11_14364506_14457511:chr11_14364506_14457511,15
chr11_14499811_14504875:chr11_14499811_14504875,4
chr11_14872044_14877439:chr11_14872044_14877439,6
chr11_14892443_14966667:chr11_14892443_14966667,15
chr11_14972351_15073592:chr11_14972351_15073592,17
chr11_15078637_15112423:chr11_15078637_15112423,11
chr11_15247208_15966448:chr11_15247208_15966448,150
chr11_16758340_16777296:chr11_16758340_16777296,7
chr11_17014414_17074387:chr11_17014414_17074387,17
chr11_17077667_17086574:chr11_17077667_17086574,8
chr11_17207986_17276738:chr11_17207986_17276738,10
chr11_17332211_17351799:chr11_17332211_17351799,3
chr11_17377341_17385247:chr11_17377341_17385247,4
chr11_17389346_17392497:chr11_17389346_17392497,2
chr11_17476845_17493899:chr11_17476845_17493899,5
chr11_17544416_17547258:chr11_17544416_17547258,4
chr11_17646044_17719570:chr11_17646044_17719570,11
chr11_17722136_17734780:chr11_17722136_17734780,4
chr11_17783057_17788047:chr11_17783057_17788047,3
chr11_18013047_18017554:chr11_18013047_18017554,1
chr11_18046269_18080291:chr11_18046269_18080291,13
chr11_18106082_18120954:chr11_18106082_18120954,3
chr11_18138488_18172836:chr11_18138488_18172836,4
chr11_18174280_18231354:chr11_18174280_18231354,9
chr11_18248668_18266263:chr11_18248668_18266263,1
chr11_18269967_18278669:chr11_18269967_18278669,5
chr11_18367045_18394562:chr11_18367045_18394562,9
chr11_18408425_18412317:chr11_18408425_18412317,3
chr11_18452063_18455855:chr11_18452063_18455855,1
chr11_18526942_18529608:chr11_18526942_18529608,2
chr11_18588734_18599788:chr11_18588734_18599788,6
chr11_18634342_18698778:chr11_18634342_18698778,12
chr11_18726188_18727927:chr11_18726188_18727927,3
chr11_18792721_18933498:chr11_18792721_18933498,24
chr11_18939414_19054454:chr11_18939414_19054454,21
chr11_19060717_19117167:chr11_19060717_19117167,14
chr11_19176415_19182029:chr11_19176415_19182029,4
chr11_19201983_19224062:chr11_19201983_19224062,7
chr11_19241655_19345235:chr11_19241655_19345235,24
chr11_20121601_20156154:chr11_20121601_20156154,5
chr11_20160475_20363713:chr11_20160475_20363713,30
chr11_20383782_20387715:chr11_20383782_20387715,3
chr11_20509338_20599607:chr11_20509338_20599607,15
chr11_20659285_20669550:chr11_20659285_20669550,2
chr11_21575686_22193084:chr11_21575686_22193084,73
chr11_22283357_22338380:chr11_22283357_22338380,5
chr11_22379503_22622532:chr11_22379503_22622532,27
chr11_22625823_22666575:chr11_22625823_22666575,5
chr11_22813001_22818926:chr11_22813001_22818926,1
chr11_22829801_22846921:chr11_22829801_22846921,0
chr11_22860474_24497052:chr11_22860474_24497052,150
chr11_25082638_26188807:chr11_25082638_26188807,88
chr11_26663289_26667019:chr11_26663289_26667019,1
chr11_26722060_26994111:chr11_26722060_26994111,45
chr11_26997087_27040814:chr11_26997087_27040814,3
chr11_27127809_27338511:chr11_27127809_27338511,64
chr11_27363215_27365960:chr11_27363215_27365960,0
chr11_27472790_27494417:chr11_27472790_27494417,2
chr11_27506769_27654892:chr11_27506769_27654892,22
chr11_27722030_28020618:chr11_27722030_28020618,56
chr11_28333507_30009729:chr11_28333507_30009729,195
chr11_30017030_30231013:chr11_30017030_30231013,23
chr11_30235194_30323103:chr11_30235194_30323103,12
chr11_30338223_30384078:chr11_30338223_30384078,9
chr11_30586353_30863602:chr11_30586353_30863602,31
chr11_31817961_32091073:chr11_31817961_32091073,49
chr11_32105722_32387774:chr11_32105722_32387774,68
chr11_32435539_32583830:chr11_32435539_32583830,27
chr11_32794662_32829926:chr11_32794662_32829926,4
chr11_32858120_32892810:chr11_32858120_32892810,10
chr11_32980270_33015877:chr11_32980270_33015877,9
chr11_33033582_33039571:chr11_33033582_33039571,2
chr11_33073563_33084583:chr11_33073563_33084583,12
chr11_33161480_33256671:chr11_33161480_33256671,9
chr11_33357023_33376107:chr11_33357023_33376107,2
chr11_33674102_33698260:chr11_33674102_33698260,7
chr11_33700826_33703009:chr11_33700826_33703009,4
chr11_33736479_33740943:chr11_33736479_33740943,5
chr11_33774520_33858575:chr11_33774520_33858575,31
chr11_33892076_34051730:chr11_33892076_34051730,31
chr11_34102610_34105628:chr11_34102610_34105628,0
chr11_34146908_34150986:chr11_34146908_34150986,15
chr11_34358010_34438933:chr11_34358010_34438933,23
chr11_34472060_34478790:chr11_34472060_34478790,0
chr11_34513794_34621092:chr11_34513794_34621092,33
chr11_34663288_34882294:chr11_34663288_34882294,56
chr11_34996128_35139170:chr11_34996128_35139170,36
chr11_35232402_35251204:chr11_35232402_35251204,4
chr11_35420058_35431826:chr11_35420058_35431826,5
chr11_35530300_35618459:chr11_35530300_35618459,14
chr11_35620865_35662774:chr11_35620865_35662774,10
chr11_35818007_35944061:chr11_35818007_35944061,30
chr11_36232136_36272291:chr11_36232136_36272291,11
chr11_36289424_36296287:chr11_36289424_36296287,2
chr11_36465204_36483768:chr11_36465204_36483768,3
chr11_36579762_36591942:chr11_36579762_36591942,1
chr11_36659272_40114198:chr11_36659272_40114198,373
chr11_41459652_43311995:chr11_41459652_43311995,247
chr11_43344529_43358919:chr11_43344529_43358919,5
chr11_43494931_43680737:chr11_43494931_43680737,40
chr11_43856615_43880830:chr11_43856615_43880830,7
chr11_43920274_43942636:chr11_43920274_43942636,9
chr11_43943878_44047980:chr11_43943878_44047980,26
chr11_44059977_44066269:chr11_44059977_44066269,4
chr11_44084237_44095677:chr11_44084237_44095677,4
chr11_44251962_44260439:chr11_44251962_44260439,3
chr11_44310139_44565662:chr11_44310139_44565662,70
chr11_44620358_44726961:chr11_44620358_44726961,18
chr11_44951306_45094158:chr11_44951306_45094158,35
chr11_45235109_45240301:chr11_45235109_45240301,2
chr11_45286341_45647688:chr11_45286341_45647688,89
chr11_45665622_45804071:chr11_45665622_45804071,42
chr11_45813016_45847117:chr11_45813016_45847117,8
chr11_45883244_45885650:chr11_45883244_45885650,11
chr11_45907271_45909662:chr11_45907271_45909662,0
chr11_45917877_45921620:chr11_45917877_45921620,3
chr11_46121454_46277661:chr11_46121454_46277661,30
chr11_46321409_46332925:chr11_46321409_46332925,10
chr11_46391776_46396411:chr11_46391776_46396411,5
chr11_46594023_46602860:chr11_46594023_46602860,3
chr11_46674518_46677079:chr11_46674518_46677079,5
chr11_46705912_46719212:chr11_46705912_46719212,10
chr11_46739506_46743047:chr11_46739506_46743047,9
chr11_46846280_46856716:chr11_46846280_46856716,4
chr11_46918550_46936688:chr11_46918550_46936688,4
chr11_47186434_47214453:chr11_47186434_47214453,13
chr11_47330031_47331405:chr11_47330031_47331405,10
chr11_47352702_47354859:chr11_47352702_47354859,4
chr11_47378547_47407275:chr11_47378547_47407275,9
chr11_47416500_47418774:chr11_47416500_47418774,7
chr11_47426439_47437763:chr11_47426439_47437763,10
chr11_47449136_47465936:chr11_47449136_47465936,8
chr11_47584562_47586650:chr11_47584562_47586650,9
chr11_47594411_47617316:chr11_47594411_47617316,12
chr11_47642559_47659590:chr11_47642559_47659590,5
chr11_47715369_47716493:chr11_47715369_47716493,1
chr11_47767341_47778117:chr11_47767341_47778117,5
chr11_47848544_47980558:chr11_47848544_47980558,16
chr11_48170839_48216809:chr11_48170839_48216809,4
chr11_48217739_48245103:chr11_48217739_48245103,2
chr11_48246015_48263860:chr11_48246015_48263860,5
chr11_48264778_48306222:chr11_48264778_48306222,6
chr11_48307152_48324919:chr11_48307152_48324919,8
chr11_48325955_48365484:chr11_48325955_48365484,2
chr11_48366465_48488792:chr11_48366465_48488792,2
chr11_48489722_48975497:chr11_48489722_48975497,17
chr11_48983885_49028822:chr11_48983885_49028822,2
chr11_49038155_49053713:chr11_49038155_49053713,0
chr11_49059112_49145091:chr11_49059112_49145091,4
chr11_49208602_49952390:chr11_49208602_49952390,21
chr11_49953419_49981472:chr11_49953419_49981472,1
chr11_49982535_50032873:chr11_49982535_50032873,2
chr11_50033794_54603068:chr11_50033794_54603068,74
chr11_54603998_54706831:chr11_54603998_54706831,10
chr11_54707902_55262154:chr11_54707902_55262154,43
chr11_55271114_55343200:chr11_55271114_55343200,7
chr11_55344187_55367973:chr11_55344187_55367973,7
chr11_55368918_55554468:chr11_55368918_55554468,15
chr11_55555419_55572127:chr11_55555419_55572127,3
chr11_55573060_55602359:chr11_55573060_55602359,6
chr11_55607645_55638357:chr11_55607645_55638357,1
chr11_55639296_55648326:chr11_55639296_55648326,0
chr11_55652854_55662200:chr11_55652854_55662200,0
chr11_55666096_55723775:chr11_55666096_55723775,3
chr11_55729621_55773437:chr11_55729621_55773437,4
chr11_55774382_55795555:chr11_55774382_55795555,3
chr11_55796500_55811366:chr11_55796500_55811366,1
chr11_55812476_55819629:chr11_55812476_55819629,2
chr11_55820571_55827218:chr11_55820571_55827218,2
chr11_55828154_55838751:chr11_55828154_55838751,2
chr11_55839738_55883296:chr11_55839738_55883296,3
chr11_55891810_55913649:chr11_55891810_55913649,2
chr11_55914582_55935455:chr11_55914582_55935455,2
chr11_55936400_55965754:chr11_55936400_55965754,5
chr11_55969945_55993680:chr11_55969945_55993680,1
chr11_55994625_56027653:chr11_55994625_56027653,3
chr11_56038191_56093307:chr11_56038191_56093307,3
chr11_56094240_56103686:chr11_56094240_56103686,0
chr11_56107658_56122372:chr11_56107658_56122372,2
chr11_56123311_56134720:chr11_56123311_56134720,3
chr11_56140201_56159393:chr11_56140201_56159393,3
chr11_56160317_56176617:chr11_56160317_56176617,0
chr11_56177556_56231281:chr11_56177556_56231281,4
chr11_56234255_56252253:chr11_56234255_56252253,5
chr11_56253222_56274153:chr11_56253222_56274153,2
chr11_56276819_56288461:chr11_56276819_56288461,3
chr11_56292254_56315143:chr11_56292254_56315143,1
chr11_56320639_56346038:chr11_56320639_56346038,3
chr11_56346998_56354290:chr11_56346998_56354290,0
chr11_56361511_56375623:chr11_56361511_56375623,4
chr11_56376553_56412596:chr11_56376553_56412596,9
chr11_56413781_56417257:chr11_56413781_56417257,0
chr11_56418232_56462468:chr11_56418232_56462468,3
chr11_56463401_56469273:chr11_56463401_56469273,1
chr11_56473352_56490434:chr11_56473352_56490434,0
chr11_56491370_56542339:chr11_56491370_56542339,2
chr11_56543257_56576773:chr11_56543257_56576773,5
chr11_56577721_56609235:chr11_56577721_56609235,5
chr11_56614874_56641488:chr11_56614874_56641488,6
chr11_56642439_56663685:chr11_56642439_56663685,5
chr11_56664618_56699094:chr11_56664618_56699094,3
chr11_56703884_56741222:chr11_56703884_56741222,6
chr11_56748697_56988913:chr11_56748697_56988913,36
chr11_56989843_57181952:chr11_56989843_57181952,34
chr11_57191717_57233590:chr11_57191717_57233590,7
chr11_57237250_57299641:chr11_57237250_57299641,28
chr11_57324952_57325987:chr11_57324952_57325987,5
chr11_57335892_57338351:chr11_57335892_57338351,4
chr11_57372396_57376768:chr11_57372396_57376768,3
chr11_57381150_57386779:chr11_57381150_57386779,2
chr11_57390650_57406953:chr11_57390650_57406953,12
chr11_57427580_57460527:chr11_57427580_57460527,15
chr11_57477534_57484533:chr11_57477534_57484533,7
chr11_57515702_57528463:chr11_57515702_57528463,9
chr11_57530754_57537594:chr11_57530754_57537594,7
chr11_57550272_57551661:chr11_57550272_57551661,0
chr11_57567935_57597684:chr11_57567935_57597684,6
chr11_57614848_57645086:chr11_57614848_57645086,6
chr11_57649912_57657761:chr11_57649912_57657761,5
chr11_57661865_57668113:chr11_57661865_57668113,9
chr11_57701182_57703708:chr11_57701182_57703708,9
chr11_57819540_58023880:chr11_57819540_58023880,27
chr11_58181616_58189069:chr11_58181616_58189069,2
chr11_58194053_58203203:chr11_58194053_58203203,2
chr11_58204142_58212719:chr11_58204142_58212719,3
chr11_58216084_58227881:chr11_58216084_58227881,2
chr11_58228918_58266791:chr11_58228918_58266791,6
chr11_58268260_58358123:chr11_58268260_58358123,11
chr11_58359069_58402463:chr11_58359069_58402463,2
chr11_58406874_58421237:chr11_58406874_58421237,1
chr11_58428121_58438993:chr11_58428121_58438993,2
chr11_58442236_58506806:chr11_58442236_58506806,9
chr11_58508105_58526870:chr11_58508105_58526870,5
chr11_58625733_58708756:chr11_58625733_58708756,15
chr11_58731943_58834064:chr11_58731943_58834064,16
chr11_58844704_58905480:chr11_58844704_58905480,5
chr11_58956406_59086306:chr11_58956406_59086306,16
chr11_59094786_59107236:chr11_59094786_59107236,0
chr11_59127412_59142855:chr11_59127412_59142855,5
chr11_59155039_59171429:chr11_59155039_59171429,4
chr11_59212927_59358894:chr11_59212927_59358894,27
chr11_59371714_59416968:chr11_59371714_59416968,5
chr11_59426413_59436468:chr11_59426413_59436468,1
chr11_59451380_59456960:chr11_59451380_59456960,1
chr11_59457905_59473314:chr11_59457905_59473314,4
chr11_59479361_59503575:chr11_59479361_59503575,6
chr11_59504511_59511538:chr11_59504511_59511538,1
chr11_59520703_59574397:chr11_59520703_59574397,13
chr11_59615774_59636715:chr11_59615774_59636715,8
chr11_59669037_59712915:chr11_59669037_59712915,10
chr11_59713845_59755375:chr11_59713845_59755375,12
chr11_59810778_59829272:chr11_59810778_59829272,7
chr11_59845499_59852807:chr11_59845499_59852807,3
chr11_59866487_59878781:chr11_59866487_59878781,1
chr11_59896483_59938431:chr11_59896483_59938431,8
chr11_59957480_59964032:chr11_59957480_59964032,4
chr11_59970343_60017180:chr11_59970343_60017180,11
chr11_60031095_60040408:chr11_60031095_60040408,1
chr11_60048044_60056664:chr11_60048044_60056664,1
chr11_60071115_60088663:chr11_60071115_60088663,8
chr11_60098467_60171606:chr11_60098467_60171606,9
chr11_60184666_60200269:chr11_60184666_60200269,8
chr11_60243137_60280665:chr11_60243137_60280665,11
chr11_60308970_60327254:chr11_60308970_60327254,4
chr11_60349072_60378531:chr11_60349072_60378531,3
chr11_60417756_60429571:chr11_60417756_60429571,7
chr11_60447792_60455846:chr11_60447792_60455846,2
chr11_60470752_60492777:chr11_60470752_60492777,1
chr11_60507430_60515391:chr11_60507430_60515391,1
chr11_60542721_60699611:chr11_60542721_60699611,25
chr11_60715807_60724719:chr11_60715807_60724719,4
chr11_60745028_60756866:chr11_60745028_60756866,5
chr11_60776733_60785332:chr11_60776733_60785332,2
chr11_60801305_60842112:chr11_60801305_60842112,7
chr11_60855950_60867541:chr11_60855950_60867541,7
chr11_60875687_60890546:chr11_60875687_60890546,12
chr11_60906585_60914157:chr11_60906585_60914157,7
chr11_60923443_60924459:chr11_60923443_60924459,3
chr11_60952176_60971679:chr11_60952176_60971679,4
chr11_61020377_61093962:chr11_61020377_61093962,18
chr11_61127852_61130256:chr11_61127852_61130256,4
chr11_61161426_61203514:chr11_61161426_61203514,13
chr11_61213098_61222346:chr11_61213098_61222346,0
chr11_61231694_61241174:chr11_61231694_61241174,0
chr11_61251444_61258285:chr11_61251444_61258285,0
chr11_61295316_61299450:chr11_61295316_61299450,9
chr11_61369509_61392586:chr11_61369509_61392586,15
chr11_61398846_61402728:chr11_61398846_61402728,4
chr11_61446733_61481119:chr11_61446733_61481119,19
chr11_61490928_61508748:chr11_61490928_61508748,4
chr11_61511018_61513713:chr11_61511018_61513713,1
chr11_61581076_61680390:chr11_61581076_61680390,28
chr11_61747001_61752635:chr11_61747001_61752635,4
chr11_61797238_61799626:chr11_61797238_61799626,8
chr11_61867354_61873525:chr11_61867354_61873525,4
chr11_61891545_61897300:chr11_61891545_61897300,8
chr11_61920284_61949820:chr11_61920284_61949820,8
chr11_61967634_62124010:chr11_61967634_62124010,45
chr11_62153169_62190215:chr11_62153169_62190215,7
chr11_62193539_62208672:chr11_62193539_62208672,3
chr11_62213943_62242238:chr11_62213943_62242238,7
chr11_62244812_62270157:chr11_62244812_62270157,3
chr11_62273160_62296280:chr11_62273160_62296280,4
chr11_62299075_62337447:chr11_62299075_62337447,7
chr11_62393412_62419032:chr11_62393412_62419032,7
chr11_62423195_62433543:chr11_62423195_62433543,5
chr11_62546806_62559595:chr11_62546806_62559595,15
chr11_62573891_62575051:chr11_62573891_62575051,6
chr11_62591523_62593213:chr11_62591523_62593213,4
chr11_62621986_62624828:chr11_62621986_62624828,4
chr11_62653302_62662816:chr11_62653302_62662816,7
chr11_62673686_62676499:chr11_62673686_62676499,8
chr11_62679073_62686405:chr11_62679073_62686405,4
chr11_62738636_62750962:chr11_62738636_62750962,5
chr11_62754160_62761579:chr11_62754160_62761579,2
chr11_62766710_62771395:chr11_62766710_62771395,6
chr11_62805440_62806859:chr11_62805440_62806859,6
chr11_62841809_62856108:chr11_62841809_62856108,13
chr11_62888860_62908678:chr11_62888860_62908678,13
chr11_62921363_62976596:chr11_62921363_62976596,12
chr11_62984967_62992823:chr11_62984967_62992823,2
chr11_63015841_63079939:chr11_63015841_63079939,7
chr11_63144221_63158436:chr11_63144221_63158436,2
chr11_63243599_63289902:chr11_63243599_63289902,5
chr11_63311783_63369784:chr11_63311783_63369784,7
chr11_63410294_63461403:chr11_63410294_63461403,7
chr11_63491167_63506083:chr11_63491167_63506083,5
chr11_63516772_63536807:chr11_63516772_63536807,7
chr11_63546458_63552769:chr11_63546458_63552769,4
chr11_63563379_63574461:chr11_63563379_63574461,2
chr11_63614437_63624086:chr11_63614437_63624086,0
chr11_63671974_63681449:chr11_63671974_63681449,2
chr11_63768775_63813455:chr11_63768775_63813455,12
chr11_63827716_63839109:chr11_63827716_63839109,5
chr11_63917164_63939001:chr11_63917164_63939001,11
chr11_63957319_63974619:chr11_63957319_63974619,11
chr11_63976543_63986437:chr11_63976543_63986437,8
chr11_64166113_64185271:chr11_64166113_64185271,15
chr11_64204543_64205919:chr11_64204543_64205919,6
chr11_64239264_64241094:chr11_64239264_64241094,9
chr11_64246943_64251529:chr11_64246943_64251529,4
chr11_64289500_64291301:chr11_64289500_64291301,2
chr11_64321811_64340203:chr11_64321811_64340203,8
chr11_64357534_64359161:chr11_64357534_64359161,2
chr11_64372215_64555940:chr11_64372215_64555940,47
chr11_64572875_64591219:chr11_64572875_64591219,4
chr11_64602344_64606173:chr11_64602344_64606173,0
chr11_64723197_64726910:chr11_64723197_64726910,1
chr11_64760715_64764605:chr11_64760715_64764605,12
chr11_64778542_64784917:chr11_64778542_64784917,5
chr11_64811294_64823051:chr11_64811294_64823051,6
chr11_64844653_64851641:chr11_64844653_64851641,6
chr11_64879693_64894545:chr11_64879693_64894545,9
chr11_64917209_64924688:chr11_64917209_64924688,4
chr11_64935893_64938229:chr11_64935893_64938229,2
chr11_64972108_64987944:chr11_64972108_64987944,2
chr11_64996971_65014159:chr11_64996971_65014159,6
chr11_65058553_65077452:chr11_65058553_65077452,7
chr11_65089110_65096213:chr11_65089110_65096213,11
chr11_65117701_65120629:chr11_65117701_65120629,14
chr11_65134519_65170232:chr11_65134519_65170232,4
chr11_65173374_65181372:chr11_65173374_65181372,4
chr11_65212006_65261961:chr11_65212006_65261961,19
chr11_65298685_65314865:chr11_65298685_65314865,9
chr11_65322417_65333851:chr11_65322417_65333851,6
chr11_65357613_65375191:chr11_65357613_65375191,7
chr11_65383701_65386636:chr11_65383701_65386636,2
chr11_65413525_65525082:chr11_65413525_65525082,69
chr11_65558359_65570476:chr11_65558359_65570476,9
chr11_65574190_65576052:chr11_65574190_65576052,1
chr11_65595800_65597756:chr11_65595800_65597756,3
chr11_65614221_65615775:chr11_65614221_65615775,10
chr11_65650912_65653600:chr11_65650912_65653600,13
chr11_65662916_65712251:chr11_65662916_65712251,6
chr11_65720798_65773897:chr11_65720798_65773897,21
chr11_65780976_65787062:chr11_65780976_65787062,1
chr11_65797214_65833962:chr11_65797214_65833962,14
chr11_65858180_65860432:chr11_65858180_65860432,6
chr11_65872800_65879836:chr11_65872800_65879836,2
chr11_65888471_65890672:chr11_65888471_65890672,6
chr11_65900545_65916809:chr11_65900545_65916809,6
chr11_65921563_65945479:chr11_65921563_65945479,10
chr11_65959966_65961733:chr11_65959966_65961733,1
chr11_65980137_65996544:chr11_65980137_65996544,21
chr11_66004149_66012007:chr11_66004149_66012007,10
chr11_66013505_66016751:chr11_66013505_66016751,1
chr11_66026479_66040764:chr11_66026479_66040764,2
chr11_66049161_66052363:chr11_66049161_66052363,4
chr11_66244744_66257287:chr11_66244744_66257287,7
chr11_66289143_66291893:chr11_66289143_66291893,1
chr11_66296664_66314493:chr11_66296664_66314493,3
chr11_66317044_66330240:chr11_66317044_66330240,8
chr11_66347629_66362520:chr11_66347629_66362520,4
chr11_66372446_66421003:chr11_66372446_66421003,14
chr11_66426707_66435074:chr11_66426707_66435074,7
chr11_66438848_66466326:chr11_66438848_66466326,6
chr11_66477337_66480433:chr11_66477337_66480433,3
chr11_66568606_66590175:chr11_66568606_66590175,9
chr11_66606019_66616629:chr11_66606019_66616629,10
chr11_66677887_66682496:chr11_66677887_66682496,2
chr11_66729216_66744735:chr11_66729216_66744735,5
chr11_66846552_66848419:chr11_66846552_66848419,3
chr11_66958383_66975303:chr11_66958383_66975303,9
chr11_66977009_67022792:chr11_66977009_67022792,12
chr11_67050863_67056846:chr11_67050863_67056846,2
chr11_67072017_67119262:chr11_67072017_67119262,9
chr11_67258082_67266472:chr11_67258082_67266472,9
chr11_67286556_67289302:chr11_67286556_67289302,11
chr11_67302484_67303529:chr11_67302484_67303529,3
chr11_67312592_67350764:chr11_67312592_67350764,13
chr11_67353596_67364167:chr11_67353596_67364167,9
chr11_67374177_67391985:chr11_67374177_67391985,6
chr11_67401858_67403912:chr11_67401858_67403912,4
chr11_67410090_67415677:chr11_67410090_67415677,3
chr11_67425604_67428493:chr11_67425604_67428493,3
chr11_67443809_67451300:chr11_67443809_67451300,6
chr11_67469251_67483025:chr11_67469251_67483025,3
chr11_67505363_67506496:chr11_67505363_67506496,3
chr11_67508162_67518911:chr11_67508162_67518911,6
chr11_67523446_67583811:chr11_67523446_67583811,10
chr11_67586653_67606935:chr11_67586653_67606935,16
chr11_67612554_67627937:chr11_67612554_67627937,14
chr11_67629937_67631302:chr11_67629937_67631302,1
chr11_67639763_67642554:chr11_67639763_67642554,3
chr11_67650730_67662154:chr11_67650730_67662154,2
chr11_67681252_67991099:chr11_67681252_67991099,12
chr11_68004097_68008546:chr11_68004097_68008546,1
chr11_68029276_68030680:chr11_68029276_68030680,1
chr11_68036644_68039024:chr11_68036644_68039024,6
chr11_68050895_68052858:chr11_68050895_68052858,11
chr11_68121388_68154862:chr11_68121388_68154862,12
chr11_68213648_68261337:chr11_68213648_68261337,14
chr11_68271973_68312590:chr11_68271973_68312590,11
chr11_68449275_68460751:chr11_68449275_68460751,2
chr11_68615334_68684543:chr11_68615334_68684543,12
chr11_68691175_68707439:chr11_68691175_68707439,6
chr11_68751520_68754619:chr11_68751520_68754619,2
chr11_68841916_68891277:chr11_68841916_68891277,18
chr11_68940601_68980020:chr11_68940601_68980020,13
chr11_68980986_69004397:chr11_68980986_69004397,4
chr11_69013246_69048931:chr11_69013246_69048931,8
chr11_69090597_69155572:chr11_69090597_69155572,24
chr11_69162440_69294154:chr11_69162440_69294154,30
chr11_69297287_69641155:chr11_69297287_69641155,116
chr11_69654474_69665562:chr11_69654474_69665562,10
chr11_69675353_69698237:chr11_69675353_69698237,8
chr11_69704022_69771021:chr11_69704022_69771021,8
chr11_69775341_69809967:chr11_69775341_69809967,8
chr11_69819416_69985906:chr11_69819416_69985906,47
chr11_70189530_70203295:chr11_70189530_70203295,1
chr11_70207390_70270689:chr11_70207390_70270689,15
chr11_70384396_70398528:chr11_70384396_70398528,14
chr11_70436575_70467853:chr11_70436575_70467853,9
chr11_71252577_71434410:chr11_71252577_71434410,39
chr11_71448393_71453202:chr11_71448393_71453202,7
chr11_71501816_71527266:chr11_71501816_71527266,5
chr11_71528669_71538024:chr11_71528669_71538024,2
chr11_71539209_71548419:chr11_71539209_71548419,4
chr11_71549608_71565562:chr11_71549608_71565562,7
chr11_71566735_71581854:chr11_71566735_71581854,2
chr11_71582875_71804980:chr11_71582875_71804980,8
chr11_71997597_71998908:chr11_71997597_71998908,3
chr11_72112780_72135724:chr11_72112780_72135724,6
chr11_72139892_72189708:chr11_72139892_72189708,12
chr11_72196323_72216793:chr11_72196323_72216793,3
chr11_72221950_72224766:chr11_72221950_72224766,2
chr11_72244176_72285494:chr11_72244176_72285494,7
chr11_72434531_72576140:chr11_72434531_72576140,28
chr11_72674422_72685068:chr11_72674422_72685068,8
chr11_72752408_72754728:chr11_72752408_72754728,3
chr11_72794047_72814410:chr11_72794047_72814410,4
chr11_72829635_72836744:chr11_72829635_72836744,8
chr11_73142318_73218280:chr11_73142318_73218280,33
chr11_73242427_73264505:chr11_73242427_73264505,7
chr11_73298625_73308275:chr11_73298625_73308275,2
chr11_73369388_73376398:chr11_73369388_73376398,1
chr11_73397474_73400486:chr11_73397474_73400486,5
chr11_73598112_73646580:chr11_73598112_73646580,5
chr11_73662819_73675637:chr11_73662819_73675637,4
chr11_73761074_73787873:chr11_73761074_73787873,6
chr11_73865133_73872666:chr11_73865133_73872666,6
chr11_73931114_73951025:chr11_73931114_73951025,8
chr11_73970281_73974671:chr11_73970281_73974671,9
chr11_73983202_74000276:chr11_73983202_74000276,5
chr11_74009085_74012717:chr11_74009085_74012717,6
chr11_74254703_74266656:chr11_74254703_74266656,5
chr11_74311640_74330315:chr11_74311640_74330315,4
chr11_74398433_74454840:chr11_74398433_74454840,8
chr11_74467549_74490518:chr11_74467549_74490518,7
chr11_74493724_74592581:chr11_74493724_74592581,20
chr11_74643076_74696428:chr11_74643076_74696428,20
chr11_74731426_74748848:chr11_74731426_74748848,6
chr11_74979033_74988643:chr11_74979033_74988643,10
chr11_75010907_75088691:chr11_75010907_75088691,28
chr11_75096890_75151106:chr11_75096890_75151106,24
chr11_75206549_75240773:chr11_75206549_75240773,14
chr11_75243704_75260121:chr11_75243704_75260121,6
chr11_75351661_75399517:chr11_75351661_75399517,14
chr11_75433203_75434639:chr11_75433203_75434639,3
chr11_75525941_75562252:chr11_75525941_75562252,10
chr11_75572783_75586917:chr11_75572783_75586917,13
chr11_75669038_75717837:chr11_75669038_75717837,8
chr11_75732953_75768777:chr11_75732953_75768777,9
chr11_75801534_75815209:chr11_75801534_75815209,9
chr11_76144232_76186324:chr11_76144232_76186324,12
chr11_76206502_76349955:chr11_76206502_76349955,38
chr11_76414634_76445017:chr11_76414634_76445017,6
chr11_76553031_76657523:chr11_76553031_76657523,27
chr11_76670747_76782279:chr11_76670747_76782279,28
chr11_76798144_76860917:chr11_76798144_76860917,9
chr11_77026797_77034397:chr11_77026797_77034397,3
chr11_77041973_77066970:chr11_77041973_77066970,4
chr11_77126155_77128245:chr11_77126155_77128245,1
chr11_77215241_77216557:chr11_77215241_77216557,0
chr11_77301686_77322016:chr11_77301686_77322016,6
chr11_77474094_77589952:chr11_77474094_77589952,23
chr11_77610356_77614529:chr11_77610356_77614529,8
chr11_77637794_77660008:chr11_77637794_77660008,7
chr11_77994668_78015714:chr11_77994668_78015714,5
chr11_78079862_78100945:chr11_78079862_78100945,10
chr11_78139626_78171248:chr11_78139626_78171248,11
chr11_78417820_78435967:chr11_78417820_78435967,3
chr11_78574864_78652828:chr11_78574864_78652828,14
chr11_79441030_82729939:chr11_79441030_82729939,386
chr11_82733864_82822935:chr11_82733864_82822935,23
chr11_82934659_82973132:chr11_82934659_82973132,15
chr11_83071897_83157130:chr11_83071897_83157130,19
chr11_83187451_83193711:chr11_83187451_83193711,5
chr11_83256099_83259080:chr11_83256099_83259080,3
chr11_83286367_83455011:chr11_83286367_83455011,14
chr11_85636540_85647966:chr11_85636540_85647966,4
chr11_85656542_85657989:chr11_85656542_85657989,1
chr11_85686195_85694228:chr11_85686195_85694228,0
chr11_85920013_85957174:chr11_85920013_85957174,16
chr11_86069860_86244752:chr11_86069860_86244752,64
chr11_86278810_86302239:chr11_86278810_86302239,4
chr11_86345943_86374886:chr11_86345943_86374886,6
chr11_86423106_86434929:chr11_86423106_86434929,5
chr11_86672616_86791070:chr11_86672616_86791070,22
chr11_86955395_87037933:chr11_86955395_87037933,26
chr11_87328824_88113250:chr11_87328824_88113250,114
chr11_88175443_88293591:chr11_88175443_88293591,28
chr11_88337736_88504641:chr11_88337736_88504641,38
chr11_89065982_89177874:chr11_89065982_89177874,10
chr11_89295759_89324352:chr11_89295759_89324352,1
chr11_89589557_89637468:chr11_89589557_89637468,1
chr11_89698718_89710298:chr11_89698718_89710298,0
chr11_89717872_89797654:chr11_89717872_89797654,1
chr11_89808575_89870437:chr11_89808575_89870437,0
chr11_89878487_89911408:chr11_89878487_89911408,0
chr11_89922245_89924063:chr11_89922245_89924063,0
chr11_89933063_89966036:chr11_89933063_89966036,0
chr11_89974072_90031105:chr11_89974072_90031105,0
chr11_90042025_90085949:chr11_90042025_90085949,0
chr11_90087131_90134662:chr11_90087131_90134662,2
chr11_90192894_90200428:chr11_90192894_90200428,3
chr11_90223049_92224817:chr11_90223049_92224817,239
chr11_92896473_92969650:chr11_92896473_92969650,6
chr11_92982782_93144173:chr11_92982782_93144173,19
chr11_93197991_93330741:chr11_93197991_93330741,26
chr11_93438470_93478471:chr11_93438470_93478471,12
chr11_93543391_93661681:chr11_93543391_93661681,22
chr11_93764749_93784281:chr11_93764749_93784281,6
chr11_93814963_93818231:chr11_93814963_93818231,0
chr11_93850618_94021353:chr11_93850618_94021353,29
chr11_94114208_94128840:chr11_94114208_94128840,5
chr11_94181968_94304579:chr11_94181968_94304579,22
chr11_94308146_94377315:chr11_94308146_94377315,3
chr11_94401419_94415569:chr11_94401419_94415569,2
chr11_94499578_94512460:chr11_94499578_94512460,4
chr11_94532123_94543920:chr11_94532123_94543920,6
chr11_94549895_94567367:chr11_94549895_94567367,4
chr11_94621421_94768355:chr11_94621421_94768355,54
chr11_94876748_94962619:chr11_94876748_94962619,29
chr11_94999519_95025257:chr11_94999519_95025257,6
chr11_95027596_95066876:chr11_95027596_95066876,8
chr11_95071225_95089845:chr11_95071225_95089845,4
chr11_95132645_95165512:chr11_95132645_95165512,13
chr11_95232475_95768952:chr11_95232475_95768952,101
chr11_95924107_95976597:chr11_95924107_95976597,6
chr11_96343195_96352772:chr11_96343195_96352772,5
chr11_96393561_99020948:chr11_96393561_99020948,308
chr11_100358885_100687287:chr11_100358885_100687287,39
chr11_100993941_101029623:chr11_100993941_101029623,7
chr11_101129813_101451563:chr11_101129813_101451563,49
chr11_101584007_101890673:chr11_101584007_101890673,40
chr11_102001062_102047436:chr11_102001062_102047436,5
chr11_102084554_102110446:chr11_102084554_102110446,8
chr11_102233424_102317483:chr11_102233424_102317483,17
chr11_102339403_102347213:chr11_102339403_102347213,2
chr11_102378670_102396331:chr11_102378670_102396331,11
chr11_102452765_102520507:chr11_102452765_102520507,15
chr11_102530747_102576831:chr11_102530747_102576831,4
chr11_102625332_102691486:chr11_102625332_102691486,8
chr11_102705769_102711795:chr11_102705769_102711795,2
chr11_102724954_102770501:chr11_102724954_102770501,10
chr11_102780628_102789918:chr11_102780628_102789918,2
chr11_102798160_102835800:chr11_102798160_102835800,3
chr11_102843609_102862735:chr11_102843609_102862735,5
chr11_102874982_102942994:chr11_102874982_102942994,7
chr11_102955732_103050685:chr11_102955732_103050685,7
chr11_103092160_103109425:chr11_103092160_103109425,3
chr11_103479863_103907188:chr11_103479863_103907188,67
chr11_104164147_104885717:chr11_104164147_104885717,88
chr11_104898460_104942865:chr11_104898460_104942865,5
chr11_104968574_104994242:chr11_104968574_104994242,1
chr11_105023168_105025442:chr11_105023168_105025442,0
chr11_105035144_105041562:chr11_105035144_105041562,0
chr11_105045335_105137713:chr11_105045335_105137713,8
chr11_105139769_105610072:chr11_105139769_105610072,55
chr11_105982090_106007898:chr11_105982090_106007898,13
chr11_106022287_106051097:chr11_106022287_106051097,6
chr11_106098695_106674018:chr11_106098695_106674018,68
chr11_107018476_107326359:chr11_107018476_107326359,58
chr11_107457825_107502726:chr11_107457825_107502726,8
chr11_107565735_107591146:chr11_107565735_107591146,5
chr11_107666779_107707377:chr11_107666779_107707377,8
chr11_107712056_107790990:chr11_107712056_107790990,18
chr11_107858787_107928447:chr11_107858787_107928447,18
chr11_107963482_108008897:chr11_107963482_108008897,12
chr11_108107761_108116704:chr11_108107761_108116704,6
chr11_108147603_108157214:chr11_108147603_108157214,6
chr11_108467529_108472115:chr11_108467529_108472115,2
chr11_108498384_108505434:chr11_108498384_108505434,7
chr11_108593768_108665068:chr11_108593768_108665068,21
chr11_108940927_109422189:chr11_108940927_109422189,96
chr11_109429167_110093391:chr11_109429167_110093391,133
chr11_110171841_110174921:chr11_110171841_110174921,2
chr11_110296614_110429947:chr11_110296614_110429947,17
chr11_110464884_110577042:chr11_110464884_110577042,21
chr11_110713189_111245724:chr11_110713189_111245724,121
chr11_111286401_111298545:chr11_111286401_111298545,3
chr11_111308735_111352254:chr11_111308735_111352254,15
chr11_111379275_111467525:chr11_111379275_111467525,33
chr11_111537043_111540279:chr11_111537043_111540279,2
chr11_111561745_111602448:chr11_111561745_111602448,13
chr11_111766389_111782194:chr11_111766389_111782194,12
chr11_111871581_111874055:chr11_111871581_111874055,4
chr11_111885975_111908563:chr11_111885975_111908563,12
chr11_112022653_112025407:chr11_112022653_112025407,4
chr11_112095794_112143259:chr11_112095794_112143259,27
chr11_112164094_112167371:chr11_112164094_112167371,3
chr11_112172556_112175511:chr11_112172556_112175511,1
chr11_112218946_112226427:chr11_112218946_112226427,4
chr11_112233973_112248152:chr11_112233973_112248152,4
chr11_112260860_112961419:chr11_112260860_112961419,201
chr11_113278436_113314582:chr11_113278436_113314582,11
chr11_113373297_113387778:chr11_113373297_113387778,4
chr11_113400416_113409604:chr11_113400416_113409604,6
chr11_113475398_113687549:chr11_113475398_113687549,50
chr11_113706308_113733186:chr11_113706308_113733186,14
chr11_113773692_113779795:chr11_113773692_113779795,3
chr11_113780485_113797874:chr11_113780485_113797874,4
chr11_113875572_113904795:chr11_113875572_113904795,4
chr11_113949079_113975107:chr11_113949079_113975107,11
chr11_113990313_114059710:chr11_113990313_114059710,18
chr11_114256770_114257805:chr11_114256770_114257805,1
chr11_114313536_114391442:chr11_114313536_114391442,15
chr11_114410607_114439466:chr11_114410607_114439466,11
chr11_114450279_114518933:chr11_114450279_114518933,23
chr11_114559881_114570590:chr11_114559881_114570590,2
chr11_114595786_114678526:chr11_114595786_114678526,15
chr11_114707069_115169235:chr11_114707069_115169235,115
chr11_115504415_116748172:chr11_115504415_116748172,328
chr11_116788023_116789366:chr11_116788023_116789366,5
chr11_116792420_116820699:chr11_116792420_116820699,8
chr11_116823304_116829906:chr11_116823304_116829906,3
chr11_116833072_116835750:chr11_116833072_116835750,0
chr11_116837950_116843401:chr11_116837950_116843401,5
chr11_117098428_117144286:chr11_117098428_117144286,12
chr11_117197442_117199293:chr11_117197442_117199293,6
chr11_117316256_117321777:chr11_117316256_117321777,0
chr11_117413266_117427771:chr11_117413266_117427771,2
chr11_117817514_117820056:chr11_117817514_117820056,3
chr11_117877430_117900640:chr11_117877430_117900640,15
chr11_117929402_117986393:chr11_117929402_117986393,21
chr11_118121890_118133376:chr11_118121890_118133376,8
chr11_118152823_118162805:chr11_118152823_118162805,2
chr11_118176639_118193724:chr11_118176639_118193724,5
chr11_118225011_118226689:chr11_118225011_118226689,2
chr11_118252365_118253415:chr11_118252365_118253415,1
chr11_118264297_118304729:chr11_118264297_118304729,14
chr11_118316173_118338953:chr11_118316173_118338953,13
chr11_118342705_118344343:chr11_118342705_118344343,4
chr11_118355161_118359599:chr11_118355161_118359599,3
chr11_118399211_118401605:chr11_118399211_118401605,4
chr11_118409847_118436491:chr11_118409847_118436491,9
chr11_118565931_118572408:chr11_118565931_118572408,5
chr11_118603033_118606435:chr11_118603033_118606435,2
chr11_118679650_118747762:chr11_118679650_118747762,12
chr11_118791164_118883891:chr11_118791164_118883891,13
chr11_118925926_118956297:chr11_118925926_118956297,14
chr11_118958559_118971760:chr11_118958559_118971760,5
chr11_118981287_118998137:chr11_118981287_118998137,7
chr11_119030877_119044187:chr11_119030877_119044187,11
chr11_119057205_119067817:chr11_119057205_119067817,15
chr11_119081972_119084880:chr11_119081972_119084880,4
chr11_119095465_119096509:chr11_119095465_119096509,9
chr11_119101853_119106749:chr11_119101853_119106749,3
chr11_119118544_119121579:chr11_119118544_119121579,7
chr11_119136059_119149051:chr11_119136059_119149051,11
chr11_119162666_119168333:chr11_119162666_119168333,1
chr11_119184016_119185474:chr11_119184016_119185474,4
chr11_119195841_119206338:chr11_119195841_119206338,2
chr11_119317130_119334526:chr11_119317130_119334526,13
chr11_119337309_119338941:chr11_119337309_119338941,8
chr11_119346705_119355214:chr11_119346705_119355214,3
chr11_119381690_119415475:chr11_119381690_119415475,9
chr11_119424985_119638097:chr11_119424985_119638097,63
chr11_119729200_120111285:chr11_119729200_120111285,118
chr11_120138113_120211031:chr11_120138113_120211031,21
chr11_120230334_120236637:chr11_120230334_120236637,7
chr11_120319945_120325298:chr11_120319945_120325298,2
chr11_120333686_120336412:chr11_120333686_120336412,3
chr11_120489937_120511747:chr11_120489937_120511747,7
chr11_120988906_121024101:chr11_120988906_121024101,9
chr11_121191490_121292770:chr11_121191490_121292770,16
chr11_121313410_121452313:chr11_121313410_121452313,27
chr11_121633763_122115339:chr11_121633763_122115339,100
chr11_122116215_122655721:chr11_122116215_122655721,104
chr11_122814473_122838499:chr11_122814473_122838499,6
chr11_122872643_122882758:chr11_122872643_122882758,5
chr11_122963862_122977569:chr11_122963862_122977569,6
chr11_122981834_123057488:chr11_122981834_123057488,30
chr11_123062136_123069871:chr11_123062136_123069871,7
chr11_123195248_123358421:chr11_123195248_123358421,40
chr11_123627767_123629187:chr11_123627767_123629187,4
chr11_123654624_123723913:chr11_123654624_123723913,13
chr11_123741660_123753579:chr11_123741660_123753579,6
chr11_123754518_123805407:chr11_123754518_123805407,7
chr11_123806349_123882919:chr11_123806349_123882919,14
chr11_123885670_123902166:chr11_123885670_123902166,1
chr11_123909229_123939616:chr11_123909229_123939616,7
chr11_123940573_123942866:chr11_123940573_123942866,2
chr11_123943838_123976660:chr11_123943838_123976660,10
chr11_123977781_123994162:chr11_123977781_123994162,2
chr11_123995161_124012996:chr11_123995161_124012996,6
chr11_124018732_124023012:chr11_124018732_124023012,0
chr11_124023948_124026797:chr11_124023948_124026797,0
chr11_124030634_124036012:chr11_124030634_124036012,1
chr11_124041325_124115449:chr11_124041325_124115449,19
chr11_124147721_124183344:chr11_124147721_124183344,15
chr11_124188780_124211706:chr11_124188780_124211706,14
chr11_124215828_124224731:chr11_124215828_124224731,3
chr11_124225607_124241094:chr11_124225607_124241094,3
chr11_124254364_124256375:chr11_124254364_124256375,3
chr11_124266224_124302830:chr11_124266224_124302830,7
chr11_124313949_124319261:chr11_124313949_124319261,0
chr11_124320197_124382393:chr11_124320197_124382393,17
chr11_124384499_124395533:chr11_124384499_124395533,1
chr11_124399024_124423941:chr11_124399024_124423941,5
chr11_124424871_124437444:chr11_124424871_124437444,3
chr11_124445696_124542721:chr11_124445696_124542721,23
chr11_124543654_124569996:chr11_124543654_124569996,3
chr11_124571374_124611427:chr11_124571374_124611427,9
chr11_124620356_124622863:chr11_124620356_124622863,3
chr11_124697518_124739941:chr11_124697518_124739941,14
chr11_124762290_124766497:chr11_124762290_124766497,3
chr11_124800406_124865431:chr11_124800406_124865431,14
chr11_124881471_124883690:chr11_124881471_124883690,3
chr11_124897865_124919204:chr11_124897865_124919204,8
chr11_124936047_124954201:chr11_124936047_124954201,8
chr11_125041489_125063304:chr11_125041489_125063304,4
chr11_125090516_125094388:chr11_125090516_125094388,2
chr11_125111626_125164750:chr11_125111626_125164750,14
chr11_125433389_125442880:chr11_125433389_125442880,6
chr11_125496265_125568107:chr11_125496265_125568107,13
chr11_125623091_125625135:chr11_125623091_125625135,8
chr11_125680847_125746278:chr11_125680847_125746278,17
chr11_125749867_125776112:chr11_125749867_125776112,12
chr11_125778828_125788126:chr11_125778828_125788126,4
chr11_125791600_125833315:chr11_125791600_125833315,7
chr11_125840072_125883613:chr11_125840072_125883613,5
chr11_125928843_125946043:chr11_125928843_125946043,7
chr11_126063292_126202095:chr11_126063292_126202095,74
chr11_126278126_126283092:chr11_126278126_126283092,8
chr11_126294933_126304059:chr11_126294933_126304059,7
chr11_126350005_126355685:chr11_126350005_126355685,6
chr11_126414638_126423357:chr11_126414638_126423357,8
chr11_127000870_128458764:chr11_127000870_128458764,300
chr11_128587558_128686534:chr11_128587558_128686534,32
chr11_128813267_128838019:chr11_128813267_128838019,9
chr11_128867296_128891355:chr11_128867296_128891355,10
chr11_128921163_128934730:chr11_128921163_128934730,5
chr11_128942871_128965059:chr11_128942871_128965059,7
chr11_129279518_129375847:chr11_129279518_129375847,29
chr11_129452279_129815847:chr11_129452279_129815847,85
chr11_129860003_129863635:chr11_129860003_129863635,12
chr11_129895578_129899710:chr11_129895578_129899710,4
chr11_130002835_130069893:chr11_130002835_130069893,17
chr11_130144805_130159781:chr11_130144805_130159781,6
chr11_130210362_130226676:chr11_130210362_130226676,4
chr11_130314917_130404922:chr11_130314917_130404922,16
chr11_130428609_130448644:chr11_130428609_130448644,4
chr11_130476645_130866249:chr11_130476645_130866249,93
chr11_130916479_131370614:chr11_130916479_131370614,86
chr11_132336822_132414980:chr11_132336822_132414980,19
chr11_133532501_133840630:chr11_133532501_133840630,73
chr11_133845513_133896437:chr11_133845513_133896437,14
chr11_133956968_134069071:chr11_133956968_134069071,30
chr11_134265855_134276378:chr11_134265855_134276378,3
chr11_134319564_134331987:chr11_134319564_134331987,5
chr11_134376324_134378503:chr11_134376324_134378503,1
chr11_134412242_135086622:chr11_134412242_135086622,186
chr12_0_66766:chr12_0_66766,7
chr12_178455_190080:chr12_178455_190080,3
chr12_214157_220621:chr12_214157_220621,0
chr12_262836_280056:chr12_262836_280056,6
chr12_442642_459938:chr12_442642_459938,5
chr12_663445_752578:chr12_663445_752578,18
chr12_990041_991222:chr12_990041_991222,1
chr12_1495933_1565992:chr12_1495933_1565992,33
chr12_1594581_1617055:chr12_1594581_1617055,6
chr12_1647212_1691069:chr12_1647212_1691069,11
chr12_1788674_1791962:chr12_1788674_1791962,2
chr12_1918652_1946052:chr12_1918652_1946052,6
chr12_2004457_2052986:chr12_2004457_2052986,3
chr12_2697950_2794969:chr12_2697950_2794969,13
chr12_2805423_2812667:chr12_2805423_2812667,5
chr12_2889524_2890890:chr12_2889524_2890890,1
chr12_2941138_2959396:chr12_2941138_2959396,3
chr12_3040676_3077378:chr12_3040676_3077378,6
chr12_3286559_3381348:chr12_3286559_3381348,17
chr12_3593973_3615327:chr12_3593973_3615327,10
chr12_3753109_3808860:chr12_3753109_3808860,8
chr12_3873399_4273761:chr12_3873399_4273761,52
chr12_4305353_4321212:chr12_4305353_4321212,8
chr12_4360028_4368226:chr12_4360028_4368226,2
chr12_4379712_4434141:chr12_4379712_4434141,8
chr12_4445815_4487734:chr12_4445815_4487734,9
chr12_4560047_4562207:chr12_4560047_4562207,0
chr12_4613875_4615517:chr12_4613875_4615517,3
chr12_4694317_4720399:chr12_4694317_4720399,7
chr12_4772726_4809333:chr12_4772726_4809333,6
chr12_4813318_4909904:chr12_4813318_4909904,17
chr12_4918256_5043878:chr12_4918256_5043878,25
chr12_5046788_5432107:chr12_5046788_5432107,58
chr12_5495299_5562654:chr12_5495299_5562654,14
chr12_5946232_5948876:chr12_5946232_5948876,2
chr12_6124670_6199945:chr12_6124670_6199945,5
chr12_6238266_6310331:chr12_6238266_6310331,16
chr12_6342076_6346846:chr12_6342076_6346846,4
chr12_6391566_6444954:chr12_6391566_6444954,11
chr12_6470677_6491885:chr12_6470677_6491885,1
chr12_6531955_6534516:chr12_6531955_6534516,12
chr12_6568291_6570081:chr12_6568291_6570081,6
chr12_6607379_6618834:chr12_6607379_6618834,10
chr12_6635959_6638074:chr12_6635959_6638074,3
chr12_6647432_6650300:chr12_6647432_6650300,8
chr12_6663119_6666476:chr12_6663119_6666476,3
chr12_6689572_6693790:chr12_6689572_6693790,2
chr12_6700815_6724045:chr12_6700815_6724045,3
chr12_6731865_6747995:chr12_6731865_6747995,6
chr12_6753141_6766362:chr12_6753141_6766362,7
chr12_6770952_6772519:chr12_6770952_6772519,8
chr12_6778455_6789527:chr12_6778455_6789527,2
chr12_6820799_6821820:chr12_6820799_6821820,0
chr12_6839847_6840924:chr12_6839847_6840924,3
chr12_6873303_6904821:chr12_6873303_6904821,11
chr12_6942321_6943432:chr12_6942321_6943432,0
chr12_6961316_6965326:chr12_6961316_6965326,6
chr12_7018476_7060717:chr12_7018476_7060717,8
chr12_7071032_7080218:chr12_7071032_7080218,1
chr12_7092445_7094553:chr12_7092445_7094553,0
chr12_7109214_7123685:chr12_7109214_7123685,12
chr12_7158945_7188652:chr12_7158945_7188652,5
chr12_7218574_7304071:chr12_7218574_7304071,11
chr12_7328719_7354959:chr12_7328719_7354959,6
chr12_7444153_7470810:chr12_7444153_7470810,3
chr12_7503777_7649399:chr12_7503777_7649399,9
chr12_7670599_7689783:chr12_7670599_7689783,1
chr12_7695775_7711432:chr12_7695775_7711432,2
chr12_7717559_7729382:chr12_7717559_7729382,2
chr12_7749541_7765215:chr12_7749541_7765215,2
chr12_7774121_7789401:chr12_7774121_7789401,1
chr12_7799146_7812513:chr12_7799146_7812513,0
chr12_7891196_7919229:chr12_7891196_7919229,0
chr12_7936187_8032715:chr12_7936187_8032715,16
chr12_8055517_8056843:chr12_8055517_8056843,1
chr12_8066359_8082273:chr12_8066359_8082273,3
chr12_8097881_8123616:chr12_8097881_8123616,3
chr12_8138607_8157014:chr12_8138607_8157014,2
chr12_8180046_8221259:chr12_8180046_8221259,2
chr12_8227618_8455961:chr12_8227618_8455961,4
chr12_8478330_8513502:chr12_8478330_8513502,4
chr12_8522366_8533304:chr12_8522366_8533304,3
chr12_8540905_8602169:chr12_8540905_8602169,5
chr12_8612859_8645942:chr12_8612859_8645942,3
chr12_8662826_8681599:chr12_8662826_8681599,4
chr12_8783091_8822620:chr12_8783091_8822620,4
chr12_8876787_8914508:chr12_8876787_8914508,2
chr12_9010751_9067707:chr12_9010751_9067707,7
chr12_9116229_9148839:chr12_9116229_9148839,2
chr12_9208395_9594550:chr12_9208395_9594550,20
chr12_9607916_9669712:chr12_9607916_9669712,15
chr12_9699553_9752485:chr12_9699553_9752485,6
chr12_9760901_9827480:chr12_9760901_9827480,10
chr12_9845005_9852368:chr12_9845005_9852368,3
chr12_9869354_9881488:chr12_9869354_9881488,1
chr12_9895833_9898675:chr12_9895833_9898675,1
chr12_9932370_9951267:chr12_9932370_9951267,2
chr12_9985595_9993074:chr12_9985595_9993074,1
chr12_10001899_10010626:chr12_10001899_10010626,1
chr12_10018800_10030681:chr12_10018800_10030681,3
chr12_10066031_10069553:chr12_10066031_10069553,3
chr12_10098985_10116776:chr12_10098985_10116776,1
chr12_10130199_10158300:chr12_10130199_10158300,2
chr12_10191804_10212876:chr12_10191804_10212876,0
chr12_10223128_10238960:chr12_10223128_10238960,4
chr12_10329608_10372352:chr12_10329608_10372352,5
chr12_10410146_10412314:chr12_10410146_10412314,0
chr12_10420595_10430598:chr12_10420595_10430598,0
chr12_10436010_10442263:chr12_10436010_10442263,0
chr12_10454685_10505889:chr12_10454685_10505889,3
chr12_10523135_10604189:chr12_10523135_10604189,4
chr12_10613609_10618922:chr12_10613609_10618922,2
chr12_10674052_10699088:chr12_10674052_10699088,7
chr12_10723323_10801531:chr12_10723323_10801531,8
chr12_10802627_10806050:chr12_10802627_10806050,0
chr12_10807286_10809093:chr12_10807286_10809093,0
chr12_10810168_10825218:chr12_10810168_10825218,0
chr12_10826358_10845848:chr12_10826358_10845848,3
chr12_10849475_10880964:chr12_10849475_10880964,2
chr12_11176016_11185992:chr12_11176016_11185992,6
chr12_11186937_11265913:chr12_11186937_11265913,10
chr12_11269707_11307076:chr12_11269707_11307076,2
chr12_11310436_11391539:chr12_11310436_11391539,2
chr12_11395567_11649673:chr12_11395567_11649673,22
chr12_11895377_12049860:chr12_11895377_12049860,24
chr12_12099695_12116024:chr12_12099695_12116024,0
chr12_12267044_12326055:chr12_12267044_12326055,2
chr12_12350242_12357077:chr12_12350242_12357077,0
chr12_12471233_12473281:chr12_12471233_12473281,3
chr12_12562863_12611875:chr12_12562863_12611875,4
chr12_12645108_12660889:chr12_12645108_12660889,5
chr12_12696183_12717367:chr12_12696183_12717367,4
chr12_12722369_12725916:chr12_12722369_12725916,2
chr12_12791466_12813345:chr12_12791466_12813345,3
chr12_12829981_12891561:chr12_12829981_12891561,13
chr12_12917937_12940574:chr12_12917937_12940574,8
chr12_12952170_12974869:chr12_12952170_12974869,9
chr12_13000265_13044380:chr12_13000265_13044380,5
chr12_13103667_13196725:chr12_13103667_13196725,11
chr12_13219941_13537336:chr12_13219941_13537336,44
chr12_13981602_14365681:chr12_13981602_14365681,47
chr12_14567883_14612631:chr12_14567883_14612631,6
chr12_14696599_14770719:chr12_14696599_14770719,4
chr12_14771131_14774404:chr12_14771131_14774404,1
chr12_14778002_14784581:chr12_14778002_14784581,2
chr12_14824415_14825568:chr12_14824415_14825568,2
chr12_14843526_14880863:chr12_14843526_14880863,4
chr12_14885854_14914038:chr12_14885854_14914038,5
chr12_14938537_14942014:chr12_14938537_14942014,1
chr12_14961601_14973041:chr12_14961601_14973041,0
chr12_14981865_15107782:chr12_14981865_15107782,5
chr12_15221417_15322507:chr12_15221417_15322507,14
chr12_15598331_15620133:chr12_15598331_15620133,1
chr12_15789388_15882386:chr12_15789388_15882386,7
chr12_15903478_15911331:chr12_15903478_15911331,5
chr12_16037381_16188484:chr12_16037381_16188484,15
chr12_16277685_16347114:chr12_16277685_16347114,5
chr12_16377192_16548371:chr12_16377192_16548371,11
chr12_16608214_18080868:chr12_16608214_18080868,123
chr12_18090193_18261517:chr12_18090193_18261517,10
chr12_18648416_18683179:chr12_18648416_18683179,7
chr12_18739188_19129732:chr12_18739188_19129732,38
chr12_19376400_19439491:chr12_19376400_19439491,12
chr12_19522227_20368536:chr12_19522227_20368536,67
chr12_20688583_20695331:chr12_20688583_20695331,2
chr12_20753386_20810704:chr12_20753386_20810704,2
chr12_21091222_21131193:chr12_21091222_21131193,3
chr12_21239796_21264599:chr12_21239796_21264599,2
chr12_21419634_21437654:chr12_21419634_21437654,3
chr12_21518408_21526295:chr12_21518408_21526295,5
chr12_21532947_21536106:chr12_21532947_21536106,1
chr12_21604847_21635341:chr12_21604847_21635341,4
chr12_21657842_21764954:chr12_21657842_21764954,19
chr12_21774706_21797388:chr12_21774706_21797388,1
chr12_21941426_22046217:chr12_21941426_22046217,14
chr12_22065668_22193390:chr12_22065668_22193390,14
chr12_22334707_22448582:chr12_22334707_22448582,8
chr12_22544542_22625170:chr12_22544542_22625170,9
chr12_22690665_23529503:chr12_22690665_23529503,146
chr12_24562491_24810023:chr12_24562491_24810023,47
chr12_24949101_24997574:chr12_24949101_24997574,5
chr12_25250929_25476081:chr12_25250929_25476081,28
chr12_25648578_25958231:chr12_25648578_25958231,41
chr12_26079889_26120029:chr12_26079889_26120029,4
chr12_26125037_26195335:chr12_26125037_26195335,13
chr12_26234777_26335351:chr12_26234777_26335351,31
chr12_26833194_26905180:chr12_26833194_26905180,13
chr12_26966648_26971578:chr12_26966648_26971578,1
chr12_27014384_27022557:chr12_27014384_27022557,2
chr12_27030673_27081056:chr12_27030673_27081056,12
chr12_27084127_27244285:chr12_27084127_27244285,24
chr12_27325959_27332835:chr12_27325959_27332835,1
chr12_27425286_27446735:chr12_27425286_27446735,2
chr12_27502185_27524205:chr12_27502185_27524205,4
chr12_27697596_27710831:chr12_27697596_27710831,3
chr12_27756295_27762426:chr12_27756295_27762426,5
chr12_27803040_27958083:chr12_27803040_27958083,35
chr12_27972733_28190455:chr12_27972733_28190455,25
chr12_28550166_29149277:chr12_28550166_29149277,82
chr12_29335616_29337351:chr12_29335616_29337351,2
chr12_29381172_29439852:chr12_29381172_29439852,3
chr12_29497686_29500812:chr12_29497686_29500812,0
chr12_29784759_30628987:chr12_29784759_30628987,119
chr12_30695869_30709552:chr12_30695869_30709552,1
chr12_30754951_30926747:chr12_30754951_30926747,28
chr12_30996599_31073859:chr12_30996599_31073859,13
chr12_31104799_31280583:chr12_31104799_31280583,28
chr12_31326150_31382225:chr12_31326150_31382225,13
chr12_31591136_31647159:chr12_31591136_31647159,14
chr12_31729174_31791184:chr12_31729174_31791184,5
chr12_31792298_31959414:chr12_31792298_31959414,37
chr12_31993107_32106846:chr12_31993107_32106846,31
chr12_32383633_32399557:chr12_32383633_32399557,1
chr12_32646050_32679300:chr12_32646050_32679300,6
chr12_32755897_32790754:chr12_32755897_32790754,6
chr12_32896777_33374237:chr12_32896777_33374237,53
chr12_33439819_34022495:chr12_33439819_34022495,71
chr12_34028302_38316773:chr12_34028302_38316773,154
chr12_38329721_38652202:chr12_38329721_38652202,33
chr12_38905591_39293227:chr12_38905591_39293227,48
chr12_39443120_39550032:chr12_39443120_39550032,17
chr12_39619803_39626182:chr12_39619803_39626182,3
chr12_40106081_40224996:chr12_40106081_40224996,21
chr12_40369285_40393393:chr12_40369285_40393393,0
chr12_40570757_40692438:chr12_40570757_40692438,19
chr12_41072415_41188319:chr12_41072415_41188319,14
chr12_41574745_42081844:chr12_41574745_42081844,49
chr12_42144874_42157103:chr12_42144874_42157103,3
chr12_42238248_42312085:chr12_42238248_42312085,7
chr12_42448621_42456756:chr12_42448621_42456756,5
chr12_42589746_43353865:chr12_42589746_43353865,112
chr12_43552203_43718991:chr12_43552203_43718991,16
chr12_43789541_43793722:chr12_43789541_43793722,2
chr12_43806317_43836080:chr12_43806317_43836080,5
chr12_44389758_44508274:chr12_44389758_44508274,18
chr12_44913989_45014671:chr12_44913989_45014671,10
chr12_45051099_45216094:chr12_45051099_45216094,22
chr12_45440404_45729705:chr12_45440404_45729705,51
chr12_45908037_45919130:chr12_45908037_45919130,1
chr12_45990574_46183062:chr12_45990574_46183062,35
chr12_46269043_46358187:chr12_46269043_46358187,16
chr12_46372773_46764760:chr12_46372773_46764760,72
chr12_46825997_47075706:chr12_46825997_47075706,35
chr12_47236660_47661248:chr12_47236660_47661248,95
chr12_47706030_47709733:chr12_47706030_47709733,1
chr12_47725490_47734362:chr12_47725490_47734362,3
chr12_47758880_47773237:chr12_47758880_47773237,7
chr12_47819903_47841536:chr12_47819903_47841536,8
chr12_47904994_47963595:chr12_47904994_47963595,13
chr12_47968878_47972966:chr12_47968878_47972966,3
chr12_48004476_48042896:chr12_48004476_48042896,19
chr12_48146404_48147788:chr12_48146404_48147788,8
chr12_48157515_48183643:chr12_48157515_48183643,5
chr12_48185926_48202338:chr12_48185926_48202338,7
chr12_48203292_48328979:chr12_48203292_48328979,22
chr12_48330279_48334586:chr12_48330279_48334586,2
chr12_48351246_48472558:chr12_48351246_48472558,17
chr12_48473622_48482497:chr12_48473622_48482497,1
chr12_48496524_48525631:chr12_48496524_48525631,3
chr12_48526570_48559881:chr12_48526570_48559881,3
chr12_48562956_48567683:chr12_48562956_48567683,0
chr12_48571845_48653210:chr12_48571845_48653210,25
chr12_48682238_48688457:chr12_48682238_48688457,7
chr12_48716707_48727434:chr12_48716707_48727434,5
chr12_48789089_48814479:chr12_48789089_48814479,8
chr12_48852163_48857144:chr12_48852163_48857144,4
chr12_48865870_48904132:chr12_48865870_48904132,6
chr12_48925492_48935722:chr12_48925492_48935722,19
chr12_48957487_48965339:chr12_48957487_48965339,2
chr12_48971735_48978321:chr12_48971735_48978321,7
chr12_48982620_48995148:chr12_48982620_48995148,6
chr12_48999375_49002273:chr12_48999375_49002273,6
chr12_49060794_49064675:chr12_49060794_49064675,2
chr12_49069979_49086655:chr12_49069979_49086655,5
chr12_49094801_49097138:chr12_49094801_49097138,6
chr12_49110847_49127781:chr12_49110847_49127781,5
chr12_49131395_49184794:chr12_49131395_49184794,14
chr12_49189080_49227925:chr12_49189080_49227925,12
chr12_49274600_49295146:chr12_49274600_49295146,8
chr12_49298686_49323254:chr12_49298686_49323254,9
chr12_49337188_49346887:chr12_49337188_49346887,0
chr12_49353690_49367461:chr12_49353690_49367461,2
chr12_49527425_49539029:chr12_49527425_49539029,3
chr12_49568142_49582872:chr12_49568142_49582872,14
chr12_49605639_49623560:chr12_49605639_49623560,1
chr12_49707405_49741556:chr12_49707405_49741556,7
chr12_49764934_49791151:chr12_49764934_49791151,9
chr12_49828413_49836042:chr12_49828413_49836042,2
chr12_49843106_49866895:chr12_49843106_49866895,7
chr12_49903900_49950736:chr12_49903900_49950736,15
chr12_49958878_49961871:chr12_49958878_49961871,2
chr12_49965682_49972946:chr12_49965682_49972946,3
chr12_49977139_49989161:chr12_49977139_49989161,9
chr12_50025494_50057595:chr12_50025494_50057595,7
chr12_50083622_50085341:chr12_50083622_50085341,5
chr12_50100707_50104007:chr12_50100707_50104007,3
chr12_50120453_50129288:chr12_50120453_50129288,12
chr12_50167369_50175787:chr12_50167369_50175787,4
chr12_50283520_50327308:chr12_50283520_50327308,10
chr12_50396609_50400884:chr12_50396609_50400884,2
chr12_50480004_50504984:chr12_50480004_50504984,3
chr12_50748657_50764100:chr12_50748657_50764100,5
chr12_50821162_50842925:chr12_50821162_50842925,4
chr12_50887884_50925014:chr12_50887884_50925014,2
chr12_50932508_50952543:chr12_50932508_50952543,6
chr12_50970607_50979406:chr12_50970607_50979406,3
chr12_51028886_51048219:chr12_51028886_51048219,5
chr12_51083596_51093655:chr12_51083596_51093655,6
chr12_51173135_51186935:chr12_51173135_51186935,7
chr12_51218062_51238825:chr12_51218062_51238825,6
chr12_51270415_51281037:chr12_51270415_51281037,2
chr12_51324668_51328441:chr12_51324668_51328441,1
chr12_51346679_51351251:chr12_51346679_51351251,2
chr12_51515763_51591232:chr12_51515763_51591232,13
chr12_51812864_51813920:chr12_51812864_51813920,1
chr12_51814925_51817898:chr12_51814925_51817898,1
chr12_51848718_51888102:chr12_51848718_51888102,5
chr12_51891727_51907503:chr12_51891727_51907503,4
chr12_51923361_51951698:chr12_51923361_51951698,3
chr12_51997078_52006945:chr12_51997078_52006945,7
chr12_52015889_52022831:chr12_52015889_52022831,4
chr12_52059503_52069977:chr12_52059503_52069977,7
chr12_52077495_52079703:chr12_52077495_52079703,7
chr12_52108255_52168995:chr12_52108255_52168995,8
chr12_52192014_52233242:chr12_52192014_52233242,13
chr12_52248921_52274644:chr12_52248921_52274644,5
chr12_52309163_52314300:chr12_52309163_52314300,2
chr12_52321398_52360005:chr12_52321398_52360005,14
chr12_52367481_52377811:chr12_52367481_52377811,2
chr12_52385652_52393930:chr12_52385652_52393930,1
chr12_52406335_52424069:chr12_52406335_52424069,10
chr12_52434371_52446650:chr12_52434371_52446650,3
chr12_52452146_52468515:chr12_52452146_52468515,2
chr12_52473805_52487175:chr12_52473805_52487175,2
chr12_52493257_52514574:chr12_52493257_52514574,5
chr12_52520394_52543908:chr12_52520394_52543908,9
chr12_52553145_52565781:chr12_52553145_52565781,8
chr12_52573843_52585588:chr12_52573843_52585588,5
chr12_52601463_52607569:chr12_52601463_52607569,2
chr12_52618559_52644557:chr12_52618559_52644557,6
chr12_52652211_52674735:chr12_52652211_52674735,6
chr12_52680407_52689625:chr12_52680407_52689625,3
chr12_52703524_52768154:chr12_52703524_52768154,17
chr12_52777345_52789684:chr12_52777345_52789684,2
chr12_52796117_52806548:chr12_52796117_52806548,1
chr12_52814116_52821407:chr12_52814116_52821407,5
chr12_52834311_52837803:chr12_52834311_52837803,2
chr12_52848994_52897190:chr12_52848994_52897190,7
chr12_52952906_53006455:chr12_52952906_53006455,26
chr12_53042215_53046990:chr12_53042215_53046990,4
chr12_53079390_53097666:chr12_53079390_53097666,4
chr12_53102340_53103485:chr12_53102340_53103485,1
chr12_53124535_53157662:chr12_53124535_53157662,5
chr12_53207251_53210568:chr12_53207251_53210568,3
chr12_53232209_53251585:chr12_53232209_53251585,3
chr12_53254406_53268298:chr12_53254406_53268298,5
chr12_53293638_53295541:chr12_53293638_53295541,3
chr12_53321610_53326574:chr12_53321610_53326574,3
chr12_53344793_53380175:chr12_53344793_53380175,3
chr12_53416446_53423854:chr12_53416446_53423854,3
chr12_53431672_53441733:chr12_53431672_53441733,6
chr12_53446638_53452101:chr12_53446638_53452101,10
chr12_53499458_53500922:chr12_53499458_53500922,6
chr12_53626382_53665169:chr12_53626382_53665169,13
chr12_53676330_53708516:chr12_53676330_53708516,8
chr12_53727452_53938830:chr12_53727452_53938830,33
chr12_53946544_53954902:chr12_53946544_53954902,3
chr12_53958956_53973125:chr12_53958956_53973125,3
chr12_53977643_53985145:chr12_53977643_53985145,4
chr12_53990279_54000160:chr12_53990279_54000160,4
chr12_54003337_54008984:chr12_54003337_54008984,8
chr12_54012769_54016887:chr12_54012769_54016887,0
chr12_54056030_54180365:chr12_54056030_54180365,33
chr12_54188985_54230941:chr12_54188985_54230941,22
chr12_54287087_54292110:chr12_54287087_54292110,7
chr12_54301015_54325130:chr12_54301015_54325130,10
chr12_54351846_54362444:chr12_54351846_54362444,8
chr12_54364486_54369135:chr12_54364486_54369135,6
chr12_54391298_54395260:chr12_54391298_54395260,10
chr12_54419266_54455956:chr12_54419266_54455956,19
chr12_54473602_54497751:chr12_54473602_54497751,3
chr12_54548243_54549600:chr12_54548243_54549600,1
chr12_54588659_54630810:chr12_54588659_54630810,9
chr12_54634895_54644588:chr12_54634895_54644588,1
chr12_54648365_54854515:chr12_54648365_54854515,32
chr12_54858387_54948014:chr12_54858387_54948014,8
chr12_54984762_55019973:chr12_54984762_55019973,5
chr12_55030017_55126405:chr12_55030017_55126405,9
chr12_55132750_55221024:chr12_55132750_55221024,7
chr12_55221975_55244608:chr12_55221975_55244608,5
chr12_55256625_55293987:chr12_55256625_55293987,5
chr12_55296569_55314342:chr12_55296569_55314342,3
chr12_55322364_55330042:chr12_55322364_55330042,0
chr12_55332636_55362974:chr12_55332636_55362974,3
chr12_55369279_55400528:chr12_55369279_55400528,6
chr12_55401467_55426253:chr12_55401467_55426253,2
chr12_55427192_55444075:chr12_55427192_55444075,1
chr12_55453347_55469199:chr12_55453347_55469199,0
chr12_55470138_55492377:chr12_55470138_55492377,1
chr12_55493316_55549601:chr12_55493316_55549601,6
chr12_55555832_55572467:chr12_55555832_55572467,2
chr12_55575612_55636891:chr12_55575612_55636891,8
chr12_55637833_55681735:chr12_55637833_55681735,11
chr12_55712408_55716033:chr12_55712408_55716033,2
chr12_55729673_55743121:chr12_55729673_55743121,4
chr12_55830775_55835432:chr12_55830775_55835432,5
chr12_55842936_55901412:chr12_55842936_55901412,10
chr12_55927894_55931161:chr12_55927894_55931161,6
chr12_55972789_55973948:chr12_55972789_55973948,3
chr12_56005525_56007503:chr12_56005525_56007503,7
chr12_56038435_56041917:chr12_56038435_56041917,6
chr12_56044697_56080107:chr12_56044697_56080107,11
chr12_56103505_56104558:chr12_56103505_56104558,3
chr12_56113910_56116632:chr12_56113910_56116632,8
chr12_56144674_56152586:chr12_56144674_56152586,12
chr12_56189483_56202178:chr12_56189483_56202178,5
chr12_56221969_56224341:chr12_56221969_56224341,4
chr12_56258384_56266941:chr12_56258384_56266941,2
chr12_56300330_56309843:chr12_56300330_56309843,17
chr12_56334000_56338883:chr12_56334000_56338883,7
chr12_56340410_56341596:chr12_56340410_56341596,8
chr12_56362857_56416362:chr12_56362857_56416362,21
chr12_56454657_56468577:chr12_56454657_56468577,6
chr12_56488161_56521819:chr12_56488161_56521819,4
chr12_56636359_56638174:chr12_56636359_56638174,9
chr12_56645984_56663348:chr12_56645984_56663348,8
chr12_56688284_56712426:chr12_56688284_56712426,7
chr12_56725299_56731579:chr12_56725299_56731579,8
chr12_56752323_56763323:chr12_56752323_56763323,8
chr12_56787790_56923132:chr12_56787790_56923132,17
chr12_56934408_56951430:chr12_56934408_56951430,4
chr12_56957608_56994491:chr12_56957608_56994491,12
chr12_57006546_57009999:chr12_57006546_57009999,7
chr12_57016529_57028516:chr12_57016529_57028516,1
chr12_57051198_57055642:chr12_57051198_57055642,3
chr12_57078791_57089113:chr12_57078791_57089113,4
chr12_57111362_57128482:chr12_57111362_57128482,7
chr12_57213361_57216793:chr12_57213361_57216793,1
chr12_57226449_57229710:chr12_57226449_57229710,2
chr12_57240762_57243457:chr12_57240762_57243457,2
chr12_57251187_57253763:chr12_57251187_57253763,1
chr12_57431043_57434783:chr12_57431043_57434783,4
chr12_57452062_57455306:chr12_57452062_57455306,0
chr12_57458025_57459784:chr12_57458025_57459784,3
chr12_57520517_57522823:chr12_57520517_57522823,4
chr12_57547192_57550043:chr12_57547192_57550043,2
chr12_57586633_57591191:chr12_57586633_57591191,3
chr12_57603418_57604823:chr12_57603418_57604823,3
chr12_57617245_57623408:chr12_57617245_57623408,5
chr12_57633201_57694131:chr12_57633201_57694131,9
chr12_57721557_57723760:chr12_57721557_57723760,4
chr12_57742161_57745038:chr12_57742161_57745038,4
chr12_57752310_57755102:chr12_57752310_57755102,8
chr12_57760411_57762333:chr12_57760411_57762333,5
chr12_57767078_57768470:chr12_57767078_57768470,6
chr12_57818734_57819926:chr12_57818734_57819926,3
chr12_57846729_57941566:chr12_57846729_57941566,35
chr12_57959148_58872154:chr12_57959148_58872154,118
chr12_58920504_59596028:chr12_58920504_59596028,98
chr12_59789841_61708272:chr12_59789841_61708272,184
chr12_62192773_62260403:chr12_62192773_62260403,17
chr12_62416389_62466825:chr12_62416389_62466825,7
chr12_62600476_62643993:chr12_62600476_62643993,10
chr12_62935150_63142758:chr12_62935150_63142758,41
chr12_63151201_63558912:chr12_63151201_63558912,41
chr12_63668493_63779908:chr12_63668493_63779908,4
chr12_63809562_63844699:chr12_63809562_63844699,2
chr12_64162217_64186315:chr12_64162217_64186315,3
chr12_64222296_64264761:chr12_64222296_64264761,6
chr12_64390758_64404391:chr12_64390758_64404391,1
chr12_64502114_64610494:chr12_64502114_64610494,24
chr12_64697564_64713448:chr12_64697564_64713448,9
chr12_64881033_65050625:chr12_64881033_65050625,28
chr12_65121305_65169582:chr12_65121305_65169582,1
chr12_65248355_65278682:chr12_65248355_65278682,2
chr12_65466907_65824459:chr12_65466907_65824459,55
chr12_65966291_66116554:chr12_65966291_66116554,20
chr12_66130750_66135845:chr12_66130750_66135845,4
chr12_66169996_66189213:chr12_66169996_66189213,5
chr12_66254622_66302492:chr12_66254622_66302492,5
chr12_66343643_66347430:chr12_66343643_66347430,1
chr12_67069338_67269357:chr12_67069338_67269357,32
chr12_67319953_67648744:chr12_67319953_67648744,49
chr12_67665406_68154767:chr12_67665406_68154767,69
chr12_68159740_68201348:chr12_68159740_68201348,4
chr12_68225810_68248241:chr12_68225810_68248241,5
chr12_68253604_68294565:chr12_68253604_68294565,16
chr12_68332362_68610898:chr12_68332362_68610898,56
chr12_68671901_68686977:chr12_68671901_68686977,5
chr12_68781468_68808171:chr12_68781468_68808171,7
chr12_68963469_69239568:chr12_68963469_69239568,49
chr12_69274358_69348380:chr12_69274358_69348380,9
chr12_69354234_69359742:chr12_69354234_69359742,4
chr12_69390870_69470387:chr12_69390870_69470387,18
chr12_69579793_69585458:chr12_69579793_69585458,2
chr12_69601570_69608563:chr12_69601570_69608563,3
chr12_69610907_69643507:chr12_69610907_69643507,6
chr12_69699303_69738859:chr12_69699303_69738859,12
chr12_69823204_69825226:chr12_69823204_69825226,0
chr12_69959097_70243017:chr12_69959097_70243017,50
chr12_70354993_70366289:chr12_70354993_70366289,2
chr12_70434292_70515869:chr12_70434292_70515869,12
chr12_70920738_71125095:chr12_70920738_71125095,35
chr12_71157999_71439797:chr12_71157999_71439797,38
chr12_71586310_71609598:chr12_71586310_71609598,7
chr12_71680644_71686081:chr12_71680644_71686081,3
chr12_71705047_71754862:chr12_71705047_71754862,6
chr12_71800286_71839758:chr12_71800286_71839758,6
chr12_71924313_71938844:chr12_71924313_71938844,1
chr12_72032440_72272369:chr12_72032440_72272369,41
chr12_72670758_74537834:chr12_72670758_74537834,243
chr12_74545430_75040077:chr12_74545430_75040077,52
chr12_75209839_75275978:chr12_75209839_75275978,6
chr12_75432688_75480754:chr12_75432688_75480754,2
chr12_75511609_76025446:chr12_75511609_76025446,95
chr12_76031776_76036584:chr12_76031776_76036584,4
chr12_76084685_76344473:chr12_76084685_76344473,45
chr12_76348415_76351796:chr12_76348415_76351796,3
chr12_76559771_76764114:chr12_76559771_76764114,38
chr12_76853701_76858708:chr12_76853701_76858708,1
chr12_76879019_77021250:chr12_76879019_77021250,23
chr12_77065569_77830893:chr12_77065569_77830893,85
chr12_78213010_78863981:chr12_78213010_78863981,75
chr12_79452008_79584878:chr12_79452008_79584878,23
chr12_79690964_79773562:chr12_79690964_79773562,16
chr12_79935460_80099536:chr12_79935460_80099536,31
chr12_80380880_80444234:chr12_80380880_80444234,6
chr12_80680273_80707633:chr12_80680273_80707633,4
chr12_80709474_80716911:chr12_80709474_80716911,1
chr12_80719671_80792519:chr12_80719671_80792519,7
chr12_80937934_81078078:chr12_80937934_81078078,11
chr12_81759350_82352302:chr12_81759350_82352302,50
chr12_82479239_82686905:chr12_82479239_82686905,24
chr12_83134866_84859490:chr12_83134866_84859490,181
chr12_84912799_85014316:chr12_84912799_85014316,8
chr12_85245105_85280219:chr12_85245105_85280219,4
chr12_85301784_85800702:chr12_85301784_85800702,42
chr12_85836409_85874294:chr12_85836409_85874294,5
chr12_85882992_85955666:chr12_85882992_85955666,3
chr12_86839000_87980034:chr12_86839000_87980034,117
chr12_88029401_88035535:chr12_88029401_88035535,0
chr12_88199887_88492792:chr12_88199887_88492792,34
chr12_88580471_89347234:chr12_88580471_89347234,95
chr12_89352501_89419717:chr12_89352501_89419717,7
chr12_89526262_89588048:chr12_89526262_89588048,17
chr12_89709366_90952214:chr12_89709366_90952214,168
chr12_90955176_90963681:chr12_90955176_90963681,1
chr12_91004972_91050490:chr12_91004972_91050490,7
chr12_91058024_91102628:chr12_91058024_91102628,6
chr12_91111494_91140483:chr12_91111494_91140483,3
chr12_91182817_92140277:chr12_91182817_92140277,223
chr12_92145846_92702988:chr12_92145846_92702988,122
chr12_92929295_93377924:chr12_92929295_93377924,145
chr12_93441947_93467513:chr12_93441947_93467513,5
chr12_93516214_93569968:chr12_93516214_93569968,26
chr12_93576745_93677374:chr12_93576745_93677374,33
chr12_93894840_94148576:chr12_93894840_94148576,55
chr12_94460454_94567121:chr12_94460454_94567121,16
chr12_94650557_94971332:chr12_94650557_94971332,59
chr12_95003697_95020228:chr12_95003697_95020228,6
chr12_95073618_95076748:chr12_95073618_95076748,3
chr12_95302799_95474151:chr12_95302799_95474151,24
chr12_95551476_95657806:chr12_95551476_95657806,17
chr12_95791155_95858951:chr12_95791155_95858951,11
chr12_95968720_95972661:chr12_95968720_95972661,1
chr12_95996344_96000752:chr12_95996344_96000752,1
chr12_96043520_96194374:chr12_96043520_96194374,23
chr12_96269824_96278224:chr12_96269824_96278224,7
chr12_96400439_96489576:chr12_96400439_96489576,16
chr12_96875555_96907256:chr12_96875555_96907256,6
chr12_96953780_98515572:chr12_96953780_98515572,236
chr12_98550351_98593685:chr12_98550351_98593685,5
chr12_98606367_98613403:chr12_98606367_98613403,4
chr12_99984936_100037071:chr12_99984936_100037071,14
chr12_100142874_100200814:chr12_100142874_100200814,18
chr12_100224424_100231634:chr12_100224424_100231634,3
chr12_100341715_100357073:chr12_100341715_100357073,1
chr12_100422055_100473865:chr12_100422055_100473865,10
chr12_100564414_100573683:chr12_100564414_100573683,5
chr12_100628288_100794775:chr12_100628288_100794775,22
chr12_101128641_101155492:chr12_101128641_101155492,3
chr12_101210238_101280104:chr12_101210238_101280104,15
chr12_101386618_101393115:chr12_101386618_101393115,9
chr12_101407820_101475335:chr12_101407820_101475335,5
chr12_101486997_101594970:chr12_101486997_101594970,16
chr12_101686028_101697639:chr12_101686028_101697639,5
chr12_101739462_101745498:chr12_101739462_101745498,6
chr12_101830959_101877579:chr12_101830959_101877579,9
chr12_101923612_102012839:chr12_101923612_102012839,19
chr12_102062124_102073102:chr12_102062124_102073102,5
chr12_102197833_102395873:chr12_102197833_102395873,41
chr12_102480563_102836888:chr12_102480563_102836888,64
chr12_102960513_103079639:chr12_102960513_103079639,12
chr12_103501505_103587272:chr12_103501505_103587272,15
chr12_103766719_103772309:chr12_103766719_103772309,9
chr12_103841234_103930409:chr12_103841234_103930409,12
chr12_103947926_103950193:chr12_103947926_103950193,7
chr12_103957215_103965871:chr12_103957215_103965871,7
chr12_104106524_104117085:chr12_104106524_104117085,5
chr12_104138210_104215778:chr12_104138210_104215778,9
chr12_104350307_104456947:chr12_104350307_104456947,32
chr12_104762014_104801800:chr12_104762014_104801800,14
chr12_104958746_104986315:chr12_104958746_104986315,5
chr12_105017625_105019789:chr12_105017625_105019789,1
chr12_105084458_105107730:chr12_105084458_105107730,3
chr12_105169130_105173299:chr12_105169130_105173299,6
chr12_105236174_105330690:chr12_105236174_105330690,15
chr12_105371518_106063344:chr12_105371518_106063344,122
chr12_106138954_106237880:chr12_106138954_106237880,15
chr12_106248020_106302732:chr12_106248020_106302732,12
chr12_106347003_106357747:chr12_106347003_106357747,5
chr12_106510198_106583003:chr12_106510198_106583003,15
chr12_106762803_106774681:chr12_106762803_106774681,3
chr12_106889316_106955906:chr12_106889316_106955906,14
chr12_106974035_106977276:chr12_106974035_106977276,7
chr12_106987146_106991363:chr12_106987146_106991363,5
chr12_107093549_107318433:chr12_107093549_107318433,41
chr12_107659642_107685798:chr12_107659642_107685798,11
chr12_107713162_107732870:chr12_107713162_107732870,14
chr12_107761137_107774703:chr12_107761137_107774703,6
chr12_107776644_108129287:chr12_107776644_108129287,77
chr12_108250537_108288045:chr12_108250537_108288045,8
chr12_108339311_108515276:chr12_108339311_108515276,37
chr12_108521210_108522213:chr12_108521210_108522213,6
chr12_108569384_108589850:chr12_108569384_108589850,8
chr12_108598084_108621894:chr12_108598084_108621894,9
chr12_108633894_108645108:chr12_108633894_108645108,14
chr12_108731518_108778190:chr12_108731518_108778190,12
chr12_108857583_108880091:chr12_108857583_108880091,6
chr12_108901043_108907740:chr12_108901043_108907740,3
chr12_109021068_109023088:chr12_109021068_109023088,1
chr12_109093472_109097596:chr12_109093472_109097596,6
chr12_109110992_109116586:chr12_109110992_109116586,7
chr12_109268226_109277977:chr12_109268226_109277977,3
chr12_109309284_109347899:chr12_109309284_109347899,7
chr12_109536702_109553714:chr12_109536702_109553714,6
chr12_109598125_109713824:chr12_109598125_109713824,21
chr12_109770495_109783086:chr12_109770495_109783086,4
chr12_109833398_109850944:chr12_109833398_109850944,6
chr12_109880541_109900273:chr12_109880541_109900273,4
chr12_109918069_109929803:chr12_109918069_109929803,9
chr12_109996368_109999429:chr12_109996368_109999429,1
chr12_110039763_110041176:chr12_110039763_110041176,4
chr12_110073635_110124356:chr12_110073635_110124356,12
chr12_110218793_110281246:chr12_110218793_110281246,23
chr12_110351093_110372899:chr12_110351093_110372899,17
chr12_110403708_110434822:chr12_110403708_110434822,4
chr12_110450337_110452485:chr12_110450337_110452485,1
chr12_110583318_110614128:chr12_110583318_110614128,8
chr12_110689777_110719679:chr12_110689777_110719679,11
chr12_110742891_110846986:chr12_110742891_110846986,23
chr12_110907535_110910844:chr12_110907535_110910844,1
chr12_110920579_111034164:chr12_110920579_111034164,21
chr12_111350554_111360678:chr12_111350554_111360678,3
chr12_111369095_111405922:chr12_111369095_111405922,6
chr12_111599673_111642145:chr12_111599673_111642145,9
chr12_111757099_111766932:chr12_111757099_111766932,6
chr12_111817532_111842227:chr12_111817532_111842227,11
chr12_111902222_111931281:chr12_111902222_111931281,11
chr12_112023449_112026688:chr12_112023449_112026688,8
chr12_112108783_112125559:chr12_112108783_112125559,4
chr12_112153604_112160194:chr12_112153604_112160194,16
chr12_112382431_112405180:chr12_112382431_112405180,11
chr12_112509918_112575235:chr12_112509918_112575235,22
chr12_112898881_112906961:chr12_112898881_112906961,5
chr12_112933219_112938473:chr12_112933219_112938473,1
chr12_112973251_112978518:chr12_112973251_112978518,3
chr12_113011723_113056729:chr12_113011723_113056729,11
chr12_113098025_113099277:chr12_113098025_113099277,0
chr12_113136239_113149723:chr12_113136239_113149723,4
chr12_113192368_113195445:chr12_113192368_113195445,5
chr12_113335109_113358586:chr12_113335109_113358586,7
chr12_113403887_113422379:chr12_113403887_113422379,6
chr12_113438276_113462032:chr12_113438276_113462032,4
chr12_113471871_113816739:chr12_113471871_113816739,110
chr12_113966325_114353910:chr12_113966325_114353910,93
chr12_114408442_114670254:chr12_114408442_114670254,44
chr12_114684175_115958575:chr12_114684175_115958575,238
chr12_116277693_116559380:chr12_116277693_116559380,73
chr12_116576606_116710170:chr12_116576606_116710170,30
chr12_116853631_116856143:chr12_116853631_116856143,1
chr12_116881441_116910949:chr12_116881441_116910949,10
chr12_117031148_117038922:chr12_117031148_117038922,4
chr12_117099416_117141990:chr12_117099416_117141990,16
chr12_117190470_117208141:chr12_117190470_117208141,7
chr12_117361626_117453011:chr12_117361626_117453011,24
chr12_117968990_118016702:chr12_117968990_118016702,6
chr12_118062174_118063592:chr12_118062174_118063592,0
chr12_118104011_118136123:chr12_118104011_118136123,11
chr12_118145584_118149800:chr12_118145584_118149800,5
chr12_118372907_118376554:chr12_118372907_118376554,1
chr12_118418033_118981540:chr12_118418033_118981540,92
chr12_119163051_119178930:chr12_119163051_119178930,6
chr12_119194746_119334728:chr12_119194746_119334728,24
chr12_119541040_119593773:chr12_119541040_119593773,8
chr12_119643075_119668132:chr12_119643075_119668132,7
chr12_119681619_119685790:chr12_119681619_119685790,12
chr12_119877320_119989235:chr12_119877320_119989235,18
chr12_120116753_120127201:chr12_120116753_120127201,15
chr12_120194715_120196698:chr12_120194715_120196698,6
chr12_120201111_120210446:chr12_120201111_120210446,7
chr12_120265730_120282217:chr12_120265730_120282217,8
chr12_120282856_120291779:chr12_120282856_120291779,1
chr12_120313249_120322114:chr12_120313249_120322114,3
chr12_120327779_120341329:chr12_120327779_120341329,6
chr12_120369164_120438112:chr12_120369164_120438112,13
chr12_120440730_120443963:chr12_120440730_120443963,5
chr12_120498493_120503278:chr12_120498493_120503278,10
chr12_120529158_120534355:chr12_120529158_120534355,1
chr12_120577588_120578763:chr12_120577588_120578763,7
chr12_120581402_120640625:chr12_120581402_120640625,7
chr12_120667324_120687148:chr12_120667324_120687148,2
chr12_120701859_120710457:chr12_120701859_120710457,11
chr12_120723640_120725825:chr12_120723640_120725825,5
chr12_120740008_120762509:chr12_120740008_120762509,8
chr12_120904358_120978542:chr12_120904358_120978542,14
chr12_121016487_121017760:chr12_121016487_121017760,2
chr12_121039246_121132875:chr12_121039246_121132875,27
chr12_121188032_121210128:chr12_121188032_121210128,8
chr12_121234106_121237691:chr12_121234106_121237691,6
chr12_121297819_121308244:chr12_121297819_121308244,6
chr12_121354209_121400117:chr12_121354209_121400117,8
chr12_121424348_121429095:chr12_121424348_121429095,17
chr12_121581023_121626549:chr12_121581023_121626549,10
chr12_121642040_121648741:chr12_121642040_121648741,1
chr12_121672644_121712751:chr12_121672644_121712751,8
chr12_121793688_121804008:chr12_121793688_121804008,6
chr12_121832656_121839526:chr12_121832656_121839526,4
chr12_122003919_122021883:chr12_122003919_122021883,6
chr12_122062044_122078755:chr12_122062044_122078755,14
chr12_122147344_122167718:chr12_122147344_122167718,3
chr12_122227456_122229563:chr12_122227456_122229563,1
chr12_122266494_122271468:chr12_122266494_122271468,1
chr12_122422669_122471599:chr12_122422669_122471599,5
chr12_122500932_122503453:chr12_122500932_122503453,2
chr12_122626396_122701292:chr12_122626396_122701292,14
chr12_122703357_122714755:chr12_122703357_122714755,1
chr12_122716811_122726075:chr12_122716811_122726075,3
chr12_122730844_122752823:chr12_122730844_122752823,3
chr12_122771064_122774571:chr12_122771064_122774571,5
chr12_122827528_122834747:chr12_122827528_122834747,2
chr12_122862961_122865329:chr12_122862961_122865329,4
chr12_122896124_122920947:chr12_122896124_122920947,5
chr12_122966463_122974725:chr12_122966463_122974725,4
chr12_123151090_123154214:chr12_123151090_123154214,2
chr12_123257960_123260975:chr12_123257960_123260975,6
chr12_123272240_123289108:chr12_123272240_123289108,6
chr12_123364847_123384131:chr12_123364847_123384131,3
chr12_123409353_123415038:chr12_123409353_123415038,5
chr12_123436684_123458138:chr12_123436684_123458138,4
chr12_123533719_123584551:chr12_123533719_123584551,7
chr12_123598582_123602098:chr12_123598582_123602098,6
chr12_123662604_123671112:chr12_123662604_123671112,1
chr12_123708399_123712352:chr12_123708399_123712352,1
chr12_124316024_124324414:chr12_124316024_124324414,4
chr12_124567612_124776855:chr12_124567612_124776855,71
chr12_124863864_124911645:chr12_124863864_124911645,14
chr12_124914650_124946825:chr12_124914650_124946825,18
chr12_124989131_124993644:chr12_124989131_124993644,2
chr12_125031231_125065434:chr12_125031231_125065434,6
chr12_125143316_125186385:chr12_125143316_125186385,13
chr12_125662377_128267169:chr12_125662377_128267169,518
chr12_128707911_128793193:chr12_128707911_128793193,14
chr12_128823958_128853477:chr12_128823958_128853477,2
chr12_128984968_129071725:chr12_128984968_129071725,22
chr12_129904025_130162463:chr12_129904025_130162463,49
chr12_130165740_130337886:chr12_130165740_130337886,34
chr12_130372637_130396132:chr12_130372637_130396132,8
chr12_130716299_130789599:chr12_130716299_130789599,18
chr12_130839250_130872065:chr12_130839250_130872065,10
chr12_130877678_130953906:chr12_130877678_130953906,26
chr12_131141469_131711089:chr12_131141469_131711089,118
chr12_131799738_131828392:chr12_131799738_131828392,11
chr12_131851771_131894621:chr12_131851771_131894621,12
chr12_131923150_131929275:chr12_131923150_131929275,3
chr12_131945896_131949941:chr12_131945896_131949941,4
chr12_132080460_132136593:chr12_132080460_132136593,33
chr12_132152468_132196371:chr12_132152468_132196371,26
chr12_132329589_132490150:chr12_132329589_132490150,50
chr12_132585188_132603150:chr12_132585188_132603150,3
chr12_132610582_132618775:chr12_132610582_132618775,5
chr12_132622388_132623761:chr12_132622388_132623761,7
chr12_132704985_132710841:chr12_132704985_132710841,7
chr12_132722734_132725502:chr12_132722734_132725502,14
chr12_132761832_132768913:chr12_132761832_132768913,5
chr12_132829081_132832355:chr12_132829081_132832355,3
chr12_132887618_132918305:chr12_132887618_132918305,3
chr12_132956306_132986366:chr12_132956306_132986366,4
chr12_133027102_133037508:chr12_133027102_133037508,2
chr12_133063299_133080922:chr12_133063299_133080922,2
chr12_133159465_133181494:chr12_133159465_133181494,4
chr12_133214832_133218311:chr12_133214832_133218311,1
chr12_133235877_133275309:chr12_133235877_133275309,6
chr13_0_19173771:chr13_0_19173771,84
chr13_19181824_19422876:chr13_19181824_19422876,12
chr13_19561574_19633658:chr13_19561574_19633658,5
chr13_19673441_19674751:chr13_19673441_19674751,2
chr13_19782945_19823481:chr13_19782945_19823481,5
chr13_19863649_19957422:chr13_19863649_19957422,6
chr13_20089115_20138254:chr13_20089115_20138254,10
chr13_20161052_20187469:chr13_20161052_20187469,4
chr13_20192938_20221961:chr13_20192938_20221961,3
chr13_20232319_20403668:chr13_20232319_20403668,20
chr13_20525857_20567156:chr13_20525857_20567156,10
chr13_20691444_20701512:chr13_20691444_20701512,0
chr13_20723098_20728730:chr13_20723098_20728730,4
chr13_20773961_20777328:chr13_20773961_20777328,2
chr13_20902774_20973035:chr13_20902774_20973035,8
chr13_21061586_21140118:chr13_21061586_21140118,8
chr13_21149097_21153594:chr13_21149097_21153594,1
chr13_21179084_21372570:chr13_21179084_21372570,21
chr13_21459303_21492690:chr13_21459303_21492690,6
chr13_21604170_21671072:chr13_21604170_21671072,7
chr13_21704498_22099162:chr13_21704498_22099162,38
chr13_22099553_23160507:chr13_22099553_23160507,83
chr13_23325162_23328829:chr13_23325162_23328829,0
chr13_23433702_23570411:chr13_23433702_23570411,7
chr13_23676093_23730188:chr13_23676093_23730188,11
chr13_23889400_23891098:chr13_23889400_23891098,0
chr13_23897502_23979801:chr13_23897502_23979801,8
chr13_24322531_24420930:chr13_24322531_24420930,10
chr13_24512778_24680407:chr13_24512778_24680407,13
chr13_24712472_24764168:chr13_24712472_24764168,7
chr13_24879921_24882278:chr13_24879921_24882278,3
chr13_24922861_25096135:chr13_24922861_25096135,15
chr13_25099254_25161678:chr13_25099254_25161678,6
chr13_25172288_25246221:chr13_25172288_25246221,13
chr13_25287488_25301624:chr13_25287488_25301624,5
chr13_25342421_25371973:chr13_25342421_25371973,3
chr13_26025851_26044596:chr13_26025851_26044596,5
chr13_26052016_26132114:chr13_26052016_26132114,7
chr13_26222371_26254128:chr13_26222371_26254128,4
chr13_26405238_26557682:chr13_26405238_26557682,31
chr13_26688948_26755199:chr13_26688948_26755199,7
chr13_26760786_27066155:chr13_26760786_27066155,52
chr13_27171811_27251557:chr13_27171811_27251557,12
chr13_27256568_27270829:chr13_27256568_27270829,6
chr13_27275192_27424618:chr13_27275192_27424618,28
chr13_27450564_27545912:chr13_27450564_27545912,17
chr13_27667411_27792482:chr13_27667411_27792482,14
chr13_27794768_27919999:chr13_27794768_27919999,21
chr13_27926313_27960917:chr13_27926313_27960917,7
chr13_27969315_27977716:chr13_27969315_27977716,0
chr13_27988693_28003273:chr13_27988693_28003273,2
chr13_28100576_28138544:chr13_28100576_28138544,5
chr13_28295335_28300345:chr13_28295335_28300345,0
chr13_28495128_28659129:chr13_28495128_28659129,31
chr13_28678959_28700079:chr13_28678959_28700079,4
chr13_28718970_28819962:chr13_28718970_28819962,12
chr13_29505947_29509413:chr13_29505947_29509413,2
chr13_29595688_29764370:chr13_29595688_29764370,22
chr13_29850617_30202629:chr13_29850617_30202629,46
chr13_30307551_30422492:chr13_30307551_30422492,16
chr13_30429758_30456703:chr13_30429758_30456703,3
chr13_30660766_30713484:chr13_30660766_30713484,8
chr13_30764426_30906270:chr13_30764426_30906270,30
chr13_30925572_30932655:chr13_30925572_30932655,0
chr13_30975500_31134972:chr13_30975500_31134972,33
chr13_31162388_31199974:chr13_31162388_31199974,3
chr13_31332276_31739525:chr13_31332276_31739525,36
chr13_31803389_32031773:chr13_31803389_32031773,20
chr13_32299125_32303698:chr13_32299125_32303698,0
chr13_32428130_32432484:chr13_32428130_32432484,0
chr13_32538868_32586451:chr13_32538868_32586451,5
chr13_32778019_33016422:chr13_32778019_33016422,35
chr13_33066143_33103136:chr13_33066143_33103136,3
chr13_33676794_33818148:chr13_33676794_33818148,11
chr13_33966558_34942269:chr13_33966558_34942269,85
chr13_35672736_35768651:chr13_35672736_35768651,12
chr13_36131939_36168216:chr13_36131939_36168216,5
chr13_36297814_36301637:chr13_36297814_36301637,2
chr13_36370180_36431954:chr13_36370180_36431954,7
chr13_36442870_36674019:chr13_36442870_36674019,23
chr13_36697839_36819221:chr13_36697839_36819221,16
chr13_36829104_36844830:chr13_36829104_36844830,6
chr13_36920238_36949737:chr13_36920238_36949737,1
chr13_36999367_37000785:chr13_36999367_37000785,3
chr13_37059688_37103258:chr13_37059688_37103258,2
chr13_37105664_37562584:chr13_37105664_37562584,52
chr13_37598768_37632062:chr13_37598768_37632062,2
chr13_37869772_38349850:chr13_37869772_38349850,22
chr13_38363619_38687076:chr13_38363619_38687076,28
chr13_38887131_38965924:chr13_38887131_38965924,13
chr13_38990831_39009864:chr13_38990831_39009864,2
chr13_39050109_39342891:chr13_39050109_39342891,28
chr13_39603193_39655626:chr13_39603193_39655626,6
chr13_39791666_40555666:chr13_39791666_40555666,81
chr13_40666641_40729127:chr13_40666641_40729127,6
chr13_40771190_40789610:chr13_40771190_40789610,1
chr13_40812460_40931918:chr13_40812460_40931918,14
chr13_41084006_41127568:chr13_41084006_41127568,3
chr13_41132802_41189833:chr13_41132802_41189833,13
chr13_41194569_41216368:chr13_41194569_41216368,3
chr13_41377030_41457549:chr13_41377030_41457549,9
chr13_41470871_41566834:chr13_41470871_41566834,23
chr13_41961109_42040069:chr13_41961109_42040069,10
chr13_42256584_42272151:chr13_42256584_42272151,6
chr13_42323261_42562735:chr13_42323261_42562735,25
chr13_42608013_42781583:chr13_42608013_42781583,15
chr13_42791549_42886387:chr13_42791549_42886387,19
chr13_42992241_43023585:chr13_42992241_43023585,2
chr13_43114213_43213129:chr13_43114213_43213129,9
chr13_43786972_43836351:chr13_43786972_43836351,8
chr13_43893932_44143149:chr13_43893932_44143149,21
chr13_44161257_44373646:chr13_44161257_44373646,35
chr13_44397714_44432142:chr13_44397714_44432142,9
chr13_44576565_44939248:chr13_44576565_44939248,51
chr13_45037669_45120509:chr13_45037669_45120509,14
chr13_45284893_45333470:chr13_45284893_45333470,2
chr13_45341183_45393315:chr13_45341183_45393315,11
chr13_45418373_45464938:chr13_45418373_45464938,6
chr13_45536701_45541293:chr13_45536701_45541293,4
chr13_45615739_45702319:chr13_45615739_45702319,10
chr13_45714559_45777241:chr13_45714559_45777241,8
chr13_45851753_45954464:chr13_45851753_45954464,12
chr13_46105033_46125922:chr13_46105033_46125922,6
chr13_46182177_46211927:chr13_46182177_46211927,6
chr13_46277115_46334680:chr13_46277115_46334680,2
chr13_46390042_46553169:chr13_46390042_46553169,11
chr13_46753041_46771255:chr13_46753041_46771255,8
chr13_46797161_46831545:chr13_46797161_46831545,7
chr13_46898082_47942655:chr13_46898082_47942655,96
chr13_48001273_48037725:chr13_48001273_48037725,2
chr13_48047221_48075723:chr13_48047221_48075723,16
chr13_48095104_48233205:chr13_48095104_48233205,18
chr13_48270357_48303750:chr13_48270357_48303750,5
chr13_48481890_48488962:chr13_48481890_48488962,6
chr13_48535895_48653928:chr13_48535895_48653928,20
chr13_48711226_48975911:chr13_48711226_48975911,40
chr13_49209779_49220337:chr13_49209779_49220337,4
chr13_49222377_49247924:chr13_49222377_49247924,4
chr13_49293485_49308649:chr13_49293485_49308649,1
chr13_49528992_49531945:chr13_49528992_49531945,2
chr13_49585558_49628506:chr13_49585558_49628506,4
chr13_49633872_49660673:chr13_49633872_49660673,9
chr13_49691487_49699319:chr13_49691487_49699319,5
chr13_49792682_49912701:chr13_49792682_49912701,15
chr13_49936340_49997041:chr13_49936340_49997041,5
chr13_50020922_50520932:chr13_50020922_50520932,124
chr13_50527449_50711025:chr13_50527449_50711025,36
chr13_50843939_50909677:chr13_50843939_50909677,9
chr13_50970460_51082118:chr13_50970460_51082118,19
chr13_51172388_51222397:chr13_51172388_51222397,2
chr13_51284239_51339690:chr13_51284239_51339690,4
chr13_51453036_51584461:chr13_51453036_51584461,12
chr13_51804163_51813346:chr13_51804163_51813346,2
chr13_51845177_51861968:chr13_51845177_51861968,2
chr13_51866232_51932668:chr13_51866232_51932668,25
chr13_52129073_52132646:chr13_52129073_52132646,2
chr13_52159597_52377166:chr13_52159597_52377166,15
chr13_52406172_52412605:chr13_52406172_52412605,1
chr13_52450634_52455477:chr13_52450634_52455477,5
chr13_52476627_52617524:chr13_52476627_52617524,6
chr13_52643773_52652835:chr13_52643773_52652835,3
chr13_52700909_52703263:chr13_52700909_52703263,2
chr13_52739820_52842888:chr13_52739820_52842888,9
chr13_52848640_53028812:chr13_52848640_53028812,19
chr13_53052057_57140917:chr13_53052057_57140917,299
chr13_57143939_57147487:chr13_57143939_57147487,0
chr13_57150509_57154060:chr13_57150509_57154060,0
chr13_57157082_57160631:chr13_57157082_57160631,0
chr13_57163653_57167196:chr13_57163653_57167196,0
chr13_57170218_57631743:chr13_57170218_57631743,36
chr13_57729311_59665582:chr13_57729311_59665582,131
chr13_60163928_60396456:chr13_60163928_60396456,26
chr13_60573879_61409684:chr13_60573879_61409684,69
chr13_61415849_66302833:chr13_61415849_66302833,340
chr13_67230336_69700596:chr13_67230336_69700596,171
chr13_70108452_71437965:chr13_70108452_71437965,87
chr13_71867204_72708366:chr13_71867204_72708366,82
chr13_73016461_73054975:chr13_73016461_73054975,3
chr13_73077538_73686088:chr13_73077538_73686088,58
chr13_74306045_75283502:chr13_74306045_75283502,77
chr13_75482169_75525213:chr13_75482169_75525213,4
chr13_75606020_75620433:chr13_75606020_75620433,1
chr13_75859870_76880174:chr13_75859870_76880174,100
chr13_76886405_76948510:chr13_76886405_76948510,8
chr13_76958638_76992080:chr13_76958638_76992080,3
chr13_77027159_77044656:chr13_77027159_77044656,5
chr13_77327094_77535705:chr13_77327094_77535705,20
chr13_77645263_77697686:chr13_77645263_77697686,5
chr13_77764229_77895480:chr13_77764229_77895480,14
chr13_77975527_78598361:chr13_77975527_78598361,52
chr13_78603552_78614288:chr13_78603552_78614288,3
chr13_78659155_79318867:chr13_78659155_79318867,62
chr13_79406255_79481154:chr13_79406255_79481154,15
chr13_79556077_80335975:chr13_79556077_80335975,68
chr13_80341126_83877204:chr13_80341126_83877204,493
chr13_83882474_85792789:chr13_83882474_85792789,138
chr13_85799419_87671370:chr13_85799419_87671370,119
chr13_87679616_91398620:chr13_87679616_91398620,1256
chr13_92867237_93226806:chr13_92867237_93226806,47
chr13_94408020_94436810:chr13_94408020_94436810,4
chr13_94549406_94574053:chr13_94549406_94574053,3
chr13_94596152_94601856:chr13_94596152_94601856,2
chr13_94634661_94709621:chr13_94634661_94709621,11
chr13_94712545_95019834:chr13_94712545_95019834,34
chr13_95301451_95433754:chr13_95301451_95433754,18
chr13_95644706_95677138:chr13_95644706_95677138,9
chr13_95794988_95801579:chr13_95794988_95801579,2
chr13_96053401_96090106:chr13_96053401_96090106,3
chr13_96839562_96985712:chr13_96839562_96985712,15
chr13_96994730_97141833:chr13_96994730_97141833,19
chr13_97394120_97434168:chr13_97394120_97434168,6
chr13_97469128_97953674:chr13_97469128_97953674,60
chr13_98024296_98142588:chr13_98024296_98142588,17
chr13_98577107_98683800:chr13_98577107_98683800,21
chr13_98752672_98793428:chr13_98752672_98793428,9
chr13_99086694_99200853:chr13_99086694_99200853,9
chr13_99386504_99501471:chr13_99386504_99501471,20
chr13_99564048_99606689:chr13_99564048_99606689,4
chr13_99909444_99962963:chr13_99909444_99962963,7
chr13_99971767_99981783:chr13_99971767_99981783,2
chr13_99986765_100089092:chr13_99986765_100089092,15
chr13_100588789_100603624:chr13_100588789_100603624,7
chr13_100674795_101053775:chr13_100674795_101053775,43
chr13_101416508_101452674:chr13_101416508_101452674,4
chr13_102402443_102596985:chr13_102402443_102596985,16
chr13_102679958_102685746:chr13_102679958_102685746,1
chr13_102695044_102729366:chr13_102695044_102729366,9
chr13_102759072_102765887:chr13_102759072_102765887,3
chr13_102773786_102784280:chr13_102773786_102784280,5
chr13_102875995_102880098:chr13_102875995_102880098,1
chr13_102896033_103043997:chr13_102896033_103043997,16
chr13_103066417_105465866:chr13_103066417_105465866,194
chr13_105491034_106489744:chr13_105491034_106489744,85
chr13_106535662_106541672:chr13_106535662_106541672,1
chr13_106568137_107163509:chr13_106568137_107163509,58
chr13_107867496_108207441:chr13_107867496_108207441,149
chr13_108234243_108269628:chr13_108234243_108269628,0
chr13_108308484_108595904:chr13_108308484_108595904,34
chr13_109208005_109752694:chr13_109208005_109752694,70
chr13_109786583_110148962:chr13_109786583_110148962,51
chr13_110513209_110523065:chr13_110513209_110523065,9
chr13_110561722_110615459:chr13_110561722_110615459,2
chr13_110639996_110641409:chr13_110639996_110641409,4
chr13_110706515_110712622:chr13_110706515_110712622,1
chr13_110723339_110878539:chr13_110723339_110878539,19
chr13_110915069_111114618:chr13_110915069_111114618,31
chr13_111305734_111316184:chr13_111305734_111316184,4
chr13_111344248_112067148:chr13_111344248_112067148,85
chr13_112071706_112376354:chr13_112071706_112376354,37
chr13_112434689_112485010:chr13_112434689_112485010,9
chr13_112588153_112690037:chr13_112588153_112690037,18
chr13_112887168_112969213:chr13_112887168_112969213,9
chr13_113099742_113105787:chr13_113099742_113105787,0
chr13_113120685_113122798:chr13_113120685_113122798,1
chr13_113149529_113158647:chr13_113149529_113158647,5
chr13_113172386_113177535:chr13_113172386_113177535,10
chr13_113267108_113297238:chr13_113267108_113297238,4
chr13_113364148_113399609:chr13_113364148_113399609,5
chr13_113453488_113455818:chr13_113453488_113455818,6
chr13_113550229_113584687:chr13_113550229_113584687,5
chr13_113641473_113648803:chr13_113641473_113648803,3
chr13_113658198_113667218:chr13_113658198_113667218,1
chr13_113737736_113759225:chr13_113737736_113759225,5
chr13_113816995_113820548:chr13_113816995_113820548,0
chr13_113864076_113953704:chr13_113864076_113953704,17
chr13_113974076_113977782:chr13_113974076_113977782,4
chr13_114132623_114179256:chr13_114132623_114179256,5
chr13_114223085_114234896:chr13_114223085_114234896,5
chr13_114272723_114281600:chr13_114272723_114281600,10
chr13_114305817_114314502:chr13_114305817_114314502,6
chr13_114327322_114364328:chr13_114327322_114364328,3
chr14_0_18601116:chr14_0_18601116,3
chr14_18602097_18967433:chr14_18602097_18967433,5
chr14_19003752_19402485:chr14_19003752_19402485,3
chr14_19434341_19712935:chr14_19434341_19712935,0
chr14_19713883_19747427:chr14_19713883_19747427,1
chr14_19748369_19773503:chr14_19748369_19773503,4
chr14_19783696_19803769:chr14_19783696_19803769,2
chr14_19830253_19875141:chr14_19830253_19875141,3
chr14_19883932_19920606:chr14_19883932_19920606,9
chr14_19921578_19930916:chr14_19921578_19930916,1
chr14_19936757_19975590:chr14_19936757_19975590,3
chr14_19976565_20014142:chr14_19976565_20014142,3
chr14_20019307_20029398:chr14_20019307_20029398,1
chr14_20036038_20060044:chr14_20036038_20060044,2
chr14_20060983_20110738:chr14_20060983_20110738,9
chr14_20122199_20138819:chr14_20122199_20138819,6
chr14_20145471_20190895:chr14_20145471_20190895,5
chr14_20201075_20223709:chr14_20201075_20223709,2
chr14_20224702_20239285:chr14_20224702_20239285,0
chr14_20244349_20286226:chr14_20244349_20286226,6
chr14_20305951_20311369:chr14_20305951_20311369,1
chr14_20333279_20343634:chr14_20333279_20343634,2
chr14_20357904_20365666:chr14_20357904_20365666,3
chr14_20413501_20425851:chr14_20413501_20425851,4
chr14_20436166_20446400:chr14_20436166_20446400,9
chr14_20461434_20469405:chr14_20461434_20469405,2
chr14_20477089_20504232:chr14_20477089_20504232,5
chr14_20513884_20556092:chr14_20513884_20556092,10
chr14_20560931_20582891:chr14_20560931_20582891,1
chr14_20591376_20640695:chr14_20591376_20640695,5
chr14_20641691_20684176:chr14_20641691_20684176,5
chr14_20701216_20745886:chr14_20701216_20745886,7
chr14_20748380_20768403:chr14_20748380_20768403,9
chr14_20770948_20781267:chr14_20770948_20781267,2
chr14_20782467_20801227:chr14_20782467_20801227,5
chr14_20802844_20891384:chr14_20802844_20891384,13
chr14_20892348_20955486:chr14_20892348_20955486,10
chr14_20956436_20989979:chr14_20956436_20989979,9
chr14_20997035_20999292:chr14_20997035_20999292,2
chr14_21001871_21016762:chr14_21001871_21016762,2
chr14_21104722_21154864:chr14_21104722_21154864,10
chr14_21156063_21209146:chr14_21156063_21209146,9
chr14_21269442_21280082:chr14_21269442_21280082,3
chr14_21384019_21385198:chr14_21384019_21385198,3
chr14_21456123_21459019:chr14_21456123_21459019,2
chr14_21511340_21521079:chr14_21511340_21521079,4
chr14_21537121_21568519:chr14_21537121_21568519,5
chr14_21580076_21633835:chr14_21580076_21633835,6
chr14_21634940_21653834:chr14_21634940_21653834,4
chr14_21673818_22564906:chr14_21673818_22564906,95
chr14_22589224_22598299:chr14_22589224_22598299,3
chr14_22612963_22630928:chr14_22612963_22630928,5
chr14_22644352_22766687:chr14_22644352_22766687,18
chr14_22819791_22829886:chr14_22819791_22829886,3
chr14_22835037_22836584:chr14_22835037_22836584,5
chr14_22847758_22871739:chr14_22847758_22871739,10
chr14_22881713_22883221:chr14_22881713_22883221,4
chr14_22887678_22893203:chr14_22887678_22893203,3
chr14_22919149_22920528:chr14_22919149_22920528,10
chr14_22929376_22946227:chr14_22929376_22946227,12
chr14_22957090_22971176:chr14_22957090_22971176,5
chr14_22982551_22985893:chr14_22982551_22985893,4
chr14_23010143_23025850:chr14_23010143_23025850,8
chr14_23035220_23042211:chr14_23035220_23042211,2
chr14_23044060_23047066:chr14_23044060_23047066,2
chr14_23057520_23058563:chr14_23057520_23058563,7
chr14_23104989_23117305:chr14_23104989_23117305,7
chr14_23119255_23125294:chr14_23119255_23125294,3
chr14_23183660_23185335:chr14_23183660_23185335,2
chr14_23286132_23295651:chr14_23286132_23295651,3
chr14_23302859_23306832:chr14_23302859_23306832,7
chr14_23326163_23346310:chr14_23326163_23346310,5
chr14_23352887_23356405:chr14_23352887_23356405,1
chr14_23365172_23372808:chr14_23365172_23372808,1
chr14_23379772_23381986:chr14_23379772_23381986,1
chr14_23408273_23412739:chr14_23408273_23412739,0
chr14_23435660_23469702:chr14_23435660_23469702,15
chr14_23478826_23520856:chr14_23478826_23520856,14
chr14_23551765_23555981:chr14_23551765_23555981,2
chr14_23578790_23630114:chr14_23578790_23630114,6
chr14_23645639_23953769:chr14_23645639_23953769,33
chr14_24006408_24052008:chr14_24006408_24052008,6
chr14_24069729_24070948:chr14_24069729_24070948,0
chr14_24125242_24130658:chr14_24125242_24130658,2
chr14_24132847_24136193:chr14_24132847_24136193,1
chr14_24141591_24143364:chr14_24141591_24143364,1
chr14_24166565_24172079:chr14_24166565_24172079,0
chr14_24195441_24205695:chr14_24195441_24205695,9
chr14_24208248_24209614:chr14_24208248_24209614,6
chr14_24242674_24249113:chr14_24242674_24249113,5
chr14_24263177_24265537:chr14_24263177_24265537,2
chr14_24271627_24290597:chr14_24271627_24290597,9
chr14_24339991_24366910:chr14_24339991_24366910,4
chr14_24379604_24399002:chr14_24379604_24399002,7
chr14_24419283_24426544:chr14_24419283_24426544,2
chr14_24442843_24505352:chr14_24442843_24505352,11
chr14_24508265_24573517:chr14_24508265_24573517,7
chr14_24576250_24606479:chr14_24576250_24606479,3
chr14_24609685_24630953:chr14_24609685_24630953,1
chr14_24634190_24809453:chr14_24634190_24809453,27
chr14_25050147_26443089:chr14_25050147_26443089,125
chr14_26598033_28766786:chr14_26598033_28766786,182
chr14_28770277_29576478:chr14_28770277_29576478,90
chr14_29927847_30559157:chr14_29927847_30559157,57
chr14_30620064_30622253:chr14_30620064_30622253,2
chr14_30735850_30874558:chr14_30735850_30874558,13
chr14_30890618_30893803:chr14_30890618_30893803,2
chr14_31096450_31100116:chr14_31096450_31100116,5
chr14_31207793_31291787:chr14_31207793_31291787,14
chr14_31420550_31446035:chr14_31420550_31446035,4
chr14_31457506_31482874:chr14_31457506_31482874,5
chr14_31488039_31561403:chr14_31488039_31561403,9
chr14_31861224_32077303:chr14_31861224_32077303,28
chr14_32159728_32329297:chr14_32159728_32329297,19
chr14_32837684_32938878:chr14_32837684_32938878,16
chr14_33804173_33924226:chr14_33804173_33924226,31
chr14_33951074_34432787:chr14_33951074_34432787,67
chr14_34462240_34515937:chr14_34462240_34515937,8
chr14_34539701_34561092:chr14_34539701_34561092,1
chr14_34630148_34709112:chr14_34630148_34709112,10
chr14_34714593_34752730:chr14_34714593_34752730,8
chr14_34875360_34982991:chr14_34875360_34982991,20
chr14_35029567_35044906:chr14_35029567_35044906,4
chr14_35083383_35085471:chr14_35083383_35085471,0
chr14_35317493_35401512:chr14_35317493_35401512,20
chr14_35404749_35534163:chr14_35404749_35534163,16
chr14_35537054_35538355:chr14_35537054_35538355,1
chr14_35809295_35826337:chr14_35809295_35826337,2
chr14_35871963_36298563:chr14_35871963_36298563,44
chr14_36320637_36473287:chr14_36320637_36473287,16
chr14_36520232_36580003:chr14_36520232_36580003,6
chr14_36582614_36657567:chr14_36582614_36657567,20
chr14_37172606_37197936:chr14_37172606_37197936,4
chr14_37552361_37589551:chr14_37552361_37589551,3
chr14_37842717_38207903:chr14_37842717_38207903,29
chr14_38213067_38253999:chr14_38213067_38253999,3
chr14_38256093_39031918:chr14_38256093_39031918,63
chr14_39103235_39114322:chr14_39103235_39114322,2
chr14_39136973_39147813:chr14_39136973_39147813,5
chr14_39170333_39175253:chr14_39170333_39175253,1
chr14_39183220_39233914:chr14_39183220_39233914,9
chr14_39388522_39397683:chr14_39388522_39397683,2
chr14_39432433_41606875:chr14_39432433_41606875,151
chr14_41904549_44504148:chr14_41904549_44504148,163
chr14_44507283_44897274:chr14_44507283_44897274,36
chr14_44907257_44924323:chr14_44907257_44924323,1
chr14_45074431_45084115:chr14_45074431_45084115,2
chr14_45134481_45135929:chr14_45134481_45135929,1
chr14_45200890_45203189:chr14_45200890_45203189,1
chr14_45253202_46651009:chr14_45253202_46651009,96
chr14_46651781_46839622:chr14_46651781_46839622,10
chr14_47675605_49570987:chr14_47675605_49570987,150
chr14_49614672_49618529:chr14_49614672_49618529,0
chr14_49623481_49625173:chr14_49623481_49625173,2
chr14_49635244_49643554:chr14_49635244_49643554,2
chr14_49688214_49693119:chr14_49688214_49693119,0
chr14_49753150_49768152:chr14_49753150_49768152,1
chr14_49852788_49893081:chr14_49852788_49893081,6
chr14_49897054_50108636:chr14_49897054_50108636,40
chr14_50231578_50242433:chr14_50231578_50242433,4
chr14_50397298_50418520:chr14_50397298_50418520,6
chr14_50668306_50719762:chr14_50668306_50719762,4
chr14_50831162_50872052:chr14_50831162_50872052,4
chr14_50944483_50975265:chr14_50944483_50975265,7
chr14_51095105_51240246:chr14_51095105_51240246,14
chr14_51257655_51489127:chr14_51257655_51489127,37
chr14_51730727_51826173:chr14_51730727_51826173,6
chr14_51969795_51989545:chr14_51969795_51989545,2
chr14_52069059_52267697:chr14_52069059_52267697,24
chr14_52276724_52314311:chr14_52276724_52314311,7
chr14_52328598_52430595:chr14_52328598_52430595,15
chr14_52637713_52639914:chr14_52637713_52639914,2
chr14_52695558_52707199:chr14_52695558_52707199,1
chr14_52728590_52730165:chr14_52728590_52730165,1
chr14_52791607_52857272:chr14_52791607_52857272,6
chr14_52951050_53036754:chr14_52951050_53036754,10
chr14_53153323_53949735:chr14_53153323_53949735,66
chr14_53956891_54397006:chr14_53956891_54397006,42
chr14_54420218_54423560:chr14_54420218_54423560,2
chr14_54441374_54474484:chr14_54441374_54474484,6
chr14_54488980_54509905:chr14_54488980_54509905,0
chr14_54539292_54567127:chr14_54539292_54567127,5
chr14_54793315_54842016:chr14_54793315_54842016,9
chr14_54902826_54938948:chr14_54902826_54938948,3
chr14_55049489_55051646:chr14_55049489_55051646,3
chr14_55070194_55129251:chr14_55070194_55129251,11
chr14_55145430_55148134:chr14_55145430_55148134,6
chr14_55191585_55271420:chr14_55191585_55271420,10
chr14_55353611_55366390:chr14_55353611_55366390,5
chr14_55411830_55414209:chr14_55411830_55414209,1
chr14_55440616_55580206:chr14_55440616_55580206,20
chr14_55684584_56118410:chr14_55684584_56118410,61
chr14_56301524_56579797:chr14_56301524_56579797,42
chr14_56649515_56799904:chr14_56649515_56799904,24
chr14_56810479_57200506:chr14_56810479_57200506,54
chr14_57298742_57390585:chr14_57298742_57390585,10
chr14_57415906_57469299:chr14_57415906_57469299,8
chr14_57493857_57563919:chr14_57493857_57563919,6
chr14_57866092_58000760:chr14_57866092_58000760,23
chr14_58152213_58200148:chr14_58152213_58200148,4
chr14_58235636_58244842:chr14_58235636_58244842,4
chr14_58272004_58298554:chr14_58272004_58298554,11
chr14_58373876_58395929:chr14_58373876_58395929,6
chr14_58551297_58634060:chr14_58551297_58634060,12
chr14_58648321_59188666:chr14_58648321_59188666,59
chr14_59371405_59460758:chr14_59371405_59460758,7
chr14_59465380_59472605:chr14_59465380_59472605,5
chr14_59576812_59595975:chr14_59576812_59595975,1
chr14_59870776_59919712:chr14_59870776_59919712,1
chr14_60066817_60091910:chr14_60066817_60091910,1
chr14_60169889_60245749:chr14_60169889_60245749,10
chr14_60299087_60435955:chr14_60299087_60435955,9
chr14_60486063_60509145:chr14_60486063_60509145,3
chr14_60512850_60643420:chr14_60512850_60643420,14
chr14_60649477_60709538:chr14_60649477_60709538,8
chr14_60724351_60734760:chr14_60724351_60734760,4
chr14_60969965_60971440:chr14_60969965_60971440,0
chr14_61083733_61277369:chr14_61083733_61277369,25
chr14_61281338_61321578:chr14_61281338_61321578,3
chr14_61550976_61695512:chr14_61550976_61695512,24
chr14_61748258_61762419:chr14_61748258_61762419,3
chr14_61796428_61812161:chr14_61796428_61812161,3
chr14_62112550_62699463:chr14_62112550_62699463,49
chr14_63045458_63204442:chr14_63045458_63204442,15
chr14_63293508_63312834:chr14_63293508_63312834,0
chr14_63318935_63371363:chr14_63318935_63371363,11
chr14_63543377_63597038:chr14_63543377_63597038,10
chr14_63641871_63684215:chr14_63641871_63684215,10
chr14_63728065_63853003:chr14_63728065_63853003,10
chr14_64338613_64388352:chr14_64338613_64388352,5
chr14_64533693_64535904:chr14_64533693_64535904,0
chr14_64543237_64549960:chr14_64543237_64549960,2
chr14_64589381_64704423:chr14_64589381_64704423,14
chr14_64879907_64914360:chr14_64879907_64914360,5
chr14_65102695_65410591:chr14_65102695_65410591,42
chr14_65744121_66486370:chr14_65744121_66486370,102
chr14_66498553_66508146:chr14_66498553_66508146,1
chr14_67181803_67189439:chr14_67181803_67189439,2
chr14_67228558_67241434:chr14_67228558_67241434,1
chr14_67336061_67337871:chr14_67336061_67337871,1
chr14_67412165_67470268:chr14_67412165_67470268,7
chr14_67600301_67619919:chr14_67600301_67619919,6
chr14_67674632_67676799:chr14_67674632_67676799,5
chr14_67695764_67701885:chr14_67695764_67701885,1
chr14_67734451_67746521:chr14_67734451_67746521,4
chr14_67816590_67819778:chr14_67816590_67819778,2
chr14_68683096_68787654:chr14_68683096_68787654,26
chr14_68796243_68874127:chr14_68796243_68874127,18
chr14_68979302_69050880:chr14_68979302_69050880,17
chr14_69153197_69191497:chr14_69153197_69191497,6
chr14_69244018_69260157:chr14_69244018_69260157,2
chr14_69357042_69380127:chr14_69357042_69380127,7
chr14_69462390_69484727:chr14_69462390_69484727,7
chr14_69531551_69569798:chr14_69531551_69569798,6
chr14_69574871_69611595:chr14_69574871_69611595,10
chr14_69715144_69767141:chr14_69715144_69767141,12
chr14_69772005_69775415:chr14_69772005_69775415,1
chr14_69797241_69879415:chr14_69797241_69879415,8
chr14_70032366_70044214:chr14_70032366_70044214,2
chr14_70188951_70325080:chr14_70188951_70325080,20
chr14_70417090_70452173:chr14_70417090_70452173,2
chr14_70459905_70522357:chr14_70459905_70522357,3
chr14_70535004_70583220:chr14_70535004_70583220,8
chr14_70600655_70641915:chr14_70600655_70641915,7
chr14_70675366_70722525:chr14_70675366_70722525,3
chr14_70809513_70907458:chr14_70809513_70907458,15
chr14_71115382_71320475:chr14_71115382_71320475,32
chr14_71741209_71932170:chr14_71741209_71932170,22
chr14_72566530_72609033:chr14_72566530_72609033,7
chr14_72894101_72926463:chr14_72894101_72926463,7
chr14_72962098_72969444:chr14_72962098_72969444,1
chr14_73027106_73058533:chr14_73027106_73058533,4
chr14_73123899_73136506:chr14_73123899_73136506,6
chr14_73223691_73237505:chr14_73223691_73237505,3
chr14_73458546_73478483:chr14_73458546_73478483,5
chr14_73558947_73567619:chr14_73558947_73567619,1
chr14_73575658_73591872:chr14_73575658_73591872,2
chr14_73595766_73610944:chr14_73595766_73610944,0
chr14_73619888_73644985:chr14_73619888_73644985,2
chr14_73703732_73711782:chr14_73703732_73711782,1
chr14_73787208_73851830:chr14_73787208_73851830,11
chr14_73885726_73886858:chr14_73885726_73886858,1
chr14_74201493_74239448:chr14_74201493_74239448,5
chr14_74262738_74285268:chr14_74262738_74285268,7
chr14_74302934_74348470:chr14_74302934_74348470,9
chr14_74360008_74405898:chr14_74360008_74405898,8
chr14_74426210_74479934:chr14_74426210_74479934,11
chr14_74497106_74498182:chr14_74497106_74498182,5
chr14_74612237_74661255:chr14_74612237_74661255,13
chr14_74738620_74763315:chr14_74738620_74763315,2
chr14_74837318_74853032:chr14_74837318_74853032,3
chr14_74876145_74881915:chr14_74876145_74881915,2
chr14_74923260_74941829:chr14_74923260_74941829,4
chr14_74955764_75002920:chr14_74955764_75002920,6
chr14_75012366_75013774:chr14_75012366_75013774,5
chr14_75051467_75053242:chr14_75051467_75053242,0
chr14_75127048_75131468:chr14_75127048_75131468,1
chr14_75176612_75278827:chr14_75176612_75278827,20
chr14_75282230_75427723:chr14_75282230_75427723,33
chr14_75474107_75522468:chr14_75474107_75522468,8
chr14_75546992_75578619:chr14_75546992_75578619,8
chr14_75648167_75649790:chr14_75648167_75649790,0
chr14_75955079_75958096:chr14_75955079_75958096,1
chr14_75983011_75985762:chr14_75983011_75985762,1
chr14_76084073_76151921:chr14_76084073_76151921,6
chr14_76214343_76371270:chr14_76214343_76371270,73
chr14_76501837_76761467:chr14_76501837_76761467,39
chr14_76783015_76786008:chr14_76783015_76786008,4
chr14_76812882_76826407:chr14_76812882_76826407,0
chr14_76870304_77024542:chr14_76870304_77024542,38
chr14_77028708_77098257:chr14_77028708_77098257,8
chr14_77117287_77131269:chr14_77117287_77131269,3
chr14_77141791_77181797:chr14_77141791_77181797,5
chr14_77259495_77265482:chr14_77259495_77265482,0
chr14_77271206_77274955:chr14_77271206_77274955,1
chr14_77331597_77335020:chr14_77331597_77335020,5
chr14_77392163_77394020:chr14_77392163_77394020,1
chr14_77423523_77426674:chr14_77423523_77426674,1
chr14_77469472_77474393:chr14_77469472_77474393,4
chr14_77498816_77505996:chr14_77498816_77505996,1
chr14_77616637_77672403:chr14_77616637_77672403,7
chr14_77761156_77800108:chr14_77761156_77800108,8
chr14_77935014_78170372:chr14_77935014_78170372,24
chr14_79868291_80197525:chr14_79868291_80197525,30
chr14_80231057_80496478:chr14_80231057_80496478,23
chr14_80941738_80955620:chr14_80941738_80955620,4
chr14_81146306_81175451:chr14_81146306_81175451,3
chr14_81221390_81260651:chr14_81221390_81260651,6
chr14_81436465_81471546:chr14_81436465_81471546,4
chr14_81533853_85530143:chr14_81533853_85530143,321
chr14_85654428_87933013:chr14_85654428_87933013,165
chr14_87993665_88005134:chr14_87993665_88005134,1
chr14_88014811_88180107:chr14_88014811_88180107,18
chr14_88326912_88385656:chr14_88326912_88385656,4
chr14_88438460_88465777:chr14_88438460_88465777,1
chr14_88555007_88563036:chr14_88555007_88563036,1
chr14_88792953_88824152:chr14_88792953_88824152,0
chr14_88881079_89156176:chr14_88881079_89156176,36
chr14_89619165_89794668:chr14_89619165_89794668,17
chr14_89954777_89955926:chr14_89954777_89955926,0
chr14_90044764_90061993:chr14_90044764_90061993,4
chr14_90185853_90256552:chr14_90185853_90256552,10
chr14_90331941_90396501:chr14_90331941_90396501,6
chr14_90408268_90524563:chr14_90408268_90524563,18
chr14_90816430_90847860:chr14_90816430_90847860,2
chr14_91225632_91232531:chr14_91225632_91232531,7
chr14_91253880_91271322:chr14_91253880_91271322,10
chr14_91417820_91457507:chr14_91417820_91457507,11
chr14_91510554_91580697:chr14_91510554_91580697,7
chr14_91732086_91779745:chr14_91732086_91779745,6
chr14_91867536_91869410:chr14_91867536_91869410,2
chr14_91947694_91965990:chr14_91947694_91965990,2
chr14_92040059_92058551:chr14_92040059_92058551,3
chr14_92106582_92116122:chr14_92106582_92116122,4
chr14_92172145_92322580:chr14_92172145_92322580,24
chr14_92501481_92513780:chr14_92501481_92513780,3
chr14_92688994_92703808:chr14_92688994_92703808,4
chr14_92748627_92794304:chr14_92748627_92794304,7
chr14_92839947_92923149:chr14_92839947_92923149,13
chr14_92935285_92936913:chr14_92935285_92936913,2
chr14_93115925_93182198:chr14_93115925_93182198,10
chr14_93188463_93202893:chr14_93188463_93202893,4
chr14_93229215_93237549:chr14_93229215_93237549,1
chr14_93707876_93718297:chr14_93707876_93718297,3
chr14_93788485_93918893:chr14_93788485_93918893,18
chr14_93929608_93934165:chr14_93929608_93934165,2
chr14_93976570_93997300:chr14_93976570_93997300,2
chr14_94008863_94026339:chr14_94008863_94026339,7
chr14_94102709_94110735:chr14_94102709_94110735,2
chr14_94116690_94127780:chr14_94116690_94127780,3
chr14_94129604_94174321:chr14_94129604_94174321,6
chr14_94293268_94304247:chr14_94293268_94304247,5
chr14_94323336_94364317:chr14_94323336_94364317,4
chr14_94366702_94376746:chr14_94366702_94376746,0
chr14_94390635_94442463:chr14_94390635_94442463,8
chr14_94452800_94462720:chr14_94452800_94462720,2
chr14_94476197_94487278:chr14_94476197_94487278,3
chr14_94517844_94561441:chr14_94517844_94561441,4
chr14_94569906_94581425:chr14_94569906_94581425,3
chr14_94593118_94612390:chr14_94593118_94612390,2
chr14_94624053_94768222:chr14_94624053_94768222,17
chr14_94770113_95086227:chr14_94770113_95086227,52
chr14_95158010_95181939:chr14_95158010_95181939,2
chr14_95319908_95407265:chr14_95319908_95407265,20
chr14_95516650_95535049:chr14_95516650_95535049,9
chr14_95544714_95686425:chr14_95544714_95686425,26
chr14_95692628_95709946:chr14_95692628_95709946,3
chr14_95714125_96039361:chr14_95714125_96039361,32
chr14_96093971_96204838:chr14_96093971_96204838,17
chr14_96244164_96256209:chr14_96244164_96256209,3
chr14_96264763_96279194:chr14_96264763_96279194,2
chr14_96387290_96392127:chr14_96387290_96392127,0
chr14_96489427_96502375:chr14_96489427_96502375,1
chr14_96567116_96797381:chr14_96567116_96797381,59
chr14_96881609_96943578:chr14_96881609_96943578,21
chr14_96945394_99169286:chr14_96945394_99169286,323
chr14_99272197_99397747:chr14_99272197_99397747,10
chr14_99680569_99684297:chr14_99680569_99684297,3
chr14_99727301_99737721:chr14_99727301_99737721,2
chr14_99942060_99971421:chr14_99942060_99971421,5
chr14_100159645_100239143:chr14_100159645_100239143,16
chr14_100282788_100291115:chr14_100282788_100291115,0
chr14_100306444_100323338:chr14_100306444_100323338,4
chr14_100330421_100333789:chr14_100330421_100333789,3
chr14_100530303_100537146:chr14_100530303_100537146,2
chr14_100587417_100726891:chr14_100587417_100726891,32
chr14_100738224_100879752:chr14_100738224_100879752,26
chr14_100903722_101561350:chr14_100903722_101561350,101
chr14_101563452_101760572:chr14_101563452_101760572,34
chr14_101927992_101964572:chr14_101927992_101964572,9
chr14_102056443_102080741:chr14_102056443_102080741,5
chr14_102305164_102317505:chr14_102305164_102317505,0
chr14_102342367_102348281:chr14_102342367_102348281,4
chr14_102509776_102592648:chr14_102509776_102592648,14
chr14_102730561_102777448:chr14_102730561_102777448,13
chr14_102911500_102922662:chr14_102911500_102922662,7
chr14_102930842_102932379:chr14_102930842_102932379,2
chr14_103057549_103084209:chr14_103057549_103084209,9
chr14_103090027_103094724:chr14_103090027_103094724,1
chr14_103110559_103123460:chr14_103110559_103123460,5
chr14_103137439_103334236:chr14_103137439_103334236,42
chr14_103345025_103385414:chr14_103345025_103385414,3
chr14_103503831_103519666:chr14_103503831_103519666,12
chr14_103522830_103529195:chr14_103522830_103529195,5
chr14_103537073_103556550:chr14_103537073_103556550,7
chr14_103590899_103629210:chr14_103590899_103629210,7
chr14_103847575_103912287:chr14_103847575_103912287,9
chr14_103921529_103928455:chr14_103921529_103928455,0
chr14_104052667_104085699:chr14_104052667_104085699,3
chr14_104115582_104138586:chr14_104115582_104138586,5
chr14_104180894_104579763:chr14_104180894_104579763,47
chr14_104604772_104689617:chr14_104604772_104689617,11
chr14_104722535_104724228:chr14_104722535_104724228,3
chr14_104747325_104753146:chr14_104747325_104753146,2
chr14_104759654_104769348:chr14_104759654_104769348,13
chr14_104795748_104800553:chr14_104795748_104800553,3
chr14_104804712_104865267:chr14_104804712_104865267,15
chr14_104896747_104924878:chr14_104896747_104924878,9
chr14_104978374_104985787:chr14_104978374_104985787,3
chr14_104995516_105009572:chr14_104995516_105009572,5
chr14_105021083_105049394:chr14_105021083_105049394,11
chr14_105065430_105140994:chr14_105065430_105140994,10
chr14_105168776_105172938:chr14_105168776_105172938,1
chr14_105181312_105209285:chr14_105181312_105209285,9
chr14_105413859_105419826:chr14_105413859_105419826,6
chr14_105470729_105472944:chr14_105470729_105472944,7
chr14_105480170_105486885:chr14_105480170_105486885,0
chr14_105499248_105526582:chr14_105499248_105526582,3
chr14_105530198_107043718:chr14_105530198_107043718,124
chr15_0_20531855:chr15_0_20531855,23
chr15_20541800_20835371:chr15_20541800_20835371,5
chr15_20866314_21405400:chr15_20866314_21405400,8
chr15_21440499_21637908:chr15_21440499_21637908,0
chr15_21638992_21651843:chr15_21638992_21651843,0
chr15_21652968_21846328:chr15_21652968_21846328,0
chr15_21877735_22080526:chr15_21877735_22080526,1
chr15_22081610_22094521:chr15_22081610_22094521,1
chr15_22095862_22458902:chr15_22095862_22458902,14
chr15_22469226_22786224:chr15_22469226_22786224,4
chr15_22829789_22838665:chr15_22829789_22838665,4
chr15_22980898_22983024:chr15_22980898_22983024,2
chr15_23039569_23127065:chr15_23039569_23127065,12
chr15_23136822_23354747:chr15_23136822_23354747,1
chr15_23368489_23439037:chr15_23368489_23439037,4
chr15_23447243_23565673:chr15_23447243_23565673,22
chr15_23568044_23643548:chr15_23568044_23643548,18
chr15_23647867_23685399:chr15_23647867_23685399,6
chr15_23687305_24675774:chr15_23687305_24675774,72
chr15_24683393_24823636:chr15_24683393_24823636,10
chr15_24978723_25333727:chr15_24978723_25333727,61
chr15_25439056_25678711:chr15_25439056_25678711,38
chr15_25863327_26543551:chr15_25863327_26543551,98
chr15_26773763_26866718:chr15_26773763_26866718,14
chr15_26949208_26971180:chr15_26949208_26971180,5
chr15_27541984_27754874:chr15_27541984_27754874,37
chr15_28099315_28111039:chr15_28099315_28111039,11
chr15_28322179_28378663:chr15_28322179_28378663,0
chr15_28392021_28519610:chr15_28392021_28519610,1
chr15_28532971_28698582:chr15_28532971_28698582,0
chr15_28712421_28841831:chr15_28712421_28841831,1
chr15_28848644_28885973:chr15_28848644_28885973,8
chr15_29675409_29699366:chr15_29675409_29699366,8
chr15_29969049_30082954:chr15_29969049_30082954,15
chr15_30096690_30135050:chr15_30096690_30135050,0
chr15_30148748_30360565:chr15_30148748_30360565,1
chr15_30393661_30400561:chr15_30393661_30400561,0
chr15_30414260_30552049:chr15_30414260_30552049,0
chr15_30565684_30604027:chr15_30565684_30604027,0
chr15_30617752_30626127:chr15_30617752_30626127,0
chr15_30638810_30903851:chr15_30638810_30903851,49
chr15_30991628_31001064:chr15_30991628_31001064,2
chr15_31161160_31326834:chr15_31161160_31326834,26
chr15_31435665_31475397:chr15_31435665_31475397,11
chr15_31870673_32030514:chr15_31870673_32030514,23
chr15_32173018_32389598:chr15_32173018_32389598,3
chr15_32403292_32441913:chr15_32403292_32441913,0
chr15_32455634_32593455:chr15_32455634_32593455,1
chr15_32607237_32615143:chr15_32607237_32615143,0
chr15_32697098_32718003:chr15_32697098_32718003,5
chr15_32745106_32765543:chr15_32745106_32765543,1
chr15_33194714_33310966:chr15_33194714_33310966,18
chr15_34067458_34084016:chr15_34067458_34084016,4
chr15_34108686_34140673:chr15_34108686_34140673,6
chr15_34210096_34225015:chr15_34210096_34225015,7
chr15_34338057_34341718:chr15_34338057_34341718,3
chr15_34367196_34379067:chr15_34367196_34379067,0
chr15_34437808_34525094:chr15_34437808_34525094,12
chr15_34583651_34751031:chr15_34583651_34751031,71
chr15_34754998_34790229:chr15_34754998_34790229,7
chr15_34795549_34851781:chr15_34795549_34851781,12
chr15_34969742_34978340:chr15_34969742_34978340,5
chr15_34988287_35083409:chr15_34988287_35083409,15
chr15_35085295_35370879:chr15_35085295_35370879,31
chr15_35546165_36579625:chr15_35546165_36579625,149
chr15_36810244_36889203:chr15_36810244_36889203,12
chr15_37101311_37934639:chr15_37101311_37934639,120
chr15_37995036_38252835:chr15_37995036_38252835,43
chr15_38357249_38454126:chr15_38357249_38454126,19
chr15_38564814_39581078:chr15_38564814_39581078,200
chr15_39782841_39799007:chr15_39782841_39799007,4
chr15_39920266_39934114:chr15_39920266_39934114,2
chr15_40039202_40087889:chr15_40039202_40087889,31
chr15_40108879_40161068:chr15_40108879_40161068,14
chr15_40283064_40287908:chr15_40283064_40287908,5
chr15_40307935_40323691:chr15_40307935_40323691,8
chr15_40326715_40331451:chr15_40326715_40331451,8
chr15_40340939_40351032:chr15_40340939_40351032,2
chr15_40356434_40358218:chr15_40356434_40358218,1
chr15_40378621_40382720:chr15_40378621_40382720,2
chr15_40394288_40405794:chr15_40394288_40405794,12
chr15_40435947_40439756:chr15_40435947_40439756,2
chr15_40468236_40470983:chr15_40468236_40470983,3
chr15_40473158_40520992:chr15_40473158_40520992,13
chr15_40565042_40569298:chr15_40565042_40569298,3
chr15_40574949_40594248:chr15_40574949_40594248,3
chr15_40664342_40695173:chr15_40664342_40695173,5
chr15_40732340_40735886:chr15_40732340_40735886,8
chr15_40755254_40764067:chr15_40755254_40764067,3
chr15_40828708_40844047:chr15_40828708_40844047,5
chr15_40858207_40872213:chr15_40858207_40872213,6
chr15_40874234_40894449:chr15_40874234_40894449,9
chr15_40903975_40929339:chr15_40903975_40929339,7
chr15_40939073_40953470:chr15_40939073_40953470,5
chr15_40956512_40978879:chr15_40956512_40978879,15
chr15_41116280_41182727:chr15_41116280_41182727,15
chr15_41281887_41309272:chr15_41281887_41309272,16
chr15_41381046_41387352:chr15_41381046_41387352,6
chr15_41402496_41417094:chr15_41402496_41417094,2
chr15_41483563_41493873:chr15_41483563_41493873,10
chr15_41513827_41517175:chr15_41513827_41517175,2
chr15_41544257_41559211:chr15_41544257_41559211,5
chr15_41583589_41621223:chr15_41583589_41621223,9
chr15_41769940_41774483:chr15_41769940_41774483,6
chr15_41894053_41895932:chr15_41894053_41895932,2
chr15_41972557_41981581:chr15_41972557_41981581,1
chr15_42050703_42067008:chr15_42050703_42067008,3
chr15_42094562_42139033:chr15_42094562_42139033,14
chr15_42156636_42158700:chr15_42156636_42158700,4
chr15_42208304_42210446:chr15_42208304_42210446,4
chr15_42353666_42359500:chr15_42353666_42359500,7
chr15_42491141_42495633:chr15_42491141_42495633,2
chr15_42533058_42537828:chr15_42533058_42537828,8
chr15_42569994_42575605:chr15_42569994_42575605,5
chr15_42720998_42723543:chr15_42720998_42723543,5
chr15_42737128_42738729:chr15_42737128_42738729,4
chr15_42920778_42942896:chr15_42920778_42942896,10
chr15_43106038_43133114:chr15_43106038_43133114,5
chr15_43221018_43232589:chr15_43221018_43232589,3
chr15_43266928_43276270:chr15_43266928_43276270,4
chr15_43302255_43323648:chr15_43302255_43323648,10
chr15_43354569_43358174:chr15_43354569_43358174,5
chr15_43510640_43517607:chr15_43510640_43517607,4
chr15_43531611_43533474:chr15_43531611_43533474,4
chr15_43590253_43592856:chr15_43590253_43592856,0
chr15_43618800_43628502:chr15_43618800_43628502,2
chr15_43648884_43692785:chr15_43648884_43692785,2
chr15_43699222_43746437:chr15_43699222_43746437,0
chr15_43824690_43827001:chr15_43824690_43827001,2
chr15_43868412_43870763:chr15_43868412_43870763,4
chr15_44195271_44288718:chr15_44195271_44288718,11
chr15_44415758_44427628:chr15_44415758_44427628,3
chr15_44529038_44537146:chr15_44529038_44537146,3
chr15_44663662_44665731:chr15_44663662_44665731,0
chr15_44718145_44736527:chr15_44718145_44736527,6
chr15_44767827_44956686:chr15_44767827_44956686,18
chr15_44979229_45023194:chr15_44979229_45023194,4
chr15_45077185_45092649:chr15_45077185_45092649,1
chr15_45165574_45167213:chr15_45165574_45167213,3
chr15_45201116_45252233:chr15_45201116_45252233,12
chr15_45277846_45361123:chr15_45277846_45361123,21
chr15_45421415_45430609:chr15_45421415_45430609,2
chr15_45433340_45479605:chr15_45433340_45479605,8
chr15_45522755_45587122:chr15_45522755_45587122,14
chr15_45609716_45631147:chr15_45609716_45631147,3
chr15_45691281_47184088:chr15_45691281_47184088,181
chr15_47774228_48120989:chr15_47774228_48120989,48
chr15_48203758_48206301:chr15_48203758_48206301,1
chr15_48304078_48331094:chr15_48304078_48331094,5
chr15_48343373_48408312:chr15_48343373_48408312,14
chr15_48645709_48737937:chr15_48645709_48737937,25
chr15_48811069_48823740:chr15_48811069_48823740,1
chr15_48963919_48988637:chr15_48963919_48988637,8
chr15_49046446_49122726:chr15_49046446_49122726,19
chr15_49656232_49858237:chr15_49656232_49858237,23
chr15_50119233_50182195:chr15_50119233_50182195,12
chr15_50236385_50241946:chr15_50236385_50241946,8
chr15_50265726_50275388:chr15_50265726_50275388,3
chr15_50355198_50424404:chr15_50355198_50424404,17
chr15_50546666_50557157:chr15_50546666_50557157,4
chr15_50686797_50702265:chr15_50686797_50702265,3
chr15_50765706_50908682:chr15_50765706_50908682,20
chr15_51005895_51056600:chr15_51005895_51056600,11
chr15_51105276_51208056:chr15_51105276_51208056,18
chr15_51338596_51341654:chr15_51338596_51341654,1
chr15_51408000_51447790:chr15_51408000_51447790,15
chr15_51622771_51681502:chr15_51622771_51681502,13
chr15_51721026_51723010:chr15_51721026_51723010,3
chr15_51816363_51829652:chr15_51816363_51829652,2
chr15_51915725_51938024:chr15_51915725_51938024,18
chr15_51971778_52019218:chr15_51971778_52019218,8
chr15_52067375_52109262:chr15_52067375_52109262,7
chr15_52112775_52115099:chr15_52112775_52115099,2
chr15_52295804_52307282:chr15_52295804_52307282,6
chr15_52529050_52547044:chr15_52529050_52547044,7
chr15_52569446_52581320:chr15_52569446_52581320,6
chr15_52709815_52755052:chr15_52709815_52755052,6
chr15_52790336_53513740:chr15_52790336_53513740,129
chr15_53762878_53978440:chr15_53762878_53978440,29
chr15_54633440_55180805:chr15_54633440_55180805,76
chr15_55196941_55202965:chr15_55196941_55202965,6
chr15_55289813_55317183:chr15_55289813_55317183,8
chr15_55508234_55538883:chr15_55508234_55538883,4
chr15_55588971_55611543:chr15_55588971_55611543,4
chr15_55743152_55826916:chr15_55743152_55826916,13
chr15_55993612_56087279:chr15_55993612_56087279,15
chr15_56465137_56630175:chr15_56465137_56630175,24
chr15_56733509_56918089:chr15_56733509_56918089,35
chr15_57291310_57376504:chr15_57291310_57376504,21
chr15_57550717_57591903:chr15_57550717_57591903,12
chr15_57717557_57953428:chr15_57717557_57953428,54
chr15_58065711_58138168:chr15_58065711_58138168,20
chr15_58185911_58431990:chr15_58185911_58431990,63
chr15_58569844_58588808:chr15_58569844_58588808,2
chr15_58749707_58771301:chr15_58749707_58771301,5
chr15_58861900_58879049:chr15_58861900_58879049,5
chr15_58933679_58987662:chr15_58933679_58987662,13
chr15_59097419_59105145:chr15_59097419_59105145,1
chr15_59125045_59132433:chr15_59125045_59132433,7
chr15_59372871_59438185:chr15_59372871_59438185,17
chr15_59523555_59611782:chr15_59523555_59611782,19
chr15_59622723_59638061:chr15_59622723_59638061,8
chr15_59657515_59659145:chr15_59657515_59659145,1
chr15_59689320_59964885:chr15_59689320_59964885,40
chr15_59965701_60004310:chr15_59965701_60004310,6
chr15_60007444_60347150:chr15_60007444_60347150,68
chr15_60397986_60419608:chr15_60397986_60419608,6
chr15_60479142_60488283:chr15_60479142_60488283,3
chr15_61229302_61852388:chr15_61229302_61852388,117
chr15_62060447_62066976:chr15_62060447_62066976,5
chr15_62070917_62163534:chr15_62070917_62163534,15
chr15_62165285_62390549:chr15_62165285_62390549,43
chr15_62844631_63042746:chr15_62844631_63042746,54
chr15_63071915_63121860:chr15_63071915_63121860,9
chr15_63142061_63148248:chr15_63142061_63148248,4
chr15_63157477_63189605:chr15_63157477_63189605,7
chr15_63267776_63277604:chr15_63267776_63277604,6
chr15_63309126_63321377:chr15_63309126_63321377,4
chr15_63381846_63504592:chr15_63381846_63504592,23
chr15_63594633_63597386:chr15_63594633_63597386,7
chr15_63603432_63608617:chr15_63603432_63608617,8
chr15_63833948_63907035:chr15_63833948_63907035,28
chr15_64046485_64072564:chr15_64046485_64072564,7
chr15_64093838_64095981:chr15_64093838_64095981,2
chr15_64144231_64151730:chr15_64144231_64151730,7
chr15_64163022_64165524:chr15_64163022_64165524,4
chr15_64356173_64364303:chr15_64356173_64364303,2
chr15_64455303_64460577:chr15_64455303_64460577,5
chr15_64686068_64687573:chr15_64686068_64687573,9
chr15_64703281_64739890:chr15_64703281_64739890,4
chr15_64775589_64815631:chr15_64775589_64815631,9
chr15_64825647_64841914:chr15_64825647_64841914,5
chr15_64868002_64911901:chr15_64868002_64911901,9
chr15_64958691_64963021:chr15_64958691_64963021,3
chr15_64989914_65001511:chr15_64989914_65001511,6
chr15_65029639_65045386:chr15_65029639_65045386,3
chr15_65079948_65092759:chr15_65079948_65092759,4
chr15_65115200_65117378:chr15_65115200_65117378,1
chr15_65133808_65148218:chr15_65133808_65148218,5
chr15_65185342_65194759:chr15_65185342_65194759,1
chr15_65211473_65258098:chr15_65211473_65258098,12
chr15_65286883_65327126:chr15_65286883_65327126,5
chr15_65378002_65381483:chr15_65378002_65381483,2
chr15_65422947_65442466:chr15_65422947_65442466,2
chr15_65517689_65530462:chr15_65517689_65530462,1
chr15_65792293_65869490:chr15_65792293_65869490,4
chr15_65891989_65895298:chr15_65891989_65895298,7
chr15_66253750_66293308:chr15_66253750_66293308,10
chr15_66333898_66336190:chr15_66333898_66336190,3
chr15_66565998_66702235:chr15_66565998_66702235,134
chr15_66782849_67065601:chr15_66782849_67065601,69
chr15_67195169_67200666:chr15_67195169_67200666,8
chr15_67501804_67521130:chr15_67501804_67521130,6
chr15_67530146_67542702:chr15_67530146_67542702,2
chr15_67807114_67825508:chr15_67807114_67825508,12
chr15_67834582_68054314:chr15_67834582_68054314,46
chr15_68229728_68277744:chr15_68229728_68277744,13
chr15_68432163_68518372:chr15_68432163_68518372,15
chr15_68727806_68778534:chr15_68727806_68778534,15
chr15_68820895_68930524:chr15_68820895_68930524,26
chr15_69062762_69160634:chr15_69062762_69160634,22
chr15_69272207_69298911:chr15_69272207_69298911,8
chr15_69407780_69414348:chr15_69407780_69414348,2
chr15_69448427_69452817:chr15_69448427_69452817,7
chr15_69456205_70047789:chr15_69456205_70047789,152
chr15_70097917_70654553:chr15_70097917_70654553,123
chr15_70763558_70829129:chr15_70763558_70829129,4
chr15_71053658_71096893:chr15_71053658_71096893,5
chr15_71783383_71810553:chr15_71783383_71810553,6
chr15_71818253_71822290:chr15_71818253_71822290,4
chr15_72143692_72159805:chr15_72143692_72159805,6
chr15_72197787_72199028:chr15_72197787_72199028,4
chr15_72231190_72241180:chr15_72231190_72241180,4
chr15_72272554_72284726:chr15_72272554_72284726,4
chr15_72320157_72340923:chr15_72320157_72340923,6
chr15_72376014_72398304:chr15_72376014_72398304,4
chr15_72408367_72474329:chr15_72408367_72474329,11
chr15_72602987_72654696:chr15_72602987_72654696,4
chr15_72669599_72675797:chr15_72669599_72675797,2
chr15_72738473_72751293:chr15_72738473_72751293,12
chr15_72783758_73052462:chr15_72783758_73052462,49
chr15_73305206_73319858:chr15_73305206_73319858,2
chr15_73368958_73443163:chr15_73368958_73443163,10
chr15_73633389_73684382:chr15_73633389_73684382,9
chr15_73714514_73735457:chr15_73714514_73735457,7
chr15_73753351_73873563:chr15_73753351_73873563,33
chr15_73889214_73926461:chr15_73889214_73926461,7
chr15_73952136_73978925:chr15_73952136_73978925,5
chr15_74047827_74069856:chr15_74047827_74069856,4
chr15_74082550_74129373:chr15_74082550_74129373,6
chr15_74136802_74173709:chr15_74136802_74173709,6
chr15_74176871_74179465:chr15_74176871_74179465,1
chr15_74209705_74236325:chr15_74209705_74236325,10
chr15_74336141_74337761:chr15_74336141_74337761,3
chr15_74367646_74409288:chr15_74367646_74409288,13
chr15_74433958_74445976:chr15_74433958_74445976,7
chr15_74461188_74541219:chr15_74461188_74541219,20
chr15_74598131_74608371:chr15_74598131_74608371,7
chr15_74696024_74719541:chr15_74696024_74719541,7
chr15_74725528_74748844:chr15_74725528_74748844,4
chr15_74756607_74782079:chr15_74756607_74782079,9
chr15_74803197_74812834:chr15_74803197_74812834,9
chr15_74831802_74836117:chr15_74831802_74836117,8
chr15_74873365_74890041:chr15_74873365_74890041,8
chr15_74906851_74919790:chr15_74906851_74919790,8
chr15_74938073_74954417:chr15_74938073_74954417,7
chr15_74956772_74995562:chr15_74956772_74995562,12
chr15_75021495_75023589:chr15_75021495_75023589,0
chr15_75050726_75201881:chr15_75050726_75201881,35
chr15_75212169_75258333:chr15_75212169_75258333,14
chr15_75273455_75282834:chr15_75273455_75282834,0
chr15_75295530_75336062:chr15_75295530_75336062,8
chr15_75343227_75347038:chr15_75343227_75347038,6
chr15_75455815_75463250:chr15_75455815_75463250,3
chr15_75579315_75598085:chr15_75579315_75598085,7
chr15_75626461_75639092:chr15_75626461_75639092,5
chr15_75640224_75647911:chr15_75640224_75647911,7
chr15_75662301_75674321:chr15_75662301_75674321,8
chr15_75712848_75724040:chr15_75712848_75724040,4
chr15_75727688_75843446:chr15_75727688_75843446,18
chr15_75901078_75903877:chr15_75901078_75903877,1
chr15_76012424_76059984:chr15_76012424_76059984,5
chr15_76204963_76215352:chr15_76204963_76215352,16
chr15_76311469_76336772:chr15_76311469_76336772,6
chr15_76342475_76347903:chr15_76342475_76347903,3
chr15_76905340_76931748:chr15_76905340_76931748,5
chr15_76954393_76994679:chr15_76954393_76994679,9
chr15_77037475_77041403:chr15_77037475_77041403,7
chr15_77071109_77108157:chr15_77071109_77108157,7
chr15_77485603_77613026:chr15_77485603_77613026,42
chr15_77820900_77994984:chr15_77820900_77994984,30
chr15_78077711_78092560:chr15_78077711_78092560,5
chr15_78131535_78149361:chr15_78131535_78149361,10
chr15_78234565_78264144:chr15_78234565_78264144,9
chr15_78282191_78283234:chr15_78282191_78283234,4
chr15_78299609_78340352:chr15_78299609_78340352,12
chr15_78348225_78437430:chr15_78348225_78437430,17
chr15_78501453_78507576:chr15_78501453_78507576,2
chr15_78537373_78540404:chr15_78537373_78540404,1
chr15_78552417_78565519:chr15_78552417_78565519,5
chr15_78620996_78624110:chr15_78620996_78624110,1
chr15_78641210_78759205:chr15_78641210_78759205,14
chr15_78811464_78872889:chr15_78811464_78872889,15
chr15_78898139_78921057:chr15_78898139_78921057,30
chr15_78945046_78959905:chr15_78945046_78959905,3
chr15_79090780_79282721:chr15_79090780_79282721,40
chr15_79298239_79311111:chr15_79298239_79311111,3
chr15_79413886_79432335:chr15_79413886_79432335,2
chr15_79472304_79843546:chr15_79472304_79843546,76
chr15_79923092_79960891:chr15_79923092_79960891,8
chr15_79971196_80059675:chr15_79971196_80059675,21
chr15_80138393_80152788:chr15_80138393_80152788,6
chr15_80186949_80195480:chr15_80186949_80195480,9
chr15_80252213_80404381:chr15_80252213_80404381,33
chr15_80597933_80695309:chr15_80597933_80695309,14
chr15_80755621_80779369:chr15_80755621_80779369,2
chr15_80989819_81000922:chr15_80989819_81000922,2
chr15_81005788_81134269:chr15_81005788_81134269,40
chr15_81149179_81196878:chr15_81149179_81196878,18
chr15_81324141_81331087:chr15_81324141_81331087,4
chr15_81374213_82041777:chr15_81374213_82041777,119
chr15_82046018_82130232:chr15_82046018_82130232,26
chr15_82284927_82339992:chr15_82284927_82339992,7
chr15_82349475_82429815:chr15_82349475_82429815,8
chr15_82439153_82536749:chr15_82439153_82536749,11
chr15_82540457_82543200:chr15_82540457_82543200,5
chr15_82648795_82659280:chr15_82648795_82659280,2
chr15_82709875_82755361:chr15_82709875_82755361,17
chr15_82806069_82809627:chr15_82806069_82809627,1
chr15_82836108_82848982:chr15_82836108_82848982,8
chr15_82952720_82986209:chr15_82952720_82986209,10
chr15_83011639_83016422:chr15_83011639_83016422,3
chr15_83067252_83107644:chr15_83067252_83107644,10
chr15_83207823_83255883:chr15_83207823_83255883,11
chr15_83284664_83447340:chr15_83284664_83447340,30
chr15_83618743_83654122:chr15_83618743_83654122,6
chr15_84039842_84235772:chr15_84039842_84235772,3
chr15_84245358_84601008:chr15_84245358_84601008,9
chr15_84623716_84639284:chr15_84623716_84639284,6
chr15_84658199_84669543:chr15_84658199_84669543,14
chr15_84716139_84748591:chr15_84716139_84748591,3
chr15_84806445_84817355:chr15_84806445_84817355,5
chr15_84873479_84884661:chr15_84873479_84884661,0
chr15_84975649_84980466:chr15_84975649_84980466,5
chr15_85139142_85380602:chr15_85139142_85380602,27
chr15_85749358_85759325:chr15_85749358_85759325,1
chr15_85794925_86079619:chr15_85794925_86079619,54
chr15_87029052_87859750:chr15_87029052_87859750,295
chr15_88256739_88459477:chr15_88256739_88459477,40
chr15_88480776_88511551:chr15_88480776_88511551,22
chr15_88546703_88621339:chr15_88546703_88621339,14
chr15_88632281_88635631:chr15_88632281_88635631,7
chr15_88656483_88803435:chr15_88656483_88803435,37
chr15_88875353_88877293:chr15_88875353_88877293,2
chr15_88895544_88898682:chr15_88895544_88898682,2
chr15_88913379_89088455:chr15_88913379_89088455,34
chr15_89202355_89209868:chr15_89202355_89209868,4
chr15_89221579_89243978:chr15_89221579_89243978,5
chr15_89334824_89471406:chr15_89334824_89471406,39
chr15_89496583_89575468:chr15_89496583_89575468,23
chr15_89655467_89664366:chr15_89655467_89664366,5
chr15_89679367_89681534:chr15_89679367_89681534,3
chr15_89743638_89749874:chr15_89743638_89749874,2
chr15_89751249_89776331:chr15_89751249_89776331,13
chr15_89778754_89784894:chr15_89778754_89784894,6
chr15_89814852_89830598:chr15_89814852_89830598,9
chr15_89912952_90001323:chr15_89912952_90001323,18
chr15_90102468_90184919:chr15_90102468_90184919,25
chr15_90245811_90249555:chr15_90245811_90249555,2
chr15_90272211_90352283:chr15_90272211_90352283,21
chr15_90362847_90388241:chr15_90362847_90388241,8
chr15_90502239_90529922:chr15_90502239_90529922,11
chr15_90645345_90717345:chr15_90645345_90717345,31
chr15_90816166_90868587:chr15_90816166_90868587,33
chr15_90883457_90884503:chr15_90883457_90884503,7
chr15_90895776_90902381:chr15_90895776_90902381,8
chr15_90922585_90929967:chr15_90922585_90929967,11
chr15_90963125_90966039:chr15_90963125_90966039,11
chr15_90994535_90998415:chr15_90994535_90998415,11
chr15_91022621_91099587:chr15_91022621_91099587,25
chr15_91302565_91853707:chr15_91302565_91853707,92
chr15_92172435_92393880:chr15_92172435_92393880,43
chr15_92468728_92617447:chr15_92468728_92617447,36
chr15_92655775_92900323:chr15_92655775_92900323,45
chr15_93027996_93035270:chr15_93027996_93035270,8
chr15_93089211_94231560:chr15_93089211_94231560,172
chr15_94483952_96326045:chr15_94483952_96326045,442
chr15_96340263_97960702:chr15_96340263_97960702,291
chr15_97973833_98648538:chr15_97973833_98648538,110
chr15_98964530_98968228:chr15_98964530_98968228,4
chr15_99007792_99105079:chr15_99007792_99105079,20
chr15_99390729_99565416:chr15_99390729_99565416,29
chr15_99716488_99727400:chr15_99716488_99727400,5
chr15_99733444_99971436:chr15_99733444_99971436,29
chr15_100341975_100400394:chr15_100341975_100400394,10
chr15_100544683_100566923:chr15_100544683_100566923,11
chr15_100651701_100879830:chr15_100651701_100879830,42
chr15_100916626_100919356:chr15_100916626_100919356,8
chr15_101078257_101175726:chr15_101078257_101175726,32
chr15_101252048_101270808:chr15_101252048_101270808,12
chr15_101277485_101281509:chr15_101277485_101281509,4
chr15_101295248_101303932:chr15_101295248_101303932,5
chr15_101489707_101632976:chr15_101489707_101632976,34
chr15_101652381_101653595:chr15_101652381_101653595,1
chr15_101724473_101803508:chr15_101724473_101803508,8
chr15_101806887_101812201:chr15_101806887_101812201,2
chr15_101820197_101991189:chr15_101820197_101991189,7
chr16_0_46406:chr16_0_46406,16
chr16_72631_77006:chr16_72631_77006,4
chr16_138673_152643:chr16_138673_152643,6
chr16_154503_165977:chr16_154503_165977,2
chr16_166764_172875:chr16_166764_172875,0
chr16_173710_176679:chr16_173710_176679,3
chr16_177522_180458:chr16_177522_180458,3
chr16_181179_188989:chr16_181179_188989,5
chr16_229449_234820:chr16_229449_234820,5
chr16_275944_280590:chr16_275944_280590,2
chr16_352723_366968:chr16_352723_366968,11
chr16_381978_396728:chr16_381978_396728,6
chr16_400754_401884:chr16_400754_401884,5
chr16_412482_425648:chr16_412482_425648,5
chr16_523011_527711:chr16_523011_527711,1
chr16_554636_560393:chr16_554636_560393,4
chr16_565529_567004:chr16_565529_567004,4
chr16_584109_589356:chr16_584109_589356,5
chr16_629268_630984:chr16_629268_630984,2
chr16_636305_641827:chr16_636305_641827,7
chr16_674174_675670:chr16_674174_675670,5
chr16_678268_680409:chr16_678268_680409,4
chr16_690398_692499:chr16_690398_692499,7
chr16_705801_715117:chr16_705801_715117,6
chr16_719655_721145:chr16_719655_721145,4
chr16_740997_760733:chr16_740997_760733,4
chr16_768865_784973:chr16_768865_784973,5
chr16_800734_853633:chr16_800734_853633,23
chr16_986979_1072746:chr16_986979_1072746,19
chr16_1081454_1088225:chr16_1081454_1088225,1
chr16_1096244_1153105:chr16_1096244_1153105,12
chr16_1225268_1228335:chr16_1225268_1228335,0
chr16_1230184_1240704:chr16_1230184_1240704,0
chr16_1242554_1256068:chr16_1242554_1256068,0
chr16_1259008_1309151:chr16_1259008_1309151,9
chr16_1327017_1333644:chr16_1327017_1333644,4
chr16_1414704_1419751:chr16_1414704_1419751,4
chr16_1420747_1431077:chr16_1420747_1431077,10
chr16_1475028_1485885:chr16_1475028_1485885,5
chr16_1488944_1493359:chr16_1488944_1493359,4
chr16_1702086_1706194:chr16_1702086_1706194,6
chr16_1789186_1790412:chr16_1789186_1790412,4
chr16_1793705_1807628:chr16_1793705_1807628,5
chr16_1872164_1911474:chr16_1872164_1911474,12
chr16_1918415_1938228:chr16_1918415_1938228,10
chr16_1954689_1959537:chr16_1954689_1959537,3
chr16_1964826_1966855:chr16_1964826_1966855,6
chr16_1968949_1972052:chr16_1968949_1972052,4
chr16_1982929_1984192:chr16_1982929_1984192,3
chr16_1987749_1989969:chr16_1987749_1989969,2
chr16_1994275_1997653:chr16_1994275_1997653,7
chr16_2009821_2019784:chr16_2009821_2019784,5
chr16_2020755_2026901:chr16_2020755_2026901,4
chr16_2135898_2148143:chr16_2135898_2148143,4
chr16_2154165_2155781:chr16_2154165_2155781,11
chr16_2196605_2205453:chr16_2196605_2205453,9
chr16_2214840_2223590:chr16_2214840_2223590,3
chr16_2251587_2253115:chr16_2251587_2253115,4
chr16_2268126_2275880:chr16_2268126_2275880,5
chr16_2340728_2429446:chr16_2340728_2429446,17
chr16_2458854_2460108:chr16_2458854_2460108,8
chr16_2464963_2471296:chr16_2464963_2471296,5
chr16_2505730_2513725:chr16_2505730_2513725,10
chr16_2531417_2538020:chr16_2531417_2538020,3
chr16_2603188_2682522:chr16_2603188_2682522,10
chr16_2709030_2712421:chr16_2709030_2712421,4
chr16_2720224_2752637:chr16_2720224_2752637,10
chr16_2777280_2783952:chr16_2777280_2783952,3
chr16_2787915_2798469:chr16_2787915_2798469,2
chr16_2805304_2817236:chr16_2805304_2817236,5
chr16_2821719_2830302:chr16_2821719_2830302,9
chr16_2832276_2852729:chr16_2832276_2852729,4
chr16_2858170_2883194:chr16_2858170_2883194,5
chr16_2899382_2911930:chr16_2899382_2911930,3
chr16_2951208_2964274:chr16_2951208_2964274,5
chr16_2980446_2988261:chr16_2980446_2988261,5
chr16_3002011_3012922:chr16_3002011_3012922,7
chr16_3018183_3020367:chr16_3018183_3020367,2
chr16_3036944_3046560:chr16_3036944_3046560,4
chr16_3060726_3065402:chr16_3060726_3065402,3
chr16_3069530_3088889:chr16_3069530_3088889,2
chr16_3099294_3112585:chr16_3099294_3112585,3
chr16_3120517_3135028:chr16_3120517_3135028,7
chr16_3142804_3188203:chr16_3142804_3188203,17
chr16_3206506_3222324:chr16_3206506_3222324,7
chr16_3235158_3242026:chr16_3235158_3242026,0
chr16_3256633_3283490:chr16_3256633_3283490,9
chr16_3291460_3298807:chr16_3291460_3298807,10
chr16_3318851_3355888:chr16_3318851_3355888,7
chr16_3357306_3382084:chr16_3357306_3382084,5
chr16_3409364_3432413:chr16_3409364_3432413,11
chr16_3486963_3493483:chr16_3486963_3493483,6
chr16_3496652_3501003:chr16_3496652_3501003,2
chr16_3577403_3581180:chr16_3577403_3581180,2
chr16_3717524_3725053:chr16_3717524_3725053,1
chr16_3880713_3962652:chr16_3880713_3962652,14
chr16_4116442_4189373:chr16_4116442_4189373,15
chr16_4242080_4257185:chr16_4242080_4257185,11
chr16_4273023_4314760:chr16_4273023_4314760,15
chr16_4416596_4425867:chr16_4416596_4425867,5
chr16_4456775_4461693:chr16_4456775_4461693,19
chr16_4600758_4608883:chr16_4600758_4608883,8
chr16_4614888_4624825:chr16_4614888_4624825,2
chr16_4690972_4693561:chr16_4690972_4693561,3
chr16_4767162_4777605:chr16_4767162_4777605,6
chr16_4937148_4958329:chr16_4937148_4958329,6
chr16_5019157_5024843:chr16_5019157_5024843,2
chr16_5042971_5044121:chr16_5042971_5044121,0
chr16_5065956_5071842:chr16_5065956_5071842,5
chr16_5097795_6019023:chr16_5097795_6019023,145
chr16_7713340_8537568:chr16_7713340_8537568,232
chr16_8590511_8621697:chr16_8590511_8621697,7
chr16_8649654_8674616:chr16_8649654_8674616,12
chr16_8784570_8795179:chr16_8784570_8795179,6
chr16_8849325_8852941:chr16_8849325_8852941,10
chr16_8869006_8882350:chr16_8869006_8882350,5
chr16_8885350_8892096:chr16_8885350_8892096,10
chr16_8963906_9091643:chr16_8963906_9091643,24
chr16_9121635_9753403:chr16_9121635_9753403,139
chr16_10182908_10386060:chr16_10182908_10386060,36
chr16_10483638_10528421:chr16_10483638_10528421,6
chr16_10580598_10627500:chr16_10580598_10627500,14
chr16_10694930_10743841:chr16_10694930_10743841,5
chr16_10818794_10877197:chr16_10818794_10877197,16
chr16_10942468_10944563:chr16_10942468_10944563,0
chr16_11182186_11254416:chr16_11182186_11254416,30
chr16_11256204_11267856:chr16_11256204_11267856,5
chr16_11269325_11273198:chr16_11269325_11273198,6
chr16_11273629_11275638:chr16_11273629_11275638,6
chr16_11276480_11280840:chr16_11276480_11280840,3
chr16_11281330_11345458:chr16_11281330_11345458,13
chr16_11351760_11547721:chr16_11351760_11547721,60
chr16_11587466_11668454:chr16_11587466_11668454,13
chr16_11742857_11750596:chr16_11742857_11750596,5
chr16_11797258_11833849:chr16_11797258_11833849,5
chr16_11851542_11868127:chr16_11851542_11868127,7
chr16_11916654_11927262:chr16_11916654_11927262,1
chr16_12574287_12659798:chr16_12574287_12659798,19
chr16_12803887_12901597:chr16_12803887_12901597,15
chr16_13240416_13920153:chr16_13240416_13920153,101
chr16_13952348_14071061:chr16_13952348_14071061,22
chr16_14266779_14435700:chr16_14266779_14435700,46
chr16_14630260_14632950:chr16_14630260_14632950,4
chr16_14669236_14672547:chr16_14669236_14672547,5
chr16_14694308_14703410:chr16_14694308_14703410,0
chr16_14726342_14742532:chr16_14726342_14742532,0
chr16_14765462_14833720:chr16_14765462_14833720,0
chr16_14896157_14937442:chr16_14896157_14937442,2
chr16_14952056_14974734:chr16_14952056_14974734,3
chr16_15139410_15363623:chr16_15139410_15363623,8
chr16_15378294_15395753:chr16_15378294_15395753,0
chr16_15413271_15434587:chr16_15413271_15434587,3
chr16_15588259_15594386:chr16_15588259_15594386,4
chr16_15857028_15865718:chr16_15857028_15865718,9
chr16_15888603_15949615:chr16_15888603_15949615,11
chr16_16143053_16149564:chr16_16143053_16149564,5
chr16_16223494_16232527:chr16_16223494_16232527,0
chr16_16294811_16379139:chr16_16294811_16379139,0
chr16_16393972_17101768:chr16_16393972_17101768,114
chr16_17470960_18317918:chr16_17470960_18317918,210
chr16_18336736_18358089:chr16_18336736_18358089,0
chr16_18374171_18499926:chr16_18374171_18499926,0
chr16_18562112_18781294:chr16_18562112_18781294,4
chr16_18790334_18791666:chr16_18790334_18791666,3
chr16_18801549_18804859:chr16_18801549_18804859,3
chr16_18926408_18983933:chr16_18926408_18983933,10
chr16_19063942_19067613:chr16_19063942_19067613,1
chr16_19080095_19113963:chr16_19080095_19113963,15
chr16_19121629_19167833:chr16_19121629_19167833,12
chr16_19268332_19285730:chr16_19268332_19285730,2
chr16_19310947_19410538:chr16_19310947_19410538,17
chr16_19499113_19501692:chr16_19499113_19501692,3
chr16_19522098_19523941:chr16_19522098_19523941,2
chr16_19553408_19555702:chr16_19553408_19555702,2
chr16_19885634_20028238:chr16_19885634_20028238,33
chr16_20073890_20309573:chr16_20073890_20309573,46
chr16_20327513_20333050:chr16_20327513_20333050,3
chr16_20352715_20359174:chr16_20352715_20359174,0
chr16_20404737_20409533:chr16_20404737_20409533,0
chr16_20441336_20451520:chr16_20441336_20451520,0
chr16_20487669_20536225:chr16_20487669_20536225,7
chr16_20576367_20623234:chr16_20576367_20623234,2
chr16_20697680_20733663:chr16_20697680_20733663,12
chr16_20741818_20764013:chr16_20741818_20764013,15
chr16_20849665_20854924:chr16_20849665_20854924,7
chr16_20925006_20933110:chr16_20925006_20933110,2
chr16_21180616_21197449:chr16_21180616_21197449,4
chr16_21214510_21233698:chr16_21214510_21233698,10
chr16_21253850_21258520:chr16_21253850_21258520,4
chr16_21303062_21402128:chr16_21303062_21402128,3
chr16_21425378_21597207:chr16_21425378_21597207,25
chr16_21657471_21663967:chr16_21657471_21663967,2
chr16_21760729_21834581:chr16_21760729_21834581,1
chr16_21857756_21953360:chr16_21857756_21953360,4
chr16_22001116_22008110:chr16_22001116_22008110,6
chr16_22084654_22092540:chr16_22084654_22092540,6
chr16_22156964_22162505:chr16_22156964_22162505,1
chr16_22191751_22206277:chr16_22191751_22206277,11
chr16_22288738_22297408:chr16_22288738_22297408,6
chr16_22335096_22345935:chr16_22335096_22345935,7
chr16_22374619_22503598:chr16_22374619_22503598,15
chr16_22536535_22814161:chr16_22536535_22814161,60
chr16_22916338_23061405:chr16_22916338_23061405,25
chr16_23149452_23182744:chr16_23149452_23182744,5
chr16_23216883_23302301:chr16_23216883_23302301,8
chr16_23381294_23388492:chr16_23381294_23388492,6
chr16_23453189_23463541:chr16_23453189_23463541,3
chr16_23510494_23520753:chr16_23510494_23520753,5
chr16_23574389_23581013:chr16_23574389_23581013,10
chr16_23596316_23603164:chr16_23596316_23603164,7
chr16_23677472_23678888:chr16_23677472_23678888,5
chr16_23713222_23755025:chr16_23713222_23755025,11
chr16_23758935_23835982:chr16_23758935_23835982,25
chr16_24220611_24256334:chr16_24220611_24256334,6
chr16_24362412_24539565:chr16_24362412_24539565,32
chr16_24572863_24610204:chr16_24572863_24610204,9
chr16_24826218_24845962:chr16_24826218_24845962,6
chr16_24911626_24919388:chr16_24911626_24919388,5
chr16_25015369_25111741:chr16_25015369_25111741,20
chr16_25178228_25216946:chr16_25178228_25216946,14
chr16_25228932_25236000:chr16_25228932_25236000,3
chr16_25257845_25691958:chr16_25257845_25691958,77
chr16_26137685_27066926:chr16_26137685_27066926,167
chr16_27069166_27203525:chr16_27069166_27203525,28
chr16_27221768_27224993:chr16_27221768_27224993,10
chr16_27268772_27313973:chr16_27268772_27313973,17
chr16_27364778_27402173:chr16_27364778_27402173,7
chr16_27452042_27460612:chr16_27452042_27460612,5
chr16_27780344_27787527:chr16_27780344_27787527,4
chr16_28063714_28097975:chr16_28063714_28097975,19
chr16_28211965_28292524:chr16_28211965_28292524,19
chr16_28323849_28342516:chr16_28323849_28342516,0
chr16_28364780_28379580:chr16_28364780_28379580,0
chr16_28403885_28456328:chr16_28403885_28456328,0
chr16_28492082_28494642:chr16_28492082_28494642,1
chr16_28506834_28532707:chr16_28506834_28532707,3
chr16_28538974_28553919:chr16_28538974_28553919,3
chr16_28597050_28605257:chr16_28597050_28605257,2
chr16_28623375_28637890:chr16_28623375_28637890,0
chr16_28658744_28688557:chr16_28658744_28688557,0
chr16_28735730_28751786:chr16_28735730_28751786,0
chr16_28772861_28822998:chr16_28772861_28822998,3
chr16_28837232_28842410:chr16_28837232_28842410,15
chr16_28874205_28878487:chr16_28874205_28878487,6
chr16_28925238_28931970:chr16_28925238_28931970,6
chr16_28939342_28950936:chr16_28939342_28950936,7
chr16_28967092_28974777:chr16_28967092_28974777,6
chr16_28990784_29381309:chr16_28990784_29381309,32
chr16_29406711_29442904:chr16_29406711_29442904,2
chr16_29458220_29459912:chr16_29458220_29459912,0
chr16_29464966_29483533:chr16_29464966_29483533,0
chr16_29506408_29662962:chr16_29506408_29662962,21
chr16_29670876_29679007:chr16_29670876_29679007,5
chr16_29698699_29742462:chr16_29698699_29742462,9
chr16_29745990_29778255:chr16_29745990_29778255,4
chr16_29782973_29790750:chr16_29782973_29790750,4
chr16_29811164_29812192:chr16_29811164_29812192,1
chr16_29848039_29858356:chr16_29848039_29858356,3
chr16_29863226_29871158:chr16_29863226_29871158,3
chr16_29926226_29962078:chr16_29926226_29962078,3
chr16_30013596_30023197:chr16_30013596_30023197,3
chr16_30036530_30064278:chr16_30036530_30064278,10
chr16_30070420_30075993:chr16_30070420_30075993,10
chr16_30096213_30104809:chr16_30096213_30104809,1
chr16_30123220_30183601:chr16_30123220_30183601,8
chr16_30189076_30192931:chr16_30189076_30192931,1
chr16_30197566_30199254:chr16_30197566_30199254,0
chr16_30204310_30222896:chr16_30204310_30222896,0
chr16_30248479_30350772:chr16_30248479_30350772,15
chr16_30355308_30357101:chr16_30355308_30357101,12
chr16_30400108_30407605:chr16_30400108_30407605,4
chr16_30419414_30423614:chr16_30419414_30423614,10
chr16_30430030_30443630:chr16_30430030_30443630,13
chr16_30445874_30472741:chr16_30445874_30472741,8
chr16_30526566_30530366:chr16_30526566_30530366,9
chr16_30534858_30553763:chr16_30534858_30553763,8
chr16_30558374_30569725:chr16_30558374_30569725,5
chr16_30572407_30580655:chr16_30572407_30580655,10
chr16_30585697_30602557:chr16_30585697_30602557,14
chr16_30610389_30650777:chr16_30610389_30650777,10
chr16_30656413_30658430:chr16_30656413_30658430,5
chr16_30670810_30699170:chr16_30670810_30699170,5
chr16_30745196_30748424:chr16_30745196_30748424,7
chr16_30776307_30778455:chr16_30776307_30778455,6
chr16_30787205_30833625:chr16_30787205_30833625,11
chr16_30894077_30896613:chr16_30894077_30896613,2
chr16_30903560_30922850:chr16_30903560_30922850,1
chr16_30954938_30957753:chr16_30954938_30957753,7
chr16_31010638_31033094:chr16_31010638_31033094,10
chr16_31040168_31060846:chr16_31040168_31060846,7
chr16_31088943_31090853:chr16_31088943_31090853,2
chr16_31094797_31108385:chr16_31094797_31108385,6
chr16_31112838_31117663:chr16_31112838_31117663,11
chr16_31135727_31138925:chr16_31135727_31138925,1
chr16_31150066_31180109:chr16_31150066_31180109,9
chr16_31194871_31201485:chr16_31194871_31201485,5
chr16_31202760_31214118:chr16_31202760_31214118,4
chr16_31231537_31259974:chr16_31231537_31259974,3
chr16_31332877_31355175:chr16_31332877_31355175,3
chr16_31382999_31393334:chr16_31382999_31393334,3
chr16_31426505_31427730:chr16_31426505_31427730,0
chr16_31428360_31435433:chr16_31428360_31435433,1
chr16_31443160_31458303:chr16_31443160_31458303,10
chr16_31467167_31472151:chr16_31467167_31472151,5
chr16_31477960_31483122:chr16_31477960_31483122,2
chr16_31508391_31527899:chr16_31508391_31527899,8
chr16_31528803_31713243:chr16_31528803_31713243,34
chr16_31761565_31873806:chr16_31761565_31873806,23
chr16_31917357_32253285:chr16_31917357_32253285,13
chr16_32255928_32673529:chr16_32255928_32673529,0
chr16_32676165_33194225:chr16_32676165_33194225,3
chr16_33196858_33304305:chr16_33196858_33304305,0
chr16_33306945_33360840:chr16_33306945_33360840,0
chr16_33363478_33459611:chr16_33363478_33459611,0
chr16_33462249_46578590:chr16_33462249_46578590,195
chr16_46621379_46656131:chr16_46621379_46656131,6
chr16_46698394_46702281:chr16_46698394_46702281,4
chr16_46763246_46796602:chr16_46763246_46796602,5
chr16_46831180_46884361:chr16_46831180_46884361,11
chr16_46931289_46955361:chr16_46931289_46955361,6
chr16_46973674_47077702:chr16_46973674_47077702,17
chr16_47143945_47154390:chr16_47143945_47154390,3
chr16_47701523_48080881:chr16_47701523_48080881,64
chr16_48155993_48165772:chr16_48155993_48165772,3
chr16_48385413_48538725:chr16_48385413_48538725,30
chr16_48610180_49277916:chr16_48610180_49277916,115
chr16_49281838_49373803:chr16_49281838_49373803,17
chr16_49399431_49487523:chr16_49399431_49487523,29
chr16_49857919_50025224:chr16_49857919_50025224,36
chr16_50037081_50065969:chr16_50037081_50065969,7
chr16_50107272_50152910:chr16_50107272_50152910,5
chr16_50235310_50266550:chr16_50235310_50266550,11
chr16_50368988_50548395:chr16_50368988_50548395,47
chr16_50649249_50666299:chr16_50649249_50666299,5
chr16_50681312_50693605:chr16_50681312_50693605,6
chr16_50733075_50742085:chr16_50733075_50742085,5
chr16_50801935_51135981:chr16_50801935_51135981,71
chr16_51151270_51645756:chr16_51151270_51645756,79
chr16_51647079_52436415:chr16_51647079_52436415,111
chr16_52547802_53054990:chr16_52547802_53054990,84
chr16_53327497_53434470:chr16_53327497_53434470,13
chr16_53503209_53598152:chr16_53503209_53598152,27
chr16_54121941_54283303:chr16_54121941_54283303,43
chr16_54286787_54930864:chr16_54286787_54930864,113
chr16_54934485_55324202:chr16_54934485_55324202,81
chr16_55330756_55478829:chr16_55330756_55478829,32
chr16_55506691_55509071:chr16_55506691_55509071,2
chr16_55586666_55655987:chr16_55586666_55655987,10
chr16_55706192_55802850:chr16_55706192_55802850,20
chr16_55833096_55846153:chr16_55833096_55846153,2
chr16_55956031_56191488:chr16_55956031_56191488,32
chr16_56357444_56361451:chr16_56357444_56361451,10
chr16_56425545_56429132:chr16_56425545_56429132,1
chr16_56520024_56565072:chr16_56520024_56565072,9
chr16_56568957_56589527:chr16_56568957_56589527,5
chr16_56591085_56608583:chr16_56591085_56608583,7
chr16_56609497_56625780:chr16_56609497_56625780,5
chr16_56627112_56632658:chr16_56627112_56632658,3
chr16_56633981_56638665:chr16_56633981_56638665,3
chr16_56640087_56651885:chr16_56640087_56651885,7
chr16_56653204_56657958:chr16_56653204_56657958,3
chr16_56659303_56666729:chr16_56659303_56666729,3
chr16_56668065_56669813:chr16_56668065_56669813,2
chr16_56671129_56682469:chr16_56671129_56682469,6
chr16_56684196_56730128:chr16_56684196_56730128,16
chr16_56850286_56865206:chr16_56850286_56865206,5
chr16_56915850_56932141:chr16_56915850_56932141,5
chr16_56944864_56961949:chr16_56944864_56961949,1
chr16_56983845_56989556:chr16_56983845_56989556,2
chr16_57083520_57092582:chr16_57083520_57092582,2
chr16_57148369_57152465:chr16_57148369_57152465,6
chr16_57240469_57245258:chr16_57240469_57245258,2
chr16_57253635_57256096:chr16_57253635_57256096,2
chr16_57284672_57358782:chr16_57284672_57358782,13
chr16_57366189_57372489:chr16_57366189_57372489,1
chr16_57385044_57404766:chr16_57385044_57404766,11
chr16_57416063_57428186:chr16_57416063_57428186,5
chr16_57461270_57462678:chr16_57461270_57462678,7
chr16_57487322_57512180:chr16_57487322_57512180,5
chr16_57536571_57542642:chr16_57536571_57542642,7
chr16_57577189_57619737:chr16_57577189_57619737,7
chr16_57665567_57668305:chr16_57665567_57668305,2
chr16_57689378_57694805:chr16_57689378_57694805,1
chr16_57731805_57735769:chr16_57731805_57735769,2
chr16_57803253_57882339:chr16_57803253_57882339,20
chr16_57971128_57976543:chr16_57971128_57976543,9
chr16_57988116_57994675:chr16_57988116_57994675,5
chr16_58021618_58025753:chr16_58021618_58025753,5
chr16_58046901_58113591:chr16_58046901_58113591,16
chr16_58129381_58157906:chr16_58129381_58157906,3
chr16_58198106_58249935:chr16_58198106_58249935,13
chr16_58295025_58392470:chr16_58295025_58392470,9
chr16_58406147_58463714:chr16_58406147_58463714,9
chr16_58513619_58515478:chr16_58513619_58515478,4
chr16_58629826_58665108:chr16_58629826_58665108,12
chr16_58684770_58707130:chr16_58684770_58707130,8
chr16_58734316_61647249:chr16_58734316_61647249,329
chr16_62036438_64943752:chr16_62036438_64943752,350
chr16_65122063_66366690:chr16_65122063_66366690,227
chr16_66404784_66427294:chr16_66404784_66427294,8
chr16_66495288_66508002:chr16_66495288_66508002,3
chr16_66550291_66552562:chr16_66550291_66552562,1
chr16_66588275_66603995:chr16_66588275_66603995,4
chr16_66696743_66720892:chr16_66696743_66720892,6
chr16_66751609_66754639:chr16_66751609_66754639,1
chr16_66801584_66802877:chr16_66801584_66802877,1
chr16_66830976_66844413:chr16_66830976_66844413,7
chr16_66854147_66880514:chr16_66854147_66880514,5
chr16_66891101_66908121:chr16_66891101_66908121,12
chr16_66918885_66921684:chr16_66918885_66921684,0
chr16_66925535_66932064:chr16_66925535_66932064,7
chr16_66945096_66961265:chr16_66945096_66961265,8
chr16_66975149_66988588:chr16_66975149_66988588,4
chr16_67010417_67029148:chr16_67010417_67029148,3
chr16_67101058_67109940:chr16_67101058_67109940,7
chr16_67150998_67154184:chr16_67150998_67154184,3
chr16_67190136_67192154:chr16_67190136_67192154,8
chr16_67204004_67227129:chr16_67204004_67227129,15
chr16_67247481_67248978:chr16_67247481_67248978,1
chr16_67272191_67278161:chr16_67272191_67278161,5
chr16_67385204_67389808:chr16_67385204_67389808,2
chr16_67416477_67431120:chr16_67416477_67431120,5
chr16_67481157_67482570:chr16_67481157_67482570,2
chr16_67483547_67528828:chr16_67483547_67528828,13
chr16_67546786_67562525:chr16_67546786_67562525,8
chr16_67639185_67645143:chr16_67639185_67645143,3
chr16_67668755_67674535:chr16_67668755_67674535,5
chr16_67719316_67723069:chr16_67719316_67723069,6
chr16_67888855_67893253:chr16_67888855_67893253,5
chr16_67931862_67934505:chr16_67931862_67934505,8
chr16_67936850_67939749:chr16_67936850_67939749,7
chr16_67968694_67975662:chr16_67968694_67975662,2
chr16_67980499_67987389:chr16_67980499_67987389,4
chr16_68000619_68013435:chr16_68000619_68013435,5
chr16_68015911_68020915:chr16_68015911_68020915,3
chr16_68079320_68085369:chr16_68079320_68085369,8
chr16_68236127_68245372:chr16_68236127_68245372,2
chr16_68261058_68264525:chr16_68261058_68264525,7
chr16_68448508_68539290:chr16_68448508_68539290,20
chr16_68576072_68645309:chr16_68576072_68645309,14
chr16_68700292_68737291:chr16_68700292_68737291,7
chr16_68835537_68843530:chr16_68835537_68843530,0
chr16_69085182_69105652:chr16_69085182_69105652,7
chr16_69169021_69187163:chr16_69169021_69187163,9
chr16_69309052_69311349:chr16_69309052_69311349,4
chr16_69351786_69355566:chr16_69351786_69355566,6
chr16_69386007_69424618:chr16_69386007_69424618,7
chr16_69466264_69565965:chr16_69466264_69565965,24
chr16_69704654_69709400:chr16_69704654_69709400,3
chr16_69726560_69741870:chr16_69726560_69741870,8
chr16_69754926_69762331:chr16_69754926_69762331,4
chr16_69941739_69950516:chr16_69941739_69950516,1
chr16_69963986_70113625:chr16_69963986_70113625,5
chr16_70162537_70173786:chr16_70162537_70173786,8
chr16_70186895_70246777:chr16_70186895_70246777,3
chr16_70335305_70346902:chr16_70335305_70346902,8
chr16_70373383_70375976:chr16_70373383_70375976,5
chr16_70439100_70454594:chr16_70439100_70454594,2
chr16_70577668_70579898:chr16_70577668_70579898,3
chr16_70686053_70687438:chr16_70686053_70687438,3
chr16_71230722_71281391:chr16_71230722_71281391,11
chr16_71289722_71358722:chr16_71289722_71358722,11
chr16_71390433_71429979:chr16_71390433_71429979,9
chr16_71442054_71447596:chr16_71442054_71447596,6
chr16_71462247_71473582:chr16_71462247_71473582,2
chr16_71489324_71526119:chr16_71489324_71526119,6
chr16_71538748_71565659:chr16_71538748_71565659,5
chr16_71577092_71626183:chr16_71577092_71626183,3
chr16_71641965_71644923:chr16_71641965_71644923,2
chr16_71724701_71728999:chr16_71724701_71728999,1
chr16_71808834_71845975:chr16_71808834_71845975,10
chr16_71857328_71859679:chr16_71857328_71859679,6
chr16_71884656_71894407:chr16_71884656_71894407,0
chr16_72000402_72008743:chr16_72000402_72008743,5
chr16_72027659_72054504:chr16_72027659_72054504,8
chr16_72061055_72063225:chr16_72061055_72063225,2
chr16_72077246_72084856:chr16_72077246_72084856,3
chr16_72112912_72119096:chr16_72112912_72119096,4
chr16_72172470_72782884:chr16_72172470_72782884,99
chr16_73891930_74296813:chr16_73891930_74296813,64
chr16_74306288_74376305:chr16_74306288_74376305,24
chr16_74392115_74408630:chr16_74392115_74408630,0
chr16_74422141_74447439:chr16_74422141_74447439,5
chr16_74607114_74621398:chr16_74607114_74621398,10
chr16_74666877_74671854:chr16_74666877_74671854,2
chr16_74700862_74712968:chr16_74700862_74712968,4
chr16_74774820_74871361:chr16_74774820_74871361,21
chr16_74985123_74999023:chr16_74985123_74999023,3
chr16_75116780_75148523:chr16_75116780_75148523,4
chr16_75172234_75204102:chr16_75172234_75204102,6
chr16_75207161_75218987:chr16_75207161_75218987,2
chr16_75224924_75228180:chr16_75224924_75228180,4
chr16_75268007_75293709:chr16_75268007_75293709,8
chr16_75433503_75443053:chr16_75433503_75443053,6
chr16_75464737_75472041:chr16_75464737_75472041,0
chr16_75495441_75528529:chr16_75495441_75528529,4
chr16_75556286_75566378:chr16_75556286_75566378,4
chr16_75577881_75596867:chr16_75577881_75596867,8
chr16_75623281_75627723:chr16_75623281_75627723,13
chr16_75657432_75660226:chr16_75657432_75660226,6
chr16_75677009_75693892:chr16_75677009_75693892,5
chr16_75701461_75714130:chr16_75701461_75714130,3
chr16_75726490_76277400:chr16_75726490_76277400,68
chr16_76560757_77191189:chr16_76560757_77191189,70
chr16_77213215_77282127:chr16_77213215_77282127,9
chr16_77435034_77722513:chr16_77435034_77722513,42
chr16_77742260_77788563:chr16_77742260_77788563,12
chr16_77980107_78022547:chr16_77980107_78022547,7
chr16_78032101_78099653:chr16_78032101_78099653,8
chr16_79212667_79593837:chr16_79212667_79593837,98
chr16_79600737_80540733:chr16_79600737_80540733,237
chr16_80550811_80597906:chr16_80550811_80597906,8
chr16_80804598_80966447:chr16_80804598_80966447,49
chr16_81033107_81035841:chr16_81033107_81035841,9
chr16_81047350_81053496:chr16_81047350_81053496,4
chr16_81077238_81081944:chr16_81077238_81081944,2
chr16_81096395_81100874:chr16_81096395_81100874,3
chr16_81220394_81238688:chr16_81220394_81238688,9
chr16_81291142_81314961:chr16_81291142_81314961,9
chr16_81390809_81444807:chr16_81390809_81444807,13
chr16_81711762_81779290:chr16_81711762_81779290,26
chr16_81962685_81988854:chr16_81962685_81988854,4
chr16_82011470_82035252:chr16_82011470_82035252,10
chr16_82098534_82148161:chr16_82098534_82148161,13
chr16_82170224_82626968:chr16_82170224_82626968,124
chr16_83800640_83807977:chr16_83800640_83807977,5
chr16_83819737_83899114:chr16_83819737_83899114,26
chr16_83927031_83953239:chr16_83927031_83953239,12
chr16_83966332_83968243:chr16_83966332_83968243,0
chr16_84002776_84009666:chr16_84002776_84009666,4
chr16_84042795_84053762:chr16_84042795_84053762,10
chr16_84116942_84122140:chr16_84116942_84122140,4
chr16_84187057_84191156:chr16_84187057_84191156,6
chr16_84197166_84218656:chr16_84197166_84218656,6
chr16_84240012_84294877:chr16_84240012_84294877,21
chr16_84329844_84368537:chr16_84329844_84368537,2
chr16_84464187_84476354:chr16_84464187_84476354,9
chr16_84504659_84565595:chr16_84504659_84565595,31
chr16_84618078_84648510:chr16_84618078_84648510,12
chr16_84667686_84699999:chr16_84667686_84699999,17
chr16_84779922_84819984:chr16_84779922_84819984,27
chr16_84909508_84974174:chr16_84909508_84974174,22
chr16_85011535_85027794:chr16_85011535_85027794,6
chr16_85094230_85098357:chr16_85094230_85098357,2
chr16_85112472_85611408:chr16_85112472_85611408,328
chr16_85688954_85707516:chr16_85688954_85707516,8
chr16_85751096_85778623:chr16_85751096_85778623,8
chr16_85807068_85899161:chr16_85807068_85899161,29
chr16_85922609_86510526:chr16_85922609_86510526,134
chr16_86515422_86530185:chr16_86515422_86530185,1
chr16_86555235_86566828:chr16_86555235_86566828,6
chr16_86569728_86578548:chr16_86569728_86578548,6
chr16_86583478_87302813:chr16_86583478_87302813,208
chr16_87317392_87326986:chr16_87317392_87326986,12
chr16_87404774_87406247:chr16_87404774_87406247,5
chr16_87493024_87601834:chr16_87493024_87601834,38
chr16_87698156_87707811:chr16_87698156_87707811,16
chr16_87765986_87830022:chr16_87765986_87830022,12
chr16_87869507_87881548:chr16_87869507_87881548,1
chr16_87936529_87949237:chr16_87936529_87949237,2
chr16_88077318_88382958:chr16_88077318_88382958,45
chr16_88440753_88453279:chr16_88440753_88453279,4
chr16_88537031_88570402:chr16_88537031_88570402,17
chr16_88631964_88638571:chr16_88631964_88638571,6
chr16_88640468_88643288:chr16_88640468_88643288,2
chr16_88663091_88677687:chr16_88663091_88677687,16
chr16_88686507_88696500:chr16_88686507_88696500,15
chr16_88785220_88803788:chr16_88785220_88803788,7
chr16_88811928_88813733:chr16_88811928_88813733,4
chr16_88866660_88874857:chr16_88866660_88874857,1
chr16_88977207_89093851:chr16_88977207_89093851,34
chr16_89156233_89171747:chr16_89156233_89171747,2
chr16_89201678_89217702:chr16_89201678_89217702,5
chr16_89237141_89267629:chr16_89237141_89267629,5
chr16_89490561_89508387:chr16_89490561_89508387,11
chr16_89557768_89560656:chr16_89557768_89560656,9
chr16_89566829_89575757:chr16_89566829_89575757,4
chr16_89597246_89613307:chr16_89597246_89613307,6
chr16_89641540_89644434:chr16_89641540_89644434,3
chr16_89670458_89686688:chr16_89670458_89686688,4
chr16_89701705_89707133:chr16_89701705_89707133,5
chr16_89816647_89828474:chr16_89816647_89828474,6
chr16_89871319_89873591:chr16_89871319_89873591,1
chr16_89911379_89918861:chr16_89911379_89918861,6
chr16_89936097_89948754:chr16_89936097_89948754,4
chr16_89968060_90004870:chr16_89968060_90004870,41
chr16_90044960_90056565:chr16_90044960_90056565,6
chr16_90077331_90338345:chr16_90077331_90338345,3
chr17_0_137568:chr17_0_137568,1
chr17_139067_142788:chr17_139067_142788,1
chr17_181650_212388:chr17_181650_212388,4
chr17_352807_410324:chr17_352807_410324,6
chr17_414666_439977:chr17_414666_439977,1
chr17_445940_508667:chr17_445940_508667,1
chr17_714839_732595:chr17_714839_732595,2
chr17_742968_744420:chr17_742968_744420,9
chr17_752264_759329:chr17_752264_759329,3
chr17_792509_799309:chr17_792509_799309,2
chr17_979776_997128:chr17_979776_997128,7
chr17_1229722_1270443:chr17_1229722_1270443,6
chr17_1271815_1279661:chr17_1271815_1279661,1
chr17_1300978_1344274:chr17_1300978_1344274,6
chr17_1400222_1420692:chr17_1400222_1420692,6
chr17_1456232_1464185:chr17_1456232_1464185,4
chr17_1492686_1494576:chr17_1492686_1494576,0
chr17_1516612_1517717:chr17_1516612_1517717,2
chr17_1562792_1569253:chr17_1562792_1569253,0
chr17_1628834_1633857:chr17_1628834_1633857,2
chr17_1684867_1702815:chr17_1684867_1702815,5
chr17_1710377_1716522:chr17_1710377_1716522,3
chr17_1738585_1742870:chr17_1738585_1742870,3
chr17_1755265_1762059:chr17_1755265_1762059,4
chr17_1777565_1779484:chr17_1777565_1779484,5
chr17_1900082_1934676:chr17_1900082_1934676,5
chr17_2025334_2030111:chr17_2025334_2030111,1
chr17_2043898_2055102:chr17_2043898_2055102,4
chr17_2336457_2337500:chr17_2336457_2337500,2
chr17_2381054_2384072:chr17_2381054_2384072,2
chr17_2401060_2416048:chr17_2401060_2416048,15
chr17_2511888_2593653:chr17_2511888_2593653,10
chr17_2685615_2689386:chr17_2685615_2689386,6
chr17_2712020_2720800:chr17_2712020_2720800,4
chr17_2749652_2776757:chr17_2749652_2776757,6
chr17_3037741_3062668:chr17_3037741_3062668,1
chr17_3063607_3088483:chr17_3063607_3088483,0
chr17_3104422_3126609:chr17_3104422_3126609,3
chr17_3127551_3197518:chr17_3127551_3197518,10
chr17_3198448_3207666:chr17_3198448_3207666,2
chr17_3218896_3276112:chr17_3218896_3276112,3
chr17_3386874_3397103:chr17_3386874_3397103,2
chr17_3398410_3411369:chr17_3398410_3411369,2
chr17_3424070_3432869:chr17_3424070_3432869,1
chr17_3433841_3440018:chr17_3433841_3440018,2
chr17_3557812_3565445:chr17_3557812_3565445,0
chr17_3696404_3714627:chr17_3696404_3714627,8
chr17_3846246_3860314:chr17_3846246_3860314,7
chr17_3893053_3896591:chr17_3893053_3896591,4
chr17_3916465_3923872:chr17_3916465_3923872,2
chr17_3964437_4004444:chr17_3964437_4004444,7
chr17_4157701_4163820:chr17_4157701_4163820,5
chr17_4263979_4269258:chr17_4263979_4269258,2
chr17_4366675_4433939:chr17_4366675_4433939,4
chr17_4488204_4498880:chr17_4488204_4498880,1
chr17_4555384_4556926:chr17_4555384_4556926,3
chr17_4560577_4584006:chr17_4560577_4584006,4
chr17_4608319_4630918:chr17_4608319_4630918,4
chr17_4641678_4669773:chr17_4641678_4669773,6
chr17_4704137_4710631:chr17_4704137_4710631,0
chr17_4721497_4731427:chr17_4721497_4731427,1
chr17_4746119_4771885:chr17_4746119_4771885,5
chr17_4783211_4785284:chr17_4783211_4785284,2
chr17_4786364_4788963:chr17_4786364_4788963,3
chr17_4790589_4796163:chr17_4790589_4796163,3
chr17_4798495_4801158:chr17_4798495_4801158,4
chr17_4823430_4833339:chr17_4823430_4833339,1
chr17_4903098_4932276:chr17_4903098_4932276,5
chr17_4935023_4937129:chr17_4935023_4937129,7
chr17_4948530_4950551:chr17_4948530_4950551,3
chr17_4957129_4959225:chr17_4957129_4959225,3
chr17_5028401_5032601:chr17_5028401_5032601,1
chr17_5035426_5078466:chr17_5035426_5078466,6
chr17_5096374_5105733:chr17_5096374_5105733,4
chr17_5174991_5179534:chr17_5174991_5179534,0
chr17_5191868_5208919:chr17_5191868_5208919,2
chr17_5234860_5282283:chr17_5234860_5282283,5
chr17_5439155_5440916:chr17_5439155_5440916,2
chr17_5468982_5471253:chr17_5468982_5471253,0
chr17_5490811_5501395:chr17_5490811_5501395,6
chr17_5584509_6069115:chr17_5584509_6069115,86
chr17_6124427_6423737:chr17_6124427_6423737,37
chr17_6435121_6444454:chr17_6435121_6444454,5
chr17_6556555_6578146:chr17_6556555_6578146,6
chr17_6653476_6684718:chr17_6653476_6684718,8
chr17_6713369_6755446:chr17_6713369_6755446,4
chr17_6787646_6797992:chr17_6787646_6797992,1
chr17_6831729_6996048:chr17_6831729_6996048,30
chr17_7010754_7012416:chr17_7010754_7012416,8
chr17_7017524_7023049:chr17_7017524_7023049,6
chr17_7029644_7036014:chr17_7029644_7036014,3
chr17_7040117_7041620:chr17_7040117_7041620,0
chr17_7044092_7074536:chr17_7044092_7074536,3
chr17_7080251_7101321:chr17_7080251_7101321,2
chr17_7114822_7173430:chr17_7114822_7173430,6
chr17_7179370_7187186:chr17_7179370_7187186,3
chr17_7242449_7243590:chr17_7242449_7243590,1
chr17_7263213_7281717:chr17_7263213_7281717,6
chr17_7294639_7306998:chr17_7294639_7306998,3
chr17_7329335_7336528:chr17_7329335_7336528,4
chr17_7357219_7381088:chr17_7357219_7381088,4
chr17_7394525_7402974:chr17_7394525_7402974,3
chr17_7404097_7407844:chr17_7404097_7407844,2
chr17_7421632_7425615:chr17_7421632_7425615,0
chr17_7427568_7428856:chr17_7427568_7428856,0
chr17_7432820_7435434:chr17_7432820_7435434,2
chr17_7437679_7439511:chr17_7437679_7439511,4
chr17_7457710_7459377:chr17_7457710_7459377,1
chr17_7514616_7549057:chr17_7514616_7549057,5
chr17_7582111_7583646:chr17_7582111_7583646,3
chr17_7590094_7591229:chr17_7590094_7591229,5
chr17_7633372_7646626:chr17_7633372_7646626,3
chr17_7657770_7668420:chr17_7657770_7668420,2
chr17_7703502_7705201:chr17_7703502_7705201,5
chr17_7711372_7717743:chr17_7711372_7717743,2
chr17_7916289_7921858:chr17_7916289_7921858,1
chr17_7949920_8002614:chr17_7949920_8002614,6
chr17_8020342_8039058:chr17_8020342_8039058,2
chr17_8049134_8072635:chr17_8049134_8072635,4
chr17_8087716_8095899:chr17_8087716_8095899,2
chr17_8118916_8120591:chr17_8118916_8120591,1
chr17_8124106_8140471:chr17_8124106_8140471,5
chr17_8152404_8159146:chr17_8152404_8159146,3
chr17_8162948_8172456:chr17_8162948_8172456,4
chr17_8176380_8188344:chr17_8176380_8188344,1
chr17_8190180_8204730:chr17_8190180_8204730,5
chr17_8210575_8224814:chr17_8210575_8224814,2
chr17_8248056_8249288:chr17_8248056_8249288,2
chr17_8270486_8287762:chr17_8270486_8287762,8
chr17_8295400_8310240:chr17_8295400_8310240,3
chr17_8322511_8339839:chr17_8322511_8339839,1
chr17_8346046_8358821:chr17_8346046_8358821,2
chr17_8383193_8390701:chr17_8383193_8390701,3
chr17_8397827_8435883:chr17_8397827_8435883,8
chr17_8468163_8474211:chr17_8468163_8474211,5
chr17_8630725_8729934:chr17_8630725_8729934,14
chr17_8744836_8747531:chr17_8744836_8747531,0
chr17_8758546_8797109:chr17_8758546_8797109,3
chr17_8799365_8802721:chr17_8799365_8802721,1
chr17_8867677_8878915:chr17_8867677_8878915,1
chr17_8965707_9021509:chr17_8965707_9021509,12
chr17_9244000_9250470:chr17_9244000_9250470,4
chr17_9643447_9645516:chr17_9643447_9645516,4
chr17_9729687_9771437:chr17_9729687_9771437,4
chr17_9791592_9800607:chr17_9791592_9800607,0
chr17_9822079_9825923:chr17_9822079_9825923,1
chr17_9892099_9896319:chr17_9892099_9896319,0
chr17_9905271_9910605:chr17_9905271_9910605,1
chr17_10198606_10300864:chr17_10198606_10300864,10
chr17_10373006_10390321:chr17_10373006_10390321,2
chr17_10421950_10443289:chr17_10421950_10443289,1
chr17_10469559_10492306:chr17_10469559_10492306,1
chr17_10518542_10521147:chr17_10518542_10521147,1
chr17_10549658_10628531:chr17_10549658_10628531,8
chr17_10657309_10672473:chr17_10657309_10672473,3
chr17_10730023_10794907:chr17_10730023_10794907,13
chr17_10804099_10822469:chr17_10804099_10822469,5
chr17_10838087_11241212:chr17_10838087_11241212,43
chr17_11564063_11598469:chr17_11564063_11598469,2
chr17_11969748_11977438:chr17_11969748_11977438,2
chr17_11997475_12020876:chr17_11997475_12020876,3
chr17_12143828_12665889:chr17_12143828_12665889,52
chr17_12768949_12789497:chr17_12768949_12789497,5
chr17_13018027_13494031:chr17_13018027_13494031,57
chr17_13601929_14069503:chr17_13601929_14069503,59
chr17_14208677_14235672:chr17_14208677_14235672,14
chr17_14236862_14301080:chr17_14236862_14301080,9
chr17_14349404_15229778:chr17_14349404_15229778,116
chr17_15265326_15303811:chr17_15265326_15303811,6
chr17_15341597_15436014:chr17_15341597_15436014,15
chr17_15563483_15565481:chr17_15563483_15565481,0
chr17_15619704_15627965:chr17_15619704_15627965,0
chr17_15684311_15699751:chr17_15684311_15699751,1
chr17_15746165_15945129:chr17_15746165_15945129,9
chr17_16215534_16217209:chr17_16215534_16217209,2
chr17_16326411_16342536:chr17_16326411_16342536,6
chr17_16353469_16380778:chr17_16353469_16380778,5
chr17_16382745_16415570:chr17_16382745_16415570,8
chr17_16437003_16441576:chr17_16437003_16441576,9
chr17_16492193_16546953:chr17_16492193_16546953,10
chr17_16569212_16620733:chr17_16569212_16620733,7
chr17_16653850_16690240:chr17_16653850_16690240,1
chr17_16777881_16939080:chr17_16777881_16939080,13
chr17_16972118_17042456:chr17_16972118_17042456,7
chr17_17192643_17200994:chr17_17192643_17200994,4
chr17_17206333_17212211:chr17_17206333_17212211,8
chr17_17237168_17246615:chr17_17237168_17246615,5
chr17_17281246_17303372:chr17_17281246_17303372,4
chr17_17347663_17476999:chr17_17347663_17476999,23
chr17_17493221_17494436:chr17_17493221_17494436,4
chr17_17496395_17505562:chr17_17496395_17505562,2
chr17_17591708_17681457:chr17_17591708_17681457,16
chr17_17836986_17843510:chr17_17836986_17843510,0
chr17_18016889_18018020:chr17_18016889_18018020,1
chr17_18068405_18087947:chr17_18068405_18087947,5
chr17_18179800_18183827:chr17_18179800_18183827,3
chr17_18209954_18225634:chr17_18209954_18225634,7
chr17_18259022_18260661:chr17_18259022_18260661,0
chr17_18266552_18271427:chr17_18266552_18271427,7
chr17_18363550_18377777:chr17_18363550_18377777,1
chr17_18389647_18476788:chr17_18389647_18476788,0
chr17_18494945_18634246:chr17_18494945_18634246,0
chr17_18644391_18667628:chr17_18644391_18667628,0
chr17_18682314_18744053:chr17_18682314_18744053,2
chr17_18779349_18781182:chr17_18779349_18781182,0
chr17_18806714_18856298:chr17_18806714_18856298,2
chr17_18931287_18950675:chr17_18931287_18950675,2
chr17_19046957_19127588:chr17_19046957_19127588,0
chr17_19159187_19237365:chr17_19159187_19237365,1
chr17_19387190_19411231:chr17_19387190_19411231,4
chr17_19417276_19533853:chr17_19417276_19533853,7
chr17_19579034_19603273:chr17_19579034_19603273,3
chr17_19603345_19648135:chr17_19603345_19648135,1
chr17_19718979_19737983:chr17_19718979_19737983,3
chr17_19748298_19770829:chr17_19748298_19770829,4
chr17_19867936_19904301:chr17_19867936_19904301,3
chr17_19977828_20009358:chr17_19977828_20009358,4
chr17_20319026_20449394:chr17_20319026_20449394,1
chr17_20467539_20579723:chr17_20467539_20579723,1
chr17_20580911_20999595:chr17_20580911_20999595,49
chr17_21043011_21126963:chr17_21043011_21126963,11
chr17_21191420_21197953:chr17_21191420_21197953,6
chr17_21214161_21238869:chr17_21214161_21238869,11
chr17_21253410_21284710:chr17_21253410_21284710,4
chr17_21315240_21376356:chr17_21315240_21376356,5
chr17_21419870_21692522:chr17_21419870_21692522,15
chr17_21704612_22528852:chr17_21704612_22528852,37
chr17_22528921_27294113:chr17_22528921_27294113,99
chr17_27315926_27456447:chr17_27315926_27456447,38
chr17_27626435_27631187:chr17_27626435_27631187,7
chr17_27649560_27756765:chr17_27649560_27756765,18
chr17_27800529_27878357:chr17_27800529_27878357,19
chr17_27893365_28042676:chr17_27893365_28042676,33
chr17_28196381_28319199:chr17_28196381_28319199,24
chr17_28365199_28367283:chr17_28365199_28367283,5
chr17_28370307_28371693:chr17_28370307_28371693,2
chr17_28406212_28473643:chr17_28406212_28473643,14
chr17_28497781_28506347:chr17_28497781_28506347,5
chr17_28538900_28546706:chr17_28538900_28546706,7
chr17_28571524_28573119:chr17_28571524_28573119,4
chr17_28599025_28607962:chr17_28599025_28607962,6
chr17_28645159_28648345:chr17_28645159_28648345,6
chr17_28711888_28714280:chr17_28711888_28714280,3
chr17_28718268_28719984:chr17_28718268_28719984,6
chr17_28726932_28728787:chr17_28726932_28728787,2
chr17_28750956_28755979:chr17_28750956_28755979,6
chr17_28842790_28855015:chr17_28842790_28855015,8
chr17_28861061_28879338:chr17_28861061_28879338,18
chr17_28903079_28905249:chr17_28903079_28905249,5
chr17_28951518_28954904:chr17_28951518_28954904,6
chr17_29006440_29043140:chr17_29006440_29043140,13
chr17_29057216_29071121:chr17_29057216_29071121,7
chr17_29180398_29246858:chr17_29180398_29246858,16
chr17_29254494_29255838:chr17_29254494_29255838,1
chr17_29294148_29390362:chr17_29294148_29390362,18
chr17_29551903_29560546:chr17_29551903_29560546,2
chr17_29567037_29568275:chr17_29567037_29568275,0
chr17_29589648_29593131:chr17_29589648_29593131,1
chr17_29622912_29625937:chr17_29622912_29625937,3
chr17_30108452_30116815:chr17_30108452_30116815,2
chr17_30186475_30194318:chr17_30186475_30194318,1
chr17_30235697_30248202:chr17_30235697_30248202,11
chr17_30291944_30316332:chr17_30291944_30316332,5
chr17_30334057_30378926:chr17_30334057_30378926,15
chr17_30469989_30477407:chr17_30469989_30477407,1
chr17_30527592_30782683:chr17_30527592_30782683,32
chr17_30824692_30831965:chr17_30824692_30831965,3
chr17_30895869_30898985:chr17_30895869_30898985,4
chr17_30906238_30921944:chr17_30906238_30921944,5
chr17_30959322_30971038:chr17_30959322_30971038,3
chr17_30999911_31094926:chr17_30999911_31094926,12
chr17_31377677_31391674:chr17_31377677_31391674,11
chr17_31538211_31851870:chr17_31538211_31851870,56
chr17_31859244_31860903:chr17_31859244_31860903,4
chr17_31901708_31937006:chr17_31901708_31937006,4
chr17_32001038_32007382:chr17_32001038_32007382,1
chr17_32053487_32142501:chr17_32053487_32142501,16
chr17_32225727_32265831:chr17_32225727_32265831,5
chr17_32324661_32328440:chr17_32324661_32328440,1
chr17_32342173_32350156:chr17_32342173_32350156,6
chr17_32381885_32444509:chr17_32381885_32444509,15
chr17_32483319_32486992:chr17_32483319_32486992,2
chr17_32491253_32492521:chr17_32491253_32492521,4
chr17_32877124_32895432:chr17_32877124_32895432,6
chr17_32906586_32928152:chr17_32906586_32928152,7
chr17_32944315_32991846:chr17_32944315_32991846,11
chr17_32997877_33013086:chr17_32997877_33013086,4
chr17_34156768_34255284:chr17_34156768_34255284,25
chr17_34257203_34270220:chr17_34257203_34270220,4
chr17_34272242_34285741:chr17_34272242_34285741,2
chr17_34288334_34319434:chr17_34288334_34319434,3
chr17_34321402_34356479:chr17_34321402_34356479,5
chr17_34358610_34360327:chr17_34358610_34360327,2
chr17_34363233_34579581:chr17_34363233_34579581,52
chr17_34639318_34927860:chr17_34639318_34927860,62
chr17_34963777_34980511:chr17_34963777_34980511,11
chr17_35142303_35147816:chr17_35142303_35147816,6
chr17_35189345_35192519:chr17_35189345_35192519,2
chr17_35194393_35243071:chr17_35194393_35243071,5
chr17_35273655_35350304:chr17_35273655_35350304,18
chr17_35373621_35410921:chr17_35373621_35410921,10
chr17_35433174_35435095:chr17_35433174_35435095,4
chr17_35448766_35464253:chr17_35448766_35464253,4
chr17_35537678_35543984:chr17_35537678_35543984,1
chr17_35560819_35574794:chr17_35560819_35574794,8
chr17_35578571_35587321:chr17_35578571_35587321,3
chr17_35726413_35731638:chr17_35726413_35731638,8
chr17_35753239_35760886:chr17_35753239_35760886,2
chr17_35795641_35809483:chr17_35795641_35809483,2
chr17_35847242_35854954:chr17_35847242_35854954,10
chr17_35868891_35871490:chr17_35868891_35871490,2
chr17_35880360_35918079:chr17_35880360_35918079,11
chr17_35930773_35934517:chr17_35930773_35934517,4
chr17_35943713_35976498:chr17_35943713_35976498,6
chr17_35981497_35983287:chr17_35981497_35983287,4
chr17_35986729_35997581:chr17_35986729_35997581,4
chr17_36001553_36013057:chr17_36001553_36013057,5
chr17_36017972_36064271:chr17_36017972_36064271,9
chr17_36072032_36088255:chr17_36072032_36088255,2
chr17_36090143_36103826:chr17_36090143_36103826,0
chr17_36105614_36165682:chr17_36105614_36165682,11
chr17_36176636_36194868:chr17_36176636_36194868,4
chr17_36196758_36211062:chr17_36196758_36211062,4
chr17_36212873_36253638:chr17_36212873_36253638,1
chr17_36264570_36323883:chr17_36264570_36323883,0
chr17_36334759_36377530:chr17_36334759_36377530,0
chr17_36388435_36428611:chr17_36388435_36428611,0
chr17_36439521_36486680:chr17_36439521_36486680,8
chr17_36539303_36544918:chr17_36539303_36544918,4
chr17_36589848_36591878:chr17_36589848_36591878,3
chr17_36608964_36937474:chr17_36608964_36937474,82
chr17_36944612_36948953:chr17_36944612_36948953,0
chr17_37056871_37084991:chr17_37056871_37084991,10
chr17_37479725_37489890:chr17_37479725_37489890,2
chr17_37513498_37514806:chr17_37513498_37514806,7
chr17_37643446_37686430:chr17_37643446_37686430,4
chr17_37745059_37924414:chr17_37745059_37924414,26
chr17_37935371_37978154:chr17_37935371_37978154,0
chr17_37989060_38003975:chr17_37989060_38003975,0
chr17_38014908_38057692:chr17_38014908_38057692,0
chr17_38068634_38127950:chr17_38068634_38127950,0
chr17_38138868_38181658:chr17_38138868_38181658,0
chr17_38192555_38297167:chr17_38192555_38297167,2
chr17_38323211_38324570:chr17_38323211_38324570,5
chr17_38343956_38351843:chr17_38343956_38351843,2
chr17_38405593_38428463:chr17_38405593_38428463,6
chr17_38512385_38530030:chr17_38512385_38530030,3
chr17_38605952_38671702:chr17_38605952_38671702,21
chr17_38674957_38705272:chr17_38674957_38705272,6
chr17_38748336_38752740:chr17_38748336_38752740,4
chr17_38764225_38765690:chr17_38764225_38765690,7
chr17_38825321_38835085:chr17_38825321_38835085,0
chr17_38841438_38847859:chr17_38841438_38847859,2
chr17_38853721_38870057:chr17_38853721_38870057,7
chr17_38921770_38936431:chr17_38921770_38936431,4
chr17_38967403_39063312:chr17_38967403_39063312,21
chr17_39151637_39156893:chr17_39151637_39156893,1
chr17_39166161_39173452:chr17_39166161_39173452,3
chr17_39197669_39200282:chr17_39197669_39200282,2
chr17_39204732_39210540:chr17_39204732_39210540,7
chr17_39225945_39252662:chr17_39225945_39252662,10
chr17_39402556_39404284:chr17_39402556_39404284,2
chr17_39451263_39461485:chr17_39451263_39461485,2
chr17_39534544_39603767:chr17_39534544_39603767,28
chr17_39607920_39626951:chr17_39607920_39626951,12
chr17_39664201_39665348:chr17_39664201_39665348,2
chr17_39666554_39668018:chr17_39666554_39668018,2
chr17_39730532_39737937:chr17_39730532_39737937,4
chr17_39747285_39757714:chr17_39747285_39757714,3
chr17_39864312_39868201:chr17_39864312_39868201,0
chr17_39877896_39904594:chr17_39877896_39904594,6
chr17_39918635_39921040:chr17_39918635_39921040,5
chr17_39944999_39963003:chr17_39944999_39963003,7
chr17_39977768_39980806:chr17_39977768_39980806,2
chr17_39997959_40015439:chr17_39997959_40015439,9
chr17_40017813_40019103:chr17_40017813_40019103,4
chr17_40054408_40062192:chr17_40054408_40062192,5
chr17_40100589_40121970:chr17_40100589_40121970,9
chr17_40136917_40140536:chr17_40136917_40140536,2
chr17_40172171_40177009:chr17_40172171_40177009,11
chr17_40195650_40219303:chr17_40195650_40219303,3
chr17_40284136_40287878:chr17_40284136_40287878,1
chr17_40304657_40309179:chr17_40304657_40309179,11
chr17_40357643_40360651:chr17_40357643_40360651,4
chr17_40364737_40388524:chr17_40364737_40388524,12
chr17_40417896_40443449:chr17_40417896_40443449,10
chr17_40457725_40475833:chr17_40457725_40475833,4
chr17_40501623_40553768:chr17_40501623_40553768,16
chr17_40565472_40624961:chr17_40565472_40624961,22
chr17_40647818_40654664:chr17_40647818_40654664,1
chr17_40665177_40697990:chr17_40665177_40697990,6
chr17_40703752_40748020:chr17_40703752_40748020,10
chr17_40755331_40766237:chr17_40755331_40766237,1
chr17_40772201_40776807:chr17_40772201_40776807,1
chr17_40782550_40792195:chr17_40782550_40792195,2
chr17_40799959_40818116:chr17_40799959_40818116,5
chr17_40822614_40861302:chr17_40822614_40861302,7
chr17_40867223_40875888:chr17_40867223_40875888,4
chr17_40885242_40922699:chr17_40885242_40922699,7
chr17_40937646_40958416:chr17_40937646_40958416,4
chr17_40966948_40977714:chr17_40966948_40977714,2
chr17_40987135_40993429:chr17_40987135_40993429,1
chr17_40994164_40999192:chr17_40994164_40999192,2
chr17_40999906_41008520:chr17_40999906_41008520,2
chr17_41009128_41026025:chr17_41009128_41026025,3
chr17_41027208_41029350:chr17_41027208_41029350,2
chr17_41030195_41033883:chr17_41030195_41033883,2
chr17_41034874_41040540:chr17_41034874_41040540,0
chr17_41041450_41046540:chr17_41041450_41046540,0
chr17_41047316_41054497:chr17_41047316_41054497,1
chr17_41055230_41059239:chr17_41055230_41059239,0
chr17_41060114_41065115:chr17_41060114_41065115,0
chr17_41065879_41084149:chr17_41065879_41084149,4
chr17_41085144_41096980:chr17_41085144_41096980,2
chr17_41098142_41101501:chr17_41098142_41101501,1
chr17_41102209_41105388:chr17_41102209_41105388,0
chr17_41106488_41117180:chr17_41106488_41117180,2
chr17_41118373_41123090:chr17_41118373_41123090,1
chr17_41124182_41139432:chr17_41124182_41139432,1
chr17_41140544_41148923:chr17_41140544_41148923,3
chr17_41149825_41159648:chr17_41149825_41159648,3
chr17_41160748_41167230:chr17_41160748_41167230,2
chr17_41168221_41177445:chr17_41168221_41177445,2
chr17_41178221_41184099:chr17_41178221_41184099,2
chr17_41184911_41189886:chr17_41184911_41189886,3
chr17_41190639_41226647:chr17_41190639_41226647,8
chr17_41227652_41232448:chr17_41227652_41232448,2
chr17_41233454_41237998:chr17_41233454_41237998,2
chr17_41239004_41249686:chr17_41239004_41249686,1
chr17_41250653_41255383:chr17_41250653_41255383,1
chr17_41256364_41265377:chr17_41256364_41265377,0
chr17_41265860_41275697:chr17_41265860_41275697,0
chr17_41276207_41301825:chr17_41276207_41301825,5
chr17_41302851_41307699:chr17_41302851_41307699,3
chr17_41309309_41314911:chr17_41309309_41314911,1
chr17_41315710_41346091:chr17_41315710_41346091,6
chr17_41350828_41363497:chr17_41350828_41363497,3
chr17_41369813_41377668:chr17_41369813_41377668,3
chr17_41382306_41393720:chr17_41382306_41393720,3
chr17_41397608_41420546:chr17_41397608_41420546,10
chr17_41424585_41436153:chr17_41424585_41436153,2
chr17_41440983_41459512:chr17_41440983_41459512,4
chr17_41467386_41476709:chr17_41467386_41476709,3
chr17_41481151_41486135:chr17_41481151_41486135,1
chr17_41489910_41500980:chr17_41489910_41500980,1
chr17_41505612_41513744:chr17_41505612_41513744,5
chr17_41518890_41523616:chr17_41518890_41523616,4
chr17_41528308_41565835:chr17_41528308_41565835,11
chr17_41572059_41582278:chr17_41572059_41582278,4
chr17_41586895_41609777:chr17_41586895_41609777,3
chr17_41612767_41619441:chr17_41612767_41619441,1
chr17_41624575_41688884:chr17_41624575_41688884,28
chr17_41692668_41712330:chr17_41692668_41712330,11
chr17_41715969_41717738:chr17_41715969_41717738,4
chr17_41734646_41754608:chr17_41734646_41754608,6
chr17_41786711_41801952:chr17_41786711_41801952,2
chr17_41811949_41813003:chr17_41811949_41813003,0
chr17_41823213_41825056:chr17_41823213_41825056,6
chr17_41865423_41866916:chr17_41865423_41866916,3
chr17_41919022_41930616:chr17_41919022_41930616,2
chr17_42098473_42101410:chr17_42098473_42101410,3
chr17_42121367_42122803:chr17_42121367_42122803,3
chr17_42123352_42124978:chr17_42123352_42124978,5
chr17_42154989_42156890:chr17_42154989_42156890,2
chr17_42181142_42184059:chr17_42181142_42184059,4
chr17_42185452_42189086:chr17_42185452_42189086,5
chr17_42194494_42199176:chr17_42194494_42199176,4
chr17_42276391_42287546:chr17_42276391_42287546,7
chr17_42311943_42313323:chr17_42311943_42313323,10
chr17_42388442_42402448:chr17_42388442_42402448,5
chr17_42423256_42458877:chr17_42423256_42458877,3
chr17_42522579_42536240:chr17_42522579_42536240,8
chr17_42544449_42552922:chr17_42544449_42552922,7
chr17_42555214_42562147:chr17_42555214_42562147,4
chr17_42577831_42579507:chr17_42577831_42579507,2
chr17_42615238_42659283:chr17_42615238_42659283,9
chr17_42676994_42678888:chr17_42676994_42678888,3
chr17_42745040_42761226:chr17_42745040_42761226,7
chr17_42763041_42773448:chr17_42763041_42773448,5
chr17_42779599_42780609:chr17_42779599_42780609,7
chr17_42824282_42833396:chr17_42824282_42833396,11
chr17_42858124_42900798:chr17_42858124_42900798,8
chr17_42914438_42950525:chr17_42914438_42950525,12
chr17_42995142_42998272:chr17_42995142_42998272,5
chr17_43002959_43006783:chr17_43002959_43006783,11
chr17_43022385_43025230:chr17_43022385_43025230,1
chr17_43032041_43044294:chr17_43032041_43044294,11
chr17_43125364_43170408:chr17_43125364_43170408,15
chr17_43220041_43221416:chr17_43220041_43221416,2
chr17_43231269_43398992:chr17_43231269_43398992,17
chr17_43401137_43483974:chr17_43401137_43483974,10
chr17_43546340_43640388:chr17_43546340_43640388,28
chr17_43661922_43753737:chr17_43661922_43753737,12
chr17_43758791_43766124:chr17_43758791_43766124,1
chr17_43778977_43780434:chr17_43778977_43780434,0
chr17_43787620_43800810:chr17_43787620_43800810,2
chr17_43833146_43847175:chr17_43833146_43847175,3
chr17_43863639_43875359:chr17_43863639_43875359,7
chr17_43909711_43940803:chr17_43909711_43940803,7
chr17_43942476_43952732:chr17_43942476_43952732,7
chr17_44009068_44011187:chr17_44009068_44011187,5
chr17_44023215_44034327:chr17_44023215_44034327,25
chr17_44067587_44070672:chr17_44067587_44070672,3
chr17_44123641_44141929:chr17_44123641_44141929,4
chr17_44162476_44170703:chr17_44162476_44170703,5
chr17_44179084_44186971:chr17_44179084_44186971,5
chr17_44199884_44205039:chr17_44199884_44205039,4
chr17_44221304_44248389:chr17_44221304_44248389,4
chr17_44268135_44308600:chr17_44268135_44308600,11
chr17_44324823_44345301:chr17_44324823_44345301,9
chr17_44363853_44372180:chr17_44363853_44372180,4
chr17_44389649_44395280:chr17_44389649_44395280,7
chr17_44503406_44557483:chr17_44503406_44557483,10
chr17_44561262_44656467:chr17_44561262_44656467,12
chr17_44675801_44677439:chr17_44675801_44677439,5
chr17_44689776_44708664:chr17_44689776_44708664,1
chr17_44752264_44758987:chr17_44752264_44758987,6
chr17_44781846_44798447:chr17_44781846_44798447,5
chr17_44830834_44846328:chr17_44830834_44846328,6
chr17_44915500_44924710:chr17_44915500_44924710,2
chr17_44947773_44959692:chr17_44947773_44959692,2
chr17_44968303_45023337:chr17_44968303_45023337,17
chr17_45144176_45148474:chr17_45144176_45148474,3
chr17_45152099_45160173:chr17_45152099_45160173,9
chr17_45170040_45221884:chr17_45170040_45221884,16
chr17_45247318_45254392:chr17_45247318_45254392,10
chr17_45262094_45263118:chr17_45262094_45263118,4
chr17_45317020_45393907:chr17_45317020_45393907,33
chr17_45432870_45435899:chr17_45432870_45435899,1
chr17_45490721_45620345:chr17_45490721_45620345,5
chr17_45835828_45844880:chr17_45835828_45844880,1
chr17_45847067_45894553:chr17_45847067_45894553,13
chr17_46028334_46029915:chr17_46028334_46029915,6
chr17_46225367_46274183:chr17_46225367_46274183,2
chr17_46361787_46508678:chr17_46361787_46508678,0
chr17_46579722_46590668:chr17_46579722_46590668,0
chr17_46757464_46762505:chr17_46757464_46762505,5
chr17_46818692_46851582:chr17_46818692_46851582,10
chr17_46886738_46923159:chr17_46886738_46923159,10
chr17_46967000_46978155:chr17_46967000_46978155,4
chr17_46979253_47117702:chr17_46979253_47117702,21
chr17_47189295_47209027:chr17_47189295_47209027,8
chr17_47223679_47253826:chr17_47223679_47253826,17
chr17_47313743_47323954:chr17_47313743_47323954,6
chr17_47441312_47522932:chr17_47441312_47522932,9
chr17_47623276_47649918:chr17_47623276_47649918,8
chr17_47685505_47694062:chr17_47685505_47694062,6
chr17_47712063_47733235:chr17_47712063_47733235,8
chr17_47746122_47807371:chr17_47746122_47807371,20
chr17_47821794_47823271:chr17_47821794_47823271,7
chr17_47841273_47844907:chr17_47841273_47844907,6
chr17_47855697_47896235:chr17_47855697_47896235,15
chr17_47928957_47941570:chr17_47928957_47941570,17
chr17_47949308_47951966:chr17_47949308_47951966,6
chr17_47957883_47970527:chr17_47957883_47970527,1
chr17_47981781_48026166:chr17_47981781_48026166,20
chr17_48037797_48048358:chr17_48037797_48048358,4
chr17_48061545_48070058:chr17_48061545_48070058,6
chr17_48101478_48107765:chr17_48101478_48107765,4
chr17_48123601_48133441:chr17_48123601_48133441,8
chr17_48430214_48528525:chr17_48430214_48528525,24
chr17_48531011_48542654:chr17_48531011_48542654,9
chr17_48545109_48548869:chr17_48545109_48548869,5
chr17_48590241_48591256:chr17_48590241_48591256,3
chr17_48593779_48595750:chr17_48593779_48595750,9
chr17_48604986_48607231:chr17_48604986_48607231,1
chr17_48611017_48612345:chr17_48611017_48612345,4
chr17_48615292_48621155:chr17_48615292_48621155,8
chr17_48626358_48721718:chr17_48626358_48721718,25
chr17_48728750_48762233:chr17_48728750_48762233,8
chr17_48817229_48831034:chr17_48817229_48831034,1
chr17_48865245_48892786:chr17_48865245_48892786,10
chr17_48895871_48908406:chr17_48895871_48908406,9
chr17_48944842_48958553:chr17_48944842_48958553,1
chr17_48968596_48997384:chr17_48968596_48997384,4
chr17_49056145_49132459:chr17_49056145_49132459,15
chr17_49176840_49206233:chr17_49176840_49206233,6
chr17_49230787_49289205:chr17_49230787_49289205,13
chr17_49362473_49404051:chr17_49362473_49404051,16
chr17_49414882_49495292:chr17_49414882_49495292,20
chr17_49515008_49575870:chr17_49515008_49575870,16
chr17_49583827_49598883:chr17_49583827_49598883,14
chr17_49678163_49700942:chr17_49678163_49700942,11
chr17_49707964_49710331:chr17_49707964_49710331,6
chr17_49764131_49788680:chr17_49764131_49788680,12
chr17_49835026_49838299:chr17_49835026_49838299,9
chr17_49848069_49969189:chr17_49848069_49969189,32
chr17_49974959_49990004:chr17_49974959_49990004,12
chr17_49995224_50056109:chr17_49995224_50056109,8
chr17_50090481_50094736:chr17_50090481_50094736,3
chr17_50130160_50133736:chr17_50130160_50133736,2
chr17_50150677_50166004:chr17_50150677_50166004,5
chr17_50175928_50184100:chr17_50175928_50184100,1
chr17_50201631_50271405:chr17_50201631_50271405,19
chr17_50281485_50346125:chr17_50281485_50346125,18
chr17_50361185_50367866:chr17_50361185_50367866,7
chr17_50397523_50426217:chr17_50397523_50426217,2
chr17_50474845_50478859:chr17_50474845_50478859,1
chr17_50485974_50508438:chr17_50485974_50508438,8
chr17_50531501_50532734:chr17_50531501_50532734,2
chr17_50543750_50547173:chr17_50543750_50547173,1
chr17_50555852_50560714:chr17_50555852_50560714,3
chr17_50627474_50634880:chr17_50627474_50634880,2
chr17_50707914_50719602:chr17_50707914_50719602,6
chr17_50756219_50761029:chr17_50756219_50761029,0
chr17_50767518_50834583:chr17_50767518_50834583,14
chr17_50842353_50862222:chr17_50842353_50862222,2
chr17_50867978_50962173:chr17_50867978_50962173,23
chr17_51120868_51153558:chr17_51120868_51153558,8
chr17_51171744_51177424:chr17_51171744_51177424,5
chr17_51297933_51630312:chr17_51297933_51630312,66
chr17_52160023_53822926:chr17_52160023_53822926,210
chr17_53825193_54900851:chr17_53825193_54900851,143
chr17_55173632_55264959:chr17_55173632_55264959,21
chr17_55325187_55392621:chr17_55325187_55392621,18
chr17_55421835_55449862:chr17_55421835_55449862,5
chr17_55511452_55719626:chr17_55511452_55719626,40
chr17_55732081_55751050:chr17_55732081_55751050,6
chr17_55823137_56153474:chr17_55823137_56153474,63
chr17_56517016_56593698:chr17_56517016_56593698,17
chr17_56595611_56791912:chr17_56595611_56791912,38
chr17_56869567_56887908:chr17_56869567_56887908,5
chr17_56914049_56938198:chr17_56914049_56938198,7
chr17_56961050_56978130:chr17_56961050_56978130,1
chr17_57006768_57085245:chr17_57006768_57085245,17
chr17_57121344_57255850:chr17_57121344_57255850,33
chr17_57684689_57744494:chr17_57684689_57744494,15
chr17_57745299_57834780:chr17_57745299_57834780,27
chr17_57850044_57861242:chr17_57850044_57861242,2
chr17_57955412_57971551:chr17_57955412_57971551,4
chr17_57988254_58000918:chr17_57988254_58000918,7
chr17_58007246_58083418:chr17_58007246_58083418,14
chr17_58095542_58148383:chr17_58095542_58148383,12
chr17_58159585_58166981:chr17_58159585_58166981,2
chr17_58171116_58192725:chr17_58171116_58192725,3
chr17_58219255_58238583:chr17_58219255_58238583,4
chr17_58268518_58269854:chr17_58268518_58269854,0
chr17_58280935_58301230:chr17_58280935_58301230,3
chr17_58328795_58345177:chr17_58328795_58345177,20
chr17_58417534_58420166:chr17_58417534_58420166,1
chr17_58488408_58489536:chr17_58488408_58489536,3
chr17_58517880_58520255:chr17_58517880_58520255,1
chr17_58544328_58556677:chr17_58544328_58556677,6
chr17_58735611_58755853:chr17_58735611_58755853,5
chr17_59106880_59109856:chr17_59106880_59109856,1
chr17_59206709_59210034:chr17_59206709_59210034,2
chr17_59215230_59220510:chr17_59215230_59220510,4
chr17_59275970_59331654:chr17_59275970_59331654,11
chr17_59401729_59565609:chr17_59401729_59565609,28
chr17_59608345_59619894:chr17_59608345_59619894,6
chr17_59842255_59859478:chr17_59842255_59859478,3
chr17_59950574_59952239:chr17_59950574_59952239,2
chr17_59964740_60041007:chr17_59964740_60041007,8
chr17_60078921_60149972:chr17_60078921_60149972,12
chr17_60159546_60177326:chr17_60159546_60177326,4
chr17_60392133_60422488:chr17_60392133_60422488,6
chr17_60431426_60443157:chr17_60431426_60443157,5
chr17_60526242_60600192:chr17_60526242_60600192,12
chr17_60666280_60677850:chr17_60666280_60677850,2
chr17_61392831_61399842:chr17_61392831_61399842,3
chr17_61409466_61452421:chr17_61409466_61452421,11
chr17_61485110_61590420:chr17_61485110_61590420,19
chr17_61591219_61679138:chr17_61591219_61679138,14
chr17_61863528_61865366:chr17_61863528_61865366,1
chr17_61927982_61942604:chr17_61927982_61942604,4
chr17_62065278_62370217:chr17_62065278_62370217,36
chr17_62416480_62423896:chr17_62416480_62423896,1
chr17_62453385_62477810:chr17_62453385_62477810,2
chr17_62615481_62627669:chr17_62615481_62627669,7
chr17_62693597_62701313:chr17_62693597_62701313,2
chr17_62808314_62966234:chr17_62808314_62966234,28
chr17_63427703_63432303:chr17_63427703_63432303,3
chr17_63446639_63477060:chr17_63446639_63477060,2
chr17_63498373_63523357:chr17_63498373_63523357,8
chr17_63548992_63550476:chr17_63548992_63550476,0
chr17_63594266_63600894:chr17_63594266_63600894,8
chr17_63608365_63622416:chr17_63608365_63622416,9
chr17_63700125_63702831:chr17_63700125_63702831,3
chr17_63741986_63745254:chr17_63741986_63745254,4
chr17_63842685_63872011:chr17_63842685_63872011,16
chr17_63873729_63880214:chr17_63873729_63880214,0
chr17_63881944_63894917:chr17_63881944_63894917,0
chr17_63896574_63909607:chr17_63896574_63909607,2
chr17_63911258_63917202:chr17_63911258_63917202,2
chr17_63918839_63928739:chr17_63918839_63928739,4
chr17_63932331_63938553:chr17_63932331_63938553,5
chr17_63972918_63998350:chr17_63972918_63998350,5
chr17_64020633_64039141:chr17_64020633_64039141,7
chr17_64130144_64147226:chr17_64130144_64147226,8
chr17_64263260_64319414:chr17_64263260_64319414,12
chr17_64390860_64449114:chr17_64390860_64449114,13
chr17_64474006_64477784:chr17_64474006_64477784,2
chr17_64497054_64498253:chr17_64497054_64498253,4
chr17_64537946_64542281:chr17_64537946_64542281,10
chr17_64662307_64854129:chr17_64662307_64854129,21
chr17_64919478_65009288:chr17_64919478_65009288,13
chr17_65056740_65137369:chr17_65056740_65137369,17
chr17_65227703_65528562:chr17_65227703_65528562,64
chr17_65561648_65635536:chr17_65561648_65635536,10
chr17_66192133_66212032:chr17_66192133_66212032,6
chr17_66229415_66302612:chr17_66229415_66302612,21
chr17_66810743_66835116:chr17_66810743_66835116,7
chr17_66894751_66964706:chr17_66894751_66964706,22
chr17_67033398_67044553:chr17_67033398_67044553,5
chr17_67056797_67070443:chr17_67056797_67070443,4
chr17_67245196_67337915:chr17_67245196_67337915,12
chr17_67366577_67377280:chr17_67366577_67377280,5
chr17_67697256_67717935:chr17_67697256_67717935,5
chr17_67744531_67825502:chr17_67744531_67825502,20
chr17_67984378_67991098:chr17_67984378_67991098,3
chr17_67996469_68035734:chr17_67996469_68035734,3
chr17_68046854_68206128:chr17_68046854_68206128,25
chr17_68257164_68259169:chr17_68257164_68259169,1
chr17_68601367_68867288:chr17_68601367_68867288,64
chr17_68955392_68974487:chr17_68955392_68974487,5
chr17_69060927_69078701:chr17_69060927_69078701,1
chr17_69141895_69148006:chr17_69141895_69148006,3
chr17_69327133_69414696:chr17_69327133_69414696,15
chr17_69553865_70075224:chr17_69553865_70075224,149
chr17_70135608_70169531:chr17_70135608_70169531,5
chr17_70180044_72121019:chr17_70180044_72121019,292
chr17_72126416_72645948:chr17_72126416_72645948,105
chr17_73092688_73165009:chr17_73092688_73165009,16
chr17_73176633_73193054:chr17_73176633_73193054,6
chr17_73261880_73283623:chr17_73261880_73283623,3
chr17_73312001_73334383:chr17_73312001_73334383,3
chr17_73644445_74203677:chr17_73644445_74203677,141
chr17_74210655_74213570:chr17_74210655_74213570,3
chr17_74262020_74274233:chr17_74262020_74274233,4
chr17_74314884_74326225:chr17_74314884_74326225,4
chr17_74361868_74367505:chr17_74361868_74367505,3
chr17_74372600_74432087:chr17_74372600_74432087,13
chr17_74451658_74466372:chr17_74451658_74466372,11
chr17_74484798_74521173:chr17_74484798_74521173,4
chr17_74531475_74541072:chr17_74531475_74541072,7
chr17_74546115_74560700:chr17_74546115_74560700,3
chr17_74567509_74579364:chr17_74567509_74579364,3
chr17_74592283_74609884:chr17_74592283_74609884,7
chr17_74623738_74671130:chr17_74623738_74671130,5
chr17_74747335_74748627:chr17_74747335_74748627,1
chr17_74769353_74770528:chr17_74769353_74770528,6
chr17_74839753_74842022:chr17_74839753_74842022,0
chr17_74860843_74862496:chr17_74860843_74862496,5
chr17_74872994_74877301:chr17_74872994_74877301,3
chr17_74893633_74916082:chr17_74893633_74916082,3
chr17_74923255_74924272:chr17_74923255_74924272,1
chr17_74933912_74935801:chr17_74933912_74935801,1
chr17_74972759_74987631:chr17_74972759_74987631,3
chr17_75005800_75012669:chr17_75005800_75012669,0
chr17_75021261_75032570:chr17_75021261_75032570,5
chr17_75065886_75087764:chr17_75065886_75087764,9
chr17_75106162_75109968:chr17_75106162_75109968,2
chr17_75131742_75135242:chr17_75131742_75135242,3
chr17_75154512_75165585:chr17_75154512_75165585,5
chr17_75182959_75205678:chr17_75182959_75205678,5
chr17_75271292_75272991:chr17_75271292_75272991,6
chr17_75289433_75318075:chr17_75289433_75318075,19
chr17_75405678_75456634:chr17_75405678_75456634,7
chr17_75575209_75587799:chr17_75575209_75587799,3
chr17_75708059_75721458:chr17_75708059_75721458,5
chr17_75765192_75776433:chr17_75765192_75776433,11
chr17_75779779_75784805:chr17_75779779_75784805,6
chr17_75825799_75827224:chr17_75825799_75827224,8
chr17_75844404_75845698:chr17_75844404_75845698,9
chr17_75856436_75874163:chr17_75856436_75874163,4
chr17_75878581_75888962:chr17_75878581_75888962,3
chr17_75896951_75898643:chr17_75896951_75898643,8
chr17_75904884_75909573:chr17_75904884_75909573,7
chr17_76027306_76038784:chr17_76027306_76038784,10
chr17_76072517_76074780:chr17_76072517_76074780,0
chr17_76077537_76079181:chr17_76077537_76079181,0
chr17_76103787_76136332:chr17_76103787_76136332,10
chr17_76141245_76142473:chr17_76141245_76142473,1
chr17_76240493_76265347:chr17_76240493_76265347,7
chr17_76271298_76274048:chr17_76271298_76274048,5
chr17_76308276_76309477:chr17_76308276_76309477,4
chr17_76354198_76383203:chr17_76354198_76383203,9
chr17_76387855_76389455:chr17_76387855_76389455,11
chr17_76501427_76527355:chr17_76501427_76527355,9
chr17_76545376_76565376:chr17_76545376_76565376,23
chr17_76585860_76624762:chr17_76585860_76624762,12
chr17_76643757_76672550:chr17_76643757_76672550,10
chr17_76710965_76712835:chr17_76710965_76712835,6
chr17_76779341_76868403:chr17_76779341_76868403,27
chr17_76950393_77088684:chr17_76950393_77088684,22
chr17_77217101_77281498:chr17_77217101_77281498,12
chr17_77500596_77957556:chr17_77500596_77957556,124
chr17_78142968_78146384:chr17_78142968_78146384,1
chr17_78166297_78168544:chr17_78166297_78168544,2
chr17_78172964_78174078:chr17_78172964_78174078,17
chr17_78207702_78214252:chr17_78207702_78214252,3
chr17_78225635_78231292:chr17_78225635_78231292,4
chr17_78240987_78356777:chr17_78240987_78356777,34
chr17_78360925_78378648:chr17_78360925_78378648,7
chr17_78577396_78674047:chr17_78577396_78674047,22
chr17_78782273_78787380:chr17_78782273_78787380,5
chr17_78841439_78852976:chr17_78841439_78852976,4
chr17_78925387_78971254:chr17_78925387_78971254,10
chr17_78979923_78991715:chr17_78979923_78991715,8
chr17_79009764_79022933:chr17_79009764_79022933,7
chr17_79049788_79074823:chr17_79049788_79074823,3
chr17_79658975_79730942:chr17_79658975_79730942,11
chr17_79742219_79778147:chr17_79742219_79778147,8
chr17_79787983_79792131:chr17_79787983_79792131,3
chr17_79797077_79833155:chr17_79797077_79833155,18
chr17_79839440_79932342:chr17_79839440_79932342,31
chr17_80119881_80134368:chr17_80119881_80134368,9
chr17_80147128_80170029:chr17_80147128_80170029,10
chr17_80253500_80260851:chr17_80253500_80260851,6
chr17_80398794_80415166:chr17_80398794_80415166,3
chr17_80438086_80466833:chr17_80438086_80466833,11
chr17_80476607_80544837:chr17_80476607_80544837,10
chr17_80966368_80991840:chr17_80966368_80991840,4
chr17_81000133_81035150:chr17_81000133_81035150,20
chr17_81183166_81189595:chr17_81183166_81189595,3
chr17_81222965_81228276:chr17_81222965_81228276,3
chr17_81241310_81244810:chr17_81241310_81244810,12
chr17_81295307_81395456:chr17_81295307_81395456,29
chr17_81466331_81509970:chr17_81466331_81509970,18
chr17_81512799_81528376:chr17_81512799_81528376,7
chr17_81537130_81539890:chr17_81537130_81539890,4
chr17_81552353_81556886:chr17_81552353_81556886,6
chr17_81648755_81650458:chr17_81648755_81650458,3
chr17_81663127_81665035:chr17_81663127_81665035,6
chr17_81673899_81681164:chr17_81673899_81681164,6
chr17_81702121_81703366:chr17_81702121_81703366,10
chr17_81707517_81712283:chr17_81707517_81712283,6
chr17_81721012_81804149:chr17_81721012_81804149,10
chr17_81814008_81822360:chr17_81814008_81822360,7
chr17_81835050_81843165:chr17_81835050_81843165,12
chr17_81860535_81867720:chr17_81860535_81867720,16
chr17_81871337_81887834:chr17_81871337_81887834,30
chr17_81927735_81932390:chr17_81927735_81932390,11
chr17_81937300_81939644:chr17_81937300_81939644,3
chr17_81947233_81952506:chr17_81947233_81952506,1
chr17_81961187_81977628:chr17_81961187_81977628,6
chr17_82017406_82018702:chr17_82017406_82018702,5
chr17_82034204_82035857:chr17_82034204_82035857,5
chr17_82037697_82047901:chr17_82037697_82047901,4
chr17_82065804_82078337:chr17_82065804_82078337,10
chr17_82098236_82101469:chr17_82098236_82101469,5
chr17_82212842_82228434:chr17_82212842_82228434,7
chr17_82273750_82314872:chr17_82273750_82314872,9
chr17_82317608_82321023:chr17_82317608_82321023,0
chr17_82333766_82359246:chr17_82333766_82359246,6
chr17_82363775_82371764:chr17_82363775_82371764,6
chr17_82377458_82389209:chr17_82377458_82389209,5
chr17_82450752_82458197:chr17_82450752_82458197,1
chr17_82490537_82519731:chr17_82490537_82519731,8
chr17_82604602_82614561:chr17_82604602_82614561,16
chr17_82648444_82654972:chr17_82648444_82654972,3
chr17_82698698_82716705:chr17_82698698_82716705,10
chr17_82728013_82735614:chr17_82728013_82735614,12
chr17_83051770_83079608:chr17_83051770_83079608,5
chr17_83095122_83257441:chr17_83095122_83257441,23
chr18_0_47220:chr18_0_47220,0
chr18_73539_158556:chr18_73539_158556,12
chr18_268047_316736:chr18_268047_316736,19
chr18_500701_580379:chr18_500701_580379,30
chr18_582114_596987:chr18_582114_596987,7
chr18_650182_657652:chr18_650182_657652,5
chr18_712630_721587:chr18_712630_721587,6
chr18_812242_904870:chr18_812242_904870,36
chr18_912172_2537529:chr18_912172_2537529,476
chr18_2616635_2655725:chr18_2616635_2655725,10
chr18_2805017_2847005:chr18_2805017_2847005,14
chr18_3013144_3066806:chr18_3013144_3066806,19
chr18_3219968_3247481:chr18_3219968_3247481,9
chr18_3256237_3262132:chr18_3256237_3262132,6
chr18_3278461_3412008:chr18_3278461_3412008,57
chr18_3459978_3496031:chr18_3459978_3496031,20
chr18_4455307_5142910:chr18_4455307_5142910,142
chr18_5197691_5289021:chr18_5197691_5289021,31
chr18_5297053_5392385:chr18_5297053_5392385,22
chr18_5630663_5882071:chr18_5630663_5882071,67
chr18_5896174_5954716:chr18_5896174_5954716,17
chr18_6415259_6729715:chr18_6415259_6729715,62
chr18_6915716_6941741:chr18_6915716_6941741,6
chr18_7117797_7231088:chr18_7117797_7231088,35
chr18_7232044_7567315:chr18_7232044_7567315,77
chr18_8406856_8609436:chr18_8406856_8609436,71
chr18_8639383_8705555:chr18_8639383_8705555,18
chr18_8832778_9102698:chr18_8832778_9102698,127
chr18_9134341_9136780:chr18_9134341_9136780,3
chr18_9285985_9334772:chr18_9285985_9334772,9
chr18_9402420_9475512:chr18_9402420_9475512,33
chr18_9538114_9546793:chr18_9538114_9546793,15
chr18_9614559_9708300:chr18_9614559_9708300,29
chr18_9862551_9885972:chr18_9862551_9885972,19
chr18_9889275_9914015:chr18_9889275_9914015,15
chr18_9960021_10454634:chr18_9960021_10454634,188
chr18_10489949_10526026:chr18_10489949_10526026,10
chr18_10552764_10670246:chr18_10552764_10670246,28
chr18_11149569_11609595:chr18_11149569_11609595,97
chr18_11610612_11689263:chr18_11610612_11689263,15
chr18_11908317_11981506:chr18_11908317_11981506,17
chr18_12030877_12093842:chr18_12030877_12093842,18
chr18_12129764_12254360:chr18_12129764_12254360,21
chr18_12277595_12307668:chr18_12277595_12307668,14
chr18_12377227_12407928:chr18_12377227_12407928,14
chr18_12432238_12446511:chr18_12432238_12446511,17
chr18_12725740_12785477:chr18_12725740_12785477,20
chr18_12884237_12948010:chr18_12884237_12948010,20
chr18_12987536_12991361:chr18_12987536_12991361,4
chr18_13125036_13217681:chr18_13125036_13217681,18
chr18_13652754_13663346:chr18_13652754_13663346,1
chr18_13764556_13824148:chr18_13764556_13824148,19
chr18_13827323_13882043:chr18_13827323_13882043,16
chr18_13915707_14071120:chr18_13915707_14071120,25
chr18_14132435_14507338:chr18_14132435_14507338,11
chr18_14543600_14748171:chr18_14543600_14748171,1
chr18_14854667_20946905:chr18_14854667_20946905,24
chr18_21111813_21242231:chr18_21111813_21242231,26
chr18_21526112_21529283:chr18_21526112_21529283,4
chr18_21600704_21612313:chr18_21600704_21612313,3
chr18_21633520_21650900:chr18_21633520_21650900,5
chr18_21704774_21740791:chr18_21704774_21740791,6
chr18_21870953_22169588:chr18_21870953_22169588,92
chr18_22202528_22413598:chr18_22202528_22413598,63
chr18_22417915_22933327:chr18_22417915_22933327,150
chr18_23026486_23134563:chr18_23026486_23134563,29
chr18_23260470_23296012:chr18_23260470_23296012,22
chr18_23437961_23453286:chr18_23437961_23453286,3
chr18_23483140_23503469:chr18_23483140_23503469,7
chr18_23586506_23598925:chr18_23586506_23598925,6
chr18_23662911_23689452:chr18_23662911_23689452,7
chr18_23955066_23992886:chr18_23955066_23992886,16
chr18_24135600_24139061:chr18_24135600_24139061,1
chr18_24397824_24426669:chr18_24397824_24426669,10
chr18_24453531_24460636:chr18_24453531_24460636,2
chr18_24479974_25061923:chr18_24479974_25061923,247
chr18_25352166_26016252:chr18_25352166_26016252,235
chr18_26091219_26133868:chr18_26091219_26133868,15
chr18_26193355_26226444:chr18_26193355_26226444,8
chr18_26391685_26454909:chr18_26391685_26454909,18
chr18_26657473_26852037:chr18_26657473_26852037,58
chr18_26865803_26906480:chr18_26865803_26906480,11
chr18_27185308_27950965:chr18_27185308_27950965,205
chr18_28177130_30989364:chr18_28177130_30989364,487
chr18_31042742_31058839:chr18_31042742_31058839,9
chr18_31102421_31129235:chr18_31102421_31129235,8
chr18_31162856_31318159:chr18_31162856_31318159,25
chr18_31359246_31376776:chr18_31359246_31376776,7
chr18_31414909_31447740:chr18_31414909_31447740,5
chr18_31478702_31498176:chr18_31478702_31498176,2
chr18_31549008_31591876:chr18_31549008_31591876,12
chr18_31598821_31622245:chr18_31598821_31622245,10
chr18_31686043_31759583:chr18_31686043_31759583,16
chr18_31760880_31829196:chr18_31760880_31829196,28
chr18_31943128_32018824:chr18_31943128_32018824,19
chr18_32073219_32091873:chr18_32073219_32091873,7
chr18_32131561_32190038:chr18_32131561_32190038,13
chr18_32220404_32263521:chr18_32220404_32263521,11
chr18_32470882_32672672:chr18_32470882_32672672,38
chr18_32773023_32937405:chr18_32773023_32937405,40
chr18_33441040_33578218:chr18_33441040_33578218,18
chr18_33751195_33851099:chr18_33751195_33851099,27
chr18_34224913_34493311:chr18_34224913_34493311,58
chr18_34891844_34977026:chr18_34891844_34977026,26
chr18_35143470_35241033:chr18_35143470_35241033,25
chr18_35290229_35332226:chr18_35290229_35332226,22
chr18_35344420_35366693:chr18_35344420_35366693,5
chr18_35377337_35468332:chr18_35377337_35468332,30
chr18_35497960_35580921:chr18_35497960_35580921,30
chr18_35711834_35972678:chr18_35711834_35972678,57
chr18_35979278_35989823:chr18_35979278_35989823,8
chr18_36067559_36108530:chr18_36067559_36108530,18
chr18_36180557_36187496:chr18_36180557_36187496,7
chr18_36272157_36297712:chr18_36272157_36297712,8
chr18_37232172_37243039:chr18_37232172_37243039,6
chr18_37565798_41955233:chr18_37565798_41955233,924
chr18_42087830_42743226:chr18_42087830_42743226,51
chr18_43115685_43267891:chr18_43115685_43267891,9
chr18_43277490_44680072:chr18_43277490_44680072,90
chr18_45068510_45167962:chr18_45068510_45167962,14
chr18_45683688_45724180:chr18_45683688_45724180,10
chr18_45752520_45825674:chr18_45752520_45825674,14
chr18_45844094_45847608:chr18_45844094_45847608,2
chr18_45967329_45983535:chr18_45967329_45983535,5
chr18_46072260_46080247:chr18_46072260_46080247,5
chr18_46128333_46174033:chr18_46128333_46174033,6
chr18_46266992_46334017:chr18_46266992_46334017,12
chr18_46463140_46476960:chr18_46463140_46476960,4
chr18_46657220_46667820:chr18_46657220_46667820,2
chr18_46757053_46803217:chr18_46757053_46803217,6
chr18_47102243_47107409:chr18_47102243_47107409,2
chr18_47150500_47152833:chr18_47150500_47152833,0
chr18_47176364_47206168:chr18_47176364_47206168,4
chr18_47251660_47808956:chr18_47251660_47808956,76
chr18_47930872_48026671:chr18_47930872_48026671,22
chr18_48412585_48539030:chr18_48412585_48539030,30
chr18_48863217_48919852:chr18_48863217_48919852,17
chr18_48950965_49036386:chr18_48950965_49036386,13
chr18_49460645_49477242:chr18_49460645_49477242,5
chr18_49492465_49562056:chr18_49492465_49562056,13
chr18_49599185_49782163:chr18_49599185_49782163,30
chr18_49813533_49822788:chr18_49813533_49822788,6
chr18_50195147_50227192:chr18_50195147_50227192,5
chr18_50287692_50375045:chr18_50287692_50375045,10
chr18_50394168_50560086:chr18_50394168_50560086,30
chr18_50731826_50795129:chr18_50731826_50795129,8
chr18_50825380_50879117:chr18_50825380_50879117,13
chr18_50954257_50968039:chr18_50954257_50968039,3
chr18_50988121_51030212:chr18_50988121_51030212,10
chr18_51085042_51174549:chr18_51085042_51174549,8
chr18_51197681_52340196:chr18_51197681_52340196,121
chr18_53535899_54151605:chr18_53535899_54151605,44
chr18_54224669_54269478:chr18_54224669_54269478,3
chr18_54321266_54324491:chr18_54321266_54324491,2
chr18_54382035_54587758:chr18_54382035_54587758,13
chr18_54599493_54717856:chr18_54599493_54717856,10
chr18_54895516_54901508:chr18_54895516_54901508,2
chr18_54959461_55222184:chr18_54959461_55222184,33
chr18_55635957_56597208:chr18_55635957_56597208,114
chr18_56638592_56651358:chr18_56638592_56651358,4
chr18_57029792_57147086:chr18_57029792_57147086,14
chr18_57150410_57352556:chr18_57150410_57352556,29
chr18_57368931_57435373:chr18_57368931_57435373,7
chr18_57491298_57544376:chr18_57491298_57544376,9
chr18_57586702_57600655:chr18_57586702_57600655,6
chr18_57621836_57646425:chr18_57621836_57646425,2
chr18_57803315_58044225:chr18_57803315_58044225,35
chr18_58401540_58481246:chr18_58401540_58481246,16
chr18_58629091_58671464:chr18_58629091_58671464,0
chr18_58754477_58862923:chr18_58754477_58862923,6
chr18_58986480_59139883:chr18_58986480_59139883,18
chr18_59158832_59220157:chr18_59158832_59220157,5
chr18_59230771_59267037:chr18_59230771_59267037,4
chr18_59273454_59295401:chr18_59273454_59295401,3
chr18_59318649_59327822:chr18_59318649_59327822,2
chr18_59359265_59430938:chr18_59359265_59430938,10
chr18_59697423_59899995:chr18_59697423_59899995,20
chr18_59904305_60371061:chr18_59904305_60371061,45
chr18_60372775_61333429:chr18_60372775_61333429,78
chr18_61555779_61808066:chr18_61555779_61808066,31
chr18_61893007_62041163:chr18_61893007_62041163,20
chr18_62310249_62325309:chr18_62310249_62325309,1
chr18_62391288_62523024:chr18_62391288_62523024,17
chr18_62586729_62715540:chr18_62586729_62715540,18
chr18_62980433_63123345:chr18_62980433_63123345,26
chr18_63319769_63327725:chr18_63319769_63327725,1
chr18_63367206_63389189:chr18_63367206_63389189,5
chr18_63422476_63476957:chr18_63422476_63476957,3
chr18_63505085_63542368:chr18_63505085_63542368,2
chr18_63569329_63587342:chr18_63569329_63587342,2
chr18_63599192_63637258:chr18_63599192_63637258,2
chr18_63644256_63655196:chr18_63644256_63655196,0
chr18_63661893_63702303:chr18_63661893_63702303,4
chr18_63723893_63753056:chr18_63723893_63753056,2
chr18_63805370_63887704:chr18_63805370_63887704,9
chr18_63903888_63907957:chr18_63903888_63907957,1
chr18_63936111_63949300:chr18_63936111_63949300,2
chr18_63961835_63970080:chr18_63961835_63970080,1
chr18_64019779_65750251:chr18_64019779_65750251,133
chr18_65890337_66501082:chr18_65890337_66501082,48
chr18_66604090_67506586:chr18_66604090_67506586,59
chr18_67516720_68673687:chr18_67516720_68673687,78
chr18_69055189_69400887:chr18_69055189_69400887,16
chr18_69849087_69853273:chr18_69849087_69853273,1
chr18_69956799_70003030:chr18_69956799_70003030,4
chr18_70205687_70289044:chr18_70205687_70289044,13
chr18_70330199_72536680:chr18_70330199_72536680,173
chr18_72544342_72742313:chr18_72544342_72742313,14
chr18_72867987_74073367:chr18_72867987_74073367,129
chr18_74160531_74250845:chr18_74160531_74250845,14
chr18_74291963_74315838:chr18_74291963_74315838,2
chr18_74359189_74434774:chr18_74359189_74434774,11
chr18_74457308_74496362:chr18_74457308_74496362,5
chr18_74523454_74534499:chr18_74523454_74534499,2
chr18_74587212_74597869:chr18_74587212_74597869,2
chr18_75065671_75195107:chr18_75065671_75195107,20
chr18_75209139_75210796:chr18_75209139_75210796,2
chr18_75289944_75409475:chr18_75289944_75409475,14
chr18_75427703_76357681:chr18_75427703_76357681,113
chr18_76495242_76822556:chr18_76495242_76822556,43
chr18_76972901_76978832:chr18_76972901_76978832,1
chr18_77132783_77249847:chr18_77132783_77249847,10
chr18_77277900_78979817:chr18_77277900_78979817,243
chr18_78998969_79069393:chr18_78998969_79069393,9
chr18_79378283_79395929:chr18_79378283_79395929,5
chr18_79529323_79679802:chr18_79529323_79679802,26
chr18_79756625_79797937:chr18_79756625_79797937,6
chr18_79900100_79902419:chr18_79900100_79902419,0
chr18_79951653_79964642:chr18_79951653_79964642,3
chr18_80050651_80109261:chr18_80050651_80109261,12
chr18_80140346_80157231:chr18_80140346_80157231,6
chr18_80247514_80373285:chr18_80247514_80373285,2
chr19_0_107103:chr19_0_107103,0
chr19_113156_281042:chr19_113156_281042,5
chr19_291403_305572:chr19_291403_305572,2
chr19_344796_361746:chr19_344796_361746,8
chr19_376026_405444:chr19_376026_405444,6
chr19_409147_416588:chr19_409147_416588,4
chr19_461033_463360:chr19_461033_463360,1
chr19_491624_496485:chr19_491624_496485,2
chr19_505343_507496:chr19_505343_507496,1
chr19_519654_531759:chr19_519654_531759,4
chr19_542087_544052:chr19_542087_544052,2
chr19_549922_571282:chr19_549922_571282,7
chr19_583493_589880:chr19_583493_589880,7
chr19_633537_639878:chr19_633537_639878,4
chr19_644373_647525:chr19_644373_647525,7
chr19_663214_676391:chr19_663214_676391,5
chr19_683385_685545:chr19_683385_685545,0
chr19_695452_708934:chr19_695452_708934,3
chr19_748329_751111:chr19_748329_751111,3
chr19_764318_797451:chr19_764318_797451,10
chr19_821955_827836:chr19_821955_827836,1
chr19_832018_840998:chr19_832018_840998,2
chr19_848175_852302:chr19_848175_852302,3
chr19_856243_859663:chr19_856243_859663,0
chr19_863641_867962:chr19_863641_867962,3
chr19_893187_896502:chr19_893187_896502,5
chr19_913219_917332:chr19_913219_917332,4
chr19_921005_926034:chr19_921005_926034,8
chr19_975939_982927:chr19_975939_982927,2
chr19_994557_1000418:chr19_994557_1000418,2
chr19_1021123_1026607:chr19_1021123_1026607,7
chr19_1039065_1040106:chr19_1039065_1040106,4
chr19_1095375_1103993:chr19_1095375_1103993,3
chr19_1174268_1205777:chr19_1174268_1205777,4
chr19_1238005_1241750:chr19_1238005_1241750,2
chr19_1244825_1248582:chr19_1244825_1248582,1
chr19_1259143_1269331:chr19_1259143_1269331,8
chr19_1279228_1285872:chr19_1279228_1285872,4
chr19_1301431_1354958:chr19_1301431_1354958,13
chr19_1378429_1383906:chr19_1378429_1383906,8
chr19_1395584_1397025:chr19_1395584_1397025,4
chr19_1401542_1407585:chr19_1401542_1407585,3
chr19_1435684_1438395:chr19_1435684_1438395,6
chr19_1440495_1450120:chr19_1440495_1450120,12
chr19_1479215_1481427:chr19_1479215_1481427,4
chr19_1497927_1505021:chr19_1497927_1505021,2
chr19_1513019_1524076:chr19_1513019_1524076,2
chr19_1536046_1554671:chr19_1536046_1554671,9
chr19_1568325_1573595:chr19_1568325_1573595,2
chr19_1592865_1597168:chr19_1592865_1597168,6
chr19_1605462_1609291:chr19_1605462_1609291,2
chr19_1652615_1753505:chr19_1652615_1753505,9
chr19_1780988_1782074:chr19_1780988_1782074,0
chr19_1812276_1815247:chr19_1812276_1815247,5
chr19_1848483_1852398:chr19_1848483_1852398,10
chr19_1863579_1876809:chr19_1863579_1876809,5
chr19_1885496_1905398:chr19_1885496_1905398,4
chr19_1926013_1941171:chr19_1926013_1941171,8
chr19_1981338_1985447:chr19_1981338_1985447,7
chr19_2015714_2037470:chr19_2015714_2037470,10
chr19_2051244_2071035:chr19_2051244_2071035,6
chr19_2099590_2100987:chr19_2099590_2100987,11
chr19_2151566_2163932:chr19_2151566_2163932,5
chr19_2256417_2269485:chr19_2256417_2269485,9
chr19_2273488_2274630:chr19_2273488_2274630,11
chr19_2282175_2287163:chr19_2282175_2287163,2
chr19_2308154_2321520:chr19_2308154_2321520,9
chr19_2355095_2360264:chr19_2355095_2360264,3
chr19_2456959_2476126:chr19_2456959_2476126,2
chr19_2478257_2511218:chr19_2478257_2511218,3
chr19_2702694_2714566:chr19_2702694_2714566,3
chr19_2721372_2732523:chr19_2721372_2732523,11
chr19_2740076_2754714:chr19_2740076_2754714,6
chr19_2783273_2785502:chr19_2783273_2785502,1
chr19_2815807_2819867:chr19_2815807_2819867,1
chr19_2836735_2841474:chr19_2836735_2841474,1
chr19_2860471_2867334:chr19_2860471_2867334,5
chr19_2883445_2900927:chr19_2883445_2900927,4
chr19_2918473_2933217:chr19_2918473_2933217,19
chr19_2944971_2977563:chr19_2944971_2977563,1
chr19_2995179_2997643:chr19_2995179_2997643,2
chr19_3047635_3052909:chr19_3047635_3052909,7
chr19_3062966_3094361:chr19_3062966_3094361,4
chr19_3123999_3136032:chr19_3123999_3136032,3
chr19_3163749_3178768:chr19_3163749_3178768,5
chr19_3180332_3185929:chr19_3180332_3185929,4
chr19_3209575_3224660:chr19_3209575_3224660,6
chr19_3297076_3359629:chr19_3297076_3359629,13
chr19_3469217_3473985:chr19_3469217_3473985,5
chr19_3480525_3482109:chr19_3480525_3482109,1
chr19_3483441_3490823:chr19_3483441_3490823,4
chr19_3500674_3506310:chr19_3500674_3506310,2
chr19_3557586_3572943:chr19_3557586_3572943,6
chr19_3579083_3585477:chr19_3579083_3585477,0
chr19_3606875_3610644:chr19_3606875_3610644,6
chr19_3626790_3630182:chr19_3626790_3630182,1
chr19_3700468_3708383:chr19_3700468_3708383,0
chr19_3767565_3769088:chr19_3767565_3769088,6
chr19_3772228_3777972:chr19_3772228_3777972,1
chr19_3801799_3804023:chr19_3801799_3804023,0
chr19_3869038_3880684:chr19_3869038_3880684,7
chr19_3928082_3933068:chr19_3928082_3933068,1
chr19_3942416_3958452:chr19_3942416_3958452,2
chr19_3971099_3976055:chr19_3971099_3976055,8
chr19_3985463_4007735:chr19_3985463_4007735,10
chr19_4039386_4043302:chr19_4039386_4043302,1
chr19_4066899_4090320:chr19_4066899_4090320,5
chr19_4124122_4153630:chr19_4124122_4153630,2
chr19_4173054_4174108:chr19_4173054_4174108,3
chr19_4224814_4229522:chr19_4224814_4229522,4
chr19_4237528_4247079:chr19_4237528_4247079,2
chr19_4269088_4279068:chr19_4269088_4279068,5
chr19_4290722_4292226:chr19_4290722_4292226,0
chr19_4302389_4304597:chr19_4302389_4304597,1
chr19_4338827_4343561:chr19_4338827_4343561,3
chr19_4400547_4402639:chr19_4400547_4402639,3
chr19_4443397_4445005:chr19_4443397_4445005,8
chr19_4457794_4472296:chr19_4457794_4472296,7
chr19_4518486_4522530:chr19_4518486_4522530,1
chr19_4535224_4536401:chr19_4535224_4536401,2
chr19_4540036_4542592:chr19_4540036_4542592,2
chr19_4559684_4639515:chr19_4559684_4639515,10
chr19_4655568_4657544:chr19_4655568_4657544,2
chr19_4670342_4675226:chr19_4670342_4675226,3
chr19_4723842_4791733:chr19_4723842_4791733,8
chr19_4801273_4815931:chr19_4801273_4815931,14
chr19_4831712_4838340:chr19_4831712_4838340,4
chr19_4867667_4890436:chr19_4867667_4890436,7
chr19_4962154_4969112:chr19_4962154_4969112,8
chr19_5153598_5205507:chr19_5153598_5205507,7
chr19_5340812_5455416:chr19_5340812_5455416,21
chr19_5456856_5558166:chr19_5456856_5558166,15
chr19_5567953_5586998:chr19_5567953_5586998,13
chr19_5668478_5678421:chr19_5668478_5678421,11
chr19_5688522_5690294:chr19_5688522_5690294,5
chr19_5778734_5782959:chr19_5778734_5782959,3
chr19_5791163_5805066:chr19_5791163_5805066,4
chr19_5828324_5830407:chr19_5828324_5830407,1
chr19_5839702_5842887:chr19_5839702_5842887,3
chr19_5857122_5865825:chr19_5857122_5865825,3
chr19_5870540_5891228:chr19_5870540_5891228,1
chr19_5903790_5904871:chr19_5903790_5904871,0
chr19_5910853_5914253:chr19_5910853_5914253,2
chr19_5978140_5993163:chr19_5978140_5993163,11
chr19_6110500_6135632:chr19_6110500_6135632,5
chr19_6193091_6210380:chr19_6193091_6210380,10
chr19_6279975_6306141:chr19_6279975_6306141,4
chr19_6333612_6361530:chr19_6333612_6361530,11
chr19_6370242_6372793:chr19_6370242_6372793,2
chr19_6375933_6379571:chr19_6375933_6379571,9
chr19_6393164_6413101:chr19_6393164_6413101,5
chr19_6424811_6426036:chr19_6424811_6426036,2
chr19_6433763_6440063:chr19_6433763_6440063,4
chr19_6459792_6463776:chr19_6459792_6463776,4
chr19_6481787_6494318:chr19_6481787_6494318,1
chr19_6502848_6531025:chr19_6502848_6531025,8
chr19_6535924_6581647:chr19_6535924_6581647,12
chr19_6591150_6661252:chr19_6591150_6661252,13
chr19_6670588_6677703:chr19_6670588_6677703,3
chr19_6720650_6729913:chr19_6720650_6729913,5
chr19_6737580_6739679:chr19_6737580_6739679,1
chr19_6767435_6772707:chr19_6767435_6772707,2
chr19_6857361_6887578:chr19_6857361_6887578,8
chr19_6940450_7018968:chr19_6940450_7018968,6
chr19_7021431_7030577:chr19_7021431_7030577,0
chr19_7033011_7037748:chr19_7033011_7037748,0
chr19_7040179_7049320:chr19_7040179_7049320,0
chr19_7051735_7056206:chr19_7051735_7056206,0
chr19_7058676_7069702:chr19_7058676_7069702,1
chr19_7087968_7112264:chr19_7087968_7112264,6
chr19_7294414_7348936:chr19_7294414_7348936,8
chr19_7472478_7476874:chr19_7472478_7476874,3
chr19_7489400_7497547:chr19_7489400_7497547,1
chr19_7508450_7516102:chr19_7508450_7516102,5
chr19_7521025_7522623:chr19_7521025_7522623,2
chr19_7561767_7595862:chr19_7561767_7595862,7
chr19_7618304_7619524:chr19_7618304_7619524,5
chr19_7633719_7637109:chr19_7633719_7637109,9
chr19_7647873_7669048:chr19_7647873_7669048,3
chr19_7670455_7677089:chr19_7670455_7677089,5
chr19_7679829_7680832:chr19_7679829_7680832,4
chr19_7687703_7688775:chr19_7687703_7688775,1
chr19_7702131_7728956:chr19_7702131_7728956,4
chr19_7732110_7739992:chr19_7732110_7739992,2
chr19_7747534_7763242:chr19_7747534_7763242,6
chr19_7769605_7830217:chr19_7769605_7830217,13
chr19_7864976_7868718:chr19_7864976_7868718,2
chr19_7874390_7888509:chr19_7874390_7888509,2
chr19_7902016_7903876:chr19_7902016_7903876,7
chr19_7919097_7920337:chr19_7919097_7920337,4
chr19_7923250_7924490:chr19_7923250_7924490,5
chr19_7943666_7958572:chr19_7943666_7958572,12
chr19_8005641_8052340:chr19_8005641_8052340,14
chr19_8062650_8065401:chr19_8062650_8065401,0
chr19_8149592_8209369:chr19_8149592_8209369,12
chr19_8262421_8302126:chr19_8262421_8302126,5
chr19_8343262_8364154:chr19_8343262_8364154,2
chr19_8374370_8390359:chr19_8374370_8390359,4
chr19_8404434_8413304:chr19_8404434_8413304,3
chr19_8439017_8444974:chr19_8439017_8444974,1
chr19_8502640_8509677:chr19_8502640_8509677,0
chr19_8514167_8520777:chr19_8514167_8520777,2
chr19_8577442_8580239:chr19_8577442_8580239,2
chr19_8610715_8630632:chr19_8610715_8630632,3
chr19_8681151_8697399:chr19_8681151_8697399,6
chr19_8698795_8721633:chr19_8698795_8721633,3
chr19_8732160_8806169:chr19_8732160_8806169,5
chr19_8843319_8848843:chr19_8843319_8848843,1
chr19_9010437_9087060:chr19_9010437_9087060,10
chr19_9095669_9100406:chr19_9095669_9100406,3
chr19_9107475_9114827:chr19_9107475_9114827,3
chr19_9115763_9126011:chr19_9115763_9126011,3
chr19_9126950_9140396:chr19_9126950_9140396,6
chr19_9163413_9178978:chr19_9163413_9178978,4
chr19_9188818_9210275:chr19_9188818_9210275,3
chr19_9219589_9247343:chr19_9219589_9247343,4
chr19_9252625_9291139:chr19_9252625_9291139,7
chr19_9309838_9323771:chr19_9309838_9323771,3
chr19_9382617_9412428:chr19_9382617_9412428,9
chr19_9435573_9466354:chr19_9435573_9466354,3
chr19_9498616_9523222:chr19_9498616_9523222,4
chr19_9538645_9560328:chr19_9538645_9560328,8
chr19_9584504_9607328:chr19_9584504_9607328,5
chr19_9621232_9641806:chr19_9621232_9641806,8
chr19_9675100_9748618:chr19_9675100_9748618,13
chr19_9786160_9810269:chr19_9786160_9810269,10
chr19_9819079_9827917:chr19_9819079_9827917,5
chr19_9830115_9835317:chr19_9830115_9835317,8
chr19_9849689_9853717:chr19_9849689_9853717,5
chr19_9936515_9959560:chr19_9936515_9959560,7
chr19_10010504_10013482:chr19_10010504_10013482,1
chr19_10022279_10086316:chr19_10022279_10086316,8
chr19_10119899_10133345:chr19_10119899_10133345,9
chr19_10194953_10221432:chr19_10194953_10221432,6
chr19_10231331_10251950:chr19_10231331_10251950,8
chr19_10260055_10271119:chr19_10260055_10271119,3
chr19_10288520_10289951:chr19_10288520_10289951,3
chr19_10296778_10304802:chr19_10296778_10304802,9
chr19_10339624_10350532:chr19_10339624_10350532,7
chr19_10380572_10391132:chr19_10380572_10391132,6
chr19_10403542_10416772:chr19_10403542_10416772,6
chr19_10469631_10486124:chr19_10469631_10486124,6
chr19_10503356_10512741:chr19_10503356_10512741,3
chr19_10517965_10543903:chr19_10517965_10543903,7
chr19_10568979_10572670:chr19_10568979_10572670,6
chr19_10587312_10602454:chr19_10587312_10602454,2
chr19_10644557_10654345:chr19_10644557_10654345,7
chr19_10692400_10701438:chr19_10692400_10701438,5
chr19_10713365_10718078:chr19_10713365_10718078,4
chr19_10836212_10848414:chr19_10836212_10848414,4
chr19_10869790_10871552:chr19_10869790_10871552,2
chr19_10930254_10961029:chr19_10930254_10961029,8
chr19_11062273_11089462:chr19_11062273_11089462,14
chr19_11133820_11145492:chr19_11133820_11145492,8
chr19_11155782_11164269:chr19_11155782_11164269,4
chr19_11197865_11199294:chr19_11197865_11199294,1
chr19_11262524_11296159:chr19_11262524_11296159,5
chr19_11339657_11342777:chr19_11339657_11342777,5
chr19_11365698_11374665:chr19_11365698_11374665,10
chr19_11376169_11377206:chr19_11376169_11377206,8
chr19_11384314_11394059:chr19_11384314_11394059,3
chr19_11419314_11420604:chr19_11419314_11420604,1
chr19_11481046_11483428:chr19_11481046_11483428,4
chr19_11529134_11538850:chr19_11529134_11538850,2
chr19_11550323_11553045:chr19_11550323_11553045,5
chr19_11559230_11574659:chr19_11559230_11574659,5
chr19_11578975_11597482:chr19_11578975_11597482,5
chr19_11619161_11721264:chr19_11619161_11721264,38
chr19_11738946_11766999:chr19_11738946_11766999,5
chr19_11784078_11798522:chr19_11784078_11798522,4
chr19_11808503_11814272:chr19_11808503_11814272,2
chr19_11835216_11848725:chr19_11835216_11848725,1
chr19_11869486_11887781:chr19_11869486_11887781,5
chr19_11914556_11925106:chr19_11914556_11925106,2
chr19_11950763_11965039:chr19_11950763_11965039,10
chr19_11980617_12014714:chr19_11980617_12014714,11
chr19_12035679_12043804:chr19_12035679_12043804,2
chr19_12052961_12064730:chr19_12052961_12064730,1
chr19_12081565_12131349:chr19_12081565_12131349,22
chr19_12156734_12163095:chr19_12156734_12163095,1
chr19_12189871_12271807:chr19_12189871_12271807,13
chr19_12294883_12317476:chr19_12294883_12317476,4
chr19_12333633_12345943:chr19_12333633_12345943,6
chr19_12365683_12390015:chr19_12365683_12390015,7
chr19_12401271_12429705:chr19_12401271_12429705,6
chr19_12441021_12461183:chr19_12441021_12461183,1
chr19_12484816_12525372:chr19_12484816_12525372,12
chr19_12551482_12576099:chr19_12551482_12576099,7
chr19_12633834_12646511:chr19_12633834_12646511,6
chr19_12681880_12687997:chr19_12681880_12687997,5
chr19_12696631_12699200:chr19_12696631_12699200,11
chr19_12723932_12730639:chr19_12723932_12730639,12
chr19_12734684_12737105:chr19_12734684_12737105,1
chr19_12748323_12751790:chr19_12748323_12751790,4
chr19_12758458_12763002:chr19_12758458_12763002,5
chr19_12793315_12796822:chr19_12793315_12796822,5
chr19_12804389_12806583:chr19_12804389_12806583,3
chr19_12813640_12825481:chr19_12813640_12825481,10
chr19_12835428_12838514:chr19_12835428_12838514,1
chr19_12881449_12884421:chr19_12881449_12884421,6
chr19_12887201_12891128:chr19_12887201_12891128,4
chr19_12919293_12922478:chr19_12919293_12922478,3
chr19_12933711_12938608:chr19_12933711_12938608,6
chr19_12944489_12945861:chr19_12944489_12945861,11
chr19_12957223_12969575:chr19_12957223_12969575,3
chr19_12974760_12995474:chr19_12974760_12995474,12
chr19_13102858_13104906:chr19_13102858_13104906,3
chr19_13116740_13118263:chr19_13116740_13118263,4
chr19_13141147_13144057:chr19_13141147_13144057,4
chr19_13154911_13206441:chr19_13154911_13206441,20
chr19_13506479_13731751:chr19_13506479_13731751,36
chr19_13763289_13764521:chr19_13763289_13764521,7
chr19_13778773_13795442:chr19_13778773_13795442,10
chr19_13832254_13877133:chr19_13832254_13877133,14
chr19_13880757_13882347:chr19_13880757_13882347,0
chr19_14006320_14028147:chr19_14006320_14028147,3
chr19_14062076_14072785:chr19_14062076_14072785,2
chr19_14075062_14081623:chr19_14075062_14081623,4
chr19_14085783_14087850:chr19_14085783_14087850,3
chr19_14117762_14119511:chr19_14117762_14119511,8
chr19_14136589_14147742:chr19_14136589_14147742,3
chr19_14206169_14381143:chr19_14206169_14381143,24
chr19_14419383_14433305:chr19_14419383_14433305,2
chr19_14475354_14477761:chr19_14475354_14477761,2
chr19_14496127_14514768:chr19_14496127_14514768,7
chr19_14572066_14583083:chr19_14572066_14583083,4
chr19_14612035_14619116:chr19_14612035_14619116,3
chr19_14674844_14690047:chr19_14674844_14690047,3
chr19_14778560_14798514:chr19_14778560_14798514,2
chr19_14835185_14840465:chr19_14835185_14840465,2
chr19_14848922_14878202:chr19_14848922_14878202,3
chr19_14886132_14941488:chr19_14886132_14941488,10
chr19_14942448_14950032:chr19_14942448_14950032,1
chr19_15023276_15049479:chr19_15023276_15049479,8
chr19_15058293_15082210:chr19_15058293_15082210,7
chr19_15092970_15107400:chr19_15092970_15107400,4
chr19_15125786_15159037:chr19_15125786_15159037,10
chr19_15200995_15226918:chr19_15200995_15226918,7
chr19_15232968_15235518:chr19_15232968_15235518,1
chr19_15332539_15353384:chr19_15332539_15353384,10
chr19_15449956_15451623:chr19_15449956_15451623,4
chr19_15464544_15468644:chr19_15464544_15468644,2
chr19_15479501_15508524:chr19_15479501_15508524,5
chr19_15552317_15615217:chr19_15552317_15615217,14
chr19_15630639_15640896:chr19_15630639_15640896,2
chr19_15662825_15673086:chr19_15662825_15673086,1
chr19_15697174_15728023:chr19_15697174_15728023,5
chr19_15729052_15737984:chr19_15729052_15737984,1
chr19_15742343_15787660:chr19_15742343_15787660,10
chr19_15800357_15804548:chr19_15800357_15804548,0
chr19_15815664_15878022:chr19_15815664_15878022,17
chr19_15898074_15912376:chr19_15898074_15912376,5
chr19_15934867_15949007:chr19_15934867_15949007,5
chr19_15949958_16067537:chr19_15949958_16067537,23
chr19_16103002_16111888:chr19_16103002_16111888,2
chr19_16158575_16161367:chr19_16158575_16161367,0
chr19_16173525_16185409:chr19_16173525_16185409,4
chr19_16192046_16197910:chr19_16192046_16197910,10
chr19_16245906_16324825:chr19_16245906_16324825,11
chr19_16328685_16355246:chr19_16328685_16355246,5
chr19_16472012_16479060:chr19_16472012_16479060,3
chr19_16542437_16549836:chr19_16542437_16549836,11
chr19_16572415_16574918:chr19_16572415_16574918,8
chr19_16628204_16646147:chr19_16628204_16646147,18
chr19_16690023_16719846:chr19_16690023_16719846,4
chr19_16817963_16829397:chr19_16817963_16829397,2
chr19_16880349_16888998:chr19_16880349_16888998,7
chr19_17026810_17049728:chr19_17026810_17049728,12
chr19_17213286_17215356:chr19_17213286_17215356,4
chr19_17219829_17226225:chr19_17219829_17226225,3
chr19_17229219_17231882:chr19_17229219_17231882,4
chr19_17245919_17249170:chr19_17245919_17249170,0
chr19_17264745_17267442:chr19_17264745_17267442,2
chr19_17279337_17281900:chr19_17279337_17281900,1
chr19_17287646_17292130:chr19_17287646_17292130,3
chr19_17306843_17309562:chr19_17306843_17309562,4
chr19_17342731_17351454:chr19_17342731_17351454,8
chr19_17377342_17387195:chr19_17377342_17387195,1
chr19_17394196_17402938:chr19_17394196_17402938,7
chr19_17425332_17435508:chr19_17425332_17435508,4
chr19_17448668_17455424:chr19_17448668_17455424,2
chr19_17460926_17470523:chr19_17460926_17470523,4
chr19_17506168_17511648:chr19_17506168_17511648,1
chr19_17521288_17523300:chr19_17521288_17523300,4
chr19_17553843_17555648:chr19_17553843_17555648,2
chr19_17583157_17601335:chr19_17583157_17601335,8
chr19_17688354_17719479:chr19_17688354_17719479,7
chr19_17734513_17747743:chr19_17734513_17747743,8
chr19_17788561_17795137:chr19_17788561_17795137,1
chr19_17813576_17816511:chr19_17813576_17816511,2
chr19_17821519_17824781:chr19_17821519_17824781,0
chr19_17847982_17859909:chr19_17847982_17859909,11
chr19_17863319_17871944:chr19_17863319_17871944,16
chr19_17895174_17933014:chr19_17895174_17933014,7
chr19_17943985_17951289:chr19_17943985_17951289,10
chr19_18000085_18001123:chr19_18000085_18001123,1
chr19_18014102_18058994:chr19_18014102_18058994,13
chr19_18151687_18153162:chr19_18151687_18153162,2
chr19_18170532_18173812:chr19_18170532_18173812,3
chr19_18178117_18193217:chr19_18178117_18193217,7
chr19_18204042_18207964:chr19_18204042_18207964,3
chr19_18248200_18257097:chr19_18248200_18257097,2
chr19_18274452_18279693:chr19_18274452_18279693,4
chr19_18281622_18306235:chr19_18281622_18306235,4
chr19_18323076_18340597:chr19_18323076_18340597,7
chr19_18369950_18386157:chr19_18369950_18386157,3
chr19_18389176_18391136:chr19_18389176_18391136,6
chr19_18397622_18419397:chr19_18397622_18419397,1
chr19_18438133_18442662:chr19_18438133_18442662,3
chr19_18522070_18531762:chr19_18522070_18531762,3
chr19_18543573_18557869:chr19_18543573_18557869,6
chr19_18569378_18571723:chr19_18569378_18571723,6
chr19_18577550_18588797:chr19_18577550_18588797,10
chr19_18606799_18612869:chr19_18606799_18612869,7
chr19_18621039_18637027:chr19_18621039_18637027,5
chr19_18671721_18683679:chr19_18671721_18683679,5
chr19_18791305_18831958:chr19_18791305_18831958,8
chr19_18896982_18899513:chr19_18896982_18899513,3
chr19_18941217_18990886:chr19_18941217_18990886,11
chr19_19058176_19063993:chr19_19058176_19063993,13
chr19_19113030_19119168:chr19_19113030_19119168,10
chr19_19138478_19145566:chr19_19138478_19145566,4
chr19_19203414_19211957:chr19_19203414_19211957,7
chr19_19252233_19254755:chr19_19252233_19254755,2
chr19_19262804_19264365:chr19_19262804_19264365,1
chr19_19273301_19276032:chr19_19273301_19276032,6
chr19_19358754_19385842:chr19_19358754_19385842,6
chr19_19508932_19514218:chr19_19508932_19514218,5
chr19_19546659_19561712:chr19_19546659_19561712,1
chr19_19618687_19623654:chr19_19618687_19623654,2
chr19_19628220_19629475:chr19_19628220_19629475,4
chr19_19643657_19645197:chr19_19643657_19645197,4
chr19_19663676_19668152:chr19_19663676_19668152,8
chr19_19683506_19710471:chr19_19683506_19710471,3
chr19_19733112_19792710:chr19_19733112_19792710,19
chr19_19821750_19865829:chr19_19821750_19865829,7
chr19_19894674_19900945:chr19_19894674_19900945,2
chr19_19935575_20004417:chr19_19935575_20004417,11
chr19_20039505_20077999:chr19_20039505_20077999,5
chr19_20121165_20167213:chr19_20121165_20167213,5
chr19_20200488_20537991:chr19_20200488_20537991,27
chr19_20565781_20619938:chr19_20565781_20619938,3
chr19_20661571_20776303:chr19_20661571_20776303,14
chr19_20809995_20923250:chr19_20809995_20923250,25
chr19_20950697_21020656:chr19_20950697_21020656,6
chr19_21060050_21082202:chr19_21060050_21082202,2
chr19_21125094_21142039:chr19_21125094_21142039,4
chr19_21196053_21291159:chr19_21196053_21291159,16
chr19_21329410_21358999:chr19_21329410_21358999,3
chr19_21388582_21397132:chr19_21388582_21397132,1
chr19_21427577_21505601:chr19_21427577_21505601,13
chr19_21540668_21722770:chr19_21540668_21722770,45
chr19_21767579_21804945:chr19_21767579_21804945,9
chr19_21852065_21939814:chr19_21852065_21939814,10
chr19_22010943_22052483:chr19_22010943_22052483,8
chr19_22091480_22179088:chr19_22091480_22179088,9
chr19_22196951_22286440:chr19_22196951_22286440,4
chr19_22317176_22391018:chr19_22317176_22391018,12
chr19_22422346_22634323:chr19_22422346_22634323,28
chr19_22667671_22752182:chr19_22667671_22752182,7
chr19_22784151_22832290:chr19_22784151_22832290,13
chr19_22858667_22974882:chr19_22858667_22974882,7
chr19_23003176_23117024:chr19_23003176_23117024,15
chr19_23147221_23221598:chr19_23147221_23221598,8
chr19_23250394_23357695:chr19_23250394_23357695,15
chr19_23395471_23652800:chr19_23395471_23652800,41
chr19_23687212_23739194:chr19_23687212_23739194,6
chr19_23758891_23763003:chr19_23758891_23763003,0
chr19_23871188_23914885:chr19_23871188_23914885,1
chr19_23944714_24033448:chr19_23944714_24033448,13
chr19_24129968_29205319:chr19_24129968_29205319,542
chr19_29213151_29525417:chr19_29213151_29525417,64
chr19_29564551_29606282:chr19_29564551_29606282,8
chr19_29617237_29665460:chr19_29617237_29665460,8
chr19_29675477_29698885:chr19_29675477_29698885,10
chr19_29715789_29811990:chr19_29715789_29811990,18
chr19_29824312_29923656:chr19_29824312_29923656,19
chr19_30016612_30225591:chr19_30016612_30225591,53
chr19_30713586_31274944:chr19_30713586_31274944,113
chr19_31349436_32345609:chr19_31349436_32345609,183
chr19_32387667_32405769:chr19_32387667_32405769,12
chr19_32485890_32581189:chr19_32485890_32581189,21
chr19_32587453_32597005:chr19_32587453_32597005,12
chr19_32678300_32691820:chr19_32678300_32691820,4
chr19_32713792_32719766:chr19_32713792_32719766,5
chr19_32869767_32875924:chr19_32869767_32875924,2
chr19_33064888_33081180:chr19_33064888_33081180,2
chr19_33130542_33132113:chr19_33130542_33132113,4
chr19_33175799_33194329:chr19_33175799_33194329,7
chr19_33225850_33299933:chr19_33225850_33299933,11
chr19_33302534_33373708:chr19_33302534_33373708,12
chr19_33382686_33386949:chr19_33382686_33386949,5
chr19_33521791_33621952:chr19_33521791_33621952,23
chr19_33773509_33796869:chr19_33773509_33796869,8
chr19_33815761_34172503:chr19_33815761_34172503,63
chr19_34229288_34254553:chr19_34229288_34254553,12
chr19_34355566_34364739:chr19_34355566_34364739,10
chr19_34402413_34404398:chr19_34402413_34404398,3
chr19_34426168_34428380:chr19_34426168_34428380,5
chr19_34471251_34481757:chr19_34471251_34481757,8
chr19_34512304_34590643:chr19_34512304_34590643,21
chr19_34686396_34734242:chr19_34686396_34734242,4
chr19_34745378_34758072:chr19_34745378_34758072,5
chr19_34773215_34926902:chr19_34773215_34926902,42
chr19_34945168_34956353:chr19_34945168_34956353,11
chr19_34964229_34994726:chr19_34964229_34994726,10
chr19_35026469_35030469:chr19_35026469_35030469,7
chr19_35066573_35115822:chr19_35066573_35115822,14
chr19_35135059_35138823:chr19_35135059_35138823,4
chr19_35169881_35224799:chr19_35169881_35224799,24
chr19_35228739_35249001:chr19_35228739_35249001,7
chr19_35279821_35282527:chr19_35279821_35282527,4
chr19_35285143_35292160:chr19_35285143_35292160,2
chr19_35313807_35329186:chr19_35313807_35329186,12
chr19_35353864_35358459:chr19_35353864_35358459,0
chr19_35360489_35371067:chr19_35360489_35371067,2
chr19_35372962_35448256:chr19_35372962_35448256,17
chr19_35451767_35487323:chr19_35451767_35487323,11
chr19_35490464_35497219:chr19_35490464_35497219,2
chr19_35513649_35523366:chr19_35513649_35523366,4
chr19_35528311_35533455:chr19_35528311_35533455,0
chr19_35547526_35550030:chr19_35547526_35550030,11
chr19_35563658_35586160:chr19_35563658_35586160,3
chr19_35587296_35612734:chr19_35587296_35612734,4
chr19_35625355_35629035:chr19_35625355_35629035,1
chr19_35637685_35641744:chr19_35637685_35641744,6
chr19_35644871_35648322:chr19_35644871_35648322,2
chr19_35658782_35666516:chr19_35658782_35666516,8
chr19_35678481_35704557:chr19_35678481_35704557,1
chr19_35747519_35748575:chr19_35747519_35748575,3
chr19_35757029_35758175:chr19_35757029_35758175,2
chr19_35771166_35775563:chr19_35771166_35775563,0
chr19_35788822_35799987:chr19_35788822_35799987,3
chr19_35812845_35825371:chr19_35812845_35825371,1
chr19_35852504_35856910:chr19_35852504_35856910,3
chr19_35867136_35868573:chr19_35867136_35868573,3
chr19_35879792_35887951:chr19_35879792_35887951,10
chr19_35908295_35936373:chr19_35908295_35936373,8
chr19_35946624_35995187:chr19_35946624_35995187,14
chr19_35996312_36003306:chr19_35996312_36003306,6
chr19_36032873_36034983:chr19_36032873_36034983,2
chr19_36105108_36111142:chr19_36105108_36111142,9
chr19_36125941_36140065:chr19_36125941_36140065,8
chr19_36152447_36182059:chr19_36152447_36182059,4
chr19_36245928_36334452:chr19_36245928_36334452,7
chr19_36379201_36383119:chr19_36379201_36383119,2
chr19_36418644_36445118:chr19_36418644_36445118,6
chr19_36489561_36510686:chr19_36489561_36510686,2
chr19_36528271_36543612:chr19_36528271_36543612,2
chr19_36634114_36636617:chr19_36634114_36636617,1
chr19_36723355_36743479:chr19_36723355_36743479,3
chr19_36772807_36817427:chr19_36772807_36817427,9
chr19_36879575_36888123:chr19_36879575_36888123,1
chr19_36997932_37078221:chr19_36997932_37078221,10
chr19_37130368_37145539:chr19_37130368_37145539,5
chr19_37172695_37181578:chr19_37172695_37181578,2
chr19_37210536_37218213:chr19_37210536_37218213,4
chr19_37248740_37312836:chr19_37248740_37312836,3
chr19_37364455_37371098:chr19_37364455_37371098,1
chr19_37393066_37411156:chr19_37393066_37411156,2
chr19_37488652_37506938:chr19_37488652_37506938,2
chr19_37543333_37551373:chr19_37543333_37551373,5
chr19_37614179_37631005:chr19_37614179_37631005,6
chr19_37656261_37696362:chr19_37656261_37696362,9
chr19_37719761_37738301:chr19_37719761_37738301,0
chr19_37779586_37884822:chr19_37779586_37884822,22
chr19_38208369_38211005:chr19_38208369_38211005,1
chr19_38229695_38251236:chr19_38229695_38251236,9
chr19_38256374_38264572:chr19_38256374_38264572,2
chr19_38292615_38303557:chr19_38292615_38303557,5
chr19_38315947_38319844:chr19_38315947_38319844,0
chr19_38332076_38335829:chr19_38332076_38335829,1
chr19_38370943_38374570:chr19_38370943_38374570,1
chr19_38399587_38403092:chr19_38399587_38403092,0
chr19_38426219_38433690:chr19_38426219_38433690,2
chr19_38617953_38619187:chr19_38617953_38619187,4
chr19_38636954_38647648:chr19_38636954_38647648,14
chr19_38744474_38770967:chr19_38744474_38770967,5
chr19_38773517_38789199:chr19_38773517_38789199,0
chr19_38791754_38801673:chr19_38791754_38801673,3
chr19_38812945_38815421:chr19_38812945_38815421,2
chr19_38831794_38836369:chr19_38831794_38836369,6
chr19_38852347_38867829:chr19_38852347_38867829,3
chr19_38912186_38915265:chr19_38912186_38915265,5
chr19_38933168_38941400:chr19_38933168_38941400,8
chr19_38975742_39024020:chr19_38975742_39024020,8
chr19_39032549_39084367:chr19_39032549_39084367,7
chr19_39111493_39125785:chr19_39111493_39125785,2
chr19_39182816_39196963:chr19_39182816_39196963,5
chr19_39204263_39243454:chr19_39204263_39243454,6
chr19_39245250_39246313:chr19_39245250_39246313,0
chr19_39248856_39268395:chr19_39248856_39268395,5
chr19_39270188_39296406:chr19_39270188_39296406,7
chr19_39298673_39306565:chr19_39298673_39306565,3
chr19_39320863_39328358:chr19_39320863_39328358,3
chr19_39336043_39342420:chr19_39336043_39342420,5
chr19_39400641_39406846:chr19_39400641_39406846,4
chr19_39409407_39412668:chr19_39409407_39412668,2
chr19_39428415_39433136:chr19_39428415_39433136,10
chr19_39435949_39445581:chr19_39435949_39445581,4
chr19_39476670_39480837:chr19_39476670_39480837,19
chr19_39493779_39498946:chr19_39493779_39498946,1
chr19_39508469_39515112:chr19_39508469_39515112,4
chr19_39520686_39530986:chr19_39520686_39530986,2
chr19_39532852_39538706:chr19_39532852_39538706,3
chr19_39540161_39602523:chr19_39540161_39602523,16
chr19_39607474_39655912:chr19_39607474_39655912,9
chr19_39660647_39704480:chr19_39660647_39704480,8
chr19_39709444_39731254:chr19_39709444_39731254,5
chr19_39738029_39776452:chr19_39738029_39776452,9
chr19_39786291_39825349:chr19_39786291_39825349,8
chr19_39846379_39863322:chr19_39846379_39863322,7
chr19_39934626_39971164:chr19_39934626_39971164,8
chr19_39981764_39997059:chr19_39981764_39997059,16
chr19_40021038_40028259:chr19_40021038_40028259,1
chr19_40056231_40069151:chr19_40056231_40069151,4
chr19_40090943_40191425:chr19_40090943_40191425,12
chr19_40218384_40222207:chr19_40218384_40222207,0
chr19_40226689_40230316:chr19_40226689_40230316,6
chr19_40285345_40319535:chr19_40285345_40319535,12
chr19_40390181_40393763:chr19_40390181_40393763,2
chr19_40413378_40421588:chr19_40413378_40421588,4
chr19_40425992_40440843:chr19_40425992_40440843,12
chr19_40444335_40447767:chr19_40444335_40447767,5
chr19_40465745_40467000:chr19_40465745_40467000,0
chr19_40591397_40593165:chr19_40591397_40593165,1
chr19_40629820_40665904:chr19_40629820_40665904,8
chr19_40765389_40775159:chr19_40765389_40775159,13
chr19_40808441_40843540:chr19_40808441_40843540,13
chr19_40850447_40875438:chr19_40850447_40875438,4
chr19_40882231_40991281:chr19_40882231_40991281,18
chr19_41018398_41088450:chr19_41018398_41088450,7
chr19_41096195_41114431:chr19_41096195_41114431,3
chr19_41128381_41193218:chr19_41128381_41193218,10
chr19_41207539_41219222:chr19_41207539_41219222,1
chr19_41307787_41310171:chr19_41307787_41310171,8
chr19_41324873_41330322:chr19_41324873_41330322,4
chr19_41384083_41386373:chr19_41384083_41386373,2
chr19_41428730_41431317:chr19_41428730_41431317,9
chr19_41439912_41443155:chr19_41439912_41443155,2
chr19_41444765_41549517:chr19_41444765_41549517,12
chr19_41586844_41619014:chr19_41586844_41619014,3
chr19_41627074_41673302:chr19_41627074_41673302,10
chr19_41688270_41708625:chr19_41688270_41708625,4
chr19_41730433_41755529:chr19_41730433_41755529,5
chr19_41772211_41796586:chr19_41772211_41796586,3
chr19_41811554_41837073:chr19_41811554_41837073,5
chr19_41852333_41860254:chr19_41852333_41860254,8
chr19_41872925_41877278:chr19_41872925_41877278,2
chr19_41881372_41883183:chr19_41881372_41883183,2
chr19_41930141_41956682:chr19_41930141_41956682,7
chr19_41959321_41966581:chr19_41959321_41966581,2
chr19_41994230_41998323:chr19_41994230_41998323,3
chr19_42081552_42086109:chr19_42081552_42086109,6
chr19_42177306_42198597:chr19_42177306_42198597,11
chr19_42228201_42230189:chr19_42228201_42230189,11
chr19_42242602_42247568:chr19_42242602_42247568,1
chr19_42255128_42268529:chr19_42255128_42268529,3
chr19_42295796_42297032:chr19_42295796_42297032,6
chr19_42310814_42313308:chr19_42310814_42313308,4
chr19_42378765_42387018:chr19_42378765_42387018,1
chr19_42390297_42401513:chr19_42390297_42401513,7
chr19_42442946_42507305:chr19_42442946_42507305,11
chr19_42528481_42580242:chr19_42528481_42580242,7
chr19_42594924_42721641:chr19_42594924_42721641,14
chr19_42740481_42752685:chr19_42740481_42752685,2
chr19_42765678_42866463:chr19_42765678_42866463,4
chr19_42879713_42902085:chr19_42879713_42902085,0
chr19_42917894_42924131:chr19_42917894_42924131,0
chr19_42937207_43007655:chr19_42937207_43007655,3
chr19_43026469_43064208:chr19_43026469_43064208,2
chr19_43082701_43167742:chr19_43082701_43167742,7
chr19_43186536_43192701:chr19_43186536_43192701,2
chr19_43205638_43253281:chr19_43205638_43253281,3
chr19_43269530_43353685:chr19_43269530_43353685,10
chr19_43363172_43388610:chr19_43363172_43388610,5
chr19_43418597_43460786:chr19_43418597_43460786,11
chr19_43465608_43475102:chr19_43465608_43475102,3
chr19_43504746_43506718:chr19_43504746_43506718,2
chr19_43527201_43533187:chr19_43527201_43533187,4
chr19_43536087_43543310:chr19_43536087_43543310,12
chr19_43582098_43584366:chr19_43582098_43584366,3
chr19_43601157_43607223:chr19_43601157_43607223,9
chr19_43619629_43622367:chr19_43619629_43622367,2
chr19_43639850_43646094:chr19_43639850_43646094,2
chr19_43670169_43716075:chr19_43670169_43716075,15
chr19_43720021_43727982:chr19_43720021_43727982,5
chr19_43754962_43766532:chr19_43754962_43766532,15
chr19_43780973_43795926:chr19_43780973_43795926,1
chr19_43820634_43827320:chr19_43820634_43827320,2
chr19_43852017_43872364:chr19_43852017_43872364,2
chr19_43883964_43912623:chr19_43883964_43912623,5
chr19_43935282_43951227:chr19_43935282_43951227,3
chr19_43967709_43984187:chr19_43967709_43984187,4
chr19_43998326_44002956:chr19_43998326_44002956,1
chr19_44013924_44025378:chr19_44013924_44025378,1
chr19_44033110_44052035:chr19_44033110_44052035,3
chr19_44067999_44072158:chr19_44067999_44072158,2
chr19_44089613_44094360:chr19_44089613_44094360,1
chr19_44109826_44113398:chr19_44109826_44113398,3
chr19_44134822_44141553:chr19_44134822_44141553,3
chr19_44160313_44165099:chr19_44160313_44165099,1
chr19_44177685_44212531:chr19_44177685_44212531,2
chr19_44237268_44259885:chr19_44237268_44259885,7
chr19_44275317_44286347:chr19_44275317_44286347,1
chr19_44305025_44326552:chr19_44305025_44326552,8
chr19_44367217_44382297:chr19_44367217_44382297,0
chr19_44401608_44426253:chr19_44401608_44426253,4
chr19_44448578_44474430:chr19_44448578_44474430,5
chr19_44500522_44506158:chr19_44500522_44506158,4
chr19_44529675_44613562:chr19_44529675_44613562,22
chr19_44636781_44643909:chr19_44636781_44643909,2
chr19_44684355_44699150:chr19_44684355_44699150,6
chr19_44710718_44748707:chr19_44710718_44748707,6
chr19_44760044_44777868:chr19_44760044_44777868,3
chr19_44800652_44809058:chr19_44800652_44809058,0
chr19_44821421_44846296:chr19_44821421_44846296,6
chr19_44889223_44891253:chr19_44889223_44891253,5
chr19_44903689_44905795:chr19_44903689_44905795,9
chr19_44909393_44914324:chr19_44909393_44914324,4
chr19_44919346_44942236:chr19_44919346_44942236,4
chr19_44949565_44954584:chr19_44949565_44954584,1
chr19_44993341_45001463:chr19_44993341_45001463,4
chr19_45091518_45093178:chr19_45091518_45093178,5
chr19_45147285_45149743:chr19_45147285_45149743,6
chr19_45160982_45162932:chr19_45160982_45162932,2
chr19_45181800_45212369:chr19_45181800_45212369,6
chr19_45245407_45251270:chr19_45245407_45251270,4
chr19_45305284_45306412:chr19_45305284_45306412,2
chr19_45322875_45340749:chr19_45322875_45340749,0
chr19_45370573_45379637:chr19_45370573_45379637,6
chr19_45451547_45467995:chr19_45451547_45467995,6
chr19_45475179_45485293:chr19_45475179_45485293,4
chr19_45497047_45498442:chr19_45497047_45498442,1
chr19_45502513_45507478:chr19_45502513_45507478,3
chr19_45584802_45589763:chr19_45584802_45589763,0
chr19_45602212_45609399:chr19_45602212_45609399,3
chr19_45645629_45668220:chr19_45645629_45668220,6
chr19_45683722_45687453:chr19_45683722_45687453,10
chr19_45703987_45710628:chr19_45703987_45710628,7
chr19_45792845_45795712:chr19_45792845_45795712,4
chr19_45863147_45864325:chr19_45863147_45864325,1
chr19_45873797_45883607:chr19_45873797_45883607,9
chr19_45886141_45890022:chr19_45886141_45890022,3
chr19_45902613_45913213:chr19_45902613_45913213,2
chr19_45914778_45933733:chr19_45914778_45933733,2
chr19_45973865_45995466:chr19_45973865_45995466,4
chr19_46023053_46039181:chr19_46023053_46039181,4
chr19_46077629_46120066:chr19_46077629_46120066,12
chr19_46124688_46147781:chr19_46124688_46147781,4
chr19_46161289_46229741:chr19_46161289_46229741,24
chr19_46231243_46297041:chr19_46231243_46297041,7
chr19_46343433_46347086:chr19_46343433_46347086,0
chr19_46390975_46410328:chr19_46390975_46410328,15
chr19_46413564_46424696:chr19_46413564_46424696,2
chr19_46428936_46466502:chr19_46428936_46466502,14
chr19_46471563_46491190:chr19_46471563_46491190,3
chr19_46495867_46601073:chr19_46495867_46601073,30
chr19_46610782_46620467:chr19_46610782_46620467,7
chr19_46625089_46633952:chr19_46625089_46633952,5
chr19_46636202_46647550:chr19_46636202_46647550,4
chr19_46661182_46674315:chr19_46661182_46674315,3
chr19_46717114_46719510:chr19_46717114_46719510,11
chr19_46758575_46774882:chr19_46758575_46774882,9
chr19_46788594_46838166:chr19_46788594_46838166,15
chr19_46850846_46860996:chr19_46850846_46860996,2
chr19_47005077_47019836:chr19_47005077_47019836,3
chr19_47048624_47064186:chr19_47048624_47064186,6
chr19_47113776_47130834:chr19_47113776_47130834,2
chr19_47210636_47220823:chr19_47210636_47220823,10
chr19_47232667_47256524:chr19_47232667_47256524,4
chr19_47271953_47274884:chr19_47271953_47274884,7
chr19_47275723_47309860:chr19_47275723_47309860,3
chr19_47322066_47332174:chr19_47322066_47332174,4
chr19_47347329_47349314:chr19_47347329_47349314,3
chr19_47382704_47403123:chr19_47382704_47403123,7
chr19_47422233_47428016:chr19_47422233_47428016,2
chr19_47471893_47475149:chr19_47471893_47475149,2
chr19_47484219_47487636:chr19_47484219_47487636,9
chr19_47515063_47520689:chr19_47515063_47520689,1
chr19_47573148_47608195:chr19_47573148_47608195,7
chr19_47703277_47713421:chr19_47703277_47713421,4
chr19_47743134_47745545:chr19_47743134_47745545,1
chr19_47757058_47778702:chr19_47757058_47778702,15
chr19_47784682_47801231:chr19_47784682_47801231,9
chr19_47819051_47821936:chr19_47819051_47821936,0
chr19_47843324_47859234:chr19_47843324_47859234,2
chr19_47861721_47870466:chr19_47861721_47870466,2
chr19_47886315_47968045:chr19_47886315_47968045,3
chr19_47992170_47994631:chr19_47992170_47994631,0
chr19_48025154_48029382:chr19_48025154_48029382,0
chr19_48044079_48047845:chr19_48044079_48047845,4
chr19_48110817_48115444:chr19_48110817_48115444,5
chr19_48197620_48203147:chr19_48197620_48203147,4
chr19_48255912_48270080:chr19_48255912_48270080,3
chr19_48287608_48296451:chr19_48287608_48296451,1
chr19_48321971_48325551:chr19_48321971_48325551,4
chr19_48330553_48332355:chr19_48330553_48332355,7
chr19_48376377_48382574:chr19_48376377_48382574,10
chr19_48391551_48393667:chr19_48391551_48393667,0
chr19_48444931_48445982:chr19_48444931_48445982,3
chr19_48466980_48469368:chr19_48466980_48469368,1
chr19_48482314_48485270:chr19_48482314_48485270,2
chr19_48513162_48552171:chr19_48513162_48552171,5
chr19_48646187_48661406:chr19_48646187_48661406,4
chr19_48673017_48695970:chr19_48673017_48695970,4
chr19_48705951_48712724:chr19_48705951_48712724,0
chr19_48746909_48748010:chr19_48746909_48748010,3
chr19_48758330_48795063:chr19_48758330_48795063,1
chr19_48811029_48813017:chr19_48811029_48813017,2
chr19_48868617_48872420:chr19_48868617_48872420,8
chr19_48876058_48880966:chr19_48876058_48880966,7
chr19_48898744_48900311:chr19_48898744_48900311,4
chr19_48923372_48933698:chr19_48923372_48933698,7
chr19_48944969_48954874:chr19_48944969_48954874,6
chr19_48961798_48965308:chr19_48961798_48965308,5
chr19_48966879_48968129:chr19_48966879_48968129,11
chr19_49017091_49022868:chr19_49017091_49022868,4
chr19_49024333_49031889:chr19_49024333_49031889,0
chr19_49033238_49035568:chr19_49033238_49035568,0
chr19_49036895_49043847:chr19_49036895_49043847,1
chr19_49045311_49047637:chr19_49045311_49047637,0
chr19_49049111_49054273:chr19_49049111_49054273,0
chr19_49057749_49061127:chr19_49057749_49061127,0
chr19_49065035_49067396:chr19_49065035_49067396,1
chr19_49072699_49085450:chr19_49072699_49085450,4
chr19_49108604_49114369:chr19_49108604_49114369,12
chr19_49155396_49157791:chr19_49155396_49157791,4
chr19_49211836_49289637:chr19_49211836_49289637,18
chr19_49325191_49335405:chr19_49325191_49335405,4
chr19_49362416_49363876:chr19_49362416_49363876,0
chr19_49375116_49388248:chr19_49375116_49388248,2
chr19_49417990_49422418:chr19_49417990_49422418,1
chr19_49441527_49446297:chr19_49441527_49446297,4
chr19_49451814_49453224:chr19_49451814_49453224,3
chr19_49471050_49474214:chr19_49471050_49474214,2
chr19_49486231_49487607:chr19_49486231_49487607,4
chr19_49492308_49496433:chr19_49492308_49496433,12
chr19_49499708_49512660:chr19_49499708_49512660,3
chr19_49526428_49528002:chr19_49526428_49528002,0
chr19_49543633_49555467:chr19_49543633_49555467,12
chr19_49626439_49635291:chr19_49626439_49635291,4
chr19_49640143_49642208:chr19_49640143_49642208,1
chr19_49673916_49677270:chr19_49673916_49677270,3
chr19_49688447_49689593:chr19_49688447_49689593,5
chr19_49713731_49739759:chr19_49713731_49739759,12
chr19_49763306_49767000:chr19_49763306_49767000,5
chr19_49813292_49818288:chr19_49813292_49818288,1
chr19_49840384_49850704:chr19_49840384_49850704,9
chr19_49867576_49869032:chr19_49867576_49869032,6
chr19_49933935_49948984:chr19_49933935_49948984,5
chr19_49961172_49969663:chr19_49961172_49969663,1
chr19_50048776_50152547:chr19_50048776_50152547,18
chr19_50163281_50203621:chr19_50163281_50203621,9
chr19_50310540_50311936:chr19_50310540_50311936,0
chr19_50333536_50358476:chr19_50333536_50358476,8
chr19_50365639_50376456:chr19_50365639_50376456,10
chr19_50431314_50432891:chr19_50431314_50432891,1
chr19_50490871_50505997:chr19_50490871_50505997,7
chr19_50514684_50516891:chr19_50514684_50516891,3
chr19_50568435_50621976:chr19_50568435_50621976,11
chr19_50639881_50649444:chr19_50639881_50649444,3
chr19_50719802_50723363:chr19_50719802_50723363,2
chr19_50725708_50770463:chr19_50725708_50770463,11
chr19_50771732_50790414:chr19_50771732_50790414,6
chr19_50795219_50819145:chr19_50795219_50819145,20
chr19_50823787_50825288:chr19_50823787_50825288,5
chr19_50833574_50854914:chr19_50833574_50854914,7
chr19_50860764_50873438:chr19_50860764_50873438,5
chr19_50880567_50906350:chr19_50880567_50906350,7
chr19_50911395_50943302:chr19_50911395_50943302,2
chr19_50953038_50958630:chr19_50953038_50958630,3
chr19_50969591_50976467:chr19_50969591_50976467,0
chr19_50984064_50996007:chr19_50984064_50996007,8
chr19_51009592_51012738:chr19_51009592_51012738,0
chr19_51020097_51022235:chr19_51020097_51022235,0
chr19_51027991_51029093:chr19_51027991_51029093,1
chr19_51035002_51055625:chr19_51035002_51055625,10
chr19_51065092_51077493:chr19_51065092_51077493,5
chr19_51084210_51097605:chr19_51084210_51097605,3
chr19_51108409_51124879:chr19_51108409_51124879,5
chr19_51136263_51142300:chr19_51136263_51142300,1
chr19_51153526_51225079:chr19_51153526_51225079,23
chr19_51240016_51246331:chr19_51240016_51246331,8
chr19_51269330_51311643:chr19_51269330_51311643,13
chr19_51342139_51345154:chr19_51342139_51345154,6
chr19_51369003_51371619:chr19_51369003_51371619,1
chr19_51372654_51379908:chr19_51372654_51379908,2
chr19_51390591_51410019:chr19_51390591_51410019,8
chr19_51417642_51450996:chr19_51417642_51450996,10
chr19_51458454_51478538:chr19_51458454_51478538,7
chr19_51501800_51517818:chr19_51501800_51517818,5
chr19_51531670_51571282:chr19_51531670_51571282,15
chr19_51592510_51610959:chr19_51592510_51610959,9
chr19_51630401_51639477:chr19_51630401_51639477,4
chr19_51646825_51689381:chr19_51646825_51689381,4
chr19_51705190_51713111:chr19_51705190_51713111,6
chr19_51723991_51745171:chr19_51723991_51745171,5
chr19_51751878_51761179:chr19_51751878_51761179,1
chr19_51770531_51795156:chr19_51770531_51795156,5
chr19_51826190_51853981:chr19_51826190_51853981,4
chr19_51887951_51889234:chr19_51887951_51889234,4
chr19_51905017_51927471:chr19_51905017_51927471,3
chr19_51946621_51964339:chr19_51946621_51964339,6
chr19_51986840_51991331:chr19_51986840_51991331,1
chr19_52008211_52013323:chr19_52008211_52013323,0
chr19_52028379_52031377:chr19_52028379_52031377,1
chr19_52048838_52058094:chr19_52048838_52058094,0
chr19_52095765_52113090:chr19_52095765_52113090,3
chr19_52139938_52154106:chr19_52139938_52154106,3
chr19_52171621_52190051:chr19_52171621_52190051,5
chr19_52229518_52269586:chr19_52229518_52269586,14
chr19_52296046_52297168:chr19_52296046_52297168,4
chr19_52325922_52336242:chr19_52325922_52336242,5
chr19_52367778_52369922:chr19_52367778_52369922,1
chr19_52385795_52397848:chr19_52385795_52397848,3
chr19_52418401_52429147:chr19_52418401_52429147,2
chr19_52452263_52453552:chr19_52452263_52453552,0
chr19_52516882_52527667:chr19_52516882_52527667,2
chr19_52556336_52570286:chr19_52556336_52570286,4
chr19_52587174_52612376:chr19_52587174_52612376,16
chr19_52690496_52702812:chr19_52690496_52702812,5
chr19_52735044_52764163:chr19_52735044_52764163,5
chr19_52786791_52797407:chr19_52786791_52797407,5
chr19_52821633_52838009:chr19_52821633_52838009,6
chr19_52857619_52859490:chr19_52857619_52859490,2
chr19_52897694_52904414:chr19_52897694_52904414,1
chr19_52923428_52927134:chr19_52923428_52927134,0
chr19_52962881_53013920:chr19_52962881_53013920,7
chr19_53016123_53044739:chr19_53016123_53044739,2
chr19_53051680_53066613:chr19_53051680_53066613,1
chr19_53103422_53107878:chr19_53103422_53107878,2
chr19_53132910_53134934:chr19_53132910_53134934,0
chr19_53159053_53162423:chr19_53159053_53162423,1
chr19_53193358_53235380:chr19_53193358_53235380,6
chr19_53254873_53258291:chr19_53254873_53258291,0
chr19_53259602_53266675:chr19_53259602_53266675,2
chr19_53267723_53333748:chr19_53267723_53333748,8
chr19_53356906_53365704:chr19_53356906_53365704,1
chr19_53386590_53395148:chr19_53386590_53395148,5
chr19_53458261_53467732:chr19_53458261_53467732,2
chr19_53496255_53521013:chr19_53496255_53521013,4
chr19_53580269_53631998:chr19_53580269_53631998,9
chr19_53637014_53793583:chr19_53637014_53793583,20
chr19_53824403_53865627:chr19_53824403_53865627,0
chr19_53876435_53882196:chr19_53876435_53882196,6
chr19_53907652_53909277:chr19_53907652_53909277,1
chr19_53943950_53962936:chr19_53943950_53962936,6
chr19_53990215_53991636:chr19_53990215_53991636,2
chr19_54012666_54040824:chr19_54012666_54040824,9
chr19_54063897_54069894:chr19_54063897_54069894,2
chr19_54081365_54094667:chr19_54081365_54094667,3
chr19_54100803_54102854:chr19_54100803_54102854,1
chr19_54131713_54137761:chr19_54131713_54137761,11
chr19_54194532_54200857:chr19_54194532_54200857,6
chr19_54207647_54216277:chr19_54207647_54216277,14
chr19_54223007_54238548:chr19_54223007_54238548,1
chr19_54242790_54249420:chr19_54242790_54249420,2
chr19_54257273_54273811:chr19_54257273_54273811,2
chr19_54281110_54307069:chr19_54281110_54307069,2
chr19_54313166_54333184:chr19_54313166_54333184,2
chr19_54339162_54351383:chr19_54339162_54351383,2
chr19_54370558_54415463:chr19_54370558_54415463,4
chr19_54436904_54449198:chr19_54436904_54449198,6
chr19_54463778_54465025:chr19_54463778_54465025,3
chr19_54473296_54502830:chr19_54473296_54502830,5
chr19_54510687_54572987:chr19_54510687_54572987,13
chr19_54590287_54593631:chr19_54590287_54593631,2
chr19_54602381_54616321:chr19_54602381_54616321,1
chr19_54638022_54662984:chr19_54638022_54662984,4
chr19_54668718_54724441:chr19_54668718_54724441,12
chr19_54736632_54738512:chr19_54736632_54738512,1
chr19_54753052_54769792:chr19_54753052_54769792,0
chr19_54784322_54803609:chr19_54784322_54803609,3
chr19_54814517_54816437:chr19_54814517_54816437,1
chr19_54830778_54832706:chr19_54830778_54832706,0
chr19_54848575_54850442:chr19_54848575_54850442,0
chr19_54867207_54874234:chr19_54867207_54874234,2
chr19_54891420_54906147:chr19_54891420_54906147,4
chr19_54913073_54923508:chr19_54913073_54923508,3
chr19_54947505_54965283:chr19_54947505_54965283,1
chr19_55001138_55013704:chr19_55001138_55013704,9
chr19_55038264_55044315:chr19_55038264_55044315,13
chr19_55069520_55075868:chr19_55069520_55075868,2
chr19_55087923_55090917:chr19_55087923_55090917,10
chr19_55117637_55132697:chr19_55117637_55132697,13
chr19_55149206_55151766:chr19_55149206_55151766,4
chr19_55166722_55171195:chr19_55166722_55171195,2
chr19_55209501_55226637:chr19_55209501_55226637,14
chr19_55228763_55229778:chr19_55228763_55229778,10
chr19_55259017_55262222:chr19_55259017_55262222,4
chr19_55280383_55283996:chr19_55280383_55283996,3
chr19_55325341_55339875:chr19_55325341_55339875,3
chr19_55348121_55349703:chr19_55348121_55349703,2
chr19_55363260_55364381:chr19_55363260_55364381,1
chr19_55370463_55376825:chr19_55370463_55376825,2
chr19_55384292_55385931:chr19_55384292_55385931,11
chr19_55407788_55428739:chr19_55407788_55428739,18
chr19_55443300_55452984:chr19_55443300_55452984,2
chr19_55461642_55463000:chr19_55461642_55463000,0
chr19_55464751_55476616:chr19_55464751_55476616,6
chr19_55519099_55528610:chr19_55519099_55528610,2
chr19_55537133_55540655:chr19_55537133_55540655,1
chr19_55545543_55576773:chr19_55545543_55576773,5
chr19_55580848_55591375:chr19_55580848_55591375,4
chr19_55603138_55605646:chr19_55603138_55605646,6
chr19_55617269_55620740:chr19_55617269_55620740,4
chr19_55624566_55641001:chr19_55624566_55641001,5
chr19_55645623_55647399:chr19_55645623_55647399,2
chr19_55653161_55655034:chr19_55653161_55655034,5
chr19_55738402_55759096:chr19_55738402_55759096,2
chr19_55763421_55769117:chr19_55763421_55769117,1
chr19_55773420_55785398:chr19_55773420_55785398,2
chr19_55881855_55891691:chr19_55881855_55891691,6
chr19_55932336_55947831:chr19_55932336_55947831,2
chr19_55988629_55999725:chr19_55988629_55999725,2
chr19_56061810_56087365:chr19_56061810_56087365,4
chr19_56121295_56141286:chr19_56121295_56141286,14
chr19_56160893_56176007:chr19_56160893_56176007,7
chr19_56185775_56189685:chr19_56185775_56189685,2
chr19_56197890_56202272:chr19_56197890_56202272,4
chr19_56209461_56221302:chr19_56209461_56221302,5
chr19_56368278_56382750:chr19_56368278_56382750,11
chr19_56393534_56404013:chr19_56393534_56404013,6
chr19_56427364_56439328:chr19_56427364_56439328,4
chr19_56477345_56507854:chr19_56477345_56507854,6
chr19_56530212_56538947:chr19_56530212_56538947,3
chr19_56556808_56567467:chr19_56556808_56567467,1
chr19_56582894_56595301:chr19_56582894_56595301,1
chr19_56657247_56661979:chr19_56657247_56661979,0
chr19_56671757_56774546:chr19_56671757_56774546,16
chr19_56840726_57119086:chr19_56840726_57119086,48
chr19_57131926_57134095:chr19_57131926_57134095,2
chr19_57145202_57154020:chr19_57145202_57154020,2
chr19_57167485_57191499:chr19_57167485_57191499,6
chr19_57222846_57231022:chr19_57222846_57231022,2
chr19_57235548_57240631:chr19_57235548_57240631,0
chr19_57262728_57279981:chr19_57262728_57279981,7
chr19_57294069_57320471:chr19_57294069_57320471,14
chr19_57330770_57351270:chr19_57330770_57351270,1
chr19_57359898_57363550:chr19_57359898_57363550,1
chr19_57379565_57389853:chr19_57379565_57389853,1
chr19_57402992_57411160:chr19_57402992_57411160,2
chr19_57421934_57435324:chr19_57421934_57435324,5
chr19_57447101_57454789:chr19_57447101_57454789,1
chr19_57457140_57469585:chr19_57457140_57469585,3
chr19_57477566_57487749:chr19_57477566_57487749,1
chr19_57496098_57499937:chr19_57496098_57499937,2
chr19_57518437_57527355:chr19_57518437_57527355,2
chr19_57559863_57571565:chr19_57559863_57571565,8
chr19_57578911_57584144:chr19_57578911_57584144,1
chr19_57593890_57599884:chr19_57593890_57599884,1
chr19_57612722_57614241:chr19_57612722_57614241,0
chr19_57624724_57633167:chr19_57624724_57633167,1
chr19_57644041_57651475:chr19_57644041_57651475,2
chr19_57679152_57681976:chr19_57679152_57681976,1
chr19_57690648_57696274:chr19_57690648_57696274,2
chr19_57709204_57719750:chr19_57709204_57719750,7
chr19_57727624_57746814:chr19_57727624_57746814,5
chr19_57758148_57769675:chr19_57758148_57769675,6
chr19_57780616_57807081:chr19_57780616_57807081,19
chr19_57814913_57830298:chr19_57814913_57830298,10
chr19_57846238_57849858:chr19_57846238_57849858,5
chr19_57865117_57869380:chr19_57865117_57869380,3
chr19_57889037_57905773:chr19_57889037_57905773,5
chr19_57916592_57921881:chr19_57916592_57921881,5
chr19_57935402_57940832:chr19_57935402_57940832,2
chr19_57947706_57958436:chr19_57947706_57958436,3
chr19_57974534_57977052:chr19_57974534_57977052,1
chr19_58003346_58034024:chr19_58003346_58034024,3
chr19_58054631_58059238:chr19_58054631_58059238,1
chr19_58069755_58083841:chr19_58069755_58083841,4
chr19_58118426_58126247:chr19_58118426_58126247,3
chr19_58150789_58183060:chr19_58150789_58183060,12
chr19_58213562_58228913:chr19_58213562_58228913,7
chr19_58277455_58278954:chr19_58277455_58278954,2
chr19_58302791_58305376:chr19_58302791_58305376,6
chr19_58316812_58326993:chr19_58316812_58326993,13
chr19_58342332_58345182:chr19_58342332_58345182,0
chr19_58362751_58367622:chr19_58362751_58367622,2
chr19_58381030_58387268:chr19_58381030_58387268,7
chr19_58397079_58408648:chr19_58397079_58408648,9
chr19_58418327_58432813:chr19_58418327_58432813,13
chr19_58440153_58451621:chr19_58440153_58451621,7
chr19_58457833_58467079:chr19_58457833_58467079,4
chr19_58489533_58498332:chr19_58489533_58498332,6
chr19_58511992_58513529:chr19_58511992_58513529,1
chr19_58542718_58544063:chr19_58542718_58544063,1
chr19_58558611_58561931:chr19_58558611_58561931,5
chr19_58573573_58617616:chr19_58573573_58617616,17
chr20_0_87671:chr20_0_87671,2
chr20_97094_142589:chr20_97094_142589,3
chr20_145751_157453:chr20_145751_157453,6
chr20_159163_187852:chr20_159163_187852,2
chr20_189711_227257:chr20_189711_227257,4
chr20_229886_257723:chr20_229886_257723,5
chr20_261096_270862:chr20_261096_270862,5
chr20_290750_297569:chr20_290750_297569,2
chr20_300321_325551:chr20_300321_325551,6
chr20_330224_347110:chr20_330224_347110,1
chr20_354862_380759:chr20_354862_380759,10
chr20_397559_408298:chr20_397559_408298,10
chr20_432139_435479:chr20_432139_435479,5
chr20_462533_472497:chr20_462533_472497,2
chr20_543790_604256:chr20_543790_604256,10
chr20_610309_646614:chr20_610309_646614,11
chr20_653200_661595:chr20_653200_661595,4
chr20_675802_760079:chr20_675802_760079,19
chr20_775985_833714:chr20_775985_833714,9
chr20_846277_869899:chr20_846277_869899,5
chr20_916334_958451:chr20_916334_958451,8
chr20_1002311_1113262:chr20_1002311_1113262,20
chr20_1172246_1180569:chr20_1172246_1180569,10
chr20_1185920_1203453:chr20_1185920_1203453,3
chr20_1209076_1226043:chr20_1209076_1226043,2
chr20_1255876_1266293:chr20_1255876_1266293,4
chr20_1393172_1442165:chr20_1393172_1442165,13
chr20_1466849_1474577:chr20_1466849_1474577,1
chr20_1491420_1534250:chr20_1491420_1534250,1
chr20_1557705_1561384:chr20_1557705_1561384,1
chr20_1620009_1629151:chr20_1620009_1629151,2
chr20_1657779_1894166:chr20_1657779_1894166,33
chr20_1940592_1978755:chr20_1940592_1978755,7
chr20_1994285_2101826:chr20_1994285_2101826,14
chr20_2148555_2296000:chr20_2148555_2296000,17
chr20_2341079_2380900:chr20_2341079_2380900,7
chr20_2432753_2461641:chr20_2432753_2461641,7
chr20_2470789_2481816:chr20_2470789_2481816,8
chr20_2524522_2536572:chr20_2524522_2536572,3
chr20_2643580_2652631:chr20_2643580_2652631,8
chr20_2664216_2692779:chr20_2664216_2692779,2
chr20_2760108_2794073:chr20_2760108_2794073,3
chr20_2800627_2814986:chr20_2800627_2814986,2
chr20_2820284_2835313:chr20_2820284_2835313,3
chr20_3038669_3043621:chr20_3038669_3043621,6
chr20_3048250_3071619:chr20_3048250_3071619,13
chr20_3072517_3082555:chr20_3072517_3082555,3
chr20_3084724_3107572:chr20_3084724_3107572,4
chr20_3159865_3162616:chr20_3159865_3162616,2
chr20_3173549_3190349:chr20_3173549_3190349,7
chr20_3204682_3208675:chr20_3204682_3208675,1
chr20_3239559_3249305:chr20_3239559_3249305,3
chr20_3407669_3471017:chr20_3407669_3471017,9
chr20_3651118_3659247:chr20_3651118_3659247,0
chr20_3663399_3667974:chr20_3663399_3667974,0
chr20_3682010_3686969:chr20_3682010_3686969,1
chr20_3712600_3732684:chr20_3712600_3732684,5
chr20_3767753_3777503:chr20_3767753_3777503,1
chr20_3781448_3783850:chr20_3781448_3783850,5
chr20_3806115_3820546:chr20_3806115_3820546,7
chr20_3828838_3846833:chr20_3828838_3846833,6
chr20_3876118_3888780:chr20_3876118_3888780,4
chr20_4015558_4148827:chr20_4015558_4148827,31
chr20_4187727_4220629:chr20_4187727_4220629,9
chr20_4249287_4686455:chr20_4249287_4686455,54
chr20_4701588_4721908:chr20_4701588_4721908,6
chr20_4728460_4780022:chr20_4728460_4780022,11
chr20_4823608_4852357:chr20_4823608_4852357,6
chr20_5010313_5068374:chr20_5010313_5068374,7
chr20_5113076_5114952:chr20_5113076_5114952,4
chr20_5197887_5299217:chr20_5197887_5299217,11
chr20_5316954_5544438:chr20_5316954_5544438,38
chr20_5611006_5750400:chr20_5611006_5750400,17
chr20_5864395_5911509:chr20_5864395_5911509,5
chr20_5925353_5937227:chr20_5925353_5937227,5
chr20_5998977_6005937:chr20_5998977_6005937,2
chr20_6054060_6074844:chr20_6054060_6074844,6
chr20_6123030_6767685:chr20_6123030_6767685,75
chr20_6780246_7882984:chr20_6780246_7882984,103
chr20_7940458_7977345:chr20_7940458_7977345,3
chr20_8019761_8132265:chr20_8019761_8132265,7
chr20_8884900_9068677:chr20_8884900_9068677,34
chr20_9480808_9514589:chr20_9480808_9514589,2
chr20_9530524_9537369:chr20_9530524_9537369,0
chr20_9839076_10034986:chr20_9839076_10034986,11
chr20_10058303_10218829:chr20_10058303_10218829,14
chr20_10307418_10401008:chr20_10307418_10401008,12
chr20_10434222_10435304:chr20_10434222_10435304,5
chr20_10628030_10637683:chr20_10628030_10637683,4
chr20_10673999_11890816:chr20_10673999_11890816,131
chr20_11926595_13008971:chr20_11926595_13008971,96
chr20_13169103_13221273:chr20_13169103_13221273,2
chr20_13300651_13389393:chr20_13300651_13389393,7
chr20_13638932_13714324:chr20_13638932_13714324,10
chr20_13821580_13849246:chr20_13821580_13849246,2
chr20_16053197_16272103:chr20_16053197_16272103,18
chr20_16573448_16730025:chr20_16573448_16730025,20
chr20_16742564_16748357:chr20_16742564_16748357,0
chr20_16752164_17226106:chr20_16752164_17226106,57
chr20_17484578_17493904:chr20_17484578_17493904,2
chr20_17609919_17613678:chr20_17609919_17613678,3
chr20_17682242_17693671:chr20_17682242_17693671,4
chr20_17735871_17941599:chr20_17735871_17941599,34
chr20_17991122_18024151:chr20_17991122_18024151,6
chr20_18059188_18137152:chr20_18059188_18137152,6
chr20_18188372_18288526:chr20_18188372_18288526,7
chr20_18316996_18383366:chr20_18316996_18383366,10
chr20_18484646_18486539:chr20_18484646_18486539,1
chr20_18497225_18507547:chr20_18497225_18507547,6
chr20_18561415_18567431:chr20_18561415_18567431,4
chr20_18569611_18588053:chr20_18569611_18588053,5
chr20_18766644_18813782:chr20_18766644_18813782,5
chr20_18814378_19212641:chr20_18814378_19212641,38
chr20_19722926_19758257:chr20_19722926_19758257,2
chr20_20002456_20017289:chr20_20002456_20017289,2
chr20_20360698_20368103:chr20_20360698_20368103,0
chr20_20370949_20389529:chr20_20370949_20389529,0
chr20_20712644_21125974:chr20_20712644_21125974,55
chr20_21246622_21303330:chr20_21246622_21303330,13
chr20_21389825_21395364:chr20_21389825_21395364,1
chr20_21397526_21511016:chr20_21397526_21511016,10
chr20_21514064_21705663:chr20_21514064_21705663,34
chr20_21718481_22580997:chr20_21718481_22580997,98
chr20_22585490_23035311:chr20_22585490_23035311,90
chr20_23039237_23045632:chr20_23039237_23045632,2
chr20_23049672_23079359:chr20_23049672_23079359,7
chr20_23086324_23350790:chr20_23086324_23350790,54
chr20_23354771_23362181:chr20_23354771_23362181,8
chr20_23373062_23374521:chr20_23373062_23374521,2
chr20_23421488_23439669:chr20_23421488_23439669,1
chr20_23444930_23450411:chr20_23444930_23450411,1
chr20_23452876_23491116:chr20_23452876_23491116,3
chr20_23496010_23564731:chr20_23496010_23564731,11
chr20_23568484_23602409:chr20_23568484_23602409,2
chr20_23605917_23626705:chr20_23605917_23626705,3
chr20_23637955_23685639:chr20_23637955_23685639,7
chr20_23689038_23747561:chr20_23689038_23747561,7
chr20_23750935_23823768:chr20_23750935_23823768,12
chr20_23826729_23875933:chr20_23826729_23875933,6
chr20_23879748_23985052:chr20_23879748_23985052,7
chr20_23988779_24469628:chr20_23988779_24469628,63
chr20_24666616_24949268:chr20_24666616_24949268,37
chr20_24959928_24962924:chr20_24959928_24962924,5
chr20_24992751_25006236:chr20_24992751_25006236,2
chr20_25058139_25070879:chr20_25058139_25070879,2
chr20_25082141_25195711:chr20_25082141_25195711,20
chr20_25228075_25248084:chr20_25228075_25248084,3
chr20_25390835_25407672:chr20_25390835_25407672,1
chr20_25448563_25452696:chr20_25448563_25452696,1
chr20_25585531_25612934:chr20_25585531_25612934,2
chr20_25624014_25673194:chr20_25624014_25673194,9
chr20_25696853_31257663:chr20_25696853_31257663,113
chr20_31259632_31303211:chr20_31259632_31303211,6
chr20_31308585_31368600:chr20_31308585_31368600,7
chr20_31373923_31377162:chr20_31373923_31377162,1
chr20_31390649_31404844:chr20_31390649_31404844,4
chr20_31412838_31440631:chr20_31412838_31440631,7
chr20_31450257_31465470:chr20_31450257_31465470,8
chr20_31484895_31514441:chr20_31484895_31514441,13
chr20_31569543_31605288:chr20_31569543_31605288,18
chr20_31606510_31637911:chr20_31606510_31637911,9
chr20_31645006_31664451:chr20_31645006_31664451,9
chr20_31723963_31739289:chr20_31723963_31739289,3
chr20_31801800_31819355:chr20_31801800_31819355,12
chr20_31834684_31844302:chr20_31834684_31844302,4
chr20_31845604_31847636:chr20_31845604_31847636,0
chr20_31952046_31968150:chr20_31952046_31968150,4
chr20_32003387_32010437:chr20_32003387_32010437,1
chr20_32032180_32052241:chr20_32032180_32052241,3
chr20_32101856_32109713:chr20_32101856_32109713,2
chr20_32167256_32192503:chr20_32167256_32192503,10
chr20_32238658_32277650:chr20_32238658_32277650,9
chr20_32335011_32358330:chr20_32335011_32358330,12
chr20_32439319_32443058:chr20_32439319_32443058,7
chr20_32585333_32631624:chr20_32585333_32631624,48
chr20_32673941_32702698:chr20_32673941_32702698,9
chr20_32743467_32762384:chr20_32743467_32762384,7
chr20_32809356_32819953:chr20_32809356_32819953,3
chr20_32850405_32858922:chr20_32850405_32858922,9
chr20_32961845_32983774:chr20_32961845_32983774,5
chr20_33004433_33007703:chr20_33004433_33007703,3
chr20_33023703_33031647:chr20_33023703_33031647,4
chr20_33044047_33053902:chr20_33044047_33053902,0
chr20_33073847_33079642:chr20_33073847_33079642,1
chr20_33111751_33161769:chr20_33111751_33161769,13
chr20_33181412_33217309:chr20_33181412_33217309,11
chr20_33227806_33235995:chr20_33227806_33235995,1
chr20_33243306_33283213:chr20_33243306_33283213,15
chr20_33309871_33358838:chr20_33309871_33358838,20
chr20_33401569_33407956:chr20_33401569_33407956,7
chr20_33443763_33490095:chr20_33443763_33490095,6
chr20_33650030_33657086:chr20_33650030_33657086,12
chr20_33674428_33675476:chr20_33674428_33675476,3
chr20_33686385_33702757:chr20_33686385_33702757,4
chr20_33720310_33731995:chr20_33720310_33731995,5
chr20_33792269_33811347:chr20_33792269_33811347,8
chr20_33854366_33993910:chr20_33854366_33993910,47
chr20_34084884_34088308:chr20_34084884_34088308,10
chr20_34112243_34194561:chr20_34112243_34194561,13
chr20_34269344_34280267:chr20_34269344_34280267,13
chr20_34311802_34363272:chr20_34311802_34363272,6
chr20_34511773_34515601:chr20_34511773_34515601,3
chr20_34540958_34546843:chr20_34540958_34546843,6
chr20_34677092_34704343:chr20_34677092_34704343,5
chr20_34713436_34714773:chr20_34713436_34714773,7
chr20_34825651_34844719:chr20_34825651_34844719,4
chr20_34872856_34874988:chr20_34872856_34874988,5
chr20_35092807_35115363:chr20_35092807_35115363,11
chr20_35292425_35302577:chr20_35292425_35302577,7
chr20_35411973_35433346:chr20_35411973_35433346,5
chr20_35519280_35526978:chr20_35519280_35526978,3
chr20_35529652_35542077:chr20_35529652_35542077,4
chr20_35557634_35615828:chr20_35557634_35615828,16
chr20_35621094_35626043:chr20_35621094_35626043,2
chr20_35664900_35668051:chr20_35664900_35668051,7
chr20_35742260_35772014:chr20_35742260_35772014,10
chr20_35950370_35953623:chr20_35950370_35953623,6
chr20_35959472_35968589:chr20_35959472_35968589,2
chr20_36030700_36091413:chr20_36030700_36091413,16
chr20_36232799_36236477:chr20_36232799_36236477,2
chr20_36256933_36306338:chr20_36256933_36306338,16
chr20_36528633_36541518:chr20_36528633_36541518,8
chr20_36551447_36573463:chr20_36551447_36573463,5
chr20_36646196_36651770:chr20_36646196_36651770,1
chr20_36746090_36751794:chr20_36746090_36751794,3
chr20_36773763_36777446:chr20_36773763_36777446,1
chr20_36863538_36876120:chr20_36863538_36876120,3
chr20_36951708_36996348:chr20_36951708_36996348,6
chr20_37095997_37101168:chr20_37095997_37101168,3
chr20_37241619_37251085:chr20_37241619_37251085,6
chr20_37261814_37289654:chr20_37261814_37289654,10
chr20_37317260_37344698:chr20_37317260_37344698,8
chr20_37406050_37517416:chr20_37406050_37517416,35
chr20_37527876_37694029:chr20_37527876_37694029,33
chr20_37872118_37903126:chr20_37872118_37903126,12
chr20_37945350_37983020:chr20_37945350_37983020,14
chr20_38092364_38127384:chr20_38092364_38127384,15
chr20_38166508_38210502:chr20_38166508_38210502,9
chr20_38260735_38304155:chr20_38260735_38304155,17
chr20_38337505_38346481:chr20_38337505_38346481,4
chr20_38377013_38472842:chr20_38377013_38472842,71
chr20_38578858_38581196:chr20_38578858_38581196,2
chr20_38588463_38601808:chr20_38588463_38601808,2
chr20_38650653_38724485:chr20_38650653_38724485,31
chr20_38729372_38748459:chr20_38729372_38748459,4
chr20_38772520_38805696:chr20_38772520_38805696,9
chr20_38923024_38926416:chr20_38923024_38926416,1
chr20_38953106_38962343:chr20_38953106_38962343,14
chr20_39039721_40685847:chr20_39039721_40685847,312
chr20_40689236_41028821:chr20_40689236_41028821,83
chr20_41124487_41137542:chr20_41124487_41137542,5
chr20_41317731_41340820:chr20_41317731_41340820,2
chr20_41366818_41402082:chr20_41366818_41402082,15
chr20_41618377_42072755:chr20_41618377_42072755,94
chr20_43189906_43457895:chr20_43189906_43457895,59
chr20_43464243_43507696:chr20_43464243_43507696,11
chr20_43550954_43559026:chr20_43550954_43559026,1
chr20_43585627_43590936:chr20_43585627_43590936,3
chr20_43647299_43667113:chr20_43647299_43667113,6
chr20_43716482_43726163:chr20_43716482_43726163,11
chr20_43727002_43914851:chr20_43727002_43914851,37
chr20_44069616_44106589:chr20_44069616_44106589,11
chr20_44187188_44195938:chr20_44187188_44195938,2
chr20_44210771_44247098:chr20_44210771_44247098,5
chr20_44280947_44302839:chr20_44280947_44302839,7
chr20_44311202_44337042:chr20_44311202_44337042,5
chr20_44351238_44355698:chr20_44351238_44355698,5
chr20_44434596_44475873:chr20_44434596_44475873,17
chr20_44494603_44496220:chr20_44494603_44496220,4
chr20_44522070_44531874:chr20_44522070_44531874,1
chr20_44651699_44714860:chr20_44651699_44714860,17
chr20_44727811_44745864:chr20_44727811_44745864,4
chr20_44810546_44885704:chr20_44810546_44885704,12
chr20_44908532_44910059:chr20_44908532_44910059,6
chr20_44939316_44942129:chr20_44939316_44942129,8
chr20_44960397_44966511:chr20_44960397_44966511,6
chr20_45080021_45091213:chr20_45080021_45091213,11
chr20_45101127_45109462:chr20_45101127_45109462,5
chr20_45116319_45123424:chr20_45116319_45123424,3
chr20_45124465_45174901:chr20_45124465_45174901,5
chr20_45176544_45207032:chr20_45176544_45207032,6
chr20_45209768_45221372:chr20_45209768_45221372,0
chr20_45224458_45252238:chr20_45224458_45252238,12
chr20_45254564_45293449:chr20_45254564_45293449,13
chr20_45317824_45325287:chr20_45317824_45325287,6
chr20_45348424_45361948:chr20_45348424_45361948,4
chr20_45410610_45416140:chr20_45410610_45416140,4
chr20_45426241_45469752:chr20_45426241_45469752,21
chr20_45481532_45512460:chr20_45481532_45512460,5
chr20_45515622_45534195:chr20_45515622_45534195,4
chr20_45547401_45551151:chr20_45547401_45551151,0
chr20_45579284_45607938:chr20_45579284_45607938,6
chr20_45631284_45648562:chr20_45631284_45648562,4
chr20_45670239_45684650:chr20_45670239_45684650,5
chr20_45708817_45722346:chr20_45708817_45722346,0
chr20_45725830_45774212:chr20_45725830_45774212,8
chr20_45811418_45812643:chr20_45811418_45812643,7
chr20_45816952_45823213:chr20_45816952_45823213,4
chr20_45827312_45833798:chr20_45827312_45833798,2
chr20_45879122_45881226:chr20_45879122_45881226,7
chr20_45885266_45886490:chr20_45885266_45886490,5
chr20_45887622_45888633:chr20_45887622_45888633,6
chr20_45912155_45934682:chr20_45912155_45934682,5
chr20_45972203_46008907:chr20_45972203_46008907,11
chr20_46016561_46021685:chr20_46016561_46021685,1
chr20_46089962_46118313:chr20_46089962_46118313,9
chr20_46129858_46173738:chr20_46129858_46173738,17
chr20_46308498_46345983:chr20_46308498_46345983,20
chr20_46364425_46366049:chr20_46364425_46366049,5
chr20_46406615_46499629:chr20_46406615_46499629,20
chr20_46513559_46540945:chr20_46513559_46540945,6
chr20_46550654_46557827:chr20_46550654_46557827,2
chr20_46689444_46709648:chr20_46689444_46709648,7
chr20_46736347_46894842:chr20_46736347_46894842,38
chr20_47188844_47209213:chr20_47188844_47209213,12
chr20_47356699_47501886:chr20_47356699_47501886,30
chr20_47786627_48624251:chr20_47786627_48624251,171
chr20_48827999_48921710:chr20_48827999_48921710,28
chr20_49036693_49046311:chr20_49036693_49046311,7
chr20_49096949_49113338:chr20_49096949_49113338,16
chr20_49244073_49245899:chr20_49244073_49245899,5
chr20_49278057_49363876:chr20_49278057_49363876,37
chr20_49482668_49503873:chr20_49482668_49503873,7
chr20_49568137_49632944:chr20_49568137_49632944,12
chr20_49713878_49812827:chr20_49713878_49812827,17
chr20_49892242_49903390:chr20_49892242_49903390,9
chr20_49915529_49936396:chr20_49915529_49936396,3
chr20_49953885_49982979:chr20_49953885_49982979,19
chr20_49988886_50081123:chr20_49988886_50081123,32
chr20_50153723_50190582:chr20_50153723_50190582,11
chr20_50192690_50510382:chr20_50192690_50510382,74
chr20_50691542_50731579:chr20_50691542_50731579,9
chr20_50753741_50794893:chr20_50753741_50794893,11
chr20_50877177_50888917:chr20_50877177_50888917,2
chr20_50931437_50934854:chr20_50931437_50934854,1
chr20_50963929_51003655:chr20_50963929_51003655,12
chr20_51023107_51386962:chr20_51023107_51386962,112
chr20_51562839_51596513:chr20_51562839_51596513,13
chr20_51768390_51782330:chr20_51768390_51782330,2
chr20_51802521_52084010:chr20_51802521_52084010,47
chr20_52191779_52972357:chr20_52191779_52972357,178
chr20_53495330_53567070:chr20_53495330_53567070,15
chr20_53593839_53943540:chr20_53593839_53943540,68
chr20_54070594_54153445:chr20_54070594_54153445,13
chr20_54173986_54208086:chr20_54173986_54208086,5
chr20_54219961_54475592:chr20_54219961_54475592,37
chr20_54651169_55997356:chr20_54651169_55997356,187
chr20_56005519_56248731:chr20_56005519_56248731,41
chr20_56249815_56358973:chr20_56249815_56358973,14
chr20_56406362_56412035:chr20_56406362_56412035,6
chr20_56460382_56468626:chr20_56460382_56468626,11
chr20_56526152_56533245:chr20_56526152_56533245,2
chr20_56536520_56629305:chr20_56536520_56629305,16
chr20_56639283_57168752:chr20_56639283_57168752,121
chr20_57266641_57329802:chr20_57266641_57329802,17
chr20_57343993_57351254:chr20_57343993_57351254,0
chr20_57379202_57391395:chr20_57379202_57391395,16
chr20_57409333_57495964:chr20_57409333_57495964,25
chr20_57525652_57561109:chr20_57525652_57561109,9
chr20_57568121_57603851:chr20_57568121_57603851,10
chr20_57620426_57648395:chr20_57620426_57648395,5
chr20_57711472_58150901:chr20_57711472_58150901,113
chr20_58161150_58216125:chr20_58161150_58216125,20
chr20_58228653_58309714:chr20_58228653_58309714,28
chr20_58367507_58389228:chr20_58367507_58389228,3
chr20_58451101_58459100:chr20_58451101_58459100,6
chr20_58515399_58651252:chr20_58515399_58651252,32
chr20_58715844_58839747:chr20_58715844_58839747,37
chr20_58911192_58981255:chr20_58911192_58981255,20
chr20_59007254_59019428:chr20_59007254_59019428,11
chr20_59042786_59123387:chr20_59042786_59123387,23
chr20_59259113_59300610:chr20_59259113_59300610,17
chr20_59325992_59577508:chr20_59325992_59577508,62
chr20_59847711_59863570:chr20_59847711_59863570,2
chr20_59948680_59958422:chr20_59948680_59958422,3
chr20_60014529_61252260:chr20_60014529_61252260,244
chr20_61940617_61974797:chr20_61940617_61974797,17
chr20_62065881_62122474:chr20_62065881_62122474,12
chr20_62135374_62136732:chr20_62135374_62136732,10
chr20_62203568_62214959:chr20_62203568_62214959,7
chr20_62220278_62238520:chr20_62220278_62238520,4
chr20_62296183_62302895:chr20_62296183_62302895,10
chr20_62367312_62387102:chr20_62367312_62387102,15
chr20_62407285_62410236:chr20_62407285_62410236,1
chr20_62427539_62463496:chr20_62427539_62463496,10
chr20_62475995_62642502:chr20_62475995_62642502,50
chr20_62672293_62708835:chr20_62672293_62708835,15
chr20_62762771_62796472:chr20_62762771_62796472,17
chr20_62801729_62804834:chr20_62801729_62804834,6
chr20_62814000_62817049:chr20_62814000_62817049,3
chr20_62861822_62877742:chr20_62861822_62877742,3
chr20_62948475_62952708:chr20_62948475_62952708,7
chr20_62969585_63005926:chr20_62969585_63005926,10
chr20_63006964_63195428:chr20_63006964_63195428,51
chr20_63216131_63235904:chr20_63216131_63235904,9
chr20_63254463_63272812:chr20_63254463_63272812,5
chr20_63289790_63293185:chr20_63289790_63293185,5
chr20_63334806_63343222:chr20_63334806_63343222,0
chr20_63361349_63400207:chr20_63361349_63400207,13
chr20_63472655_63488013:chr20_63472655_63488013,3
chr20_63499083_63520740:chr20_63499083_63520740,3
chr20_63522206_63528000:chr20_63522206_63528000,4
chr20_63537376_63538488:chr20_63537376_63538488,4
chr20_63547749_63553019:chr20_63547749_63553019,0
chr20_63556708_63558085:chr20_63556708_63558085,1
chr20_63574239_63587604:chr20_63574239_63587604,5
chr20_63627101_63639711:chr20_63627101_63639711,4
chr20_63653424_63657809:chr20_63653424_63657809,2
chr20_63831264_63861497:chr20_63831264_63861497,11
chr20_63862988_63865269:chr20_63862988_63865269,5
chr20_63891538_63895125:chr20_63891538_63895125,9
chr20_63936011_63939828:chr20_63936011_63939828,7
chr20_63969930_63974115:chr20_63969930_63974115,5
chr20_63979642_63981131:chr20_63979642_63981131,4
chr20_64039001_64047581:chr20_64039001_64047581,4
chr20_64049639_64056971:chr20_64049639_64056971,5
chr20_64100643_64103801:chr20_64100643_64103801,0
chr20_64107565_64164451:chr20_64107565_64164451,8
chr20_64242253_64255747:chr20_64242253_64255747,2
chr20_64276226_64444167:chr20_64276226_64444167,6
chr21_0_10521582:chr21_0_10521582,56
chr21_10605716_13609776:chr21_10605716_13609776,56
chr21_13645823_14108811:chr21_13645823_14108811,13
chr21_14210955_14216156:chr21_14210955_14216156,2
chr21_14228372_14371114:chr21_14228372_14371114,25
chr21_14383146_14485227:chr21_14383146_14485227,19
chr21_14659417_14961234:chr21_14659417_14961234,70
chr21_15065000_15729981:chr21_15065000_15729981,111
chr21_15880064_17513042:chr21_15880064_17513042,171
chr21_17612901_17788973:chr21_17612901_17788973,22
chr21_17819356_17917339:chr21_17819356_17917339,18
chr21_18267370_18269115:chr21_18267370_18269115,2
chr21_18403785_20998408:chr21_18403785_20998408,308
chr21_21543329_25585655:chr21_21543329_25585655,484
chr21_25607481_25639257:chr21_25607481_25639257,4
chr21_25717562_25724499:chr21_25717562_25724499,9
chr21_25772460_25880549:chr21_25772460_25880549,24
chr21_26171128_26466215:chr21_26171128_26466215,48
chr21_26573286_26835754:chr21_26573286_26835754,50
chr21_26845409_26917921:chr21_26845409_26917921,16
chr21_26967088_28872190:chr21_26967088_28872190,310
chr21_28885367_28928143:chr21_28885367_28928143,17
chr21_28992877_29004383:chr21_28992877_29004383,6
chr21_29019349_29024667:chr21_29019349_29024667,4
chr21_29054488_29056325:chr21_29054488_29056325,7
chr21_29073648_29077113:chr21_29073648_29077113,4
chr21_29175887_29298921:chr21_29175887_29298921,29
chr21_29346148_29536932:chr21_29346148_29536932,88
chr21_29939996_30165564:chr21_29939996_30165564,37
chr21_30166805_30214005:chr21_30166805_30214005,13
chr21_30216097_30281308:chr21_30216097_30281308,12
chr21_30282950_30289144:chr21_30282950_30289144,2
chr21_30289514_30319123:chr21_30289514_30319123,5
chr21_30320315_30337012:chr21_30320315_30337012,1
chr21_30337694_30348398:chr21_30337694_30348398,3
chr21_30348606_30371389:chr21_30348606_30371389,4
chr21_30372271_30396030:chr21_30372271_30396030,5
chr21_30396822_30425379:chr21_30396822_30425379,5
chr21_30425926_30430219:chr21_30425926_30430219,2
chr21_30431026_30440274:chr21_30431026_30440274,2
chr21_30440869_30479705:chr21_30440869_30479705,9
chr21_30480367_30487042:chr21_30480367_30487042,3
chr21_30487436_30491461:chr21_30487436_30491461,2
chr21_30492013_30496823:chr21_30492013_30496823,0
chr21_30497165_30501656:chr21_30497165_30501656,1
chr21_30502141_30541534:chr21_30502141_30541534,12
chr21_30541864_30560874:chr21_30541864_30560874,3
chr21_30561314_30590104:chr21_30561314_30590104,4
chr21_30590397_30592439:chr21_30590397_30592439,1
chr21_30593075_30598589:chr21_30593075_30598589,1
chr21_30598902_30601086:chr21_30598902_30601086,0
chr21_30601382_30613430:chr21_30601382_30613430,1
chr21_30613930_30616424:chr21_30613930_30616424,1
chr21_30616699_30620626:chr21_30616699_30620626,4
chr21_30620850_30635205:chr21_30620850_30635205,8
chr21_30635619_30642863:chr21_30635619_30642863,2
chr21_30643136_30718524:chr21_30643136_30718524,11
chr21_30718777_30746793:chr21_30718777_30746793,3
chr21_30747259_30755014:chr21_30747259_30755014,2
chr21_30755428_30812696:chr21_30755428_30812696,9
chr21_30813274_30829038:chr21_30813274_30829038,4
chr21_30829759_30880643:chr21_30829759_30880643,6
chr21_30881580_31038158:chr21_30881580_31038158,42
chr21_31038476_31118417:chr21_31038476_31118417,19
chr21_31559087_31659692:chr21_31559087_31659692,23
chr21_31668931_31670999:chr21_31668931_31670999,5
chr21_31732118_31873019:chr21_31732118_31873019,26
chr21_32004064_32268227:chr21_32004064_32268227,64
chr21_32279049_32291812:chr21_32279049_32291812,10
chr21_32393012_32411722:chr21_32393012_32411722,7
chr21_32515387_32563491:chr21_32515387_32563491,15
chr21_32612377_32628758:chr21_32612377_32628758,1
chr21_32728040_32733898:chr21_32728040_32733898,6
chr21_32771755_32790672:chr21_32771755_32790672,11
chr21_32813703_33025934:chr21_32813703_33025934,54
chr21_33029185_33070140:chr21_33029185_33070140,11
chr21_33072413_33229937:chr21_33072413_33229937,49
chr21_33297221_33324394:chr21_33297221_33324394,7
chr21_33359864_33402881:chr21_33359864_33402881,10
chr21_33437516_33449140:chr21_33437516_33449140,7
chr21_33479974_33488054:chr21_33479974_33488054,2
chr21_33491716_33503930:chr21_33491716_33503930,3
chr21_33899861_33903452:chr21_33899861_33903452,6
chr21_33915804_34073577:chr21_33915804_34073577,58
chr21_34143030_34364005:chr21_34143030_34364005,86
chr21_34371381_34375506:chr21_34371381_34375506,1
chr21_34389151_34400111:chr21_34389151_34400111,0
chr21_34401072_34418714:chr21_34401072_34418714,0
chr21_34423951_34446687:chr21_34423951_34446687,0
chr21_34512210_34516441:chr21_34512210_34516441,4
chr21_34615113_34668993:chr21_34615113_34668993,13
chr21_34718223_34787800:chr21_34718223_34787800,21
chr21_35049302_36034540:chr21_35049302_36034540,282
chr21_36060526_36070023:chr21_36060526_36070023,4
chr21_36073164_36135078:chr21_36073164_36135078,27
chr21_36146562_36156823:chr21_36146562_36156823,4
chr21_36294274_36320196:chr21_36294274_36320196,9
chr21_36376632_36385391:chr21_36376632_36385391,4
chr21_36419015_36460620:chr21_36419015_36460620,18
chr21_36576569_36699114:chr21_36576569_36699114,43
chr21_36990211_37006149:chr21_36990211_37006149,4
chr21_37019662_37065363:chr21_37019662_37065363,10
chr21_37203118_37223419:chr21_37203118_37223419,18
chr21_37268108_37365572:chr21_37268108_37365572,20
chr21_37526358_37607372:chr21_37526358_37607372,22
chr21_37916457_38229925:chr21_37916457_38229925,119
chr21_38307357_38367260:chr21_38307357_38367260,20
chr21_38661783_38805182:chr21_38661783_38805182,45
chr21_38824955_39174768:chr21_38824955_39174768,133
chr21_39313632_39342314:chr21_39313632_39342314,9
chr21_39349088_39380325:chr21_39349088_39380325,9
chr21_39515506_39612939:chr21_39515506_39612939,34
chr21_39673137_39745182:chr21_39673137_39745182,23
chr21_39802081_39867437:chr21_39802081_39867437,16
chr21_39929392_40010998:chr21_39929392_40010998,30
chr21_40847158_41168159:chr21_40847158_41168159,79
chr21_41282530_41316800:chr21_41282530_41316800,3
chr21_41357727_41362026:chr21_41357727_41362026,2
chr21_41409393_41420557:chr21_41409393_41420557,3
chr21_41459214_41464304:chr21_41459214_41464304,2
chr21_41508158_41739372:chr21_41508158_41739372,87
chr21_41767052_41798224:chr21_41767052_41798224,11
chr21_41879344_41885111:chr21_41879344_41885111,0
chr21_41954018_41986830:chr21_41954018_41986830,17
chr21_42010360_42062876:chr21_42010360_42062876,15
chr21_42142996_42199688:chr21_42142996_42199688,16
chr21_42297244_42311666:chr21_42297244_42311666,7
chr21_42315409_42346356:chr21_42315409_42346356,12
chr21_42350994_42362281:chr21_42350994_42362281,2
chr21_42366535_42371889:chr21_42366535_42371889,3
chr21_42396052_42403901:chr21_42396052_42403901,4
chr21_42447684_42472485:chr21_42447684_42472485,8
chr21_42496224_42499621:chr21_42496224_42499621,2
chr21_42581426_42653620:chr21_42581426_42653620,20
chr21_42775509_42843093:chr21_42775509_42843093,32
chr21_42879589_42893308:chr21_42879589_42893308,7
chr21_42913299_42916802:chr21_42913299_42916802,4
chr21_42925630_42974561:chr21_42925630_42974561,8
chr21_43033931_43053190:chr21_43033931_43053190,1
chr21_43076873_43092955:chr21_43076873_43092955,0
chr21_43107578_43169007:chr21_43107578_43169007,0
chr21_43172810_43414482:chr21_43172810_43414482,48
chr21_43427131_43529185:chr21_43427131_43529185,0
chr21_43696079_43719128:chr21_43696079_43719128,16
chr21_43762299_43773949:chr21_43762299_43773949,17
chr21_43776308_43789576:chr21_43776308_43789576,9
chr21_43805293_43865222:chr21_43805293_43865222,26
chr21_43987592_44012308:chr21_43987592_44012308,7
chr21_44131181_44133682:chr21_44131181_44133682,0
chr21_44145711_44222990:chr21_44145711_44222990,0
chr21_44240943_44246338:chr21_44240943_44246338,0
chr21_44261897_44285875:chr21_44261897_44285875,7
chr21_44298648_44300052:chr21_44298648_44300052,0
chr21_44327373_44328943:chr21_44327373_44328943,4
chr21_44339390_44353620:chr21_44339390_44353620,7
chr21_44442644_44455509:chr21_44442644_44455509,9
chr21_44462196_44497892:chr21_44462196_44497892,10
chr21_44711572_44768579:chr21_44711572_44768579,20
chr21_44801820_44805616:chr21_44801820_44805616,7
chr21_44818062_44849597:chr21_44818062_44849597,16
chr21_44873690_44885952:chr21_44873690_44885952,7
chr21_44928815_44939696:chr21_44928815_44939696,5
chr21_44976973_45074577:chr21_44976973_45074577,37
chr21_45226563_45263934:chr21_45226563_45263934,18
chr21_45287895_45405164:chr21_45287895_45405164,42
chr21_45563025_45643724:chr21_45563025_45643724,25
chr21_45942450_45981769:chr21_45942450_45981769,11
chr21_46005048_46098111:chr21_46005048_46098111,29
chr21_46132848_46136261:chr21_46132848_46136261,3
chr21_46155579_46161159:chr21_46155579_46161159,11
chr21_46184459_46188445:chr21_46184459_46188445,5
chr21_46228774_46235132:chr21_46228774_46235132,22
chr21_46297751_46300429:chr21_46297751_46300429,6
chr21_46445769_46458890:chr21_46445769_46458890,11
chr21_46571226_46598603:chr21_46571226_46598603,8
chr21_46605082_46635673:chr21_46605082_46635673,13
chr21_46665124_46709983:chr21_46665124_46709983,6
chr22_0_15528191:chr22_0_15528191,37
chr22_15529139_15690025:chr22_15529139_15690025,0
chr22_15721631_16590750:chr22_15721631_16590750,22
chr22_16592810_16783479:chr22_16592810_16783479,51
chr22_16825411_16961935:chr22_16825411_16961935,14
chr22_17008222_17084999:chr22_17008222_17084999,32
chr22_17121360_17137519:chr22_17121360_17137519,4
chr22_17165287_17178789:chr22_17165287_17178789,3
chr22_17221848_17359948:chr22_17221848_17359948,34
chr22_17558151_17563497:chr22_17558151_17563497,3
chr22_17590995_17592135:chr22_17590995_17592135,2
chr22_17628822_17638583:chr22_17628822_17638583,2
chr22_17730855_17734137:chr22_17730855_17734137,12
chr22_17774665_17787648:chr22_17774665_17787648,7
chr22_18024561_18077989:chr22_18024561_18077989,20
chr22_18105396_18110808:chr22_18105396_18110808,4
chr22_18131732_18150169:chr22_18131732_18150169,9
chr22_18177397_18516343:chr22_18177397_18516343,0
chr22_18518161_18527801:chr22_18518161_18527801,0
chr22_18530573_18605814:chr22_18530573_18605814,1
chr22_18611919_18633983:chr22_18611919_18633983,0
chr22_18634682_18906319:chr22_18634682_18906319,1
chr22_18936553_19029523:chr22_18936553_19029523,42
chr22_19030221_19036285:chr22_19030221_19036285,7
chr22_19122412_19130278:chr22_19122412_19130278,23
chr22_19144651_19146992:chr22_19144651_19146992,7
chr22_19150292_19175580:chr22_19150292_19175580,59
chr22_19291719_19330697:chr22_19291719_19330697,54
chr22_19436075_19440885:chr22_19436075_19440885,28
chr22_19447711_19449910:chr22_19447711_19449910,24
chr22_19520612_19523023:chr22_19520612_19523023,30
chr22_19525337_19714502:chr22_19525337_19714502,186
chr22_19724774_19756702:chr22_19724774_19756702,59
chr22_19854874_19875521:chr22_19854874_19875521,28
chr22_20067164_20080240:chr22_20067164_20080240,21
chr22_20127355_20131803:chr22_20127355_20131803,35
chr22_20151055_20241414:chr22_20151055_20241414,102
chr22_20268318_20314237:chr22_20268318_20314237,24
chr22_20320060_20394150:chr22_20320060_20394150,28
chr22_20408455_20424583:chr22_20408455_20424583,30
chr22_20437825_20441518:chr22_20437825_20441518,10
chr22_20495795_20507609:chr22_20495795_20507609,25
chr22_20587619_20707690:chr22_20587619_20707690,110
chr22_20891214_20917406:chr22_20891214_20917406,24
chr22_20953747_20965171:chr22_20953747_20965171,32
chr22_21002118_21008202:chr22_21002118_21008202,24
chr22_21032561_21045945:chr22_21032561_21045945,16
chr22_21064168_21360600:chr22_21064168_21360600,45
chr22_21361299_21383750:chr22_21361299_21383750,0
chr22_21389478_21417370:chr22_21389478_21417370,0
chr22_21451463_21467386:chr22_21451463_21467386,17
chr22_21469935_21545665:chr22_21469935_21545665,4
chr22_21624034_21628088:chr22_21624034_21628088,65
chr22_21630022_21632759:chr22_21630022_21632759,27
chr22_21637329_21642301:chr22_21637329_21642301,29
chr22_21644299_21666011:chr22_21644299_21666011,78
chr22_21735794_21759656:chr22_21735794_21759656,55
chr22_21867680_21919424:chr22_21867680_21919424,62
chr22_21952848_21957024:chr22_21952848_21957024,11
chr22_21982787_22244785:chr22_21982787_22244785,265
chr22_22245515_22484420:chr22_22245515_22484420,197
chr22_22508742_22513735:chr22_22508742_22513735,25
chr22_22520270_22547700:chr22_22520270_22547700,69
chr22_22559265_22644613:chr22_22559265_22644613,77
chr22_22647898_22887815:chr22_22647898_22887815,392
chr22_22896111_23059414:chr22_22896111_23059414,268
chr22_23141990_23145323:chr22_23141990_23145323,11
chr22_23165663_23180508:chr22_23165663_23180508,42
chr22_23318037_23573124:chr22_23318037_23573124,26
chr22_23580290_23608451:chr22_23580290_23608451,2
chr22_23632321_23691012:chr22_23632321_23691012,16
chr22_23699168_23738681:chr22_23699168_23738681,21
chr22_23751112_23752742:chr22_23751112_23752742,4
chr22_23754425_23762989:chr22_23754425_23762989,6
chr22_23767972_23772848:chr22_23767972_23772848,3
chr22_23784316_23786965:chr22_23784316_23786965,0
chr22_23839006_23856933:chr22_23839006_23856933,4
chr22_23886312_23894382:chr22_23886312_23894382,4
chr22_23895223_23957413:chr22_23895223_23957413,20
chr22_23961206_23966887:chr22_23961206_23966887,0
chr22_23983915_23998400:chr22_23983915_23998400,1
chr22_24005453_24011303:chr22_24005453_24011303,2
chr22_24178628_24181486:chr22_24178628_24181486,2
chr22_24189106_24219653:chr22_24189106_24219653,6
chr22_24245142_24270816:chr22_24245142_24270816,0
chr22_24442360_24495331:chr22_24442360_24495331,9
chr22_24528390_24540437:chr22_24528390_24540437,2
chr22_24574971_24583749:chr22_24574971_24583749,9
chr22_24628996_24719033:chr22_24628996_24719033,8
chr22_24774720_24806210:chr22_24774720_24806210,0
chr22_24927578_24935097:chr22_24927578_24935097,1
chr22_24946694_24952715:chr22_24946694_24952715,1
chr22_25197448_25199857:chr22_25197448_25199857,0
chr22_25207359_25219638:chr22_25207359_25219638,2
chr22_25231869_25564674:chr22_25231869_25564674,69
chr22_25729294_25742187:chr22_25729294_25742187,0
chr22_26031045_26169461:chr22_26031045_26169461,15
chr22_26383596_26429259:chr22_26383596_26429259,7
chr22_26512473_26521995:chr22_26512473_26521995,3
chr22_26590132_26599277:chr22_26590132_26599277,3
chr22_26618027_26621962:chr22_26618027_26621962,0
chr22_26630669_27748276:chr22_26630669_27748276,190
chr22_27801756_27851668:chr22_27801756_27851668,21
chr22_27919256_27978013:chr22_27919256_27978013,10
chr22_28679840_28687742:chr22_28679840_28687742,0
chr22_28757510_28772694:chr22_28757510_28772694,1
chr22_28789301_28794559:chr22_28789301_28794559,8
chr22_28800569_28883571:chr22_28800569_28883571,14
chr22_29057488_29058671:chr22_29057488_29058671,1
chr22_29168333_29205895:chr22_29168333_29205895,17
chr22_29300521_29306649:chr22_29300521_29306649,6
chr22_29315697_29327679:chr22_29315697_29327679,11
chr22_29442455_29480217:chr22_29442455_29480217,18
chr22_29491390_29505878:chr22_29491390_29505878,6
chr22_29553757_29554807:chr22_29553757_29554807,3
chr22_29581113_29603555:chr22_29581113_29603555,5
chr22_29698600_29720002:chr22_29698600_29720002,11
chr22_29770413_29788610:chr22_29770413_29788610,12
chr22_29838274_29883173:chr22_29838274_29883173,13
chr22_30030868_30080463:chr22_30030868_30080463,16
chr22_30177075_30240452:chr22_30177075_30240452,12
chr22_30246759_30262828:chr22_30246759_30262828,2
chr22_30266851_30285116:chr22_30266851_30285116,3
chr22_30289505_30291989:chr22_30289505_30291989,1
chr22_30326941_30331987:chr22_30326941_30331987,5
chr22_30387411_30397017:chr22_30387411_30397017,6
chr22_30429054_30447660:chr22_30429054_30447660,5
chr22_30472017_30488901:chr22_30472017_30488901,7
chr22_30505695_30522798:chr22_30505695_30522798,0
chr22_30546741_30554634:chr22_30546741_30554634,2
chr22_30574665_30576624:chr22_30574665_30576624,7
chr22_30627271_30635780:chr22_30627271_30635780,3
chr22_30669019_30693781:chr22_30669019_30693781,2
chr22_30907813_30925129:chr22_30907813_30925129,3
chr22_30979395_31064117:chr22_30979395_31064117,10
chr22_31107568_31122922:chr22_31107568_31122922,0
chr22_31140508_31160181:chr22_31140508_31160181,7
chr22_31207019_31212297:chr22_31207019_31212297,1
chr22_31280080_31281592:chr22_31280080_31281592,4
chr22_31292534_31325803:chr22_31292534_31325803,7
chr22_31346346_31399603:chr22_31346346_31399603,6
chr22_31434452_31439366:chr22_31434452_31439366,5
chr22_31489842_31496138:chr22_31489842_31496138,1
chr22_31662564_31681346:chr22_31662564_31681346,1
chr22_31750132_31753967:chr22_31750132_31753967,2
chr22_31908033_31944534:chr22_31908033_31944534,4
chr22_31957603_32043260:chr22_31957603_32043260,16
chr22_32113029_32149005:chr22_32113029_32149005,2
chr22_32159303_32190437:chr22_32159303_32190437,5
chr22_32205073_32218463:chr22_32205073_32218463,2
chr22_32255347_32354884:chr22_32255347_32354884,8
chr22_32361161_32387581:chr22_32361161_32387581,9
chr22_32412247_32413844:chr22_32412247_32413844,1
chr22_32464446_32474810:chr22_32464446_32474810,2
chr22_32498829_32507819:chr22_32498829_32507819,3
chr22_33058381_33272508:chr22_33058381_33272508,28
chr22_33922824_35066157:chr22_33922824_35066157,158
chr22_35087387_35257492:chr22_35087387_35257492,84
chr22_35295807_35299274:chr22_35295807_35299274,4
chr22_35347973_35381095:chr22_35347973_35381095,3
chr22_35394207_35400139:chr22_35394207_35400139,3
chr22_35425431_35532805:chr22_35425431_35532805,38
chr22_35553999_35606763:chr22_35553999_35606763,16
chr22_35623354_35648445:chr22_35623354_35648445,7
chr22_35668404_35717871:chr22_35668404_35717871,5
chr22_35729483_35738735:chr22_35729483_35738735,6
chr22_36028824_36140322:chr22_36028824_36140322,22
chr22_36166177_36189127:chr22_36166177_36189127,7
chr22_36204833_36226208:chr22_36204833_36226208,3
chr22_36239954_36253132:chr22_36239954_36253132,4
chr22_36267525_36281279:chr22_36267525_36281279,9
chr22_36387967_36467045:chr22_36387967_36467045,16
chr22_36481640_36487189:chr22_36481640_36487189,3
chr22_36507040_36510854:chr22_36507040_36510854,7
chr22_36529166_36560856:chr22_36529166_36560856,2
chr22_36703752_36758210:chr22_36703752_36758210,5
chr22_36776119_36800702:chr22_36776119_36800702,4
chr22_36819499_36861005:chr22_36819499_36861005,6
chr22_36878015_36913627:chr22_36878015_36913627,10
chr22_36940439_36991124:chr22_36940439_36991124,5
chr22_37007851_37010858:chr22_37007851_37010858,2
chr22_37029815_37051741:chr22_37029815_37051741,15
chr22_37063390_37065435:chr22_37063390_37065435,0
chr22_37109713_37125837:chr22_37109713_37125837,6
chr22_37175118_37180165:chr22_37175118_37180165,2
chr22_37199423_37204236:chr22_37199423_37204236,1
chr22_37212477_37225269:chr22_37212477_37225269,6
chr22_37244269_37282507:chr22_37244269_37282507,6
chr22_37315341_37367959:chr22_37315341_37367959,7
chr22_37427479_37469062:chr22_37427479_37469062,5
chr22_37486384_37490361:chr22_37486384_37490361,4
chr22_37519415_37560479:chr22_37519415_37560479,16
chr22_37580087_37608833:chr22_37580087_37608833,5
chr22_37633564_37639668:chr22_37633564_37639668,2
chr22_37656117_37658722:chr22_37656117_37658722,4
chr22_37666932_37675635:chr22_37666932_37675635,3
chr22_37679802_37686342:chr22_37679802_37686342,3
chr22_37693474_37697047:chr22_37693474_37697047,3
chr22_37776556_37805228:chr22_37776556_37805228,4
chr22_37817183_37823381:chr22_37817183_37823381,5
chr22_37825485_37830854:chr22_37825485_37830854,2
chr22_37889407_37906296:chr22_37889407_37906296,8
chr22_38041915_38057254:chr22_38041915_38057254,2
chr22_38075701_38078136:chr22_38075701_38078136,3
chr22_38181830_38201993:chr22_38181830_38201993,1
chr22_38216511_38219290:chr22_38216511_38219290,0
chr22_38273010_38290690:chr22_38273010_38290690,3
chr22_38398915_38426326:chr22_38398915_38426326,4
chr22_38455199_38468095:chr22_38455199_38468095,2
chr22_38506311_38518947:chr22_38506311_38518947,3
chr22_38570183_38578117:chr22_38570183_38578117,1
chr22_38673850_38681956:chr22_38673850_38681956,9
chr22_38701403_38705943:chr22_38701403_38705943,1
chr22_38733587_38734733:chr22_38733587_38734733,4
chr22_38755998_38778507:chr22_38755998_38778507,6
chr22_38794143_38818451:chr22_38794143_38818451,9
chr22_38844028_38861421:chr22_38844028_38861421,4
chr22_38872216_38957608:chr22_38872216_38957608,12
chr22_38963184_38982346:chr22_38963184_38982346,7
chr22_38992779_39014256:chr22_38992779_39014256,5
chr22_39033277_39040863:chr22_39033277_39040863,1
chr22_39055972_39077004:chr22_39055972_39077004,0
chr22_39087743_39097243:chr22_39087743_39097243,4
chr22_39104067_39130771:chr22_39104067_39130771,2
chr22_39152680_39223358:chr22_39152680_39223358,14
chr22_39244982_39312881:chr22_39244982_39312881,15
chr22_39319623_39349990:chr22_39319623_39349990,9
chr22_39385575_39399779:chr22_39385575_39399779,2
chr22_39437132_39457011:chr22_39437132_39457011,7
chr22_39492194_39500099:chr22_39492194_39500099,5
chr22_39518132_39520558:chr22_39518132_39520558,1
chr22_39522686_39529092:chr22_39522686_39529092,8
chr22_39532748_39570752:chr22_39532748_39570752,12
chr22_39689735_39743043:chr22_39689735_39743043,12
chr22_39893760_39901083:chr22_39893760_39901083,2
chr22_39973721_39994953:chr22_39973721_39994953,10
chr22_40043534_40044833:chr22_40043534_40044833,1
chr22_40335808_40346499:chr22_40335808_40346499,2
chr22_40636719_40679483:chr22_40636719_40679483,10
chr22_40682812_40769629:chr22_40682812_40769629,10
chr22_40819346_40824534:chr22_40819346_40824534,3
chr22_40932815_40951377:chr22_40932815_40951377,2
chr22_40973309_41092591:chr22_40973309_41092591,12
chr22_41180077_41205311:chr22_41180077_41205311,7
chr22_41240931_41244778:chr22_41240931_41244778,2
chr22_41360147_41367454:chr22_41360147_41367454,2
chr22_41399326_41433493:chr22_41399326_41433493,7
chr22_41446801_41459716:chr22_41446801_41459716,3
chr22_41544606_41561009:chr22_41544606_41561009,3
chr22_41589840_41598027:chr22_41589840_41598027,2
chr22_41664041_41673932:chr22_41664041_41673932,4
chr22_41688867_41699502:chr22_41688867_41699502,3
chr22_41799454_41800678:chr22_41799454_41800678,0
chr22_41907305_41909542:chr22_41907305_41909542,1
chr22_41915074_41922031:chr22_41915074_41922031,1
chr22_41926806_41938736:chr22_41926806_41938736,8
chr22_41958939_41969442:chr22_41958939_41969442,0
chr22_42028475_42058333:chr22_42028475_42058333,5
chr22_42070842_42074247:chr22_42070842_42074247,1
chr22_42084284_42085525:chr22_42084284_42085525,4
chr22_42090772_42126498:chr22_42090772_42126498,5
chr22_42130810_42160012:chr22_42130810_42160012,3
chr22_42283927_42380406:chr22_42283927_42380406,21
chr22_42437986_42508343:chr22_42437986_42508343,8
chr22_42519796_42553955:chr22_42519796_42553955,5
chr22_42574382_42583720:chr22_42574382_42583720,10
chr22_42614883_42617839:chr22_42614883_42617839,2
chr22_42649392_42692120:chr22_42649392_42692120,5
chr22_42721301_42796501:chr22_42721301_42796501,14
chr22_42857273_42869765:chr22_42857273_42869765,7
chr22_43015149_43039515:chr22_43015149_43039515,2
chr22_43089391_43110749:chr22_43089391_43110749,2
chr22_43129712_43132205:chr22_43129712_43132205,3
chr22_43143398_43151558:chr22_43143398_43151558,0
chr22_43163242_43166621:chr22_43163242_43166621,3
chr22_43187134_43197279:chr22_43187134_43197279,2
chr22_43343372_43412013:chr22_43343372_43412013,7
chr22_43507848_43528777:chr22_43507848_43528777,3
chr22_43812305_43824508:chr22_43812305_43824508,1
chr22_43862513_43879677:chr22_43862513_43879677,1
chr22_43892013_43923804:chr22_43892013_43923804,6
chr22_43947582_43955441:chr22_43947582_43955441,7
chr22_43996529_43999210:chr22_43996529_43999210,4
chr22_44208469_44243664:chr22_44208469_44243664,9
chr22_44312951_44492582:chr22_44312951_44492582,25
chr22_44498233_44668750:chr22_44498233_44668750,27
chr22_44862784_44881161:chr22_44862784_44881161,6
chr22_45010005_45163924:chr22_45010005_45163924,31
chr22_45188017_45192243:chr22_45188017_45192243,2
chr22_45240894_45284948:chr22_45240894_45284948,10
chr22_45295874_45308959:chr22_45295874_45308959,1
chr22_45341955_45344062:chr22_45341955_45344062,1
chr22_45432509_45502882:chr22_45432509_45502882,14
chr22_45601135_45671833:chr22_45601135_45671833,2
chr22_45845307_45920365:chr22_45845307_45920365,18
chr22_45977162_46150525:chr22_45977162_46150525,43
chr22_46250293_46255662:chr22_46250293_46255662,3
chr22_46263343_46268007:chr22_46263343_46268007,1
chr22_46294008_46296869:chr22_46294008_46296869,3
chr22_46330810_46335713:chr22_46330810_46335713,2
chr22_46357340_46361173:chr22_46357340_46361173,4
chr22_46537620_46577087:chr22_46537620_46577087,7
chr22_46682756_46684409:chr22_46682756_46684409,2
chr22_46738252_46762649:chr22_46738252_46762649,12
chr22_47175699_48489552:chr22_47175699_48489552,258
chr22_48751932_49773277:chr22_48751932_49773277,212
chr22_49827873_49853843:chr22_49827873_49853843,1
chr22_49890080_49900228:chr22_49890080_49900228,6
chr22_49927537_49960771:chr22_49927537_49960771,6
chr22_49964072_49991810:chr22_49964072_49991810,12
chr22_50012765_50018574:chr22_50012765_50018574,2
chr22_50058227_50059390:chr22_50058227_50059390,2
chr22_50085875_50090005:chr22_50085875_50090005,3
chr22_50161687_50170730:chr22_50161687_50170730,5
chr22_50180295_50185912:chr22_50180295_50185912,1
chr22_50199595_50201010:chr22_50199595_50201010,3
chr22_50251265_50252900:chr22_50251265_50252900,4
chr22_50261683_50263712:chr22_50261683_50263712,4
chr22_50270380_50274978:chr22_50270380_50274978,4
chr22_50307646_50309029:chr22_50307646_50309029,1
chr22_50327012_50343326:chr22_50327012_50343326,12
chr22_50475035_50481542:chr22_50475035_50481542,4
chr22_50490648_50502948:chr22_50490648_50502948,3
chr22_50532498_50545898:chr22_50532498_50545898,4
chr22_50562919_50568860:chr22_50562919_50568860,2
chr22_50582999_50600792:chr22_50582999_50600792,1
chr22_50613978_50622753:chr22_50613978_50622753,0
chr22_50628152_50672822:chr22_50628152_50672822,9
chr22_50733212_50738203:chr22_50733212_50738203,1
chr22_50745339_50767505:chr22_50745339_50767505,0
chr22_50783636_50818468:chr22_50783636_50818468,0
chrX_0_276355:chrX_0_276355,5
chrX_303356_304758:chrX_303356_304758,3
chrX_318796_333932:chrX_318796_333932,3
chrX_386907_624343:chrX_386907_624343,21
chrX_659411_1190489:chrX_659411_1190489,53
chrX_1212649_1268813:chrX_1212649_1268813,3
chrX_1325218_1336784:chrX_1325218_1336784,0
chrX_1382689_1386151:chrX_1382689_1386151,2
chrX_1392113_1403138:chrX_1392113_1403138,9
chrX_1453756_1462580:chrX_1453756_1462580,2
chrX_1537185_1591603:chrX_1537185_1591603,6
chrX_1643081_2219505:chrX_1643081_2219505,31
chrX_2500976_2691294:chrX_2500976_2691294,22
chrX_2741309_2752039:chrX_2741309_2752039,0
chrX_2816500_2828929:chrX_2816500_2828929,4
chrX_2882818_2903971:chrX_2882818_2903971,6
chrX_2929339_2934520:chrX_2929339_2934520,4
chrX_2968245_3006545:chrX_2968245_3006545,6
chrX_3034111_3040233:chrX_3034111_3040233,1
chrX_3112727_3308564:chrX_3112727_3308564,18
chrX_3346652_3604339:chrX_3346652_3604339,25
chrX_3713649_5890041:chrX_3713649_5890041,154
chrX_6228867_6533617:chrX_6228867_6533617,33
chrX_6535118_7048919:chrX_6535118_7048919,56
chrX_7354641_7842261:chrX_7354641_7842261,42
chrX_7844143_7898246:chrX_7844143_7898246,5
chrX_7927724_8169943:chrX_7927724_8169943,17
chrX_8171267_8464829:chrX_8171267_8464829,26
chrX_8466510_8528873:chrX_8466510_8528873,1
chrX_8732137_8790794:chrX_8732137_8790794,8
chrX_8801383_9024231:chrX_8801383_9024231,21
chrX_9034127_9463294:chrX_9034127_9463294,41
chrX_9719740_9725345:chrX_9719740_9725345,6
chrX_9765847_9786428:chrX_9765847_9786428,5
chrX_9949443_9967357:chrX_9949443_9967357,4
chrX_9968352_10015253:chrX_9968352_10015253,3
chrX_10144474_10156974:chrX_10144474_10156974,1
chrX_10237660_10445309:chrX_10237660_10445309,24
chrX_10833683_11111331:chrX_10833683_11111331,33
chrX_11123086_11137543:chrX_11123086_11137543,7
chrX_11665920_11758158:chrX_11665920_11758158,11
chrX_11775772_11822438:chrX_11775772_11822438,11
chrX_12724523_12791411:chrX_12724523_12791411,7
chrX_12824222_12867071:chrX_12824222_12867071,8
chrX_12890361_12906619:chrX_12890361_12906619,0
chrX_12923169_12975109:chrX_12923169_12975109,5
chrX_12977223_13035616:chrX_12977223_13035616,7
chrX_13044620_13318646:chrX_13044620_13318646,40
chrX_13320053_13569600:chrX_13320053_13569600,45
chrX_13633575_13653140:chrX_13633575_13653140,5
chrX_13665409_13689127:chrX_13665409_13689127,10
chrX_13710504_13712244:chrX_13710504_13712244,1
chrX_13769357_13770938:chrX_13769357_13770938,2
chrX_13938638_14006725:chrX_13938638_14006725,9
chrX_14029892_14529297:chrX_14029892_14529297,51
chrX_14731812_14843404:chrX_14731812_14843404,12
chrX_14922327_15243986:chrX_14922327_15243986,37
chrX_15270467_15281696:chrX_15270467_15281696,0
chrX_15315640_15319450:chrX_15315640_15319450,1
chrX_15335554_15345595:chrX_15335554_15345595,4
chrX_15493333_15500806:chrX_15493333_15500806,4
chrX_15607211_15627317:chrX_15607211_15627317,5
chrX_15664805_15738269:chrX_15664805_15738269,16
chrX_15788411_15790483:chrX_15788411_15790483,0
chrX_15823260_15825805:chrX_15823260_15825805,1
chrX_15854813_16123564:chrX_15854813_16123564,34
chrX_16153518_16167480:chrX_16153518_16167480,3
chrX_16171464_16587998:chrX_16171464_16587998,51
chrX_16712910_16719611:chrX_16712910_16719611,1
chrX_16765340_16786465:chrX_16765340_16786465,3
chrX_16870362_16946657:chrX_16870362_16946657,7
chrX_17153272_17375199:chrX_17153272_17375199,19
chrX_17735994_17737492:chrX_17735994_17737492,1
chrX_17754985_17800048:chrX_17754985_17800048,1
chrX_17861298_18162930:chrX_17861298_18162930,39
chrX_18220886_18239312:chrX_18220886_18239312,0
chrX_18354688_18425607:chrX_18354688_18425607,6
chrX_18672108_18675066:chrX_18672108_18675066,1
chrX_18827917_18892297:chrX_18827917_18892297,14
chrX_18984114_18989306:chrX_18984114_18989306,1
chrX_19122468_19343926:chrX_19122468_19343926,29
chrX_19515508_19533976:chrX_19515508_19533976,1
chrX_19887600_19912859:chrX_19887600_19912859,0
chrX_19991061_20006712:chrX_19991061_20006712,4
chrX_20116907_20124524:chrX_20116907_20124524,0
chrX_20141838_20149910:chrX_20141838_20149910,4
chrX_20266909_21374417:chrX_20266909_21374417,91
chrX_21658330_21705977:chrX_21658330_21705977,6
chrX_21758116_21839616:chrX_21758116_21839616,12
chrX_21885423_21940708:chrX_21885423_21940708,3
chrX_21994837_22032324:chrX_21994837_22032324,8
chrX_22251310_22272912:chrX_22251310_22272912,3
chrX_22274461_22999959:chrX_22274461_22999959,62
chrX_23003589_23334848:chrX_23003589_23334848,44
chrX_23404374_23667492:chrX_23404374_23667492,27
chrX_23686397_23701054:chrX_23686397_23701054,2
chrX_23743276_23783172:chrX_23743276_23783172,6
chrX_23786210_23833352:chrX_23786210_23833352,9
chrX_23939509_23983719:chrX_23939509_23983719,6
chrX_24027186_24054955:chrX_24027186_24054955,0
chrX_24078810_24148981:chrX_24078810_24148981,9
chrX_24216255_24308209:chrX_24216255_24308209,9
chrX_24314069_24360638:chrX_24314069_24360638,2
chrX_24367839_24465285:chrX_24367839_24465285,11
chrX_24550466_24558086:chrX_24550466_24558086,4
chrX_24672887_24693917:chrX_24672887_24693917,9
chrX_24996986_25003693:chrX_24996986_25003693,6
chrX_25015965_26138342:chrX_25015965_26138342,77
chrX_26140736_26160600:chrX_26140736_26160600,3
chrX_26162410_26192439:chrX_26162410_26192439,4
chrX_26195646_26216168:chrX_26195646_26216168,5
chrX_26218270_27460206:chrX_26218270_27460206,95
chrX_27463341_27590343:chrX_27463341_27590343,10
chrX_27749942_27807989:chrX_27749942_27807989,6
chrX_27823014_27977991:chrX_27823014_27977991,15
chrX_27981449_28587445:chrX_27981449_28587445,47
chrX_29956718_30215562:chrX_29956718_30215562,23
chrX_30220089_30230656:chrX_30220089_30230656,4
chrX_30237495_30241999:chrX_30237495_30241999,1
chrX_30252040_30304205:chrX_30252040_30304205,7
chrX_30309390_30558808:chrX_30309390_30558808,23
chrX_30577766_30653422:chrX_30577766_30653422,9
chrX_30731462_30827441:chrX_30731462_30827441,10
chrX_30889254_31071232:chrX_30889254_31071232,29
chrX_31072041_31119221:chrX_31072041_31119221,4
chrX_33339388_34129751:chrX_33339388_34129751,72
chrX_34132314_34627074:chrX_34132314_34627074,33
chrX_34657285_34942795:chrX_34657285_34942795,29
chrX_34944915_35798341:chrX_34944915_35798341,55
chrX_35803772_35919733:chrX_35803772_35919733,9
chrX_36385317_37008365:chrX_36385317_37008365,46
chrX_37011664_37349363:chrX_37011664_37349363,8
chrX_37457291_37571660:chrX_37457291_37571660,10
chrX_37684463_37685790:chrX_37684463_37685790,0
chrX_37732130_37780058:chrX_37732130_37780058,9
chrX_37813461_37838835:chrX_37813461_37838835,0
chrX_37847571_37990778:chrX_37847571_37990778,21
chrX_37991314_37994271:chrX_37991314_37994271,0
chrX_37994904_38006552:chrX_37994904_38006552,2
chrX_38128820_38149338:chrX_38128820_38149338,5
chrX_38220871_38269162:chrX_38220871_38269162,4
chrX_38327509_38352603:chrX_38327509_38352603,3
chrX_38421446_38561541:chrX_38421446_38561541,15
chrX_38688918_38801458:chrX_38688918_38801458,22
chrX_38806532_40051245:chrX_38806532_40051245,198
chrX_40177329_40580969:chrX_40177329_40580969,63
chrX_40606848_40623427:chrX_40606848_40623427,0
chrX_40624136_40626920:chrX_40624136_40626920,3
chrX_40735542_41085444:chrX_40735542_41085444,38
chrX_41236579_41333307:chrX_41236579_41333307,12
chrX_41364472_41447342:chrX_41364472_41447342,4
chrX_41475652_41514933:chrX_41475652_41514933,2
chrX_41923554_42777365:chrX_41923554_42777365,74
chrX_42778163_43655005:chrX_42778163_43655005,88
chrX_43746817_43766609:chrX_43746817_43766609,3
chrX_43882450_43948775:chrX_43882450_43948775,8
chrX_43973390_44147871:chrX_43973390_44147871,19
chrX_44343672_44523638:chrX_44343672_44523638,18
chrX_44542859_44844020:chrX_44542859_44844020,36
chrX_44844888_44873187:chrX_44844888_44873187,3
chrX_45112779_45148372:chrX_45112779_45148372,3
chrX_45200876_46447296:chrX_45200876_46447296,113
chrX_46474639_46497724:chrX_46474639_46497724,4
chrX_46545421_46573764:chrX_46545421_46573764,9
chrX_46759118_46837042:chrX_46759118_46837042,11
chrX_46882358_46912300:chrX_46882358_46912300,7
chrX_47061242_47078442:chrX_47061242_47078442,3
chrX_47093313_47142215:chrX_47093313_47142215,5
chrX_47186813_47190846:chrX_47186813_47190846,6
chrX_47215128_47218302:chrX_47215128_47218302,6
chrX_47229997_47233008:chrX_47229997_47233008,2
chrX_47248328_47370577:chrX_47248328_47370577,6
chrX_47414498_47445177:chrX_47414498_47445177,4
chrX_47483222_47561204:chrX_47483222_47561204,9
chrX_47619857_47623281:chrX_47619857_47623281,2
chrX_47630305_47635519:chrX_47630305_47635519,9
chrX_47650604_47651795:chrX_47650604_47651795,4
chrX_47659180_47836901:chrX_47659180_47836901,27
chrX_47925627_47974850:chrX_47925627_47974850,9
chrX_48009733_48057515:chrX_48009733_48057515,4
chrX_48071640_48130625:chrX_48071640_48130625,2
chrX_48132620_48186219:chrX_48132620_48186219,6
chrX_48196795_48255391:chrX_48196795_48255391,3
chrX_48267444_48346426:chrX_48267444_48346426,2
chrX_48356703_48383538:chrX_48356703_48383538,1
chrX_48393347_48402081:chrX_48393347_48402081,0
chrX_48411960_48458543:chrX_48411960_48458543,6
chrX_48470260_48476020:chrX_48470260_48476020,4
chrX_48486364_48508991:chrX_48486364_48508991,7
chrX_48528716_48539713:chrX_48528716_48539713,6
chrX_48562609_48574483:chrX_48562609_48574483,5
chrX_48581162_48597491:chrX_48581162_48597491,6
chrX_48608869_48683798:chrX_48608869_48683798,16
chrX_48691427_48695553:chrX_48691427_48695553,1
chrX_48709016_48761746:chrX_48709016_48761746,20
chrX_48773648_48786589:chrX_48773648_48786589,5
chrX_48794311_48801397:chrX_48794311_48801397,8
chrX_48824982_48826512:chrX_48824982_48826512,4
chrX_48829869_48831095:chrX_48829869_48831095,1
chrX_48835610_48893446:chrX_48835610_48893446,7
chrX_48911958_48913181:chrX_48911958_48913181,10
chrX_48919024_48922023:chrX_48919024_48922023,4
chrX_48958381_48961379:chrX_48958381_48961379,1
chrX_48971844_48973722:chrX_48971844_48973722,1
chrX_49002264_49028725:chrX_49002264_49028725,4
chrX_49043357_49053571:chrX_49043357_49053571,2
chrX_49069858_49071160:chrX_49069858_49071160,4
chrX_49101178_49113406:chrX_49101178_49113406,5
chrX_49123735_49162664:chrX_49123735_49162664,21
chrX_49168774_49171897:chrX_49168774_49171897,1
chrX_49186373_49187814:chrX_49186373_49187814,1
chrX_49200193_49205062:chrX_49200193_49205062,1
chrX_49233340_49235469:chrX_49233340_49235469,4
chrX_49264710_49269792:chrX_49264710_49269792,4
chrX_49288090_49303645:chrX_49288090_49303645,2
chrX_49319841_49322036:chrX_49319841_49322036,0
chrX_49329384_49331581:chrX_49329384_49331581,0
chrX_49338949_49341163:chrX_49338949_49341163,0
chrX_49529982_49532176:chrX_49529982_49532176,0
chrX_49539538_49541732:chrX_49539538_49541732,0
chrX_49549094_49551288:chrX_49549094_49551288,0
chrX_49558645_49560841:chrX_49558645_49560841,0
chrX_49568205_49570396:chrX_49568205_49570396,0
chrX_49577757_49579948:chrX_49577757_49579948,0
chrX_49587301_49589495:chrX_49587301_49589495,0
chrX_49596824_49599012:chrX_49596824_49599012,0
chrX_49608538_49687446:chrX_49608538_49687446,10
chrX_49695984_49829259:chrX_49695984_49829259,21
chrX_49834264_49879483:chrX_49834264_49879483,7
chrX_49882558_49922595:chrX_49882558_49922595,7
chrX_50099230_50190776:chrX_50099230_50190776,10
chrX_50201007_50204764:chrX_50201007_50204764,0
chrX_50351914_50365408:chrX_50351914_50365408,2
chrX_50470825_50586795:chrX_50470825_50586795,15
chrX_50814194_50910734:chrX_50814194_50910734,18
chrX_50916641_51332230:chrX_50916641_51332230,30
chrX_51337525_51406947:chrX_51337525_51406947,8
chrX_51408843_51490010:chrX_51408843_51490010,7
chrX_51496592_51617019:chrX_51496592_51617019,13
chrX_51618912_51681211:chrX_51618912_51681211,5
chrX_51682831_51710511:chrX_51682831_51710511,2
chrX_51712131_51743441:chrX_51712131_51743441,3
chrX_51746232_51803075:chrX_51746232_51803075,9
chrX_51902354_52061826:chrX_51902354_52061826,7
chrX_52069272_52184887:chrX_52069272_52184887,6
chrX_52192268_52369020:chrX_52192268_52369020,16
chrX_52375680_52495807:chrX_52375680_52495807,7
chrX_52500812_52512076:chrX_52500812_52512076,0
chrX_52517068_52644060:chrX_52517068_52644060,11
chrX_52654900_52696895:chrX_52654900_52696895,0
chrX_52707227_52751251:chrX_52707227_52751251,0
chrX_52761536_52796143:chrX_52761536_52796143,0
chrX_52797427_52811286:chrX_52797427_52811286,0
chrX_52818301_52862527:chrX_52818301_52862527,3
chrX_52868083_52891591:chrX_52868083_52891591,0
chrX_52908560_52947253:chrX_52908560_52947253,6
chrX_52995472_53048788:chrX_52995472_53048788,8
chrX_53080615_53082366:chrX_53080615_53082366,3
chrX_53088540_53094141:chrX_53088540_53094141,2
chrX_53147921_53176276:chrX_53147921_53176276,5
chrX_53225207_53232875:chrX_53225207_53232875,3
chrX_53321350_53374148:chrX_53321350_53374148,15
chrX_53434376_53532095:chrX_53434376_53532095,9
chrX_53686719_53936679:chrX_53686719_53936679,26
chrX_54045136_54068323:chrX_54045136_54068323,0
chrX_54183254_54192822:chrX_54183254_54192822,2
chrX_54358046_54440403:chrX_54358046_54440403,9
chrX_54496234_54530218:chrX_54496234_54530218,8
chrX_54567289_54748917:chrX_54567289_54748917,16
chrX_54798255_54807744:chrX_54798255_54807744,3
chrX_54816015_54920823:chrX_54816015_54920823,7
chrX_54931431_54932960:chrX_54931431_54932960,2
chrX_54998789_55000362:chrX_54998789_55000362,3
chrX_55030977_55075029:chrX_55030977_55075029,1
chrX_55078909_55089017:chrX_55078909_55089017,1
chrX_55092842_55143101:chrX_55092842_55143101,7
chrX_55161185_55180232:chrX_55161185_55180232,5
chrX_55180304_55220345:chrX_55180304_55220345,8
chrX_55224108_55258414:chrX_55224108_55258414,1
chrX_55264916_55452126:chrX_55264916_55452126,16
chrX_55453566_55484615:chrX_55453566_55484615,1
chrX_55489848_55623399:chrX_55489848_55623399,10
chrX_55626192_55717748:chrX_55626192_55717748,5
chrX_55758774_55908122:chrX_55758774_55908122,7
chrX_56291531_56563626:chrX_56291531_56563626,27
chrX_56567868_56729242:chrX_56567868_56729242,8
chrX_56819179_56975119:chrX_56819179_56975119,8
chrX_56995541_57119681:chrX_56995541_57119681,8
chrX_57121548_57135649:chrX_57121548_57135649,2
chrX_57137397_57286676:chrX_57137397_57286676,16
chrX_57489196_57592010:chrX_57489196_57592010,5
chrX_57597477_57677066:chrX_57597477_57677066,3
chrX_57680260_57905429:chrX_57680260_57905429,14
chrX_57910458_63347227:chrX_57910458_63347227,96
chrX_63351332_63634966:chrX_63351332_63634966,21
chrX_63785214_64185116:chrX_63785214_64185116,29
chrX_64205708_64224193:chrX_64205708_64224193,6
chrX_64230607_64268080:chrX_64230607_64268080,4
chrX_64395452_64915806:chrX_64395452_64915806,50
chrX_65507887_65512581:chrX_65507887_65512581,11
chrX_65534787_65667653:chrX_65534787_65667653,24
chrX_65741931_66021737:chrX_65741931_66021737,48
chrX_66040080_66162670:chrX_66040080_66162670,12
chrX_66268863_66595636:chrX_66268863_66595636,41
chrX_66639269_67544020:chrX_66639269_67544020,67
chrX_67730619_68042343:chrX_67730619_68042343,26
chrX_68433495_68499050:chrX_68433495_68499050,7
chrX_68537282_68647665:chrX_68537282_68647665,17
chrX_68725836_68829020:chrX_68725836_68829020,14
chrX_68842160_69160745:chrX_68842160_69160745,28
chrX_69165453_69504325:chrX_69165453_69504325,32
chrX_69532508_69616112:chrX_69532508_69616112,16
chrX_70039472_70040541:chrX_70039472_70040541,1
chrX_70049938_70062456:chrX_70049938_70062456,3
chrX_70064179_70133446:chrX_70064179_70133446,8
chrX_70166324_70177482:chrX_70166324_70177482,6
chrX_70205704_70234654:chrX_70205704_70234654,2
chrX_70240659_70258165:chrX_70240659_70258165,1
chrX_70260204_70268333:chrX_70260204_70268333,3
chrX_70285002_70286594:chrX_70285002_70286594,3
chrX_70420886_70423313:chrX_70420886_70423313,4
chrX_70433381_70444834:chrX_70433381_70444834,4
chrX_70505490_70528939:chrX_70505490_70528939,2
chrX_70908711_70925578:chrX_70908711_70925578,1
chrX_70931096_71059246:chrX_70931096_71059246,11
chrX_71073426_71095850:chrX_71073426_71095850,5
chrX_71111577_71118595:chrX_71111577_71118595,1
chrX_71142450_71144840:chrX_71142450_71144840,2
chrX_71171201_71215238:chrX_71171201_71215238,3
chrX_71225516_71239623:chrX_71225516_71239623,4
chrX_71255197_71283634:chrX_71255197_71283634,3
chrX_71305371_71366356:chrX_71305371_71366356,9
chrX_71530525_71533103:chrX_71530525_71533103,2
chrX_71575892_71578436:chrX_71575892_71578436,4
chrX_71613583_71615918:chrX_71613583_71615918,2
chrX_71618511_71714370:chrX_71618511_71714370,9
chrX_71718285_71763348:chrX_71718285_71763348,0
chrX_71767204_71910844:chrX_71767204_71910844,11
chrX_72153286_72181675:chrX_72153286_72181675,1
chrX_72263964_72272041:chrX_72263964_72272041,10
chrX_72277248_72301645:chrX_72277248_72301645,2
chrX_72307157_72329515:chrX_72307157_72329515,4
chrX_72572843_72578813:chrX_72572843_72578813,2
chrX_72714306_72776889:chrX_72714306_72776889,4
chrX_72848803_72872024:chrX_72848803_72872024,0
chrX_72943837_73002938:chrX_72943837_73002938,2
chrX_73006106_73077275:chrX_73006106_73077275,7
chrX_73079512_73212298:chrX_73079512_73212298,10
chrX_73214851_73447052:chrX_73214851_73447052,16
chrX_73455171_73563147:chrX_73455171_73563147,6
chrX_73687111_74304179:chrX_73687111_74304179,91
chrX_74305034_74421492:chrX_74305034_74421492,10
chrX_74533916_74582975:chrX_74533916_74582975,11
chrX_74614624_74732855:chrX_74614624_74732855,9
chrX_74925452_75051047:chrX_74925452_75051047,6
chrX_75304897_75368426:chrX_75304897_75368426,5
chrX_75523037_75782986:chrX_75523037_75782986,20
chrX_75785254_76173061:chrX_75785254_76173061,26
chrX_76178314_76427709:chrX_76178314_76427709,17
chrX_76431342_77447388:chrX_76431342_77447388,68
chrX_77457278_77504879:chrX_77457278_77504879,7
chrX_77786216_77825746:chrX_77786216_77825746,5
chrX_77895568_77899467:chrX_77895568_77899467,1
chrX_77907376_77910692:chrX_77907376_77910692,2
chrX_78050395_78104247:chrX_78050395_78104247,5
chrX_78139650_78271467:chrX_78139650_78271467,4
chrX_78327611_78656067:chrX_78327611_78656067,21
chrX_78659328_78747719:chrX_78659328_78747719,11
chrX_78758714_78945390:chrX_78758714_78945390,16
chrX_78963727_79144687:chrX_78963727_79144687,9
chrX_79175318_79360383:chrX_79175318_79360383,14
chrX_79367334_80014752:chrX_79367334_80014752,44
chrX_80031774_80335503:chrX_80031774_80335503,34
chrX_80445309_80669502:chrX_80445309_80669502,23
chrX_80809877_81113698:chrX_80809877_81113698,25
chrX_81298547_83508289:chrX_81298547_83508289,164
chrX_83512127_83861145:chrX_83512127_83861145,21
chrX_83886698_84058345:chrX_83886698_84058345,11
chrX_84188199_84317877:chrX_84188199_84317877,12
chrX_84502453_85003876:chrX_84502453_85003876,30
chrX_85273357_85277395:chrX_85273357_85277395,0
chrX_85379665_85861179:chrX_85379665_85861179,39
chrX_86047558_86148450:chrX_86047558_86148450,11
chrX_86832602_87517801:chrX_86832602_87517801,45
chrX_87670050_88747224:chrX_87670050_88747224,78
chrX_88754781_89921907:chrX_88754781_89921907,33
chrX_89922883_91434838:chrX_89922883_91434838,35
chrX_91438584_91779374:chrX_91438584_91779374,7
chrX_92623230_93670929:chrX_92623230_93670929,43
chrX_93712265_96684841:chrX_93712265_96684841,180
chrX_97604997_100291643:chrX_97604997_100291643,200
chrX_100410273_100584935:chrX_100410273_100584935,17
chrX_100599885_100627107:chrX_100599885_100627107,2
chrX_100637104_100644198:chrX_100637104_100644198,2
chrX_100732121_100820390:chrX_100732121_100820390,9
chrX_100841520_100843323:chrX_100841520_100843323,1
chrX_100874359_100913444:chrX_100874359_100913444,4
chrX_100928917_100969707:chrX_100928917_100969707,4
chrX_100990831_101009349:chrX_100990831_101009349,5
chrX_101052111_101078878:chrX_101052111_101078878,3
chrX_101096367_101098203:chrX_101096367_101098203,0
chrX_101166126_101219785:chrX_101166126_101219785,4
chrX_101264502_101268256:chrX_101264502_101268256,3
chrX_101293083_101345660:chrX_101293083_101345660,6
chrX_101414133_101418277:chrX_101414133_101418277,2
chrX_101535988_101550546:chrX_101535988_101550546,0
chrX_101554700_101615124:chrX_101554700_101615124,2
chrX_101618000_101623150:chrX_101618000_101623150,2
chrX_101627843_101655280:chrX_101627843_101655280,4
chrX_101659850_101882289:chrX_101659850_101882289,12
chrX_101932027_102125678:chrX_101932027_102125678,11
chrX_102127712_102138501:chrX_102127712_102138501,0
chrX_102142481_102153711:chrX_102142481_102153711,1
chrX_102155977_102215300:chrX_102155977_102215300,4
chrX_102226795_102247166:chrX_102226795_102247166,0
chrX_102326722_102360394:chrX_102326722_102360394,1
chrX_102440008_102460314:chrX_102440008_102460314,0
chrX_102471812_102513681:chrX_102471812_102513681,4
chrX_102516739_102599205:chrX_102516739_102599205,2
chrX_102753540_102937271:chrX_102753540_102937271,48
chrX_102938300_103062650:chrX_102938300_103062650,18
chrX_103064171_103075809:chrX_103064171_103075809,0
chrX_103093143_103215091:chrX_103093143_103215091,14
chrX_103217246_103252994:chrX_103217246_103252994,12
chrX_103255155_103273690:chrX_103255155_103273690,3
chrX_103276750_103309345:chrX_103276750_103309345,4
chrX_103310990_103330238:chrX_103310990_103330238,3
chrX_103332326_103356505:chrX_103332326_103356505,0
chrX_103358462_103376322:chrX_103358462_103376322,5
chrX_103378164_103499129:chrX_103378164_103499129,19
chrX_103519489_103576230:chrX_103519489_103576230,5
chrX_103587729_103607962:chrX_103587729_103607962,2
chrX_103609927_103628715:chrX_103609927_103628715,1
chrX_103630953_103675497:chrX_103630953_103675497,5
chrX_103688047_103710908:chrX_103688047_103710908,3
chrX_103714032_103776505:chrX_103714032_103776505,10
chrX_103792619_103822326:chrX_103792619_103822326,2
chrX_103832257_103919154:chrX_103832257_103919154,3
chrX_103974426_104011146:chrX_103974426_104011146,4
chrX_104013708_104039955:chrX_104013708_104039955,3
chrX_104042454_104099213:chrX_104042454_104099213,1
chrX_104157009_104166452:chrX_104157009_104166452,4
chrX_104195902_104250037:chrX_104195902_104250037,4
chrX_104254933_104566198:chrX_104254933_104566198,29
chrX_105767829_105822538:chrX_105767829_105822538,8
chrX_105958610_106032434:chrX_105958610_106032434,9
chrX_106038727_106168304:chrX_106038727_106168304,9
chrX_106208956_106611977:chrX_106208956_106611977,28
chrX_106679439_106693837:chrX_106679439_106693837,1
chrX_106797016_106802672:chrX_106797016_106802672,0
chrX_106876150_106900062:chrX_106876150_106900062,2
chrX_106930861_106940737:chrX_106930861_106940737,1
chrX_107000212_107052101:chrX_107000212_107052101,4
chrX_107118822_107123426:chrX_107118822_107123426,1
chrX_107244247_107449651:chrX_107244247_107449651,22
chrX_107605251_107628509:chrX_107605251_107628509,2
chrX_107651026_107713220:chrX_107651026_107713220,20
chrX_107775988_107777732:chrX_107775988_107777732,1
chrX_107795829_107825734:chrX_107795829_107825734,2
chrX_107931637_107980863:chrX_107931637_107980863,5
chrX_107982370_108045064:chrX_107982370_108045064,6
chrX_108079184_108084206:chrX_108079184_108084206,4
chrX_108697545_108719945:chrX_108697545_108719945,2
chrX_108736563_109372905:chrX_108736563_109372905,55
chrX_109482086_109535823:chrX_109482086_109535823,0
chrX_109544698_109623699:chrX_109544698_109623699,7
chrX_109625172_109641334:chrX_109625172_109641334,0
chrX_109733257_110002662:chrX_109733257_110002662,29
chrX_110184251_110194185:chrX_110184251_110194185,6
chrX_110456334_110520895:chrX_110456334_110520895,7
chrX_110523021_110673855:chrX_110523021_110673855,14
chrX_110795817_110944396:chrX_110795817_110944396,24
chrX_111227361_111245098:chrX_111227361_111245098,1
chrX_111270483_111293778:chrX_111270483_111293778,5
chrX_111412192_111511644:chrX_111412192_111511644,11
chrX_111522399_111681169:chrX_111522399_111681169,19
chrX_111760649_111768010:chrX_111760649_111768010,2
chrX_112457514_112630647:chrX_112457514_112630647,16
chrX_112679938_112774876:chrX_112679938_112774876,8
chrX_112840831_114584085:chrX_112840831_114584085,274
chrX_114910061_115003981:chrX_114910061_115003981,14
chrX_115017616_115110615:chrX_115017616_115110615,13
chrX_115234096_115289714:chrX_115234096_115289714,3
chrX_115307563_115561173:chrX_115307563_115561173,22
chrX_115650861_116170743:chrX_115650861_116170743,24
chrX_116174974_116436605:chrX_116174974_116436605,16
chrX_116462976_117897812:chrX_116462976_117897812,115
chrX_118117340_118346072:chrX_118117340_118346072,19
chrX_118449961_118495814:chrX_118449961_118495814,5
chrX_118686147_118727605:chrX_118686147_118727605,5
chrX_118794533_118823823:chrX_118794533_118823823,5
chrX_118826968_118974613:chrX_118826968_118974613,12
chrX_119018355_119078634:chrX_119018355_119078634,12
chrX_119150579_119236284:chrX_119150579_119236284,11
chrX_119244466_119399335:chrX_119244466_119399335,17
chrX_119454478_119468443:chrX_119454478_119468443,8
chrX_119471396_119538148:chrX_119471396_119538148,9
chrX_119565409_119574562:chrX_119565409_119574562,3
chrX_119584423_119588336:chrX_119584423_119588336,3
chrX_119606424_119615723:chrX_119606424_119615723,4
chrX_119693168_119758587:chrX_119693168_119758587,5
chrX_119760202_119786503:chrX_119760202_119786503,12
chrX_119791630_119834021:chrX_119791630_119834021,15
chrX_119852963_119870474:chrX_119852963_119870474,3
chrX_119876662_119895892:chrX_119876662_119895892,5
chrX_119943751_120072263:chrX_119943751_120072263,11
chrX_120077690_120109050:chrX_120077690_120109050,9
chrX_120115913_120117641:chrX_120115913_120117641,0
chrX_120119700_120158612:chrX_120119700_120158612,3
chrX_120165630_120250811:chrX_120165630_120250811,19
chrX_120311461_120362088:chrX_120311461_120362088,5
chrX_120383237_120426147:chrX_120383237_120426147,5
chrX_120469349_120523857:chrX_120469349_120523857,6
chrX_120575532_120604100:chrX_120575532_120604100,6
chrX_120621159_120625673:chrX_120621159_120625673,0
chrX_120630054_120872606:chrX_120630054_120872606,24
chrX_120875866_120877489:chrX_120875866_120877489,0
chrX_120932301_120933839:chrX_120932301_120933839,0
chrX_120937158_120938700:chrX_120937158_120938700,0
chrX_120942023_120943560:chrX_120942023_120943560,0
chrX_120946883_120948421:chrX_120946883_120948421,0
chrX_120951744_120953281:chrX_120951744_120953281,0
chrX_120956600_120958164:chrX_120956600_120958164,0
chrX_120961487_120963025:chrX_120961487_120963025,0
chrX_120966348_120967885:chrX_120966348_120967885,0
chrX_120971208_120972745:chrX_120971208_120972745,0
chrX_120976068_120977605:chrX_120976068_120977605,0
chrX_120980928_120982475:chrX_120980928_120982475,0
chrX_120985760_121047609:chrX_120985760_121047609,8
chrX_121050094_123184277:chrX_121050094_123184277,189
chrX_123490915_123600568:chrX_123490915_123600568,14
chrX_123733052_123859707:chrX_123733052_123859707,8
chrX_123913972_123960559:chrX_123913972_123960559,2
chrX_124102656_124332659:chrX_124102656_124332659,30
chrX_124336863_124346562:chrX_124336863_124346562,5
chrX_124373160_124375902:chrX_124373160_124375902,0
chrX_125204312_125319870:chrX_125204312_125319870,10
chrX_125325214_126163498:chrX_125325214_126163498,58
chrX_126166289_126549382:chrX_126166289_126549382,29
chrX_126552814_126819728:chrX_126552814_126819728,25
chrX_126821786_128050961:chrX_126821786_128050961,99
chrX_128052403_129446505:chrX_128052403_129446505,105
chrX_129523490_129540258:chrX_129523490_129540258,1
chrX_129592556_129645258:chrX_129592556_129645258,14
chrX_129654956_129738978:chrX_129654956_129738978,15
chrX_129769536_129779948:chrX_129769536_129779948,0
chrX_129795201_129803287:chrX_129795201_129803287,5
chrX_129843886_129906163:chrX_129843886_129906163,11
chrX_129929752_129980978:chrX_129929752_129980978,11
chrX_130058071_130063954:chrX_130058071_130063954,2
chrX_130110891_130129361:chrX_130110891_130129361,8
chrX_130165841_130171961:chrX_130165841_130171961,3
chrX_130184870_130202706:chrX_130184870_130202706,3
chrX_130268899_130339918:chrX_130268899_130339918,5
chrX_130373357_130379448:chrX_130373357_130379448,3
chrX_130385674_130401986:chrX_130385674_130401986,6
chrX_130413656_130622324:chrX_130413656_130622324,30
chrX_130903209_131058345:chrX_130903209_131058345,18
chrX_131089885_131273505:chrX_131089885_131273505,16
chrX_131289306_131544073:chrX_131289306_131544073,17
chrX_131545000_132023301:chrX_131545000_132023301,64
chrX_132075943_132076989:chrX_132075943_132076989,1
chrX_132128020_132203024:chrX_132128020_132203024,4
chrX_132219447_132369319:chrX_132219447_132369319,13
chrX_132490035_132626014:chrX_132490035_132626014,13
chrX_132961370_133023167:chrX_132961370_133023167,9
chrX_133097109_133216661:chrX_133097109_133216661,19
chrX_133218354_133300102:chrX_133218354_133300102,13
chrX_133415489_133535744:chrX_133415489_133535744,12
chrX_133985594_134237181:chrX_133985594_134237181,22
chrX_134246842_134373311:chrX_134246842_134373311,13
chrX_134428790_134460164:chrX_134428790_134460164,4
chrX_134500668_134565837:chrX_134500668_134565837,11
chrX_134764322_134769565:chrX_134764322_134769565,2
chrX_134864771_134887631:chrX_134864771_134887631,5
chrX_134915257_134990990:chrX_134915257_134990990,8
chrX_134992473_135020512:chrX_134992473_135020512,6
chrX_135022542_135032354:chrX_135022542_135032354,1
chrX_135033546_135050931:chrX_135033546_135050931,9
chrX_135052135_135094984:chrX_135052135_135094984,4
chrX_135098712_135118954:chrX_135098712_135118954,2
chrX_135120526_135156535:chrX_135120526_135156535,0
chrX_135171827_135248588:chrX_135171827_135248588,0
chrX_135363413_135421943:chrX_135363413_135421943,5
chrX_135428075_135520659:chrX_135428075_135520659,18
chrX_135582510_135713638:chrX_135582510_135713638,10
chrX_135723228_135760043:chrX_135723228_135760043,1
chrX_135768191_135775851:chrX_135768191_135775851,0
chrX_135785503_135794684:chrX_135785503_135794684,0
chrX_135802787_135811667:chrX_135802787_135811667,0
chrX_135820012_135829228:chrX_135820012_135829228,0
chrX_135837280_135846496:chrX_135837280_135846496,0
chrX_135854538_135863417:chrX_135854538_135863417,0
chrX_135871812_135881064:chrX_135871812_135881064,0
chrX_135913062_135960587:chrX_135913062_135960587,3
chrX_136047269_136146701:chrX_136047269_136146701,13
chrX_136211359_136213219:chrX_136211359_136213219,4
chrX_136256482_136300962:chrX_136256482_136300962,6
chrX_136416890_136487946:chrX_136416890_136487946,5
chrX_136493780_136497228:chrX_136493780_136497228,3
chrX_136512346_136532214:chrX_136512346_136532214,5
chrX_136556799_136648157:chrX_136556799_136648157,12
chrX_136660390_136665549:chrX_136660390_136665549,0
chrX_136780932_136869191:chrX_136780932_136869191,17
chrX_136880725_137023928:chrX_136880725_137023928,27
chrX_137033995_137566126:chrX_137033995_137566126,62
chrX_137577691_138614726:chrX_137577691_138614726,85
chrX_139205023_139530738:chrX_139205023_139530738,24
chrX_139563459_139581769:chrX_139563459_139581769,5
chrX_139708167_139726347:chrX_139708167_139726347,1
chrX_139933053_139955727:chrX_139933053_139955727,2
chrX_139965521_140502984:chrX_139965521_140502984,42
chrX_140505069_141002593:chrX_140505069_141002593,45
chrX_141003706_141173234:chrX_141003706_141173234,6
chrX_141177129_141241462:chrX_141177129_141241462,1
chrX_141242517_141583673:chrX_141242517_141583673,13
chrX_141584738_141589707:chrX_141584738_141589707,0
chrX_141590762_141697410:chrX_141590762_141697410,7
chrX_141698739_141838315:chrX_141698739_141838315,10
chrX_141897832_141903893:chrX_141897832_141903893,4
chrX_141909374_142202341:chrX_141909374_142202341,26
chrX_142205290_143025927:chrX_142205290_143025927,71
chrX_143034311_143508734:chrX_143034311_143508734,35
chrX_143517475_143622789:chrX_143517475_143622789,8
chrX_143636101_143711954:chrX_143636101_143711954,8
chrX_143720752_145247502:chrX_143720752_145247502,70
chrX_145256208_145817828:chrX_145256208_145817828,34
chrX_145829856_146809770:chrX_145829856_146809770,66
chrX_146810411_146814105:chrX_146810411_146814105,0
chrX_146814744_147911918:chrX_146814744_147911918,92
chrX_147951125_147981336:chrX_147951125_147981336,4
chrX_148026665_148500616:chrX_148026665_148500616,47
chrX_149000663_149476987:chrX_149000663_149476987,45
chrX_149505306_149540600:chrX_149505306_149540600,11
chrX_149555345_149581652:chrX_149555345_149581652,1
chrX_149587459_149592511:chrX_149587459_149592511,0
chrX_149595314_149596555:chrX_149595314_149596555,0
chrX_149631792_149688192:chrX_149631792_149688192,4
chrX_149717268_149774067:chrX_149717268_149774067,3
chrX_149776867_149781929:chrX_149776867_149781929,0
chrX_149787737_149881182:chrX_149787737_149881182,4
chrX_149885825_149929572:chrX_149885825_149929572,3
chrX_149938491_150361571:chrX_149938491_150361571,66
chrX_150514173_150568620:chrX_150514173_150568620,8
chrX_150673143_150692961:chrX_150673143_150692961,4
chrX_150765108_150766335:chrX_150765108_150766335,1
chrX_150898668_150980506:chrX_150898668_150980506,6
chrX_150990771_151176583:chrX_150990771_151176583,34
chrX_151181465_151396594:chrX_151181465_151396594,19
chrX_151409364_151563674:chrX_151409364_151563674,21
chrX_151676739_151694606:chrX_151676739_151694606,6
chrX_151705924_151716034:chrX_151705924_151716034,4
chrX_151723194_151734745:chrX_151723194_151734745,4
chrX_151745564_151912473:chrX_151745564_151912473,26
chrX_151925170_151953123:chrX_151925170_151953123,9
chrX_151974676_152133309:chrX_151974676_152133309,24
chrX_152138577_152166233:chrX_152138577_152166233,11
chrX_152451315_152637894:chrX_152451315_152637894,18
chrX_152657542_152698793:chrX_152657542_152698793,2
chrX_152702347_152708260:chrX_152702347_152708260,0
chrX_152709273_152714585:chrX_152709273_152714585,0
chrX_152718607_152727483:chrX_152718607_152727483,0
chrX_152737669_152749862:chrX_152737669_152749862,2
chrX_152753884_152759217:chrX_152753884_152759217,0
chrX_152760219_152766135:chrX_152760219_152766135,0
chrX_152769689_152826993:chrX_152769689_152826993,14
chrX_152869729_152898066:chrX_152869729_152898066,14
chrX_152973481_152988823:chrX_152973481_152988823,5
chrX_152994116_153056469:chrX_152994116_153056469,9
chrX_153060462_153072453:chrX_153060462_153072453,3
chrX_153075019_153179283:chrX_153075019_153179283,8
chrX_153183880_153266151:chrX_153183880_153266151,4
chrX_153279145_153317679:chrX_153279145_153317679,3
chrX_153321767_153334152:chrX_153321767_153334152,3
chrX_153352926_153395638:chrX_153352926_153395638,6
chrX_153401350_153411471:chrX_153401350_153411471,3
chrX_153426481_153444472:chrX_153426481_153444472,1
chrX_153446056_153447667:chrX_153446056_153447667,1
chrX_153509546_153517641:chrX_153509546_153517641,5
chrX_153582929_153587924:chrX_153582929_153587924,0
chrX_153599139_153642440:chrX_153599139_153642440,10
chrX_153651326_153669732:chrX_153651326_153669732,5
chrX_153696593_153700491:chrX_153696593_153700491,5
chrX_153744755_153764248:chrX_153744755_153764248,4
chrX_153779341_153781040:chrX_153779341_153781040,1
chrX_153798512_153802165:chrX_153798512_153802165,2
chrX_153830544_153861513:chrX_153830544_153861513,6
chrX_153886173_153902624:chrX_153886173_153902624,3
chrX_153926264_153929224:chrX_153926264_153929224,4
chrX_153944643_153947556:chrX_153944643_153947556,8
chrX_153983194_154010506:chrX_153983194_154010506,4
chrX_154019902_154021572:chrX_154019902_154021572,5
chrX_154097717_154144242:chrX_154097717_154144242,10
chrX_154159032_154182595:chrX_154159032_154182595,0
chrX_154196861_154219755:chrX_154196861_154219755,0
chrX_154233286_154257581:chrX_154233286_154257581,1
chrX_154330350_154348530:chrX_154330350_154348530,7
chrX_154374634_154379294:chrX_154374634_154379294,3
chrX_154381523_154398064:chrX_154381523_154398064,7
chrX_154421726_154428676:chrX_154421726_154428676,3
chrX_154450654_154458280:chrX_154450654_154458280,5
chrX_154479281_154483716:chrX_154479281_154483716,4
chrX_154490629_154506170:chrX_154490629_154506170,12
chrX_154516232_154531389:chrX_154516232_154531389,4
chrX_154565046_154585132:chrX_154565046_154585132,0
chrX_154586816_154617608:chrX_154586816_154617608,4
chrX_154619282_154651976:chrX_154619282_154651976,0
chrX_154653579_154675248:chrX_154653579_154675248,4
chrX_154751566_154762863:chrX_154751566_154762863,9
chrX_154805485_154823347:chrX_154805485_154823347,2
chrX_154834662_154835791:chrX_154834662_154835791,3
chrX_155022723_155026843:chrX_155022723_155026843,3
chrX_155060304_155061621:chrX_155060304_155061621,1
chrX_155123077_155197006:chrX_155123077_155197006,10
chrX_155239841_155258234:chrX_155239841_155258234,3
chrX_155264491_155276210:chrX_155264491_155276210,4
chrX_155334614_155380708:chrX_155334614_155380708,0
chrX_155383801_155456913:chrX_155383801_155456913,6
chrX_155460005_155489010:chrX_155460005_155489010,0
chrX_155782459_155881344:chrX_155782459_155881344,12
chrX_155943769_155997695:chrX_155943769_155997695,7
chrX_156010817_156040895:chrX_156010817_156040895,0
chrY_0_276355:chrY_0_276355,0
chrY_303356_304758:chrY_303356_304758,0
chrY_318796_333932:chrY_318796_333932,0
chrY_386907_624343:chrY_386907_624343,0
chrY_659411_1190489:chrY_659411_1190489,0
chrY_1212649_1268813:chrY_1212649_1268813,0
chrY_1325218_1336784:chrY_1325218_1336784,0
chrY_1382689_1386151:chrY_1382689_1386151,0
chrY_1392113_1403138:chrY_1392113_1403138,0
chrY_1453756_1462580:chrY_1453756_1462580,0
chrY_1537185_1591603:chrY_1537185_1591603,0
chrY_1643081_2219505:chrY_1643081_2219505,0
chrY_2500976_2691294:chrY_2500976_2691294,0
chrY_2741309_2786854:chrY_2741309_2786854,0
chrY_2787682_2841601:chrY_2787682_2841601,0
chrY_2867268_2935380:chrY_2867268_2935380,0
chrY_2982506_3579066:chrY_2982506_3579066,1
chrY_3580041_5000295:chrY_3580041_5000295,0
chrY_5742228_6246222:chrY_5742228_6246222,0
chrY_6249018_6865917:chrY_6249018_6865917,0
chrY_7091683_8372098:chrY_7091683_8372098,0
chrY_8372173_9337463:chrY_8372173_9337463,0
chrY_9340278_9357796:chrY_9340278_9357796,0
chrY_9360593_9398420:chrY_9360593_9398420,0
chrY_9401217_9466954:chrY_9401217_9466954,0
chrY_9469749_9487266:chrY_9469749_9487266,0
chrY_9490081_9527879:chrY_9490081_9527879,0
chrY_9530676_12662351:chrY_9530676_12662351,14
chrY_12692233_12701230:chrY_12692233_12701230,0
chrY_12860839_12903998:chrY_12860839_12903998,0
chrY_12920478_13233894:chrY_12920478_13233894,0
chrY_13480670_13703898:chrY_13480670_13703898,0
chrY_13706024_13985771:chrY_13706024_13985771,0
chrY_13986473_14056226:chrY_13986473_14056226,0
chrY_14056958_14522615:chrY_14056958_14522615,0
chrY_14845654_17878259:chrY_14845654_17878259,0
chrY_17880220_18025786:chrY_17880220_18025786,0
chrY_18027746_18546690:chrY_18027746_18546690,0
chrY_18588963_18731439:chrY_18588963_18731439,0
chrY_18773735_19703864:chrY_18773735_19703864,0
chrY_19744726_20575775:chrY_19744726_20575775,0
chrY_20593154_20756107:chrY_20593154_20756107,0
chrY_20781032_21511337:chrY_20781032_21511337,0
chrY_21525786_21534878:chrY_21525786_21534878,0
chrY_21549326_21880075:chrY_21549326_21880075,0
chrY_21894526_21903621:chrY_21894526_21903621,0
chrY_21918032_22071755:chrY_21918032_22071755,0
chrY_22096007_22162884:chrY_22096007_22162884,0
chrY_22182923_22403409:chrY_22182923_22403409,0
chrY_22417881_22490396:chrY_22417881_22490396,0
chrY_22514637_22984262:chrY_22514637_22984262,0
chrY_23005465_23129354:chrY_23005465_23129354,0
chrY_23199094_23219456:chrY_23199094_23219456,0
chrY_23291356_24045228:chrY_23291356_24045228,0
chrY_24048019_24618003:chrY_24048019_24618003,0
chrY_24639207_24763068:chrY_24639207_24763068,0
chrY_24813393_24833819:chrY_24813393_24833819,0
chrY_24907040_25030900:chrY_24907040_25030900,0
chrY_25052104_25622116:chrY_25052104_25622116,0
chrY_25624902_56954315:chrY_25624902_56954315,11
chrY_56968979_57067864:chrY_56968979_57067864,0
chrY_57130289_57184215:chrY_57130289_57184215,0
chrY_57197337_57227415:chrY_57197337_57227415,0
