Symbol,Ferroptosis,UPR,Mitochondrial,TF,TF_Cof,Age
PIK3CA,yes,yes,no,no,no,no
FLT3,yes,no,no,no,no,no
SCP2,yes,yes,yes,no,no,no
TP53,yes,no,no,yes,no,no
TF,yes,no,no,no,no,no
TFRC,yes,yes,no,no,no,no
TFR2,yes,no,no,no,no,no
SLC38A1,yes,no,no,no,no,no
SLC1A5,yes,no,no,no,no,no
GLS2,yes,no,yes,no,no,no
GOT1,yes,no,no,no,no,no
ALOX5,yes,no,no,no,no,no
KEAP1,yes,yes,no,no,no,no
HMOX1,yes,yes,no,no,yes,no
ATG5,yes,no,no,no,no,yes
ATG7,yes,no,no,no,no,no
ACO1,yes,no,no,no,no,no
IREB2,yes,no,no,no,no,no
G6PDX,yes,yes,no,no,no,no
ULK1,yes,no,no,no,no,no
ATG3,yes,no,no,no,no,no
ATG4D,yes,no,no,no,no,no
BECN1,yes,yes,no,no,no,no
MAP1LC3A,yes,yes,no,no,no,no
GABARAPL2,yes,yes,no,no,no,no
GABARAPL1,yes,yes,no,no,no,no
ATG16L1,yes,no,no,no,no,no
WIPI1,yes,yes,no,no,no,no
WIPI2,yes,no,no,no,no,no
SNX4,yes,no,no,no,no,no
ATG13,yes,no,no,no,no,no
ULK2,yes,no,no,no,no,no
NCOA4,yes,no,no,no,yes,no
SAT1,yes,no,no,no,no,no
ACSL4,yes,no,no,no,no,no
LPCAT3,yes,yes,no,no,no,no
ALOX15,yes,no,no,no,no,no
BID,yes,no,yes,no,no,no
DPP4,yes,no,no,no,no,no
CDKN2A,yes,yes,no,no,no,no
PEBP1,yes,no,no,no,no,no
MAPK14,yes,yes,no,no,no,no
ELAVL1,yes,yes,no,no,no,no
EPAS1,yes,yes,no,yes,no,no
HILPDA,yes,no,no,no,no,no
HIF1A,yes,yes,no,yes,no,no
ALOX12,yes,no,no,no,no,no
IFNG,yes,yes,no,no,no,no
ANO6,yes,no,no,no,no,no
LPIN1,yes,yes,no,no,yes,no
HMGB1,yes,yes,no,yes,no,no
YY1AP1,yes,no,no,no,yes,no
EGLN2,yes,no,no,no,yes,no
MIOX,yes,no,no,no,no,no
TAFAZZIN,yes,no,no,no,no,no
MTDH,yes,yes,no,no,yes,no
SIRT1,yes,yes,no,no,yes,yes
FBXW7,yes,no,no,no,yes,no
PANX1,yes,no,no,no,no,no
DNAJB6,yes,yes,no,no,no,no
BACH1,yes,no,no,yes,no,no
IL1B,yes,yes,no,no,no,no
POR,yes,yes,no,no,no,no
NR1D1,yes,no,no,yes,no,no
NR1D2,yes,no,no,yes,no,no
TBK1,yes,no,no,no,no,no
IL6,yes,yes,no,no,no,no
CTSB,yes,yes,no,no,no,no
ATF4,yes,yes,no,yes,no,no
LINC00618,yes,no,no,no,no,no
PEX10,yes,no,no,no,no,no
LIG3,yes,no,yes,no,no,no
ZEB1,yes,no,no,yes,no,no
PVT1,yes,no,no,no,no,no
SLC39A14,yes,yes,no,no,no,no
MAP3K11,yes,no,no,no,no,no
BRD7,yes,no,no,no,yes,no
SLC25A28,yes,no,yes,no,no,no
TSC1,yes,no,no,no,no,no
LGMN,yes,no,no,no,no,no
IFNA1,yes,no,no,no,no,no
IFNA2,yes,no,no,no,no,no
IFNA4,yes,no,no,no,no,no
IFNA5,yes,no,no,no,no,no
IFNA6,yes,no,no,no,no,no
IFNA7,yes,no,no,no,no,no
IFNA8,yes,no,no,no,no,no
IFNA10,yes,no,no,no,no,no
IFNA13,yes,no,no,no,no,no
IFNA14,yes,no,no,no,no,no
IFNA16,yes,no,no,no,no,no
IFNA17,yes,no,no,no,no,no
IFNA21,yes,no,no,no,no,no
PPARG,yes,yes,no,yes,no,yes
NOX4,yes,yes,no,no,no,no
MAP3K14,yes,no,no,no,no,no
CircKDM4C,yes,no,no,no,no,no
MIB2,yes,no,no,no,no,no
TRIM21,yes,yes,no,no,no,no
DPEP1,yes,no,no,no,no,no
IDO1,yes,no,no,no,no,no
GJA1,yes,yes,no,no,no,no
PGRMC1,yes,no,no,no,no,no
USP11,yes,no,no,no,no,no
ZFAS1,yes,no,no,no,no,no
PIEZO1,yes,yes,no,no,no,no
MIR15A,yes,no,no,no,no,no
EGR1,yes,no,no,yes,no,no
KDM6B,yes,no,no,no,yes,no
KDM5C,yes,no,no,no,yes,no
MEG3,yes,no,no,no,no,no
CCDC6,yes,no,no,no,no,no
CFL1,yes,no,no,no,no,no
ALOXE3,yes,no,no,no,no,no
KMT2D,yes,no,no,no,yes,no
PRKCB,yes,no,no,no,no,no
FSCN1,yes,no,no,no,no,no
RB1CC1,yes,no,no,no,no,no
METTL3,yes,no,no,no,no,no
MPO,yes,yes,no,no,no,no
YY2,yes,no,no,yes,no,no
LIN28A,yes,no,no,yes,no,no
HSP90AA1,yes,yes,no,no,no,no
SPHK1,yes,no,no,no,no,no
Gm47283 ,yes,no,no,no,no,no
TGFB2,yes,no,no,no,no,no
ALKBH5,yes,no,no,no,no,no
PADI4,yes,no,no,no,yes,no
MIR127,yes,no,no,no,no,no
CIRBP,yes,no,no,no,no,no
MIR140,yes,no,no,no,no,no
CRYAB,yes,yes,no,no,no,no
ALOX15B,yes,no,no,no,no,no
PTGS2,yes,yes,no,no,no,no
ACSF2,yes,no,yes,no,no,no
BAX,yes,yes,yes,no,no,yes
CASP3,yes,yes,yes,no,no,no
circ-Carm1,yes,no,no,no,no,no
FABP4,yes,no,no,no,no,no
LCN2,yes,no,no,no,no,no
FUNDC1,yes,no,yes,no,no,no
MAPK3,yes,yes,no,no,no,no
MAPK1,yes,yes,no,no,no,no
MIR21,yes,no,no,no,no,no
MIR494,yes,no,no,no,no,no
MIR214,yes,no,no,no,no,no
TGFBR1,yes,no,no,no,no,no
CircEXOC5,yes,no,no,no,no,no
CD74,yes,no,no,no,no,no
SND1,yes,no,yes,no,yes,no
IDH1,yes,no,no,no,no,no
MIR378A,yes,no,no,no,no,no
circLMO1,yes,no,no,no,no,no
MIR144,yes,no,no,no,no,no
RAPGEF3,yes,no,no,no,no,no
CDC27,yes,no,no,no,no,no
Circ_0000190,yes,no,no,no,no,no
CARM1,yes,no,no,no,yes,no
MIR142,yes,no,no,no,no,no
APP,yes,yes,no,no,no,no
HPCAL1,yes,no,no,no,no,no
ICA1,yes,no,no,no,no,no
BSG,yes,no,no,no,no,no
CAVIN1,yes,no,no,no,yes,no
CircSCN8A,yes,no,no,no,no,no
USP14,yes,no,no,no,no,no
NLRP3,yes,yes,no,no,yes,no
DDIT4,yes,yes,no,no,no,no
TNFAIP8L2,yes,no,no,no,no,no
MIR770,yes,no,no,no,no,no
SOCS2,yes,no,no,no,no,yes
ANO1,yes,no,no,no,no,no
UHRF1,yes,no,no,no,no,no
SCARA5,yes,no,no,no,no,no
HMGCL,yes,no,yes,no,no,no
SQSTM1,yes,yes,no,no,yes,yes
HDLBP,yes,no,no,no,no,no
COX7A1,yes,no,yes,no,no,no
TNF,yes,yes,no,no,no,no
SPATA2,yes,no,no,no,no,no
CGAS,yes,no,no,no,no,no
FOXO3,yes,yes,no,yes,no,no
MCU,yes,no,yes,no,no,no
IRF7,yes,no,no,yes,no,no
H3C1,yes,no,no,no,no,no
H3C2,yes,no,no,no,no,no
H3C3,yes,no,no,no,no,no
H3C4,yes,no,no,no,no,no
H3C6,yes,no,no,no,no,no
H3C7,yes,no,no,no,no,no
H3C8,yes,no,no,no,no,no
H3C10,yes,no,no,no,no,no
H3C11,yes,no,no,no,no,no
H3C12,yes,no,no,no,no,no
H3C13,yes,no,no,no,no,no
H3C14,yes,no,no,no,no,no
H3C15,yes,no,no,no,no,no
S100A8,yes,no,no,no,yes,no
EIF4E,yes,yes,no,no,no,no
CircLRFN5,yes,no,no,no,no,no
MIR93,yes,no,no,no,no,no
ARGLU1-DT,yes,no,no,no,no,no
ACSL3,yes,no,no,no,no,no
PER2,yes,no,no,no,yes,yes
PRKAA2,yes,yes,no,no,no,no
circAFF1,yes,no,no,no,no,no
ATF3,yes,yes,no,yes,no,no
EPHA2,yes,no,no,no,no,no
SHP-1,yes,no,no,no,no,no
TUG1,yes,yes,no,no,no,no
FUNDC2,yes,no,yes,no,no,no
LOX,yes,no,no,no,no,no
NR2F2,yes,no,no,yes,no,no
HERPUD1,yes,yes,no,no,no,no
ERN1,yes,yes,no,no,yes,no
MAPK8,yes,yes,no,no,no,no
EHMT2,yes,no,no,no,yes,no
STING,yes,no,no,no,no,no
STAT3,yes,yes,no,yes,no,no
CXCL10,yes,no,no,no,no,no
SMURF2,yes,no,no,no,yes,no
HDAC3,yes,no,no,no,yes,no
STING1,yes,yes,no,no,no,no
YTHDC1,yes,no,no,no,no,no
PRDX3,yes,yes,yes,no,no,no
ASL,yes,no,no,no,no,no
FTO,yes,no,no,no,no,no
MIR149,yes,no,no,no,no,no
miR-19b-3p,yes,no,no,no,no,no
CHAC1,yes,yes,no,no,no,no
MIR129-2,yes,no,no,no,no,no
SOX8,yes,no,no,yes,no,no
WTAP,yes,no,no,no,no,no
YTHDC2,yes,no,no,no,no,no
FOXN4,yes,no,no,yes,no,no
HOXD10,yes,no,no,yes,no,no
MIR324,yes,no,no,no,no,no
SNHG1,yes,no,no,no,no,no
SLC39A8,yes,no,no,no,no,no
ERK,yes,no,no,no,no,no
ATM,yes,yes,no,no,no,yes
ADGRF5,yes,no,no,no,no,no
USP24,yes,no,no,no,no,no
IRF8,yes,no,no,yes,no,no
PTEN,yes,no,no,no,yes,yes
HECTD3,yes,no,no,no,no,no
YAP1,yes,no,no,no,yes,no
IRF1,yes,no,no,yes,no,no
TFR1,yes,no,no,no,no,no
HECW1,yes,no,no,no,no,no
TNFAIP3,yes,no,no,no,no,no
NHLRC1,yes,yes,no,no,no,no
RBM3,yes,no,no,no,no,no
ITPR1,yes,yes,no,no,no,no
ITPR2,yes,yes,no,no,no,no
ITPR3,yes,yes,no,no,no,no
METTL1,yes,no,no,no,no,no
EDN1,yes,yes,no,no,no,no
EBF3,yes,no,no,yes,no,no
hsa_circ_0057105,yes,no,no,no,no,no
ChREP-beta,yes,no,no,no,no,no
TXNIP,yes,yes,no,no,yes,no
PPM1K,yes,no,yes,no,no,no
ZNF8,yes,no,no,yes,no,no
SLC7A11-AS1,yes,no,no,no,no,no
GSK3B,yes,yes,no,no,yes,no
HDAC6,yes,yes,no,no,yes,no
E2F1,yes,no,no,yes,no,no
E2F2,yes,no,no,yes,no,no
E2F3,yes,no,no,yes,no,no
BRD4,yes,no,no,no,yes,no
WNT5A,yes,no,no,no,no,no
MCOLN1,yes,no,no,no,no,no
KCNQ1OT1,yes,no,no,no,no,no
HMGB2,yes,no,no,yes,no,no
ORMDL3,yes,yes,no,no,no,no
GAS1,yes,no,no,no,no,no
PDE4A,yes,no,no,no,no,no
PDE4B,yes,no,no,no,no,no
PDE4C,yes,no,no,no,no,no
PDE4D,yes,no,no,no,no,no
RBMS1,yes,no,no,no,no,no
CircIDE,yes,no,no,no,no,no
VDAC2,yes,no,yes,no,no,no
POMC,yes,yes,no,no,no,no
SOCS1,yes,no,no,no,no,no
TRIM3,yes,no,no,no,no,no
SNAI3-AS1,yes,no,no,no,no,no
RUNX3,yes,no,no,yes,no,no
TRPM7,yes,no,no,no,no,no
CircCmss1,yes,no,no,no,no,no
PTBP1,yes,no,no,no,no,no
NMDAR,yes,no,no,no,no,no
ZRANB1,yes,no,no,no,no,no
REST,yes,no,no,yes,no,no
KLF2,yes,no,no,yes,no,no
AHR,yes,no,no,yes,no,no
DACT3-AS1,yes,no,no,no,no,no
circSAV1,yes,no,no,no,no,no
PAQR3,yes,no,no,no,no,no
GFPT1,yes,yes,no,no,no,no
BACH2,yes,no,no,yes,no,no
AMER1,yes,no,no,no,no,no
AMFR,yes,yes,no,no,no,no
STEAP1,yes,no,no,no,no,no
PTPN11,yes,yes,no,no,no,no
SNHG7,yes,no,no,no,no,no
SOD1,yes,yes,yes,no,no,no
HBP1,yes,no,no,yes,no,no
HSDL2,yes,no,yes,no,no,no
ATP2B3,yes,no,no,no,no,no
SLC11A2,yes,no,no,no,no,no
PRKD1,yes,no,no,no,no,no
IRF9,yes,no,no,yes,no,no
G3BP1,yes,yes,no,no,no,no
SMARCB1,yes,no,no,no,yes,no
IL17A,yes,no,no,no,no,no
PTGES2,yes,no,yes,no,no,no
CX3CL1,yes,no,no,no,no,no
P66Shc,yes,no,no,no,no,no
VDAC1,yes,yes,yes,no,no,no
KLF11,yes,no,no,yes,no,no
SOX10,yes,no,no,yes,no,no
MAT1A,yes,no,no,no,no,no
DDX5,yes,no,no,no,yes,no
TRIM44,yes,no,no,no,no,no
SLC27A5,yes,no,no,no,no,no
PPP2R2B,yes,no,no,no,no,no
SIRT6,yes,no,no,no,yes,yes
MIR124-1,yes,no,no,no,no,no
MIR124-2,yes,no,no,no,no,no
MIR124-3,yes,no,no,no,no,no
PIAS3,yes,no,no,yes,no,no
MIR612,yes,no,no,no,no,no
CBX5,yes,no,no,no,yes,no
SNX3,yes,no,no,no,no,no
CD36,yes,yes,no,no,no,no
NEDD4L,yes,no,no,no,no,no
IFI35,yes,no,no,no,no,no
SHARPIN,yes,no,no,no,no,no
BMAL1,yes,no,no,no,no,no
CircHMGA2,yes,no,no,no,no,no
KLF6,yes,no,no,yes,no,no
SMAD4,yes,no,no,yes,no,no
YTHDF2,yes,no,no,no,no,no
SYNPR-AS1,yes,no,no,no,no,no
FOSL1,yes,no,no,yes,no,no
circSlC8A1,yes,no,no,no,no,no
GPX4,yes,no,yes,no,no,yes
RB1,yes,no,no,no,yes,no
HSPB1,yes,yes,no,no,no,no
HSF1,yes,yes,no,yes,no,no
SLC7A11,yes,no,no,no,no,no
GCLC,yes,no,no,no,no,no
NFE2L2,yes,yes,no,yes,no,no
NQO1,yes,yes,no,no,no,no
FTH1,yes,no,yes,no,no,no
SLC3A2,yes,no,no,no,no,no
MT1G,yes,no,no,no,no,no
FANCD2,yes,yes,no,no,no,no
FTMT,yes,no,yes,no,no,no
HSPA5,yes,yes,no,no,no,no
HELLS,yes,no,no,no,yes,yes
MTOR,yes,yes,no,no,yes,yes
MIR137,yes,no,no,no,no,no
SLC40A1,yes,no,no,no,no,no
CBS,yes,yes,no,no,no,no
OTUB1,yes,no,no,no,no,no
SCD,yes,no,no,no,no,no
SESN2,yes,yes,no,no,no,no
NF2,yes,no,no,no,no,no
ARNTL,yes,no,no,yes,no,yes
JUN,yes,yes,no,yes,no,no
TMBIM4,yes,no,no,no,no,no
PLIN2,yes,no,no,no,no,no
MIR212,yes,no,no,no,no,no
AIFM2,yes,no,yes,no,no,no
ZFP36,yes,no,no,no,no,no
CHMP5,yes,no,no,no,no,no
CHMP6,yes,no,no,no,no,no
CAV1,yes,yes,no,no,no,yes
PIR,yes,no,no,no,yes,no
HCAR1,yes,no,no,no,no,no
SLC16A1,yes,no,no,no,no,no
FZD7,yes,no,no,no,no,no
PLA2G6,yes,yes,no,no,no,no
PARK7,yes,yes,yes,no,yes,no
ACOT1,yes,no,no,no,no,no
ALDH3A2,yes,yes,yes,no,no,no
FNDC5,yes,no,no,no,no,no
CDH1,yes,yes,no,no,no,no
GLRX5,yes,no,yes,no,no,no
RHEBP1,yes,no,no,no,no,no
PPP1R13L,yes,no,no,no,no,no
IDH2,yes,no,yes,no,no,no
NOS2,yes,yes,no,no,no,no
RELA,yes,yes,no,yes,no,no
VDR,yes,no,no,yes,no,no
FXN,yes,no,yes,no,no,yes
TXN,yes,no,no,no,yes,no
FGF21,yes,no,no,no,no,yes
ASAH2,yes,no,no,no,no,no
TYRO3,yes,no,no,no,no,no
ECH1,yes,no,yes,no,no,no
PRDX6,yes,yes,yes,no,no,no
CHMP1A,yes,no,no,no,yes,no
SOX2,yes,no,no,yes,no,no
PROK2,yes,no,no,no,no,no
SIRT2,yes,no,no,no,yes,no
circRNA1615,yes,no,no,no,no,no
SMPD1,yes,yes,no,no,no,no
ADAMTS13,yes,no,no,no,no,no
CircFNDC3B,yes,no,no,no,no,no
PPARD,yes,no,no,yes,no,no
ENO3,yes,no,no,no,no,no
MIR9-3HG,yes,no,no,no,no,no
ADIPOQ,yes,yes,no,no,no,no
mmu_circRNA_0000309,yes,no,no,no,no,no
MS4A15,yes,no,no,no,no,no
FURIN,yes,yes,no,no,no,no
circGFRA1,yes,no,no,no,no,no
MAPKAP1,yes,yes,no,no,no,no
MLST8,yes,no,no,no,no,no
PRR5,yes,no,no,no,no,no
RICTOR,yes,yes,no,no,no,yes
TERT,yes,yes,no,no,no,yes
NFE2L1,yes,yes,no,yes,no,no
DKK1,yes,no,no,no,no,no
NKAP,yes,no,no,no,yes,no
PSTK,yes,no,no,no,no,no
PPARA,yes,no,no,yes,no,no
RIPK3,yes,no,no,no,yes,no
TXNRD1,yes,yes,yes,no,no,no
TMSB4X,yes,no,no,no,no,no
FAF1,yes,no,no,no,no,no
TBX1,yes,no,no,yes,no,no
MiR-706,yes,no,no,no,no,no
SNAI2,yes,no,no,yes,no,no
MIR193A,yes,no,no,no,no,no
ALG3,yes,yes,no,no,no,no
PRKCG,yes,no,no,no,no,no
FAM98A,yes,no,no,no,no,no
FTL,yes,no,no,no,no,no
MUC1,yes,no,no,no,yes,no
LTF,yes,no,no,yes,no,no
COQ10A,yes,no,yes,no,no,no
COQ10B,yes,no,yes,no,no,no
COQ10BP1,yes,no,no,no,no,no
COQ10BP2,yes,no,no,no,no,no
RXRG,yes,no,no,yes,no,no
NOD1,yes,yes,no,no,no,no
NOTCH3,yes,yes,no,no,yes,no
SELENOP,yes,no,no,no,no,no
NUP62,yes,no,no,no,yes,no
AQP4,yes,no,no,no,no,no
ATF6,yes,yes,no,yes,no,no
CircCDK14,yes,no,no,no,no,no
PDGFRA,yes,no,no,no,no,no
STAT6,yes,no,no,yes,no,no
HNRNPD,yes,no,no,no,yes,yes
APELA,yes,no,no,no,no,no
circ_0072464,yes,no,no,no,no,no
SENP1,yes,no,no,no,yes,no
CAV-1,yes,no,no,no,no,no
GDF15,yes,yes,no,no,no,yes
CLOCK,yes,no,no,yes,no,yes
BMP4,yes,no,no,no,no,no
Uc.339,yes,no,no,no,no,no
BCAT1,yes,no,no,no,no,no
BCAT2,yes,no,yes,no,no,no
MIR222,yes,no,no,no,no,no
USP22,yes,no,no,no,no,no
NPC1,yes,yes,no,no,no,no
PRDX1,yes,yes,no,no,no,yes
PRDX2,yes,yes,yes,no,no,no
PRDX4,yes,yes,yes,no,no,no
APOC1,yes,no,no,no,no,no
IL9,yes,no,no,no,no,no
TCF4,yes,no,no,yes,no,no
HUWE1,yes,no,no,no,no,no
MFN1,yes,no,yes,no,no,no
GRN,yes,no,no,no,no,yes
LAMTOR5,yes,no,no,no,no,no
SPDYA,yes,no,no,no,no,no
POU2F2,yes,no,no,yes,no,no
NTRK2,yes,no,no,no,no,no
NTN1,yes,no,no,no,no,no
CST1,yes,no,no,no,no,no
SATB1,yes,no,no,yes,no,no
ASAP2,yes,no,no,no,no,no
circ-ITCH,yes,no,no,no,no,no
HPX,yes,no,no,no,no,no
MYC,yes,yes,no,yes,no,yes
CB2R,yes,no,no,no,no,no
HOXA11-AS,yes,no,no,no,no,no
IGF2BP3,yes,no,no,no,no,no
PNO1,yes,no,no,no,no,no
ARG2,yes,no,yes,no,no,no
RBM24,yes,no,no,no,no,no
FTHL17,yes,no,no,no,no,no
FNDC3B,yes,no,no,no,no,no
SIRT7,yes,no,no,no,yes,yes
NAT10,yes,no,no,no,no,no
JUND,yes,no,no,yes,no,yes
LINC00976,yes,no,no,no,no,no
MITF,yes,no,no,yes,no,no
CTNNB1,yes,yes,no,no,yes,no
JUP,yes,yes,no,no,yes,no
AEBP1,yes,no,no,no,yes,no
BBOX1-AS1,yes,no,no,no,no,no
GLS,yes,no,yes,no,no,no
HRH1,yes,no,no,no,no,no
OMA1,yes,yes,yes,no,no,no
DELE1,yes,yes,yes,no,no,no
PYCR1,yes,no,yes,no,no,no
ANGPTL4,yes,no,no,no,no,no
PER1,yes,no,no,no,no,no
MCF2L,yes,no,no,no,no,no
CAPRIN2,yes,no,no,no,no,no
HMGCR,yes,yes,no,no,no,no
LINC00941,yes,no,no,no,no,no
BNC1,yes,no,no,yes,no,no
TRPV1,yes,no,no,no,no,yes
ISCA2,yes,no,yes,no,no,no
VAMP2,yes,no,no,no,no,no
MTTP,yes,yes,no,no,no,no
CISD2,yes,yes,no,no,no,yes
TMEM43,yes,yes,no,no,no,no
CircRAPGEF5,yes,no,no,no,no,no
AADAC,yes,no,no,no,no,no
ITGB3,yes,no,no,no,no,no
PEDS1,yes,no,no,no,no,no
IL23A,yes,no,no,no,no,no
CNR1,yes,yes,no,no,no,no
MAZ,yes,no,no,yes,no,no
SLC25A11,yes,no,yes,no,no,no
MTHFR,yes,no,no,no,no,no
AKR1C1,yes,no,no,no,no,no
PHGDH,yes,no,no,no,no,no
LINC00239,yes,no,no,no,no,no
AQP11,yes,yes,no,no,no,no
ME1,yes,no,no,no,no,no
ELK1,yes,no,no,yes,no,no
MARCHF6,yes,yes,no,no,no,no
H19,yes,no,no,no,no,no
CKB,yes,yes,no,no,no,no
CAD,yes,no,no,no,no,no
UMPS,yes,no,no,no,no,no
DHODH,yes,no,yes,no,no,no
CTNS,yes,no,no,no,no,no
GSTP1,yes,yes,no,no,no,no
BAP31,yes,no,no,no,no,no
HNF4A,yes,no,no,yes,no,no
OTUD5,yes,no,no,no,no,no
NODAL,yes,no,no,no,no,no
MIR130B,yes,no,no,no,no,no
FOXQ1,yes,no,no,yes,no,no
MRTFA,yes,no,no,no,yes,no
RSL1D1,yes,no,no,no,no,no
SMAD3,yes,no,no,yes,no,no
circRNF10,yes,no,no,no,no,no
ZBTB48,yes,no,no,yes,no,no
HNRNPM,yes,no,no,no,no,no
MIR16-1,yes,no,no,no,no,no
MIR16-2,yes,no,no,no,no,no
RAB26,yes,no,no,no,no,no
KCNMA1,yes,no,no,no,no,no
AKR1C3,yes,no,no,no,no,no
CACNA1G-AS1,yes,no,no,no,no,no
CYP24A1,yes,no,yes,no,no,no
MIR96,yes,no,no,no,no,no
LINC02587,yes,no,no,no,no,no
SPI1,yes,no,no,yes,no,no
SNORA56,yes,no,no,no,no,no
NEUROD1,yes,no,no,yes,no,no
E2F7,yes,no,no,yes,no,no
CD276,yes,no,no,no,no,no
TXNDC12,yes,yes,no,no,no,no
CREB1,yes,yes,no,yes,no,no
NSUN2,yes,no,yes,no,no,no
FOXM1,yes,no,no,yes,no,yes
SETD2,yes,no,no,no,yes,no
FECH,yes,no,yes,no,no,no
circBLNK,yes,no,no,no,no,no
CEBPG,yes,yes,no,yes,no,no
SQOR,yes,no,yes,no,no,no
SLC2A12,yes,no,no,no,no,no
PLA2G7,yes,no,no,no,no,no
SLC25A22,yes,no,yes,no,no,no
KL,yes,no,no,no,no,yes
circ_0070440,yes,no,no,no,no,no
ACTL6A,yes,no,no,no,yes,no
PKM,yes,yes,no,no,no,no
DLEU1,yes,no,no,no,no,no
circPDE3B,yes,no,no,no,no,no
RAP1GDS1,yes,no,no,no,no,no
SELENOK,yes,yes,no,no,no,no
BHLHE40,yes,no,no,yes,no,no
SREBF1,yes,yes,no,yes,no,no
FEN1,yes,no,no,no,no,no
NSUN5,yes,no,no,no,no,no
EGF,yes,yes,no,no,no,no
GSS,yes,no,no,no,no,no
MIR552,yes,no,no,no,no,no
CDK1,yes,yes,no,no,yes,no
ALDH2,yes,no,yes,no,no,no
SGK2,yes,no,no,no,no,no
NR1H4,yes,no,no,yes,no,no
PRMT1,yes,no,no,no,yes,no
GINS4,yes,no,no,no,no,no
OPRM1,yes,yes,no,no,no,no
ANXA10,yes,no,no,no,no,no
TET2,yes,no,no,yes,no,no
miR-26a-5p,yes,no,no,no,no,no
RNF25,yes,no,no,no,yes,no
TRIM6,yes,no,no,no,yes,no
USP8,yes,no,no,no,no,no
MiR-19b-3p,yes,no,no,no,no,no
ASCL1,yes,no,no,yes,no,no
SESN1,yes,no,no,no,no,no
SIRT3,yes,yes,yes,no,yes,no
MFGE8,yes,no,no,no,no,no
DCPS,yes,no,no,no,no,no
MIR491,yes,no,no,no,no,no
IGF1R,yes,no,no,no,no,yes
SLC35F2,yes,no,no,no,no,no
ACADM,yes,no,yes,no,no,no
FEACR,yes,no,no,no,no,no
LUCAT1,yes,no,no,no,no,no
miR-129-5p,yes,no,no,no,no,no
TXNRD3,yes,no,no,no,no,no
SIRT4,yes,no,yes,no,no,no
SLC38A2,yes,no,no,no,no,no
AKT1S1,yes,no,no,no,no,no
RPTOR,yes,no,no,no,yes,no
PRMT9,yes,no,no,no,no,no
CD44,yes,no,no,no,no,no
HSPA8,yes,yes,no,no,yes,no
SERPINF1,yes,no,no,no,no,no
CREB,yes,no,no,no,no,no
TMEM147,yes,no,no,no,no,no
PTGER1,yes,no,no,no,no,no
STC2,yes,yes,no,no,no,no
EGFR,yes,yes,no,no,yes,no
BTK,yes,no,no,no,yes,no
BCL2,yes,yes,yes,no,no,no
WBP2,yes,no,no,no,yes,no
EIF2AK3,yes,yes,no,no,no,no
TFEB,yes,no,no,yes,no,no
FGF10,yes,no,no,no,no,no
PDIA4,yes,yes,no,no,no,no
PFKFB2,yes,no,no,no,no,no
B3GNT3,yes,no,no,no,no,no
IGF2BP2,yes,no,no,no,no,no
SPINK4,yes,no,no,no,no,no
LDLR,yes,yes,no,no,no,no
SLC27A4,yes,no,no,no,no,no
HACE1,yes,no,no,no,no,no
AIM2,yes,no,no,no,yes,no
MELK,yes,no,no,no,no,no
DUXAP8,yes,no,no,no,no,no
IL33,yes,no,no,no,no,no
SETD1A,yes,no,no,no,yes,no
HOXC-AS3,yes,no,no,no,no,no
EP300,yes,yes,no,no,yes,no
MIR17HG,yes,no,no,no,no,no
PARL,yes,no,yes,no,no,no
RBM15,yes,no,no,no,yes,no
FGF4,yes,no,no,no,no,no
FOXA2,yes,no,no,yes,no,no
KLF15,yes,no,no,yes,no,no
KDM1A,yes,no,no,no,yes,no
GCH1,yes,no,no,no,no,no
NDUFA4,yes,no,yes,no,no,no
PGAM5,yes,no,yes,no,no,no
Sestrin2,yes,no,no,no,no,no
TSPO,yes,no,yes,no,no,no
CA9,yes,no,no,no,no,no
FHOD1,yes,no,no,no,yes,no
IL-10,yes,no,no,no,no,no
METRNL,yes,no,no,no,no,no
TEAD1,yes,no,no,yes,no,no
MIR20A,yes,no,no,no,no,no
MTCH1,yes,no,yes,no,no,no
SLC38A5,yes,no,no,no,no,no
EIF3H,yes,no,no,no,no,no
OGT,yes,no,no,no,yes,no
PRKD2,yes,no,no,no,no,no
PGAM1,yes,no,no,no,no,no
AKT,yes,no,no,no,no,no
HCG18,yes,no,no,no,no,no
HSPA1A,yes,yes,no,no,yes,no
HSPA1B,yes,yes,no,no,yes,no
HSPA1L,yes,no,no,no,no,no
HSPA2,yes,no,no,no,no,no
HSPA4,yes,yes,no,no,no,no
HSPA4L,yes,no,no,no,no,no
HSPA6,yes,no,no,no,no,no
HSPA7,yes,no,no,no,no,no
HSPA9,yes,yes,yes,no,no,no
HSPA12A,yes,no,no,no,no,no
HSPA12B,yes,no,no,no,no,no
HSPA13,yes,yes,no,no,no,no
HSPA14,yes,no,no,no,no,no
HSPH1,yes,no,no,no,no,no
HYOU1,yes,yes,no,no,no,no
MEX3A,yes,no,no,no,no,no
FBXL5,yes,no,no,no,no,no
CYP1B1,yes,yes,no,no,no,no
UCHL3,yes,no,no,no,no,no
MIR1-1,yes,no,no,no,no,no
MIR1-2,yes,no,no,no,no,no
HTR2B,yes,no,no,no,no,no
MIR125B1,yes,no,no,no,no,no
MIR125B2,yes,no,no,no,no,no
SLC12A5,yes,no,no,no,no,no
ETS1,yes,no,no,yes,no,no
ABCB6,yes,no,yes,no,no,no
UTP11,yes,no,no,no,no,no
MIR29A,yes,no,no,no,no,yes
PLK1,yes,no,no,no,yes,no
SLC43A2,yes,no,no,no,no,no
CircOMA1,yes,no,no,no,no,no
DPP9,yes,no,no,no,no,no
MAT2A,yes,no,no,no,no,no
NR0B1,yes,no,no,yes,no,no
EMP2,yes,no,no,no,no,no
CircHIPK3,yes,no,no,no,no,no
MAP3K7,yes,yes,no,no,no,no
GALNT5,yes,no,no,no,no,no
GGT1,yes,no,no,no,no,no
MIR450B,yes,no,no,no,no,no
IL37,yes,no,no,no,no,no
VIRMA,yes,no,no,no,no,no
MIR221,yes,no,no,no,no,no
AC005332.7,yes,no,no,no,no,no
PRMT5,yes,no,no,no,yes,no
AGER,yes,yes,no,no,no,no
UCKL1,yes,no,no,no,no,no
FGF2,yes,yes,no,no,yes,no
USP20,yes,no,no,no,no,no
HCP5,yes,no,no,no,no,no
CRTC3,yes,no,no,no,no,no
RPLP2,yes,no,no,no,no,no
CircZBTB46,yes,no,no,no,no,no
CYBB,yes,yes,no,no,no,no
CircRHOT1,yes,no,no,no,no,no
SQLE,yes,no,no,no,no,no
VKORC1L1,yes,no,no,no,no,no
ABHD12,yes,no,no,no,no,no
USP5,yes,no,no,no,no,no
AKT1,yes,yes,no,no,no,yes
STARD7,yes,no,yes,no,no,no
METTL9,yes,no,no,no,no,no
GRSF1,yes,no,yes,no,no,no
TMEM44-AS1,yes,no,no,no,no,no
MALT1,yes,no,no,no,yes,no
LINC00641,yes,no,no,no,no,no
NFKB2,yes,no,no,yes,no,no
KCNE2,no,yes,no,no,no,no
CLN5,no,yes,no,no,no,no
ALG11,no,yes,no,no,no,no
GET1,no,yes,no,no,no,no
FITM2,no,yes,no,no,no,no
OXT,no,yes,no,no,no,no
AVP,no,yes,no,no,no,no
TRPM2,no,yes,no,no,no,no
UBE2G2,no,yes,no,no,no,no
SERP2,no,yes,no,no,no,no
F7,no,yes,no,no,no,no
XK,no,yes,no,no,no,no
F8,no,yes,no,no,no,no
CEBPB,no,yes,no,yes,no,yes
UBL4A,no,yes,no,no,no,no
PITPNB,no,yes,no,no,no,no
TTR,no,yes,no,no,no,no
COL4A2,no,yes,no,no,no,no
PIGA,no,yes,no,no,no,no
ATP7B,no,yes,no,no,no,no
UBQLN2,no,yes,no,no,no,no
CYB5A,no,yes,no,no,no,no
TG,no,yes,no,no,no,no
F9,no,yes,no,no,no,no
KCNE1,no,yes,no,no,no,no
ATP7A,no,yes,no,no,no,no
NDRG1,no,yes,no,no,no,no
VPS13A,no,yes,no,no,no,no
PTPN2,no,yes,no,no,no,no
IER3IP1,no,yes,no,no,no,no
PCSK6,no,yes,no,no,no,no
DMD,no,yes,no,no,no,yes
UFM1,no,yes,no,no,no,no
ABCA1,no,yes,no,no,no,no
ELOVL4,no,yes,no,no,no,no
DOLK,no,yes,no,no,no,no
ATG14,no,yes,no,no,no,no
MZB1,no,yes,no,no,no,no
HTR1A,no,yes,no,no,no,no
GLA,no,yes,no,no,no,no
EPM2A,no,yes,no,no,no,no
DSPP,no,yes,no,no,no,no
SGCG,no,yes,no,no,no,no
TOR1A,no,yes,no,no,no,no
HTT,no,yes,no,no,no,yes
MILL1,no,yes,no,no,no,no
MILL2,no,yes,no,no,no,no
ADRB2,no,yes,no,no,yes,no
TLR4,no,yes,no,no,no,no
UGGT2,no,yes,no,no,no,no
UFD1,no,yes,no,no,no,no
RETREG1,no,yes,no,no,no,no
CSNK2B,no,yes,no,no,no,no
FAS,no,yes,no,no,no,no
TRIM13,no,yes,no,no,no,no
ANK1,no,yes,no,no,no,no
ALG10B,no,yes,no,no,no,no
TYR,no,yes,no,no,no,no
RBX1,no,yes,no,no,yes,no
STIM2,no,yes,no,no,no,no
DNAJC3,no,yes,no,no,no,no
PRKAA1,no,yes,no,no,no,no
SREBF2,no,yes,no,yes,no,no
EMC10,no,yes,no,no,no,no
CAPN3,no,yes,no,no,no,no
DERL3,no,yes,no,no,no,no
SDF2L1,no,yes,no,no,no,no
PRL2C1,no,yes,no,no,no,no
PRL2C5,no,yes,no,no,no,no
PRL7D1,no,yes,no,no,no,no
PRL6A1,no,yes,no,no,no,no
PRL8A1,no,yes,no,no,no,no
PRL8A9,no,yes,no,no,no,no
PRL7A1,no,yes,no,no,no,no
PRL2A1,no,yes,no,no,no,no
PRL3B1,no,yes,no,no,no,no
PRL5A1,no,yes,no,no,no,no
PRL7A2,no,yes,no,no,no,no
PRL3D2,no,yes,no,no,no,no
PRL8A8,no,yes,no,no,no,no
PRL,no,yes,no,no,no,no
PRL3D1,no,yes,no,no,no,no
PRL2C2,no,yes,no,no,no,no
PRL2B1,no,yes,no,no,no,no
PRL7C1,no,yes,no,no,no,no
PRL8A6,no,yes,no,no,no,no
PRL3C1,no,yes,no,no,no,no
PRL3A1,no,yes,no,no,no,no
PRL3D3,no,yes,no,no,no,no
PRL8A2,no,yes,no,no,no,no
PRL4A1,no,yes,no,no,no,no
PRL7B1,no,yes,no,no,no,no
PRL2C3,no,yes,no,no,no,no
RNF139,no,yes,no,no,no,no
PTGIS,no,yes,no,no,no,no
XBP1,no,yes,no,yes,no,no
PPM1L,no,yes,no,no,no,no
KHSRP,no,yes,no,yes,no,no
GRIA1,no,yes,no,no,no,no
RYR3,no,yes,no,no,no,no
STRIT1,no,yes,no,no,no,no
FBN1,no,yes,no,no,no,no
EDEM1,no,yes,no,no,no,no
PTPN1,no,yes,no,no,no,no
PPP1CC,no,yes,no,no,no,no
DDIT3,no,yes,no,yes,no,no
COL4A1,no,yes,no,no,no,no
DST,no,yes,no,no,no,no
PSMA7,no,yes,no,no,no,no
ERP27,no,yes,no,no,no,no
NOS1,no,yes,no,no,no,no
TLR9,no,yes,no,no,no,no
KDELR3,no,yes,no,no,no,no
VEGFA,no,yes,no,no,yes,no
RYR1,no,yes,no,no,no,no
SGPP1,no,yes,no,no,no,no
INS1,no,yes,no,no,no,no
INS2,no,yes,no,no,no,no
TUBB4A,no,yes,no,no,no,no
UGT1A6B,no,yes,no,no,no,no
UGT1A6A,no,yes,no,no,no,no
UGT1A1,no,yes,no,no,no,no
DNAH8,no,yes,no,no,no,no
LRP2,no,yes,no,no,no,no
FOXRED2,no,yes,no,no,no,no
PRKN,no,yes,yes,no,no,no
SLC37A4,no,yes,no,no,no,no
POGLUT2,no,yes,no,no,no,no
AIFM1,no,yes,yes,no,no,no
RHO,no,yes,no,no,no,no
DDRGK1,no,yes,no,no,no,no
CASP12,no,yes,no,no,no,no
MMGT1,no,yes,no,no,no,no
SYNE1,no,yes,no,no,no,no
BCL2L1,no,yes,yes,no,no,no
DSP,no,yes,no,no,no,no
HFE,no,yes,no,no,no,no
MX1,no,yes,no,no,no,no
MX2,no,yes,no,no,no,no
CACNA1C,no,yes,no,no,no,no
GPX7,no,yes,no,no,no,no
ZFYVE1,no,yes,no,no,no,no
ALG13,no,yes,no,no,no,no
RSAD2,no,yes,no,no,no,no
PKP2,no,yes,no,no,no,no
MIA2,no,yes,no,no,no,no
UBAC2,no,yes,no,no,no,no
SELENOS,no,yes,no,no,no,no
TRPA1,no,yes,no,no,no,no
FOXO1,no,yes,no,yes,no,no
VMA21,no,yes,no,no,no,no
YIF1A,no,yes,no,no,no,no
JPH1,no,yes,no,no,no,no
ABCC8,no,yes,no,no,no,no
EMD,no,yes,no,no,no,no
PTGS1,no,yes,no,no,no,no
CAV3,no,yes,no,no,no,no
MBTPS2,no,yes,no,no,no,no
MOSPD2,no,yes,no,no,no,no
GPX1,no,yes,yes,no,no,no
KDSR,no,yes,no,no,no,no
H13,no,yes,no,no,no,no
CRP,no,yes,no,no,no,no
USP19,no,yes,no,no,no,no
USE1,no,yes,no,no,no,no
ANG6,no,yes,no,no,no,no
ANG,no,yes,no,no,no,no
ANG5,no,yes,no,no,no,no
ANG2,no,yes,no,no,no,no
ANG4,no,yes,no,no,no,no
DDOST,no,yes,no,no,no,no
EMC2,no,yes,no,no,no,no
MOGS,no,yes,no,no,no,no
ATP13A2,no,yes,no,no,no,no
RNF186,no,yes,no,no,no,no
TRAPPC2,no,yes,no,no,yes,no
MANF,no,yes,no,no,no,no
MCL1,no,yes,yes,no,no,no
TMX1,no,yes,no,no,no,no
NR3C2,no,yes,no,yes,no,no
ZFAND1,no,yes,no,no,no,no
FMR1,no,yes,no,no,no,no
ALG2,no,yes,no,no,no,no
VHL,no,yes,no,no,yes,no
VAPB,no,yes,no,no,no,no
PRKDC,no,yes,no,no,no,no
THBS1,no,yes,no,no,no,no
PDZD8,no,yes,no,no,no,no
APOE,no,yes,no,no,no,yes
TMX3,no,yes,no,no,no,no
NPHS1,no,yes,no,no,no,no
GPX8,no,yes,no,no,no,no
HAMP2,no,yes,no,no,no,no
HAMP,no,yes,no,no,no,no
PPARGC1A,no,yes,no,no,yes,no
ERAP1,no,yes,no,no,no,no
CDKN3,no,yes,no,no,no,no
REEP3,no,yes,no,no,no,no
PIGN,no,yes,no,no,no,no
CYP2E1,no,yes,no,no,no,no
SCAMP5,no,yes,no,no,no,no
FAM120A,no,yes,no,no,no,no
TXN1,no,yes,no,no,no,yes
SGCB,no,yes,no,no,no,no
NPC2,no,yes,no,no,no,no
ORAI1,no,yes,no,no,no,no
RPN2,no,yes,no,no,no,no
PDCD6,no,yes,no,no,no,no
SEC16A,no,yes,no,no,no,no
SEC61B,no,yes,no,no,no,no
LMAN1,no,yes,no,no,no,no
NOTCH1,no,yes,no,no,yes,no
APOB,no,yes,no,no,no,no
LMAN2,no,yes,no,no,no,no
CSNK2A1,no,yes,no,no,yes,no
BCL2L11,no,yes,yes,no,no,no
EMC4,no,yes,no,no,no,no
SCD2,no,yes,no,no,no,no
SCD4,no,yes,no,no,no,no
PPP1R15B,no,yes,no,no,no,no
PPIB,no,yes,no,no,no,no
KCNK16,no,yes,no,no,no,no
GPR37,no,yes,no,no,no,no
SCN1A,no,yes,no,no,no,no
ABL1,no,yes,no,no,yes,no
CGRRF1,no,yes,no,no,no,no
SP1,no,yes,no,yes,no,no
TRIM32,no,yes,no,no,yes,no
INSR,no,yes,no,no,yes,yes
KDR,no,yes,no,no,no,no
TTN,no,yes,no,no,no,no
CREB3,no,yes,no,yes,no,no
TOR1B,no,yes,no,no,no,no
MYDGF,no,yes,no,no,no,no
STAU1,no,yes,no,no,no,no
FKBP14,no,yes,no,no,no,no
FICD,no,yes,no,no,no,no
SEC24D,no,yes,no,no,no,no
ATP6V0A2,no,yes,no,no,no,no
SRP72,no,yes,no,no,no,no
EPO,no,yes,no,no,no,no
APOA1,no,yes,no,no,no,no
MAP2K1,no,yes,no,no,no,no
REEP4,no,yes,no,no,no,no
JPH3,no,yes,no,no,no,no
CHRNE,no,yes,no,no,no,no
SRP14,no,yes,no,no,no,no
SEC23B,no,yes,no,no,no,no
F2,no,yes,no,no,no,no
HCRT,no,yes,no,no,no,no
ERGIC1,no,yes,no,no,no,no
TMEM33,no,yes,no,no,no,no
CREB3L1,no,yes,no,yes,no,no
SHH,no,yes,no,no,no,no
BNIP3,no,yes,yes,no,no,no
UBR4,no,yes,no,no,no,no
ETFA,no,yes,yes,no,no,no
JPH2,no,yes,no,no,no,no
SOAT2,no,yes,no,no,no,no
SRC,no,yes,no,no,yes,no
CD4,no,yes,no,no,no,no
TRAF6,no,yes,no,no,yes,no
BCHE,no,yes,no,no,no,no
OXSR1,no,yes,no,no,no,no
RAB1B,no,yes,no,no,no,no
ERO1B,no,yes,no,no,no,no
CAML,no,yes,no,no,no,no
SNTA1,no,yes,no,no,no,no
TMEM208,no,yes,no,no,no,no
BMP2,no,yes,no,no,no,no
PDHA1,no,yes,yes,no,no,no
HSD17B10,no,yes,yes,no,no,no
IL10,no,yes,no,no,no,no
HACD2,no,yes,no,no,no,no
DERL1,no,yes,no,no,no,no
CKAP4,no,yes,no,no,no,no
PIGL,no,yes,no,no,no,no
GADD45A,no,yes,no,no,no,no
UBE2D3,no,yes,no,no,no,no
RET,no,yes,no,no,no,no
CP,no,yes,no,no,no,no
BBC3,no,yes,yes,no,no,no
TMED10,no,yes,no,no,no,no
TMED7,no,yes,no,no,no,no
CCL2,no,yes,no,no,no,no
BNIP1,no,yes,no,no,no,no
RTN2,no,yes,no,no,no,no
VWF,no,yes,no,no,no,no
TRF,no,yes,no,no,no,no
GOSR2,no,yes,no,no,no,no
GPI1,no,yes,no,no,no,no
EMC3,no,yes,no,no,no,no
FOS,no,yes,no,yes,no,no
PDIA3,no,yes,no,no,no,no
TGM2,no,yes,no,no,no,no
PKD1,no,yes,no,no,no,no
OXTR,no,yes,no,no,no,no
DRD2,no,yes,no,no,no,no
VAPA,no,yes,no,no,no,no
TECRL,no,yes,no,no,no,no
KNG2,no,yes,no,no,no,no
KNG1,no,yes,no,no,no,no
TMEM238L,no,yes,no,no,no,no
ERGIC3,no,yes,no,no,no,no
KCNQ1,no,yes,no,no,no,no
ATL1,no,yes,no,no,no,no
TRAF2,no,yes,no,no,no,no
STX5A,no,yes,no,no,no,no
IGF1,no,yes,no,no,no,yes
UBXN8,no,yes,no,no,no,no
SEC23A,no,yes,no,no,no,no
PLP1,no,yes,no,no,no,no
TANGO2,no,yes,no,no,no,no
ERMP1,no,yes,no,no,no,no
TRPV4,no,yes,no,no,no,no
CCND1,no,yes,no,no,yes,no
GSTP2,no,yes,no,no,no,no
SERP1,no,yes,no,no,no,no
LAMP2,no,yes,no,no,no,no
SSR1,no,yes,no,no,no,no
SMN1,no,yes,no,no,no,no
JAGN1,no,yes,no,no,no,no
NDUFS4,no,yes,yes,no,no,no
TMX2,no,yes,no,no,no,no
POMT2,no,yes,no,no,no,no
PTK2,no,yes,no,no,no,no
FAF2,no,yes,no,no,no,no
YIF1B,no,yes,no,no,no,no
CACNA1S,no,yes,no,no,no,no
TOR1AIP1,no,yes,no,no,no,no
RPE65,no,yes,no,no,no,no
RYR2,no,yes,no,no,no,no
QDPR,no,yes,yes,no,no,no
TAP1,no,yes,no,no,no,no
RNF5,no,yes,no,no,no,no
PIGM,no,yes,no,no,no,no
ALB,no,yes,no,no,no,no
SYVN1,no,yes,no,no,no,no
TMED9,no,yes,no,no,no,no
REEP5,no,yes,no,no,no,no
RAB6A,no,yes,no,no,no,no
SEC24A,no,yes,no,no,no,no
CTSA,no,yes,no,no,no,no
PNPLA2,no,yes,no,no,no,no
RAB2A,no,yes,no,no,no,no
PLEKHF2,no,yes,no,no,no,no
TNFRSF22,no,yes,no,no,no,no
TNFRSF23,no,yes,no,no,no,no
TNFRSF26,no,yes,no,no,no,no
TMTC3,no,yes,no,no,no,no
GSR,no,yes,yes,no,no,no
EDEM2,no,yes,no,no,no,no
ATF6B,no,yes,no,yes,no,no
TUSC3,no,yes,no,no,no,no
TAP2,no,yes,no,no,no,no
ABCD4,no,yes,no,no,no,no
NPLOC4,no,yes,no,no,no,no
SEC13,no,yes,no,no,no,no
LMBRD1,no,yes,no,no,no,no
SEC62,no,yes,no,no,no,no
GET3,no,yes,no,no,no,no
CRH,no,yes,no,no,no,no
ICAM1,no,yes,no,no,no,no
CHERP,no,yes,no,no,no,no
BACE1,no,yes,no,no,no,no
HTRA2,no,yes,yes,no,no,yes
ATR,no,yes,no,no,no,yes
MAN1B1,no,yes,no,no,no,no
SFTPC,no,yes,no,no,no,no
MBTPS1,no,yes,no,no,no,no
COL2A1,no,yes,no,no,no,no
SEC61A1,no,yes,no,no,no,no
PPP1CA,no,yes,no,no,no,no
ASPH,no,yes,no,no,no,no
UMOD,no,yes,no,no,no,no
TMEM41B,no,yes,no,no,no,no
SPCS2,no,yes,no,no,no,no
RNF183,no,yes,no,no,no,no
TMED1,no,yes,no,no,no,no
UBQLN1,no,yes,no,no,no,no
DYSF,no,yes,no,no,no,no
VKORC1,no,yes,no,no,no,no
TMEM259,no,yes,no,no,no,no
ARL6IP5,no,yes,no,no,no,no
GANAB,no,yes,no,no,no,no
ARSA,no,yes,no,no,no,no
ERN2,no,yes,no,no,no,no
PSMD2,no,yes,no,no,no,no
RNF185,no,yes,no,no,no,no
UBE2J1,no,yes,no,no,no,no
PABPC6,no,yes,no,no,no,no
PABPC2,no,yes,no,no,no,no
COMT,no,yes,yes,no,no,no
XDH,no,yes,no,no,no,no
DNAJB9,no,yes,no,no,no,no
SOD2,no,yes,yes,no,no,yes
TRAM1,no,yes,no,no,no,no
USO1,no,yes,no,no,no,no
TIA1,no,yes,no,no,no,no
GRAMD1A,no,yes,no,no,no,no
G3BP2,no,yes,no,no,no,no
VIM,no,yes,no,no,no,no
CDKN1A,no,yes,no,no,no,yes
CYB5R3,no,yes,yes,no,no,no
TEX264,no,yes,no,no,no,no
YKT6,no,yes,no,no,no,no
KDELR1,no,yes,no,no,no,no
AGR3,no,yes,no,no,no,no
DDX3X,no,yes,no,no,no,no
STIP1,no,yes,no,no,no,no
INSIG1,no,yes,no,no,no,no
SLC26A4,no,yes,no,no,no,no
PLOD3,no,yes,no,no,no,no
SGK1,no,yes,no,no,yes,no
KRAS,no,yes,no,no,no,no
MAPK9,no,yes,no,no,no,no
PON1,no,yes,no,no,no,no
SAR1A,no,yes,no,no,no,no
ARL6IP1,no,yes,no,no,no,no
CREB3L2,no,yes,no,yes,no,no
TMBIM6,no,yes,no,no,no,no
ALG12,no,yes,no,no,no,no
TCAP,no,yes,no,no,no,no
HSP90AB1,no,yes,no,no,no,no
TH,no,yes,no,no,no,no
PRNP,no,yes,no,no,yes,no
SIL1,no,yes,no,no,no,no
PCNA,no,yes,no,no,no,no
NGLY1,no,yes,no,no,no,no
MAOB,no,yes,yes,no,no,no
KCNJ2,no,yes,no,no,no,no
TRIB3,no,yes,no,no,yes,no
P4HTM,no,yes,no,no,no,no
DPM1,no,yes,no,no,no,no
FLNA,no,yes,no,no,yes,no
SELENON,no,yes,no,no,no,no
SELENOF,no,yes,no,no,no,no
SPTLC1,no,yes,no,no,no,no
PSEN1,no,yes,no,no,yes,no
EIF2S1,no,yes,no,no,no,no
ASB11,no,yes,no,no,no,no
TXNDC5,no,yes,no,no,no,no
HERPUD2,no,yes,no,no,no,no
UFL1,no,yes,no,no,yes,no
CASP2,no,yes,no,no,no,yes
ZFYVE27,no,yes,no,no,no,no
NPY,no,yes,no,no,no,no
AKAP9,no,yes,no,no,no,no
RRBP1,no,yes,no,no,no,no
SEL1L,no,yes,no,no,no,no
CANX,no,yes,no,no,no,no
AGTR1A,no,yes,no,no,no,yes
AGTR1B,no,yes,no,no,no,no
OSBP,no,yes,no,no,no,no
SLC25A4,no,yes,yes,no,no,yes
SRPRA,no,yes,no,no,no,no
POMT1,no,yes,no,no,no,no
ESR1,no,yes,no,yes,no,no
UBA52,no,yes,no,no,no,no
SLC39A7,no,yes,no,no,no,no
ALG9,no,yes,no,no,no,no
BAG3,no,yes,no,no,no,no
G6PC1,no,yes,no,no,no,no
MAOA,no,yes,yes,no,no,no
MAPK10,no,yes,no,no,no,no
EMC6,no,yes,no,no,no,no
TAPBP,no,yes,no,no,no,no
IKBKG,no,yes,no,no,yes,no
SAR1B,no,yes,no,no,no,no
HACD3,no,yes,no,no,no,no
G6PD2,no,yes,no,no,no,no
APEX1,no,yes,yes,no,yes,no
STT3B,no,yes,no,no,no,no
IKBKB,no,yes,no,no,yes,yes
BCAP31,no,yes,no,no,no,no
CYP1A1,no,yes,no,no,no,no
CLN3,no,yes,no,no,no,no
DMPK,no,yes,yes,no,no,no
ERP44,no,yes,no,no,no,no
TMCO1,no,yes,no,no,no,no
ZMPSTE24,no,yes,no,no,no,yes
TMEM38B,no,yes,no,no,no,no
ABCD1,no,yes,yes,no,no,no
GRAMD1B,no,yes,no,no,no,no
BTRC,no,yes,no,no,yes,no
ATP1A3,no,yes,no,no,no,no
EBP,no,yes,no,no,no,no
CASQ2,no,yes,no,no,no,no
GSTM1,no,yes,no,no,no,no
GSTM6,no,yes,no,no,no,no
GSTM3,no,yes,no,no,no,no
GSTM2,no,yes,no,no,no,no
ATP2A2,no,yes,no,no,no,no
SEC24B,no,yes,no,no,no,no
STX17,no,yes,yes,no,no,no
SLC22A21,no,yes,no,no,no,no
SLC22A5,no,yes,no,no,no,no
FAM20C,no,yes,no,no,no,no
FKBP10,no,yes,yes,no,no,no
KTN1,no,yes,no,no,no,no
EIF2AK4,no,yes,no,no,no,no
CAPRIN1,no,yes,no,no,no,no
GABARAP,no,yes,no,no,no,no
MPDU1,no,yes,no,no,no,no
CRTAP,no,yes,no,no,no,no
G6PC3,no,yes,no,no,no,no
UBB,no,yes,no,no,no,no
ATP2A3,no,yes,no,no,no,no
MSRB3,no,yes,yes,no,no,no
NOS3,no,yes,no,no,no,yes
SPAST,no,yes,no,no,no,no
ERP29,no,yes,no,no,no,no
SEC31A,no,yes,no,no,no,no
CAMK2B,no,yes,no,no,no,no
ALG14,no,yes,no,no,no,no
EIF4G1,no,yes,no,no,no,no
NPHS2,no,yes,no,no,no,no
RETREG2,no,yes,no,no,no,no
ERLIN2,no,yes,no,no,no,no
TMEM214,no,yes,no,no,no,no
DNM1L,no,yes,yes,no,no,no
JKAMP,no,yes,no,no,no,no
JKAMPL,no,yes,no,no,no,no
SERPINA1E,no,yes,no,no,no,no
SERPINA1A,no,yes,no,no,no,no
SERPINA1B,no,yes,no,no,no,no
SERPINA1C,no,yes,no,no,no,no
SERPINA1D,no,yes,no,no,no,no
NEU1,no,yes,no,no,no,no
DNAJC16,no,yes,no,no,no,no
NOL3,no,yes,no,no,no,no
EMC7,no,yes,no,no,no,no
C2CD2L,no,yes,no,no,no,no
IGF2BP1,no,yes,no,no,no,no
BRAF,no,yes,no,no,no,no
LRRC59,no,yes,no,no,no,no
DPAGT1,no,yes,no,no,no,no
ESYT2,no,yes,no,no,no,no
MAP2K6,no,yes,no,no,no,no
CLN8,no,yes,no,no,no,no
DGAT1,no,yes,no,no,no,yes
CDK5RAP3,no,yes,no,no,yes,no
YIPF5,no,yes,no,no,no,no
PPP1CB,no,yes,no,no,no,no
ZW10,no,yes,no,no,no,no
LPL,no,yes,no,no,no,no
JAK2,no,yes,no,no,yes,no
PLN,no,yes,no,no,no,no
KCNH2,no,yes,no,no,no,no
SRP68,no,yes,no,no,no,no
MAP2K7,no,yes,no,no,no,no
PPT1,no,yes,no,no,no,no
HADHA,no,yes,yes,no,no,no
MAP3K5,no,yes,no,no,no,no
GOLGA2,no,yes,no,no,no,no
MAP2K4,no,yes,no,no,no,no
CLU,no,yes,no,no,yes,no
SGTA,no,yes,no,no,no,no
ERO1A,no,yes,no,no,no,no
SEC61G,no,yes,no,no,no,no
SERPINH1,no,yes,no,no,no,no
CALM3,no,yes,no,no,no,no
MAPK13,no,yes,no,no,no,no
TMEM258,no,yes,no,no,no,no
TMED2,no,yes,no,no,no,no
DNAJB14,no,yes,no,no,no,no
SEC63,no,yes,no,no,no,no
C9ORF72,no,yes,no,no,no,no
TMED4,no,yes,no,no,no,no
CRHR1,no,yes,no,no,no,no
PARP16,no,yes,no,no,no,no
HEXA,no,yes,no,no,no,no
MYH7,no,yes,no,no,no,no
SLC25A13,no,yes,yes,no,no,no
FKBP5,no,yes,no,no,no,no
FUS,no,yes,no,no,yes,no
FGFR3,no,yes,no,no,no,no
CERT1,no,yes,no,no,no,no
SEC11A,no,yes,no,no,no,no
SUMF1,no,yes,no,no,no,no
RNF170,no,yes,no,no,no,no
PKD2,no,yes,no,no,no,no
KCNJ11,no,yes,no,no,no,no
WFS1,no,yes,no,no,no,no
RTN1,no,yes,no,no,no,no
MPI,no,yes,no,no,no,no
HSP90B1,no,yes,no,no,no,no
ATP13A1,no,yes,no,no,no,no
SHISA5,no,yes,no,no,no,no
PRDX6B,no,yes,no,no,no,no
CASP9,no,yes,yes,no,no,no
PRKCD,no,yes,no,no,no,no
PACS2,no,yes,no,no,no,no
LRRK2,no,yes,no,no,yes,no
DES,no,yes,no,no,no,no
BRSK2,no,yes,no,no,no,no
SEC24C,no,yes,no,no,no,no
SIGMAR1,no,yes,no,no,no,no
SURF4,no,yes,no,no,no,no
RNFT1,no,yes,no,no,no,no
SGCD,no,yes,no,no,no,no
SCARA3,no,yes,no,no,no,no
PPP1R15A,no,yes,no,no,no,no
PCSK9,no,yes,no,no,no,no
NOTCH2,no,yes,no,no,yes,no
HMGCLL1,no,yes,no,no,no,no
SRP54C,no,yes,no,no,no,no
SRP54B,no,yes,no,no,no,no
SRP54A,no,yes,no,no,no,no
ANO5,no,yes,no,no,no,no
FKTN,no,yes,no,no,no,no
EIF2B5,no,yes,no,no,no,no
REEP1,no,yes,no,no,no,no
CASP7,no,yes,no,no,no,no
GNE,no,yes,no,no,no,no
CYP17A1,no,yes,no,no,no,no
JPH4,no,yes,no,no,no,no
CALR,no,yes,no,no,yes,no
OSBPL8,no,yes,no,no,no,no
PIK3R1,no,yes,no,no,yes,no
SCFD1,no,yes,no,no,no,no
MDM2,no,yes,no,no,yes,no
VCP,no,yes,no,no,no,no
UBXN4,no,yes,no,no,no,no
CYP21A1,no,yes,no,no,no,no
CLN6,no,yes,no,no,no,no
RCN2,no,yes,no,no,no,no
ZC3H12A,no,yes,no,no,no,no
BAG6,no,yes,no,no,no,no
NOD2,no,yes,no,no,yes,no
BSCL2,no,yes,no,no,no,no
ANXA2,no,yes,no,no,no,no
BRCA1,no,yes,no,no,yes,yes
NCK1,no,yes,no,no,yes,no
CALM1,no,yes,no,no,no,no
STIM1,no,yes,no,no,no,no
MET,no,yes,no,no,no,no
RHBDD1,no,yes,no,no,no,no
ACTB,no,yes,no,no,yes,no
ZDHHC6,no,yes,no,no,no,no
GAA,no,yes,no,no,no,no
CFTR,no,yes,no,no,no,no
PON2,no,yes,no,no,no,no
UCP2,no,yes,yes,no,no,yes
KPNB1,no,yes,no,no,no,no
CNIH4,no,yes,no,no,no,no
RPL5,no,yes,no,no,no,no
BFAR,no,yes,no,no,no,no
STX18,no,yes,no,no,no,no
TRDN,no,yes,no,no,no,no
YWHAE,no,yes,no,no,no,no
NSF,no,yes,no,no,no,no
CREB3L3,no,yes,no,yes,no,no
SNCA,no,yes,no,no,no,no
ATAD3A,no,yes,yes,no,no,no
TRAPPC11,no,yes,no,no,no,no
CREBRF,no,yes,no,yes,no,no
DPM3,no,yes,no,no,no,no
H2-EB2,no,yes,no,no,no,no
BAK1,no,yes,yes,no,no,no
FKRP,no,yes,no,no,no,no
NFKB1,no,yes,no,yes,no,yes
ANK2,no,yes,no,no,no,no
TRPM4,no,yes,no,no,no,no
RAB18,no,yes,no,no,no,no
PIK3CG,no,yes,no,no,no,no
CAMK2G,no,yes,no,no,no,no
P4HB,no,yes,no,no,no,no
ELN,no,yes,no,no,no,no
SLC30A5,no,yes,no,no,no,no
GBF1,no,yes,no,no,no,no
KIF1C,no,yes,no,no,no,no
POMGNT2,no,yes,no,no,no,no
VCL,no,yes,no,no,no,no
CALM2,no,yes,no,no,no,no
TRP53,no,yes,no,no,no,yes
CAT,no,yes,yes,no,no,yes
ITGB1,no,yes,no,no,no,no
MAP2K3,no,yes,no,no,no,no
CLCC1,no,yes,no,no,no,no
DNAJB12,no,yes,no,no,no,no
NR3C1,no,yes,no,yes,no,no
ANXA5,no,yes,no,no,no,no
TOR1AIP2,no,yes,no,no,no,no
COPE,no,yes,no,no,no,no
ATL3,no,yes,no,no,no,no
ALG1,no,yes,no,no,no,no
TMCC1,no,yes,no,no,no,no
SEC23IP,no,yes,no,no,no,no
TGFB1,no,yes,no,no,yes,no
HRC,no,yes,no,no,no,no
GET4,no,yes,no,no,no,no
ATXN2,no,yes,no,no,no,no
SGCA,no,yes,no,no,no,no
DHCR7,no,yes,no,no,no,no
CALU,no,yes,no,no,no,no
NUPR1,no,yes,no,no,no,no
EEF2,no,yes,no,no,no,no
JSRP1,no,yes,no,no,no,no
NR1H2,no,yes,no,yes,no,no
RPN1,no,yes,no,no,no,no
OS9,no,yes,no,no,no,no
ACE,no,yes,no,no,no,no
LNPK,no,yes,no,no,no,no
ERLIN1,no,yes,no,no,no,no
KCNJ5,no,yes,no,no,no,no
SLC35B1,no,yes,no,no,no,no
PLOD2,no,yes,no,no,no,no
MGST1,no,yes,yes,no,no,no
DNAJB11,no,yes,no,no,no,no
HMOX2,no,yes,no,no,no,no
PDIA2,no,yes,no,no,no,no
MAPKAPK2,no,yes,no,no,no,no
STUB1,no,yes,no,no,no,yes
EIF2AK2,no,yes,no,no,no,no
UNC93B1,no,yes,no,no,no,no
SEC22B,no,yes,no,no,no,no
EMC8,no,yes,no,no,no,no
SLMAP,no,yes,no,no,no,no
PMM2,no,yes,no,no,no,no
KDELR2,no,yes,no,no,no,no
PRKACA,no,yes,yes,no,no,no
SERPINI1,no,yes,no,no,no,no
RETREG3,no,yes,no,no,no,no
CLCN1,no,yes,no,no,no,no
PPP1R12A,no,yes,no,no,no,no
STT3A,no,yes,no,no,no,no
ICMT,no,yes,no,no,no,no
RTN3,no,yes,no,no,no,no
ATP1A1,no,yes,no,no,no,no
LBR,no,yes,no,no,no,no
SMPD4,no,yes,no,no,no,no
CYBA,no,yes,no,no,no,no
TMEM94,no,yes,no,no,no,no
CTSD,no,yes,no,no,no,no
TECR,no,yes,no,no,no,no
PINK1,no,yes,yes,no,yes,no
UBC,no,yes,no,no,no,no
SCAP,no,yes,no,no,no,no
INSIG2,no,yes,no,no,no,no
GAPDH,no,yes,no,no,no,no
GAPDHRT,no,yes,no,no,no,no
GAPDHRT2,no,yes,no,no,no,no
RHOA,no,yes,no,no,yes,no
RTN4,no,yes,no,no,no,no
GM10053,no,yes,no,no,no,no
CYCS,no,yes,yes,no,no,no
SLC8A1,no,yes,no,no,no,no
ERLEC1,no,yes,no,no,no,no
COPG1,no,yes,no,no,no,no
SRPRB,no,yes,no,no,no,no
PRDX5,no,yes,yes,no,yes,no
ERGIC2,no,yes,no,no,no,no
VMP1,no,yes,no,no,no,no
SLC6A4,no,yes,no,no,no,no
CAPN2,no,yes,no,no,no,no
ALG8,no,yes,no,no,no,no
OSBPL5,no,yes,no,no,no,no
TMEM117,no,yes,no,no,no,no
ATP2A1,no,yes,no,no,no,no
AUP1,no,yes,no,no,no,no
HSPD1,no,yes,yes,no,no,no
ESYT1,no,yes,no,no,no,no
HSD17B12,no,yes,no,no,no,no
GPER1,no,yes,no,no,no,no
PRKCA,no,yes,no,no,no,no
CCDC47,no,yes,no,no,no,no
PNKD,no,yes,yes,no,no,no
AGR2,no,yes,no,no,no,no
COPB1,no,yes,no,no,no,no
LEP,no,yes,no,no,no,no
SUMF2,no,yes,no,no,no,no
RAC1,no,yes,no,no,no,no
ALG6,no,yes,no,no,no,no
CPT2,no,yes,yes,no,no,no
CDK5,no,yes,no,no,yes,no
RPA1,no,yes,no,no,no,no
RINT1,no,yes,no,no,no,no
H6PD,no,yes,no,no,no,no
GBA1,no,yes,no,no,no,no
TNFSF10,no,yes,no,no,no,no
COL1A1,no,yes,no,no,no,yes
VCAM1,no,yes,no,no,no,no
BDNF,no,yes,no,no,no,no
RFT1,no,yes,no,no,no,no
CANT1,no,yes,no,no,no,no
ASNS,no,yes,no,no,no,no
OSBPL3,no,yes,no,no,no,no
STARD3,no,yes,no,no,no,no
NBAS,no,yes,no,no,no,no
INPP5K,no,yes,no,no,no,no
CCDC88B,no,yes,no,no,no,no
EIF2AK1,no,yes,no,no,no,no
CASP8,no,yes,yes,no,no,no
DERL2,no,yes,no,no,no,no
HAX1,no,yes,no,no,no,no
RCN1,no,yes,no,no,no,no
EDEM3,no,yes,no,no,no,no
SCN5A,no,yes,no,no,no,no
SSR2,no,yes,no,no,no,no
TEX2,no,yes,no,no,no,no
QRICH1,no,yes,no,no,no,no
SACM1L,no,yes,no,no,no,no
YBX1,no,yes,no,yes,no,no
IL1A,no,yes,no,no,no,no
P3H4,no,yes,no,no,no,no
TFG,no,yes,no,no,no,no
ATL2,no,yes,no,no,no,no
CASQ1,no,yes,no,no,no,no
RER1,no,yes,no,no,no,no
MAPT,no,yes,no,no,no,no
UBE2J2,no,yes,no,no,no,no
SHC1,no,yes,no,no,no,yes
PDIA6,no,yes,no,no,no,no
DNAJC10,no,yes,no,no,no,no
DHCR24,no,yes,no,no,no,no
MIA3,no,yes,no,no,no,no
TARDBP,no,yes,no,no,no,no
SLC2A1,no,yes,no,no,no,no
RPS27A,no,yes,no,no,no,no
EMC1,no,yes,no,no,no,no
PRKRA,no,yes,no,no,no,no
FN1,no,yes,no,no,no,yes
PLOD1,no,yes,no,no,no,no
CUL3,no,yes,no,no,no,no
DHDDS,no,yes,no,no,no,no
ATF2,no,yes,no,yes,no,no
RAB10,no,yes,no,no,no,no
BOK,no,yes,yes,no,no,no
UGGT1,no,yes,no,no,no,no
SOAT1,no,yes,no,no,no,no
LMAN2L,no,yes,no,no,no,no
RAB1A,no,yes,no,no,no,no
UBAP2L,no,yes,no,no,no,no
PREB,no,yes,no,yes,no,no
WLS,no,yes,no,no,no,no
GORASP2,no,yes,no,no,no,no
PARP1,no,yes,no,no,no,yes
P3H1,no,yes,no,no,no,no
HSD11B1,no,yes,no,no,no,no
MFN2,no,yes,yes,no,no,no
PSEN2,no,yes,no,no,no,no
LMNA,no,yes,no,no,no,yes
MR1,no,yes,no,no,no,no
RPL11,no,yes,no,no,no,no
COPA,no,yes,no,no,no,no
MYOC,no,yes,no,no,no,no
AHCYL1,no,yes,yes,no,no,no
EXOSC8,no,yes,no,no,no,no
DCSTAMP,no,yes,no,no,no,no
DCP2,no,yes,no,no,no,no
GSK3A,no,yes,no,no,no,yes
CXXC1,no,yes,no,no,yes,no
DIS3,no,yes,no,no,no,no
EIF2S2,no,yes,no,no,no,no
CTDSP2,no,yes,no,no,no,no
TATDN2,no,yes,no,no,no,no
TLN1,no,yes,no,no,no,no
PLA2G4B,no,yes,no,no,no,no
ARFGAP1,no,yes,no,no,no,no
EXOSC4,no,yes,no,no,no,no
EXOSC1,no,yes,no,no,no,no
IGFBP1,no,yes,no,no,no,no
EXOSC6,no,yes,no,no,no,no
EXOSC5,no,yes,no,no,no,no
HDGF,no,yes,no,no,yes,no
EXOSC7,no,yes,no,no,no,no
PDIA5,no,yes,no,no,no,no
TPP1,no,yes,no,no,no,no
EXTL3,no,yes,no,no,no,no
EXOSC2,no,yes,no,no,no,no
ADD1,no,yes,no,no,no,no
TSPYL2,no,yes,no,no,yes,no
EXOSC3,no,yes,no,no,no,no
EXTL1,no,yes,no,no,no,no
CUL7,no,yes,no,no,no,no
NFYA,no,yes,no,yes,no,no
DDX11,no,yes,no,no,no,no
ACADVL,no,yes,yes,no,no,no
EXOSC9,no,yes,no,no,no,no
EXTL2,no,yes,no,no,no,no
KLHDC3,no,yes,no,no,no,no
PARN,no,yes,no,no,no,no
SULT5A1,no,yes,no,no,no,no
CREB3L4,no,yes,no,yes,no,no
NFYC,no,yes,no,yes,no,no
NFYB,no,yes,no,yes,no,no
PPP2R5B,no,yes,no,no,no,no
ZBTB17,no,yes,no,yes,no,no
DCTN1,no,yes,no,no,no,no
H2AX,no,yes,no,no,no,no
EIF4EBP1,no,yes,no,no,no,no
NPM1,no,yes,no,no,yes,no
TARS1,no,yes,no,no,no,no
EIF4A2,no,yes,no,no,no,no
TUBB2A,no,yes,no,no,no,no
YWHAZ,no,yes,no,no,no,no
KIF5B,no,yes,no,no,no,no
NHP2,no,yes,no,no,no,no
ATP6V0D1,no,yes,no,no,no,no
SLC7A5,no,yes,no,no,no,no
MTHFD2,no,yes,yes,no,no,no
BANF1,no,yes,no,no,no,no
LSM4,no,yes,no,no,no,no
EXOSC10,no,yes,no,no,no,no
CNOT4,no,yes,no,no,no,no
DKC1,no,yes,no,no,no,no
ALDH18A1,no,yes,yes,no,no,no
CKS1B,no,yes,no,no,no,no
POP4,no,yes,no,no,no,no
EXOC2,no,yes,no,no,no,no
NOP56,no,yes,no,no,no,no
LSM1,no,yes,no,no,no,no
IMP3,no,yes,no,no,no,no
SPCS1,no,yes,no,no,no,no
NOLC1,no,yes,no,no,no,no
CNOT2,no,yes,no,no,yes,no
MTREX,no,yes,no,no,no,no
XPOT,no,yes,no,no,no,no
NOP14,no,yes,no,no,no,no
DCP1A,no,yes,no,no,no,no
NABP1,no,yes,no,no,no,no
EIF4A3,no,yes,no,no,no,no
ARXES2,no,yes,no,no,no,no
DDX10,no,yes,no,no,no,no
DNAJA4,no,yes,no,no,no,no
SLC1A4,no,yes,no,no,no,no
SDAD1,no,yes,no,no,no,no
CNOT6,no,yes,no,no,yes,no
IARS1,no,yes,no,no,no,no
PSAT1,no,yes,no,no,no,no
RRP9,no,yes,no,no,no,no
PAIP1,no,yes,no,no,no,no
EDC4,no,yes,no,no,no,no
GEMIN4,no,yes,no,no,no,no
SKIC3,no,yes,no,no,no,no
EIF4A1,no,yes,no,no,no,no
RPS14,no,yes,no,no,no,no
CYC1,no,no,yes,no,no,no
ATP5D,no,no,yes,no,no,no
PDHB,no,no,yes,no,no,no
UQCRC1,no,no,yes,no,no,no
COQ9,no,no,yes,no,no,no
MRPL12,no,no,yes,no,no,no
MRPS35,no,no,yes,no,no,no
COX5A,no,no,yes,no,no,no
UQCRFS1,no,no,yes,no,no,no
COQ7,no,no,yes,no,no,yes
SDHA,no,no,yes,no,no,no
SDHB,no,no,yes,no,no,no
ATP5A1,no,no,yes,no,no,no
SDHAF4,no,no,yes,no,no,no
PMPCB,no,no,yes,no,no,no
SDHD,no,no,yes,no,no,no
UQCRC2,no,no,yes,no,no,no
COQ5,no,no,yes,no,no,no
OGDH,no,no,yes,no,no,no
UQCRQ,no,no,yes,no,no,no
MDH2,no,no,yes,no,no,no
DBT,no,no,yes,no,no,no
DLAT,no,no,yes,no,no,no
LRPPRC,no,no,yes,no,yes,no
MRPL53,no,no,yes,no,no,no
DLST,no,no,yes,no,no,no
PDHX,no,no,yes,no,no,no
GFM1,no,no,yes,no,no,no
GRPEL1,no,no,yes,no,no,no
MPC2,no,no,yes,no,no,no
UQCR10,no,no,yes,no,no,no
COQ3,no,no,yes,no,no,no
ATP5E,no,no,yes,no,no,no
SLC25A3,no,no,yes,no,no,no
MRPL34,no,no,yes,no,no,no
MRPS15,no,no,yes,no,no,no
SDHC,no,no,yes,no,no,no
ATP5B,no,no,yes,no,no,no
MRPS23,no,no,yes,no,no,no
FH1,no,no,yes,no,no,no
MRPS27,no,no,yes,no,no,no
ISCA1,no,no,yes,no,no,no
IDH3A,no,no,yes,no,no,no
NDUFS1,no,no,yes,no,no,no
AUH,no,no,yes,no,no,no
AFG3L2,no,no,yes,no,no,no
PMPCA,no,no,yes,no,no,no
COX11,no,no,yes,no,no,no
SUCLA2,no,no,yes,no,no,no
LARS2,no,no,yes,no,no,no
ATP5O,no,no,yes,no,no,no
MRPL46,no,no,yes,no,no,no
COX15,no,no,yes,no,no,no
HIGD2A,no,no,yes,no,no,no
UQCRH,no,no,yes,no,no,no
ETFDH,no,no,yes,no,no,no
TIMM10,no,no,yes,no,no,no
ECHS1,no,no,yes,no,no,no
BCKDHA,no,no,yes,no,no,no
SUCLG1,no,no,yes,no,no,no
CS,no,no,yes,no,no,no
COX6A1,no,no,yes,no,no,no
ACADS,no,no,yes,no,no,no
NDUFV2,no,no,yes,no,no,no
IARS2,no,no,yes,no,no,no
COQ6,no,no,yes,no,no,no
ATP5K,no,no,yes,no,no,no
IDH3B,no,no,yes,no,no,no
NDUFA6,no,no,yes,no,no,no
LETM1,no,no,yes,no,no,no
ATPAF2,no,no,yes,no,no,no
RTN4IP1,no,no,yes,no,no,no
MRPL43,no,no,yes,no,no,no
ABHD11,no,no,yes,no,no,no
TIMM50,no,no,yes,no,no,no
MRPL28,no,no,yes,no,no,no
SDHAF2,no,no,yes,no,no,no
NDUFB8,no,no,yes,no,no,no
DLD,no,no,yes,no,no,no
NDUFS2,no,no,yes,no,no,no
NDUFV1,no,no,yes,no,no,no
OPA1,no,no,yes,no,no,no
IMMT,no,no,yes,no,no,no
APOOL,no,no,yes,no,no,no
LONP1,no,no,yes,no,no,no
LETMD1,no,no,yes,no,no,no
PDK4,no,no,yes,no,no,no
MTIF2,no,no,yes,no,no,no
NDUFS8,no,no,yes,no,no,no
NDUFS7,no,no,yes,no,no,no
MRRF,no,no,yes,no,no,no
MRPL2,no,no,yes,no,no,no
GFM2,no,no,yes,no,no,no
TIMM9,no,no,yes,no,no,no
PITRM1,no,no,yes,no,no,no
SUPV3L1,no,no,yes,no,no,no
MRPL1,no,no,yes,no,no,no
ACO2,no,no,yes,no,no,no
SAMM50,no,no,yes,no,no,no
MRPS2,no,no,yes,no,no,no
SURF1,no,no,yes,no,no,yes
MRPL44,no,no,yes,no,no,no
PHB,no,no,yes,yes,no,no
GUF1,no,no,yes,no,no,no
POLRMT,no,no,yes,no,no,no
GHITM,no,no,yes,no,no,no
TIMM13,no,no,yes,no,no,no
MRPL10,no,no,yes,no,no,no
MTO1,no,no,yes,no,no,no
COX7A2,no,no,yes,no,no,no
ATP5J,no,no,yes,no,no,no
IBA57,no,no,yes,no,no,no
MRPL40,no,no,yes,no,no,no
HIBCH,no,no,yes,no,no,no
NDUFS6,no,no,yes,no,no,no
OXCT1,no,no,yes,no,no,no
GATD3A,no,no,yes,no,no,no
NDUFB9,no,no,yes,no,no,no
COX6C,no,no,yes,no,no,no
NDUFB5,no,no,yes,no,no,no
HADH,no,no,yes,no,no,no
LIAS,no,no,yes,no,no,no
NFS1,no,no,yes,no,no,no
FDX1,no,no,yes,no,no,no
MRM1,no,no,yes,no,no,no
MRPS18A,no,no,yes,no,no,no
MALSU1,no,no,yes,no,no,no
GATB,no,no,yes,no,no,no
YARS2,no,no,yes,no,no,no
IDH3G,no,no,yes,no,no,no
MRPS28,no,no,yes,no,no,no
TIMM44,no,no,yes,no,no,no
CLPX,no,no,yes,no,no,no
MRPL3,no,no,yes,no,no,no
MECR,no,no,yes,no,no,no
SLC25A20,no,no,yes,no,no,no
MTCH2,no,no,yes,no,no,no
PDK2,no,no,yes,no,no,no
COX6B1,no,no,yes,no,no,no
MRPL4,no,no,yes,no,no,no
MRPS14,no,no,yes,no,no,no
NDUFA9,no,no,yes,no,no,no
NDUFA2,no,no,yes,no,no,no
ISCU,no,no,yes,no,no,no
C1QBP,no,no,yes,no,yes,no
AFG1L,no,no,yes,no,no,no
MICOS10,no,no,yes,no,no,no
COX17,no,no,yes,no,no,no
UQCC1,no,no,yes,no,no,no
MRPL33,no,no,yes,no,no,no
ACADL,no,no,yes,no,no,no
PHB2,no,no,yes,no,no,no
BCKDHB,no,no,yes,no,no,no
MRPS12,no,no,yes,no,no,no
MCAT,no,no,yes,no,no,no
MRPL24,no,no,yes,no,no,no
MRPL13,no,no,yes,no,no,no
PCCA,no,no,yes,no,no,no
MRPL17,no,no,yes,no,no,no
COX4I1,no,no,yes,no,no,no
NDUFAF4,no,no,yes,no,no,no
SLC25A35,no,no,yes,no,no,no
DAP3,no,no,yes,no,no,no
ATP5C1,no,no,yes,no,no,no
TIMM8B,no,no,yes,no,no,no
SDHAF1,no,no,yes,no,no,no
MRPL15,no,no,yes,no,no,no
ALAS1,no,no,yes,no,no,no
CMC2,no,no,yes,no,no,no
PPTC7,no,no,yes,no,no,no
BCKDK,no,no,yes,no,no,no
TXN2,no,no,yes,no,no,no
SUCLG2,no,no,yes,no,no,no
NDUFB6,no,no,yes,no,no,no
NDUFA5,no,no,yes,no,no,no
MTX2,no,no,yes,no,no,no
OGDHL,no,no,yes,no,no,no
ACAT1,no,no,yes,no,no,no
ECHDC3,no,no,yes,no,no,no
MRPL21,no,no,yes,no,no,no
NFU1,no,no,yes,no,no,no
MRPL55,no,no,yes,no,no,no
TACO1,no,no,yes,no,no,no
SDHAF3,no,no,yes,no,no,no
MRPL11,no,no,yes,no,no,no
ECHDC2,no,no,yes,no,no,no
COX5B,no,no,yes,no,no,no
ACADSB,no,no,yes,no,no,no
ERAL1,no,no,yes,no,no,no
ABCB10,no,no,yes,no,no,no
BCS1L,no,no,yes,no,no,no
CMC1,no,no,yes,no,no,no
ME3,no,no,yes,no,no,no
LYRM7,no,no,yes,no,no,no
TSFM,no,no,yes,no,no,no
ETHE1,no,no,yes,no,no,no
ALDH4A1,no,no,yes,no,no,no
COA6,no,no,yes,no,no,no
COQ4,no,no,yes,no,no,no
IVD,no,no,yes,no,no,no
SLC25A1,no,no,yes,no,no,no
SLC25A42,no,no,yes,no,no,no
ABCB8,no,no,yes,no,no,no
NDUFS5,no,no,yes,no,no,no
MRPS7,no,no,yes,no,no,no
MCCC1,no,no,yes,no,no,no
MRPL49,no,no,yes,no,no,no
NDUFAF5,no,no,yes,no,no,no
MRPS9,no,no,yes,no,no,no
NDUFB10,no,no,yes,no,no,no
DNAJA3,no,no,yes,no,yes,no
MRPL19,no,no,yes,no,no,no
MIPEP,no,no,yes,no,no,no
TOMM40L,no,no,yes,no,no,no
ADHFE1,no,no,yes,no,no,no
COQ8A,no,no,yes,no,no,no
BDH1,no,no,yes,no,no,no
TOMM7,no,no,yes,no,no,no
HCCS,no,no,yes,no,no,no
MRPL16,no,no,yes,no,no,no
PRODH,no,no,yes,no,no,no
MRPL30,no,no,yes,no,no,no
NDUFA10,no,no,yes,no,no,no
MARS2,no,no,yes,no,no,no
CLPP,no,no,yes,no,no,no
AK3,no,no,yes,no,no,no
SPG7,no,no,yes,no,no,no
SCO1,no,no,yes,no,no,no
ATPIF1,no,no,yes,no,no,no
CHCHD3,no,no,yes,no,yes,no
ACAD12,no,no,yes,no,no,no
HIBADH,no,no,yes,no,no,no
GATC,no,no,yes,no,no,no
COX8B,no,no,yes,no,no,no
CLPB,no,no,yes,no,no,no
TMEM126A,no,no,yes,no,no,no
ALDH6A1,no,no,yes,no,no,no
MRPS18C,no,no,yes,no,no,no
PDK1,no,no,yes,no,no,no
PPIF,no,no,yes,no,no,no
LYRM4,no,no,yes,no,no,no
ACAA2,no,no,yes,no,no,no
NDUFA7,no,no,yes,no,no,no
MRPL35,no,no,yes,no,no,no
PCCB,no,no,yes,no,no,no
COQ2,no,no,yes,no,no,no
MRPL20,no,no,yes,no,no,no
TIMM17A,no,no,yes,no,no,no
TIMM22,no,no,yes,no,no,no
MRPL54,no,no,yes,no,no,no
TOMM22,no,no,yes,no,no,no
CRAT,no,no,yes,no,no,no
MRPS5,no,no,yes,no,no,no
DHTKD1,no,no,yes,no,no,no
TMEM70,no,no,yes,no,no,no
ALKBH7,no,no,yes,no,no,no
MRPS22,no,no,yes,no,no,no
UQCRB,no,no,yes,no,no,no
COX7C,no,no,yes,no,no,no
NDUFAF1,no,no,yes,no,no,no
ACAD8,no,no,yes,no,no,no
WARS2,no,no,yes,no,no,no
MRPS34,no,no,yes,no,no,no
NDUFV3,no,no,yes,no,no,no
NDUFB2,no,no,yes,no,no,no
SLC25A12,no,no,yes,no,no,no
SLC25A5,no,no,yes,no,no,no
MRPS21,no,no,yes,no,no,no
MSRB2,no,no,yes,no,no,no
CHCHD10,no,no,yes,no,no,no
SLC25A30,no,no,yes,no,no,no
SLC25A10,no,no,yes,no,no,no
SLC25A19,no,no,yes,no,no,no
SMDT1,no,no,yes,no,no,no
MRPL22,no,no,yes,no,no,no
MRPS10,no,no,yes,no,no,no
AFG3L1,no,no,yes,no,no,no
FDXR,no,no,yes,no,no,no
SLIRP,no,no,yes,no,no,no
POLDIP2,no,no,yes,no,no,no
ACSF3,no,no,yes,no,no,no
OXA1L,no,no,yes,no,no,no
ATP5L,no,no,yes,no,no,no
BOLA1,no,no,yes,no,no,no
FAHD2A,no,no,yes,no,no,no
ETFRF1,no,no,yes,no,no,no
NDUFC2,no,no,yes,no,no,no
NDUFA8,no,no,yes,no,no,no
MTHFD1L,no,no,yes,no,no,no
PDK3,no,no,yes,no,no,no
COX14,no,no,yes,no,no,no
GCDH,no,no,yes,no,no,no
MRPL51,no,no,yes,no,no,no
HAGH,no,no,yes,no,no,no
MTX1,no,no,yes,no,no,no
FARS2,no,no,yes,no,no,no
CBR4,no,no,yes,no,no,no
MRPL32,no,no,yes,no,no,no
2310061I04RIK,no,no,yes,no,no,no
FDX2,no,no,yes,no,no,no
MT-CO2,no,no,yes,no,no,no
MT-ATP6,no,no,yes,no,no,no
TRAP1,no,no,yes,no,no,no
GPD2,no,no,yes,no,no,no
ABCB7,no,no,yes,no,no,no
GLUD1,no,no,yes,no,no,no
TUFM,no,no,yes,no,no,no
STOML2,no,no,yes,no,no,no
DHRS4,no,no,yes,no,no,no
ALDH9A1,no,no,yes,no,no,no
NARS2,no,no,yes,no,no,no
VWA8,no,no,yes,no,no,no
MRPS26,no,no,yes,no,no,no
ADCK5,no,no,yes,no,no,no
CARS2,no,no,yes,no,no,no
COX10,no,no,yes,no,no,no
NDUFB11,no,no,yes,no,no,no
PDHA2,no,no,yes,no,no,no
SSBP1,no,no,yes,no,no,no
HSCB,no,no,yes,no,no,no
MRPL27,no,no,yes,no,no,no
HINT2,no,no,yes,no,no,no
ETFB,no,no,yes,no,no,no
SLC25A15,no,no,yes,no,no,no
OXNAD1,no,no,yes,no,no,no
CYCT,no,no,yes,no,no,no
MRPL23,no,no,yes,no,no,no
MRPL9,no,no,yes,no,no,no
CHCHD1,no,no,yes,no,no,no
MMUT,no,no,yes,no,no,no
CISD1,no,no,yes,no,no,no
DARS2,no,no,yes,no,no,no
MRPL50,no,no,yes,no,no,no
COX8A,no,no,yes,no,no,no
MRPS6,no,no,yes,no,no,no
HSPE1,no,no,yes,no,no,no
PPA2,no,no,yes,no,no,no
PCX,no,no,yes,no,no,no
GLDC,no,no,yes,no,no,no
TAMM41,no,no,yes,no,no,no
ATP5G3,no,no,yes,no,no,no
MRPL38,no,no,yes,no,no,no
NDUFA12,no,no,yes,no,no,no
PDF,no,no,yes,no,no,no
ACAD10,no,no,yes,no,no,no
CCDC58,no,no,yes,no,no,no
SLC25A31,no,no,yes,no,no,no
ATP5H,no,no,yes,no,no,no
ATP5PB,no,no,yes,no,no,no
MRPL41,no,no,yes,no,no,no
TXNRD2,no,no,yes,no,no,no
MCEE,no,no,yes,no,no,no
MCCC2,no,no,yes,no,no,no
PTCD2,no,no,yes,no,no,no
AK4,no,no,yes,no,no,no
SLC25A25,no,no,yes,no,no,no
TOMM40,no,no,yes,no,no,no
CLYBL,no,no,yes,no,no,no
MTERF2,no,no,yes,no,no,no
DNAJC11,no,no,yes,no,no,no
DECR1,no,no,yes,no,no,no
NDUFAF6,no,no,yes,no,no,no
PTRH1,no,no,yes,no,no,no
RMND1,no,no,yes,no,no,no
GCAT,no,no,yes,no,no,no
PYURF,no,no,yes,no,no,no
ACSM1,no,no,yes,no,no,no
ATAD1,no,no,yes,no,no,no
TMEM14C,no,no,yes,no,no,no
C030006K11RIK,no,no,yes,no,no,no
NIT2,no,no,yes,no,no,no
SLC25A26,no,no,yes,no,no,no
TIMM21,no,no,yes,no,no,no
REXO2,no,no,yes,no,no,no
ME2,no,no,yes,no,no,no
SARS2,no,no,yes,no,no,no
DNLZ,no,no,yes,no,no,no
CKMT2,no,no,yes,no,no,no
SPRYD4,no,no,yes,no,no,no
BPHL,no,no,yes,no,no,no
CHCHD4,no,no,yes,no,no,no
MRPL37,no,no,yes,no,no,no
SLC25A51,no,no,yes,no,no,no
MTARC2,no,no,yes,no,no,no
IMMP1L,no,no,yes,no,no,no
FAM210A,no,no,yes,no,no,no
MRPS24,no,no,yes,no,no,no
TIMM17B,no,no,yes,no,no,no
HARS2,no,no,yes,no,no,no
COX16,no,no,yes,no,no,no
PDSS2,no,no,yes,no,no,no
ECI1,no,no,yes,no,no,no
NDUFS3,no,no,yes,no,no,no
HMGCS2,no,no,yes,no,no,no
L2HGDH,no,no,yes,no,no,no
ZADH2,no,no,yes,no,no,no
AURKAIP1,no,no,yes,no,yes,no
COA5,no,no,yes,no,no,no
H2-KE6,no,no,yes,no,no,no
MICOS13,no,no,yes,no,no,no
NDUFB7,no,no,yes,no,no,no
NIPSNAP2,no,no,yes,no,no,no
MRPL47,no,no,yes,no,no,no
MTRES1,no,no,yes,no,no,no
NDUFAF7,no,no,yes,no,no,no
ACAD9,no,no,yes,no,no,no
NAGS,no,no,yes,no,no,no
LDHD,no,no,yes,no,no,no
SARDH,no,no,yes,no,no,no
SPR,no,no,yes,no,no,no
NAXE,no,no,yes,no,no,no
TIMM23,no,no,yes,no,no,no
MPV17,no,no,yes,no,no,no
MTG1,no,no,yes,no,no,no
IDE,no,no,yes,no,no,no
TRNT1,no,no,yes,no,no,no
MRPS25,no,no,yes,no,no,no
MRPL14,no,no,yes,no,no,no
MRPS30,no,no,yes,no,no,no
MRPS16,no,no,yes,no,no,no
PRELID2,no,no,yes,no,no,no
SHMT2,no,no,yes,no,no,no
SUOX,no,no,yes,no,no,no
CCDC90B,no,no,yes,no,no,no
RMDN1,no,no,yes,no,no,no
ACSM5,no,no,yes,no,no,no
MRPL36,no,no,yes,no,no,no
GSTK1,no,no,yes,no,no,no
FMC1,no,no,yes,no,no,no
MRPL58,no,no,yes,no,no,no
CPT1A,no,no,yes,no,no,no
AK2,no,no,yes,no,no,no
2810006K23RIK,no,no,yes,no,no,no
THEM4,no,no,yes,no,no,no
PDSS1,no,no,yes,no,no,no
MTG2,no,no,yes,no,no,no
MRPS11,no,no,yes,no,no,no
MLYCD,no,no,yes,no,no,no
TCAIM,no,no,yes,no,no,no
NDUFC1,no,no,yes,no,no,no
RARS2,no,no,yes,no,no,no
SLC25A24,no,no,yes,no,no,no
SLC25A18,no,no,yes,no,no,no
MPC1,no,no,yes,no,no,no
TIMM8A1,no,no,yes,no,no,no
VDAC3,no,no,yes,no,no,no
AKAP1,no,no,yes,no,no,no
ECI2,no,no,yes,no,no,no
MRM2,no,no,yes,no,no,no
LIPT2,no,no,yes,no,no,no
NUBPL,no,no,yes,no,no,no
SFXN1,no,no,yes,no,no,no
SLC30A9,no,no,yes,no,yes,no
GATM,no,no,yes,no,no,no
TRIAP1,no,no,yes,no,no,no
CPOX,no,no,yes,no,no,no
XPNPEP3,no,no,yes,no,no,no
PNPLA8,no,no,yes,no,no,no
GADD45GIP1,no,no,yes,no,no,no
GFER,no,no,yes,no,no,no
NGRN,no,no,yes,no,no,no
MRPL57,no,no,yes,no,no,no
NDUFA3,no,no,yes,no,no,no
PTCD3,no,no,yes,no,no,no
MRPL45,no,no,yes,no,no,no
SLC25A16,no,no,yes,no,no,no
UCP1,no,no,yes,no,no,no
TARS2,no,no,yes,no,no,no
TRIT1,no,no,yes,no,no,no
NDUFAB1,no,no,yes,no,no,no
CSL,no,no,yes,no,no,no
SLC25A39,no,no,yes,no,no,no
PRELID3B,no,no,yes,no,no,no
ACAA1A,no,no,yes,no,no,no
ACOT13,no,no,yes,no,no,no
NDUFA13,no,no,yes,no,yes,no
AGXT2,no,no,yes,no,no,no
SELENOO,no,no,yes,no,no,no
OXLD1,no,no,yes,no,no,no
CHDH,no,no,yes,no,no,no
MSRA,no,no,yes,no,no,yes
NIT1,no,no,yes,no,no,no
COX4I2,no,no,yes,no,no,no
LACTB,no,no,yes,no,no,no
TST,no,no,yes,no,no,no
COA8,no,no,yes,no,no,no
PRODH2,no,no,yes,no,no,no
COX7B,no,no,yes,no,no,no
GLRX2,no,no,yes,no,no,no
ALDH1B1,no,no,yes,no,no,no
NDUFB3,no,no,yes,no,no,no
EHHADH,no,no,yes,no,no,no
ECHDC1,no,no,yes,no,no,no
TRMU,no,no,yes,no,no,no
VARS2,no,no,yes,no,no,no
METTL17,no,no,yes,no,no,no
AASS,no,no,yes,no,no,no
AADAT,no,no,yes,no,no,no
NDUFA11,no,no,yes,no,no,no
GM4984,no,no,yes,no,no,no
SLC25A21,no,no,yes,no,no,no
SLC25A29,no,no,yes,no,no,no
MMAB,no,no,yes,no,no,no
HSD17B4,no,no,yes,no,no,no
NNT,no,no,yes,no,no,no
TMEM11,no,no,yes,no,no,no
MRM3,no,no,yes,no,no,no
RIDA,no,no,yes,no,no,no
COX6A2,no,no,yes,no,no,no
SCO2,no,no,yes,no,no,no
COX18,no,no,yes,no,no,no
GCSH,no,no,yes,no,no,no
DMGDH,no,no,yes,no,no,no
RDH13,no,no,yes,no,no,no
LYRM2,no,no,yes,no,no,no
MAIP1,no,no,yes,no,no,no
GSTZ1,no,no,yes,no,no,no
TWNK,no,no,yes,no,no,no
TEFM,no,no,yes,no,no,no
COA3,no,no,yes,no,no,no
MCUR1,no,no,yes,no,no,no
PCK2,no,no,yes,no,no,no
ABHD10,no,no,yes,no,no,no
BC003965,no,no,yes,no,no,no
ACOT2,no,no,yes,no,no,no
ALAS2,no,no,yes,no,no,no
ACSM3,no,no,yes,no,no,no
ROMO1,no,no,yes,no,no,no
MRPL39,no,no,yes,no,no,no
RHOT2,no,no,yes,no,no,no
HIGD1A,no,no,yes,no,no,no
TBRG4,no,no,yes,no,no,no
APOO,no,no,yes,no,no,no
PDP1,no,no,yes,no,no,no
DNAJC15,no,no,yes,no,no,no
ABCD3,no,no,yes,no,no,no
CPS1,no,no,yes,no,no,no
ATP5MPL,no,no,yes,no,no,no
OAT,no,no,yes,no,no,no
HAO2,no,no,yes,no,no,no
THA1,no,no,yes,no,no,no
HADHB,no,no,yes,no,no,no
RDH14,no,no,yes,no,no,no
FASTKD1,no,no,yes,no,no,no
CAR5B,no,no,yes,no,no,no
GRPEL2,no,no,yes,no,no,no
MRPS17,no,no,yes,no,no,no
LIPT1,no,no,yes,no,no,no
SLC25A44,no,no,yes,no,no,no
DUT,no,no,yes,no,no,no
IMMP2L,no,no,yes,no,no,no
COX19,no,no,yes,no,no,no
ALDH1L2,no,no,yes,no,no,no
CHCHD2,no,no,yes,no,yes,no
PISD,no,no,yes,no,no,no
CROT,no,no,yes,no,no,no
NOA1,no,no,yes,no,no,no
NDUFAF8,no,no,yes,no,no,no
ACAA1B,no,no,yes,no,no,no
MTRF1L,no,no,yes,no,no,no
ATP23,no,no,yes,no,no,no
YME1L1,no,no,yes,no,no,no
HDHD5,no,no,yes,no,no,no
ALDH7A1,no,no,yes,no,no,no
CHCHD7,no,no,yes,no,no,no
PDPR,no,no,yes,no,no,no
NLN,no,no,yes,no,no,no
NDUFAF2,no,no,yes,no,no,no
FASTKD2,no,no,yes,no,no,no
DCAKD,no,no,yes,no,no,no
SDR39U1,no,no,yes,no,no,no
GARS,no,no,yes,no,no,no
UQCR11,no,no,yes,no,no,no
EARS2,no,no,yes,no,no,no
COX6B2,no,no,yes,no,no,no
TIMM10B,no,no,yes,no,no,no
ATPAF1,no,no,yes,no,no,no
SFXN3,no,no,yes,no,no,no
ABCD2,no,no,yes,no,no,no
SIRT5,no,no,yes,no,yes,no
NUDT13,no,no,yes,no,no,no
ACAD11,no,no,yes,no,no,no
PPOX,no,no,yes,no,no,no
D2HGDH,no,no,yes,no,no,no
DIABLO,no,no,yes,no,no,no
SLC25A45,no,no,yes,no,no,no
TTC19,no,no,yes,no,no,no
AGXT,no,no,yes,no,no,no
DGLUCY,no,no,yes,no,no,no
MTFMT,no,no,yes,no,no,no
MT-CO1,no,no,yes,no,no,no
ENDOG,no,no,yes,no,no,no
FAM162A,no,no,yes,no,no,no
ATP5J2,no,no,yes,no,no,no
TIMMDC1,no,no,yes,no,no,no
MRPS33,no,no,yes,no,no,no
TFAM,no,no,yes,yes,no,no
ECSIT,no,no,yes,no,no,no
MRS2,no,no,yes,no,no,no
MTFR1L,no,no,yes,no,no,no
LAP3,no,no,yes,no,no,no
GPT2,no,no,yes,no,no,no
GRHPR,no,no,yes,no,yes,no
STOM,no,no,yes,no,no,no
GLOD4,no,no,yes,no,no,no
TOMM6,no,no,yes,no,no,no
MRPS36,no,no,yes,no,no,no
TMEM65,no,no,yes,no,no,no
TOMM70A,no,no,yes,no,no,no
FHIT,no,no,yes,no,yes,no
OSGEPL1,no,no,yes,no,no,no
CRLS1,no,no,yes,no,no,no
MOCS1,no,no,yes,no,no,no
ALDH1L1,no,no,yes,no,no,no
RFK,no,no,yes,no,no,no
DHRS1,no,no,yes,no,no,no
POLG,no,no,yes,no,no,yes
PRELID3A,no,no,yes,no,no,no
TIMM8A2,no,no,yes,no,no,no
SLC25A14,no,no,yes,no,no,no
RHOT1,no,no,yes,no,no,no
SLC25A46,no,no,yes,no,no,no
MT-ND5,no,no,yes,no,no,no
MT-ND4,no,no,yes,no,no,no
MT-ND2,no,no,yes,no,no,no
PRELID1,no,no,yes,no,no,no
TSTD3,no,no,yes,no,no,no
SLC25A32,no,no,yes,no,no,no
NIPSNAP1,no,no,yes,no,no,no
PUS1,no,no,yes,no,no,no
PDP2,no,no,yes,no,no,no
LYPLA1,no,no,yes,no,no,no
MTHFD2L,no,no,yes,no,no,no
MTRF1,no,no,yes,no,no,no
COQ8B,no,no,yes,no,no,no
HEMK1,no,no,yes,no,no,no
AKR7A5,no,no,yes,no,no,no
CYP27A1,no,no,yes,no,no,no
OXCT2A,no,no,yes,no,no,no
MRPL52,no,no,yes,no,no,no
FIS1,no,no,yes,no,no,no
AMT,no,no,yes,no,no,no
EXOG,no,no,yes,no,no,no
MPST,no,no,yes,no,no,no
PNPO,no,no,yes,no,no,no
MPV17L2,no,no,yes,no,no,no
MRPL18,no,no,yes,no,no,no
ATP5G2,no,no,yes,no,no,no
METTL5,no,no,yes,no,no,no
SLC25A38,no,no,yes,no,no,no
SLC25A36,no,no,yes,no,no,no
TRMT2B,no,no,yes,no,no,no
ABAT,no,no,yes,no,no,no
ALDH5A1,no,no,yes,no,no,no
GOT2,no,no,yes,no,no,no
CKMT1,no,no,yes,no,no,no
GTPBP3,no,no,yes,no,no,no
C330018D20RIK,no,no,yes,no,no,no
BLOC1S1,no,no,yes,no,no,no
COX8C,no,no,yes,no,no,no
ACLY,no,no,yes,no,no,no
SFXN5,no,no,yes,no,no,no
SLC25A40,no,no,yes,no,no,no
SLC25A27,no,no,yes,no,no,no
SLC25A23,no,no,yes,no,no,no
UCP3,no,no,yes,no,no,no
NADK2,no,no,yes,no,no,no
MT-CYTB,no,no,yes,no,no,no
CHCHD5,no,no,yes,no,no,no
MRPS31,no,no,yes,no,no,no
NDUFA1,no,no,yes,no,no,no
HOGA1,no,no,yes,no,no,no
PAM16,no,no,yes,no,no,no
TOMM5,no,no,yes,no,no,no
NDUFB4,no,no,yes,no,no,no
FAM136A,no,no,yes,no,no,no
MPV17L,no,no,yes,no,no,no
GYKL1,no,no,yes,no,no,no
CPT1B,no,no,yes,no,no,no
AKR1B10,no,no,yes,no,no,no
SLC25A2,no,no,yes,no,yes,no
SLC25A53,no,no,yes,no,no,no
OPA3,no,no,yes,no,no,no
FAHD1,no,no,yes,no,no,no
PXMP4,no,no,yes,no,no,no
NIF3L1,no,no,yes,no,yes,no
MACROD1,no,no,yes,no,no,no
CISD3,no,no,yes,no,no,no
NMNAT3,no,no,yes,no,no,no
NUDT8,no,no,yes,no,no,no
DNAJC19,no,no,yes,no,no,no
ELAC2,no,no,yes,no,no,no
SUGCT,no,no,yes,no,no,no
HINT3,no,no,yes,no,no,no
KARS,no,no,yes,no,no,no
DNAJC28,no,no,yes,no,no,no
CYB5B,no,no,yes,no,no,no
NUDT2,no,no,yes,no,no,no
PHYH,no,no,yes,no,no,no
GUK1,no,no,yes,no,no,no
NUDT19,no,no,yes,no,no,no
MT-CO3,no,no,yes,no,no,no
MRPL42,no,no,yes,no,no,no
DHRS7B,no,no,yes,no,no,no
NT5M,no,no,yes,no,no,no
MTHFSL,no,no,yes,no,no,no
MTHFS,no,no,yes,no,no,no
NME4,no,no,yes,no,no,no
ACSL6,no,no,yes,no,no,no
RPUSD3,no,no,yes,no,no,no
ACSS1,no,no,yes,no,no,no
DGUOK,no,no,yes,no,no,no
PARS2,no,no,yes,no,no,no
HTATIP2,no,no,yes,no,yes,no
QRSL1,no,no,yes,no,no,no
NAXD,no,no,yes,no,no,no
CHCHD6,no,no,yes,no,no,no
PCBD2,no,no,yes,no,yes,no
AGMAT,no,no,yes,no,no,no
MICU2,no,no,yes,no,no,no
AKR1B7,no,no,yes,no,no,no
RAB24,no,no,yes,no,no,no
MCUB,no,no,yes,no,no,no
LYPLAL1,no,no,yes,no,no,no
SPATA19,no,no,yes,no,no,no
MT-ATP8,no,no,yes,no,no,no
LDHAL6B,no,no,yes,no,no,no
ALDH1A7,no,no,yes,no,no,no
KYAT3,no,no,yes,no,no,no
OXSM,no,no,yes,no,no,no
MT-ND3,no,no,yes,no,no,no
ADCK1,no,no,yes,no,no,no
SLC25A33,no,no,yes,no,no,no
UNG,no,no,yes,no,no,no
NSUN4,no,no,yes,no,no,no
TMEM205,no,no,yes,no,no,no
DBI,no,no,yes,no,no,no
COASY,no,no,yes,no,no,no
LETM2,no,no,yes,no,no,no
PTCD1,no,no,yes,no,no,no
MTFP1,no,no,yes,no,no,no
COA4,no,no,yes,no,no,no
EPHX2,no,no,yes,no,no,no
NRD1,no,no,yes,no,no,no
ACACB,no,no,yes,no,no,no
MAVS,no,no,yes,no,no,no
TMEM143,no,no,yes,no,no,no
MTPAP,no,no,yes,no,no,no
SDSL,no,no,yes,no,no,no
CMPK2,no,no,yes,no,no,no
GLYCTK,no,no,yes,no,no,no
RPUSD4,no,no,yes,no,no,no
SMIM20,no,no,yes,no,no,no
MTERF4,no,no,yes,no,no,no
TOP1MT,no,no,yes,no,yes,no
PTRH2,no,no,yes,no,no,no
LYRM1,no,no,yes,no,no,no
AARS2,no,no,yes,no,no,no
ACSL1,no,no,yes,no,no,no
DNAJC30,no,no,yes,no,no,no
TMLHE,no,no,yes,no,no,no
CRYZL2,no,no,yes,no,no,no
PXMP2,no,no,yes,no,no,no
COX20,no,no,yes,no,no,no
TMEM177,no,no,yes,no,no,no
TK2,no,no,yes,no,no,no
PGS1,no,no,yes,no,no,no
FASN,no,no,yes,no,no,no
CBR2,no,no,yes,no,no,no
CHPT1,no,no,yes,no,no,no
ATP5G1,no,no,yes,no,no,no
FAM210B,no,no,yes,no,no,no
SFXN2,no,no,yes,no,no,no
MMADHC,no,no,yes,no,no,no
OTC,no,no,yes,no,no,no
ARF5,no,no,yes,no,no,no
FPGS,no,no,yes,no,no,no
TRMT10C,no,no,yes,no,no,no
THEM7,no,no,yes,no,no,no
LACTB2,no,no,yes,no,no,no
SMIM26,no,no,yes,no,no,no
PTPMT1,no,no,yes,no,no,no
HEBP1,no,no,yes,no,no,no
HSDL1,no,no,yes,no,no,no
CBR3,no,no,yes,no,no,no
DNAJC4,no,no,yes,no,no,no
CEBPZOS,no,no,yes,no,no,no
FOXRED1,no,no,yes,no,no,no
ERI3,no,no,yes,no,no,no
DHX30,no,no,yes,no,no,no
BCL2L13,no,no,yes,no,no,no
ACP6,no,no,yes,no,no,no
COX7A2L,no,no,yes,no,no,no
TSTD1,no,no,yes,no,no,no
ACSM2,no,no,yes,no,no,no
ADCK2,no,no,yes,no,no,no
OSBPL1A,no,no,yes,no,no,no
TRMT1,no,no,yes,no,no,no
MTIF3,no,no,yes,no,no,no
PET100,no,no,yes,no,no,no
MTFR1,no,no,yes,no,no,no
TFB1M,no,no,yes,yes,no,no
GLYAT,no,no,yes,no,no,no
RBFA,no,no,yes,no,no,no
RNASEH1,no,no,yes,no,no,no
TMEM186,no,no,yes,no,no,no
PEX11B,no,no,yes,no,no,no
NUDT5,no,no,yes,no,yes,no
STAR,no,no,yes,no,no,no
GTPBP10,no,no,yes,no,no,no
ACSS3,no,no,yes,no,no,no
CCDC51,no,no,yes,no,no,no
ACOT9,no,no,yes,no,no,no
NDUFAF3,no,no,yes,no,no,no
FLAD1,no,no,yes,no,no,no
ACACA,no,no,yes,no,no,no
KMO,no,no,yes,no,no,no
MTERF3,no,no,yes,no,no,no
OXR1,no,no,yes,no,no,no
NUDT9,no,no,yes,no,no,no
THNSL1,no,no,yes,no,no,no
PYCR2,no,no,yes,no,no,no
HINT1,no,no,yes,no,yes,no
SLC25A34,no,no,yes,no,no,no
SLC25A48,no,no,yes,no,no,no
SLC25A43,no,no,yes,no,no,no
SLC25A47,no,no,yes,no,no,no
SLC25A41,no,no,yes,no,no,no
SLC25A54,no,no,yes,no,no,no
SLC25A37,no,no,yes,no,no,no
YBEY,no,no,yes,no,no,no
OGG1,no,no,yes,no,no,no
GM4952,no,no,yes,no,no,no
FABP1,no,no,yes,no,no,no
METTL15,no,no,yes,no,no,no
METAP1D,no,no,yes,no,no,no
LDHB,no,no,yes,no,no,no
LYRM9,no,no,yes,no,no,no
MTARC1,no,no,yes,no,no,no
RECQL4,no,no,yes,no,no,no
PLPBP,no,no,yes,no,no,no
MUL1,no,no,yes,no,no,no
NUDT6,no,no,yes,no,no,no
VPS13D,no,no,yes,no,no,no
DMAC2,no,no,yes,no,no,no
MICU1,no,no,yes,no,no,no
NT5DC3,no,no,yes,no,no,no
NIPSNAP3A,no,no,yes,no,no,no
TOP3A,no,no,yes,no,no,no
AMACR,no,no,yes,no,no,no
TRMT5,no,no,yes,no,no,no
MICU3,no,no,yes,no,no,no
CAR5A,no,no,yes,no,no,no
NTHL1,no,no,yes,no,no,no
ARL2,no,no,yes,no,no,no
SYNJ2BP,no,no,yes,no,no,no
METTL8,no,no,yes,no,no,no
MTERF1B,no,no,yes,no,no,no
RSAD1,no,no,yes,no,no,no
FDPS,no,no,yes,no,no,no
OCIAD1,no,no,yes,no,no,no
FASTK,no,no,yes,no,no,no
ACSM4,no,no,yes,no,no,no
NME6,no,no,yes,no,no,no
SMIM8,no,no,yes,no,no,no
IDI1,no,no,yes,no,no,no
MTX3,no,no,yes,no,no,no
TMEM126B,no,no,yes,no,no,no
FKBP8,no,no,yes,no,no,no
MCRIP2,no,no,yes,no,no,no
BOLA3,no,no,yes,no,no,no
PNPT1,no,no,yes,no,no,no
PDE12,no,no,yes,no,no,no
USP30,no,no,yes,no,no,no
TFB2M,no,no,yes,no,yes,no
MRPS18B,no,no,yes,no,no,no
PRXL2A,no,no,yes,no,no,no
MGST3,no,no,yes,no,no,no
MRPL48,no,no,yes,no,no,no
GDAP1,no,no,yes,no,no,no
MT-ND1,no,no,yes,no,no,no
OCIAD2,no,no,yes,no,no,no
TAZ,no,no,yes,no,no,no
DCXR,no,no,yes,no,no,no
PMAIP1,no,no,yes,no,no,no
NIPSNAP3B,no,no,yes,no,no,no
MMAA,no,no,yes,no,no,no
CYP11A1,no,no,yes,no,no,no
MARCHF5,no,no,yes,no,no,no
SFXN4,no,no,yes,no,no,no
IFI27,no,no,yes,no,no,no
ABCA9,no,no,yes,no,no,no
DDX28,no,no,yes,no,no,no
ACOT7,no,no,yes,no,no,no
2300009A05RIK,no,no,yes,no,no,no
AGPAT5,no,no,yes,no,no,no
ACOD1,no,no,yes,no,no,no
FBXL4,no,no,yes,no,no,no
GPAM,no,no,yes,no,no,no
QTRT1,no,no,yes,no,no,no
HPDL,no,no,yes,no,no,no
ISOC2A,no,no,yes,no,no,no
CYP11B1,no,no,yes,no,no,no
CYP11B2,no,no,yes,no,no,no
PET117,no,no,yes,no,no,no
DHRS2,no,no,yes,no,no,no
CDK5RAP1,no,no,yes,no,no,no
MFF,no,no,yes,no,no,no
NLRX1,no,no,yes,no,no,no
FAM185A,no,no,yes,no,no,no
MIEF1,no,no,yes,no,no,no
COA7,no,no,yes,no,no,no
ACOT11,no,no,yes,no,no,no
PUSL1,no,no,yes,no,no,no
POLQ,no,no,yes,no,no,no
DMAC2L,no,no,yes,no,no,no
RMDN3,no,no,yes,no,no,no
ATP5MD,no,no,yes,no,no,no
TOMM20,no,no,yes,no,no,no
BNIP3L,no,no,yes,no,no,no
AIFM3,no,no,yes,no,no,no
TIMM29,no,no,yes,no,no,no
MTERF1A,no,no,yes,no,no,no
MT-ND4L,no,no,yes,no,no,no
AA467197,no,no,yes,no,no,no
UQCC2,no,no,yes,no,no,no
NME3,no,no,yes,no,no,no
GTPBP6,no,no,yes,no,no,no
THEM5,no,no,yes,no,no,no
MIGA2,no,no,yes,no,no,no
MGARP,no,no,yes,no,no,no
MYG1,no,no,yes,no,no,no
ETFBKMT,no,no,yes,no,no,no
MUTYH,no,no,yes,no,no,no
FASTKD5,no,no,yes,no,no,no
PAICS,no,no,yes,no,no,no
CPT1C,no,no,yes,no,no,no
RCC1L,no,no,yes,no,no,no
ANTKMT,no,no,yes,no,no,no
UQCC3,no,no,yes,no,no,no
CRYZ,no,no,yes,no,no,no
ANGEL2,no,no,yes,no,no,no
MGME1,no,no,yes,no,no,no
AGPAT4,no,no,yes,no,no,no
COMTD1,no,no,yes,no,no,no
NEU4,no,no,yes,no,no,no
CYP27B1,no,no,yes,no,no,no
NOCT,no,no,yes,no,no,no
HDHD3,no,no,yes,no,no,no
SLC8B1,no,no,yes,no,no,no
MT-ND6,no,no,yes,no,no,no
DMAC1,no,no,yes,no,no,no
BCO2,no,no,yes,no,no,no
TDRKH,no,no,yes,no,no,no
MTFR2,no,no,yes,no,no,no
BIK,no,no,yes,no,no,no
CRY1,no,no,yes,no,yes,no
TRUB2,no,no,yes,no,no,no
TOMM20L,no,no,yes,no,no,no
CCDC127,no,no,yes,no,no,no
YRDC,no,no,yes,no,no,no
PREPL,no,no,yes,no,no,no
MYO19,no,no,yes,no,no,no
THG1L,no,no,yes,no,no,no
PIF1,no,no,yes,no,no,no
RAB5IF,no,no,yes,no,no,no
CEP89,no,no,yes,no,no,no
ACOT10,no,no,yes,no,no,no
EFHD1,no,no,yes,no,no,no
ATPSCKMT,no,no,yes,no,no,no
SPTLC2,no,no,yes,no,no,no
E130311K13RIK,no,no,yes,no,no,no
AGK,no,no,yes,no,no,no
DUS2,no,no,yes,no,no,no
PANK2,no,no,yes,no,no,no
POLG2,no,no,yes,no,no,no
GPAT2,no,no,yes,no,no,no
TOMM34,no,no,yes,no,no,no
PLSCR3,no,no,yes,no,no,no
EXD2,no,no,yes,no,no,no
GOLPH3,no,no,yes,no,no,no
NT5DC2,no,no,yes,no,no,no
ARMC10,no,no,yes,no,no,no
ALKBH1,no,no,yes,no,no,no
AKAP10,no,no,yes,no,no,no
SERAC1,no,no,yes,no,no,no
SEPTIN4,no,no,yes,no,no,no
FASTKD3,no,no,yes,no,no,no
NBR1,no,no,yes,no,no,no
RPIA,no,no,yes,no,no,no
MIGA1,no,no,yes,no,no,no
PRORP,no,no,yes,no,no,no
PRIMPOL,no,no,yes,no,no,no
DNA2,no,no,yes,no,no,no
ADCY10,no,no,yes,no,no,no
PRSS35,no,no,yes,no,no,no
MIEF2,no,no,yes,no,no,no
NSUN3,no,no,yes,no,no,no
PABPC5,no,no,yes,no,no,no
STYXL1,no,no,yes,no,no,no
SPHK2,no,no,yes,no,no,no
PICK1,no,no,yes,no,no,no
BCL2L2,no,no,yes,no,no,no
BCL2L10,no,no,yes,no,no,no
BCL2A1D,no,no,yes,no,no,no
BAD,no,no,yes,no,no,no
PDE2A,no,no,yes,no,no,no
SPATA20,no,no,yes,no,no,no
PLGRKT,no,no,yes,no,no,no
PLD6,no,no,yes,no,no,no
CSTAD,no,no,yes,no,no,no
1700066M21RIK,no,no,yes,no,no,no
SPIRE1,no,no,yes,no,no,no
ARMCX1,no,no,yes,no,no,no
ARMCX2,no,no,yes,no,no,no
ARMCX6,no,no,yes,no,no,no
NAT8L,no,no,yes,no,no,no
SPHKAP,no,no,yes,no,no,no
METTL4,no,no,yes,no,no,no
ARMCX3,no,no,yes,no,no,no
SNAP29,no,no,yes,no,no,no
POLB,no,no,yes,no,no,no
HTD2,no,no,yes,no,no,no
PIGBOS1,no,no,yes,no,no,no
ATF1,no,no,no,yes,no,no
SOX3,no,no,no,yes,no,no
SPIB,no,no,no,yes,no,no
ZNF620,no,no,no,yes,no,no
ZNF225,no,no,no,yes,no,no
HOXD13,no,no,no,yes,no,no
FOXJ3,no,no,no,yes,no,no
ZBED3,no,no,no,yes,no,no
BCL6B,no,no,no,yes,no,no
HAND2,no,no,no,yes,no,no
ZNF576,no,no,no,yes,no,no
TBX3,no,no,no,yes,no,no
FOXN2,no,no,no,yes,no,no
BATF3,no,no,no,yes,no,no
ZNF792,no,no,no,yes,no,no
ZNF717,no,no,no,yes,no,no
RREB1,no,no,no,yes,no,no
ZFP57,no,no,no,yes,no,no
GATAD2A,no,no,no,yes,no,no
AFF1,no,no,no,yes,no,no
ZSCAN21,no,no,no,yes,no,no
HOXD8,no,no,no,yes,no,no
DMRT2,no,no,no,yes,no,no
PAX1,no,no,no,yes,no,no
ZFP91,no,no,no,yes,no,no
ZNF30,no,no,no,yes,no,no
EGR4,no,no,no,yes,no,no
ETV1,no,no,no,yes,no,no
ZNF679,no,no,no,yes,no,no
TSC22D2,no,no,no,yes,no,no
ZNF236,no,no,no,yes,no,no
ZBTB2,no,no,no,yes,no,no
NSD2,no,no,no,yes,no,no
MYOG,no,no,no,yes,no,no
MEIS1,no,no,no,yes,no,no
ZNF32,no,no,no,yes,no,no
HOXB6,no,no,no,yes,no,no
FOXE3,no,no,no,yes,no,no
GTF2IRD1,no,no,no,yes,no,no
ZNF223,no,no,no,yes,no,no
TLX3,no,no,no,yes,no,no
ALX3,no,no,no,yes,no,no
TSC22D1,no,no,no,yes,no,no
HOXA5,no,no,no,yes,no,no
RFX3,no,no,no,yes,no,no
PDX1,no,no,no,yes,no,no
ZNF316,no,no,no,yes,no,no
ZNF268,no,no,no,yes,no,no
SOX15,no,no,no,yes,no,no
PGR,no,no,no,yes,no,no
TRPS1,no,no,no,yes,no,no
NKX6-2,no,no,no,yes,no,no
NR4A3,no,no,no,yes,no,no
UBTFL1,no,no,no,yes,no,no
ZNF354A,no,no,no,yes,no,no
CEBPD,no,no,no,yes,no,no
ZNF135,no,no,no,yes,no,no
NKX2-3,no,no,no,yes,no,no
MAFF,no,no,no,yes,no,no
ZBTB45,no,no,no,yes,no,no
ZNF461,no,no,no,yes,no,no
SP2,no,no,no,yes,no,no
PINX1,no,no,no,yes,no,no
ZNF500,no,no,no,yes,no,no
ESRRB,no,no,no,yes,no,no
ZNF439,no,no,no,yes,no,no
NOBOX,no,no,no,yes,no,no
ZNF581,no,no,no,yes,no,no
ZNF600,no,no,no,yes,no,no
GZF1,no,no,no,yes,no,no
HOXA1,no,no,no,yes,no,no
ZNF713,no,no,no,yes,no,no
LCOR,no,no,no,yes,no,no
IRF4,no,no,no,yes,no,no
ZNF17,no,no,no,yes,no,no
EMX1,no,no,no,yes,no,no
ZNF583,no,no,no,yes,no,no
PRRX2,no,no,no,yes,no,no
GCM1,no,no,no,yes,no,no
MAFK,no,no,no,yes,no,no
TSHZ3,no,no,no,yes,no,no
MZF1,no,no,no,yes,no,no
ZNF205,no,no,no,yes,no,no
ZNF672,no,no,no,yes,no,no
PLAGL1,no,no,no,yes,no,no
ZNF578,no,no,no,yes,no,no
ZNF665,no,no,no,yes,no,no
ZBTB42,no,no,no,yes,no,no
ZNF736,no,no,no,yes,no,no
ZNF705A,no,no,no,yes,no,no
HOXA10,no,no,no,yes,no,no
ZNF770,no,no,no,yes,no,no
HEY1,no,no,no,yes,no,no
ZNF446,no,no,no,yes,no,no
ZNF571,no,no,no,yes,no,no
MYF5,no,no,no,yes,no,no
POU6F2,no,no,no,yes,no,no
ZMIZ2,no,no,no,yes,no,no
NFILZ,no,no,no,yes,no,no
ZNF415,no,no,no,yes,no,no
ZNF776,no,no,no,yes,no,no
KLF17,no,no,no,yes,no,no
TCF15,no,no,no,yes,no,no
ZNF549,no,no,no,yes,no,no
MESP1,no,no,no,yes,no,no
MAEL,no,no,no,yes,no,no
JAZF1,no,no,no,yes,no,no
PAX6,no,no,no,yes,no,no
ZNF575,no,no,no,yes,no,no
ZNF594,no,no,no,yes,no,no
IRF6,no,no,no,yes,no,no
MSX1,no,no,no,yes,no,no
ZNF429,no,no,no,yes,no,no
ZNF718,no,no,no,yes,no,no
ZNF107,no,no,no,yes,no,no
ADNP,no,no,no,yes,no,no
ZSCAN26,no,no,no,yes,no,no
NFATC3,no,no,no,yes,no,no
ETV4,no,no,no,yes,no,no
TBR1,no,no,no,yes,no,no
MXD1,no,no,no,yes,no,no
ZSCAN25,no,no,no,yes,no,no
PRDM9,no,no,no,yes,no,no
ZNF652,no,no,no,yes,no,no
ZNF654,no,no,no,yes,no,no
TBX6,no,no,no,yes,no,no
ZNF84,no,no,no,yes,no,no
ATOH8,no,no,no,yes,no,no
FOXD4L4,no,no,no,yes,no,no
KLF13,no,no,no,yes,no,no
CCDC169-SOHLH2,no,no,no,yes,no,no
ZNF469,no,no,no,yes,no,no
ZBTB22,no,no,no,yes,no,no
PAX7,no,no,no,yes,no,no
ZNF547,no,no,no,yes,no,no
ZNF626,no,no,no,yes,no,no
TBX22,no,no,no,yes,no,no
ZNF563,no,no,no,yes,no,no
HOXA13,no,no,no,yes,no,no
ZNF442,no,no,no,yes,no,no
SRY,no,no,no,yes,no,no
ZFP92,no,no,no,yes,no,no
DBP,no,no,no,yes,no,no
ARX,no,no,no,yes,no,no
ZHX3,no,no,no,yes,no,no
ZFY,no,no,no,yes,no,no
ZSCAN10,no,no,no,yes,no,no
EGR2,no,no,no,yes,no,no
ZNF775,no,no,no,yes,no,no
GSC,no,no,no,yes,no,no
NKX2-4,no,no,no,yes,no,no
NFATC4,no,no,no,yes,no,no
ZBTB46,no,no,no,yes,no,no
ZIC4,no,no,no,yes,no,no
MEF2A,no,no,no,yes,no,no
ID1,no,no,no,yes,no,no
TULP2,no,no,no,yes,no,no
MGA,no,no,no,yes,no,no
MYBL2,no,no,no,yes,no,no
ZNF606,no,no,no,yes,no,no
TULP4,no,no,no,yes,no,no
GATA1,no,no,no,yes,no,no
FOXR2,no,no,no,yes,no,no
HOXB3,no,no,no,yes,no,no
ZNF230,no,no,no,yes,no,no
PBX1,no,no,no,yes,no,no
MTA3,no,no,no,yes,no,no
CSRNP2,no,no,no,yes,no,no
ZBED2,no,no,no,yes,no,no
NR1I3,no,no,no,yes,no,no
ATF7,no,no,no,yes,no,no
ZBTB10,no,no,no,yes,no,no
ZNF568,no,no,no,yes,no,no
ZNF304,no,no,no,yes,no,no
ZNF527,no,no,no,yes,no,no
FOXI2,no,no,no,yes,no,no
AFF2,no,no,no,yes,no,no
ZNF761,no,no,no,yes,no,no
ZNF747,no,no,no,yes,no,no
MEIS3,no,no,no,yes,no,no
TFAP2E,no,no,no,yes,no,no
FEV,no,no,no,yes,no,no
HOXC9,no,no,no,yes,no,no
ZNF22,no,no,no,yes,no,no
ZNF865,no,no,no,yes,no,no
ZNF416,no,no,no,yes,no,no
USF2,no,no,no,yes,no,no
ALX4,no,no,no,yes,no,no
CTCFL,no,no,no,yes,no,no
LBX2,no,no,no,yes,no,no
ZIC5,no,no,no,yes,no,no
ZNF780A,no,no,no,yes,no,no
HOXA7,no,no,no,yes,no,no
ZNF579,no,no,no,yes,no,no
SMARCC2,no,no,no,yes,no,no
PBX3,no,no,no,yes,no,no
OTP,no,no,no,yes,no,no
TBXT,no,no,no,yes,no,no
ZNF671,no,no,no,yes,no,no
ZNF705G,no,no,no,yes,no,no
ZNF512,no,no,no,yes,no,no
CBFB,no,no,no,yes,no,no
LCORL,no,no,no,yes,no,no
BATF2,no,no,no,yes,no,no
ZNF528,no,no,no,yes,no,no
SMARCE1,no,no,no,yes,no,no
ZNF778,no,no,no,yes,no,no
ZFP30,no,no,no,yes,no,no
ZNF492,no,no,no,yes,no,no
GRHL3,no,no,no,yes,no,no
ZNF618,no,no,no,yes,no,no
ZNF720,no,no,no,yes,no,no
BHLHA9,no,no,no,yes,no,no
TGIF2LY,no,no,no,yes,no,no
ZNF507,no,no,no,yes,no,no
SOHLH2,no,no,no,yes,no,no
TBX5,no,no,no,yes,no,no
IRX2,no,no,no,yes,no,no
CDIP1,no,no,no,yes,no,no
ZKSCAN8,no,no,no,yes,no,no
ZNF592,no,no,no,yes,no,no
ZNF114,no,no,no,yes,no,no
TFAP2C,no,no,no,yes,no,no
PRDM15,no,no,no,yes,no,no
ZNF438,no,no,no,yes,no,no
ZNF580,no,no,no,yes,no,no
ARNTL2,no,no,no,yes,no,no
ZNF286A-TBC1D26,no,no,no,yes,no,no
ZNF692,no,no,no,yes,no,no
HOXB7,no,no,no,yes,no,no
ZNF253,no,no,no,yes,no,no
NRF1,no,no,no,yes,no,no
USF3,no,no,no,yes,no,no
HOXC10,no,no,no,yes,no,no
NPAS1,no,no,no,yes,no,no
CIC,no,no,no,yes,no,no
ZNF541,no,no,no,yes,no,no
ZNF473,no,no,no,yes,no,no
ZNF276,no,no,no,yes,no,no
TCF12,no,no,no,yes,no,no
ZNF519,no,no,no,yes,no,no
ZNF211,no,no,no,yes,no,no
RBAK,no,no,no,yes,no,no
ZKSCAN4,no,no,no,yes,no,no
ZNF667,no,no,no,yes,no,no
INSM1,no,no,no,yes,no,no
ZNF420,no,no,no,yes,no,no
SP140L,no,no,no,yes,no,no
ZBTB39,no,no,no,yes,no,no
RHOXF1,no,no,no,yes,no,no
ZNF722P,no,no,no,yes,no,no
ZNF460,no,no,no,yes,no,no
TULP3,no,no,no,yes,no,no
NEUROG1,no,no,no,yes,no,no
ZNF625,no,no,no,yes,no,no
ZHX2,no,no,no,yes,no,no
ZNF385A,no,no,no,yes,no,no
SOX30,no,no,no,yes,no,no
AHRR,no,no,no,yes,no,no
FOXK2,no,no,no,yes,no,no
ZNF655,no,no,no,yes,no,no
ZNF148,no,no,no,yes,no,no
ZNF81,no,no,no,yes,no,no
THAP7,no,no,no,yes,no,no
ZNF490,no,no,no,yes,no,no
ARGFX,no,no,no,yes,no,no
ZNF337,no,no,no,yes,no,no
ZNF275,no,no,no,yes,no,no
HIVEP3,no,no,no,yes,no,no
NFXL1,no,no,no,yes,no,no
PRDM13,no,no,no,yes,no,no
ZNF587,no,no,no,yes,no,no
ZNF285,no,no,no,yes,no,no
DEAF1,no,no,no,yes,no,no
ATOH1,no,no,no,yes,no,no
ZNF678,no,no,no,yes,no,no
GATA5,no,no,no,yes,no,no
GCFC2,no,no,no,yes,no,no
ISL2,no,no,no,yes,no,no
ZNF649,no,no,no,yes,no,no
ZNF468,no,no,no,yes,no,no
POU5F1,no,no,no,yes,no,no
NHLH2,no,no,no,yes,no,no
ISX,no,no,no,yes,no,no
NANOG,no,no,no,yes,no,no
GFI1,no,no,no,yes,no,no
ARID3B,no,no,no,yes,no,no
ZBTB11,no,no,no,yes,no,no
ZXDC,no,no,no,yes,no,no
THAP12,no,no,no,yes,no,no
GSX1,no,no,no,yes,no,no
IRF3,no,no,no,yes,no,no
ZNF669,no,no,no,yes,no,no
ZNF572,no,no,no,yes,no,no
TEF,no,no,no,yes,no,no
TLX2,no,no,no,yes,no,no
ZNF250,no,no,no,yes,no,no
TFDP3,no,no,no,yes,no,no
FOXC1,no,no,no,yes,no,no
RARG,no,no,no,yes,no,no
ZSCAN16,no,no,no,yes,no,no
ZNF264,no,no,no,yes,no,no
TULP1,no,no,no,yes,no,no
ZNF189,no,no,no,yes,no,no
ZNF607,no,no,no,yes,no,no
ZFP91-CNTF,no,no,no,yes,no,no
ZNF140,no,no,no,yes,no,no
DLX3,no,no,no,yes,no,no
ZNF589,no,no,no,yes,no,no
ZNF556,no,no,no,yes,no,no
ZNF799,no,no,no,yes,no,no
ZNF394,no,no,no,yes,no,no
ZNF136,no,no,no,yes,no,no
FOXD1,no,no,no,yes,no,no
ZBTB3,no,no,no,yes,no,no
ZNF532,no,no,no,yes,no,no
KLF12,no,no,no,yes,no,no
PIAS1,no,no,no,yes,no,no
ZNF69,no,no,no,yes,no,no
ZNF385B,no,no,no,yes,no,no
ZNF33A,no,no,no,yes,no,no
ZNF683,no,no,no,yes,no,no
PTF1A,no,no,no,yes,no,no
ZNF597,no,no,no,yes,no,no
FOXD2,no,no,no,yes,no,no
POU4F2,no,no,no,yes,no,no
RBPJ,no,no,no,yes,no,no
EOMES,no,no,no,yes,no,no
FLI1,no,no,no,yes,no,no
PRDM14,no,no,no,yes,no,no
POU3F4,no,no,no,yes,no,no
POU5F2,no,no,no,yes,no,no
ZNF233,no,no,no,yes,no,no
ZNF121,no,no,no,yes,no,no
ZNF544,no,no,no,yes,no,no
POU1F1,no,no,no,yes,no,yes
ZBTB8B,no,no,no,yes,no,no
KLF9,no,no,no,yes,no,no
ONECUT1,no,no,no,yes,no,no
ZNF707,no,no,no,yes,no,no
FOXI1,no,no,no,yes,no,no
NFX1,no,no,no,yes,no,no
SOX9,no,no,no,yes,no,no
ZNF436,no,no,no,yes,no,no
POU5F1B,no,no,no,yes,no,no
ZNF763,no,no,no,yes,no,no
ZNF740,no,no,no,yes,no,no
ZBTB41,no,no,no,yes,no,no
FOXO6,no,no,no,yes,no,no
ZNF711,no,no,no,yes,no,no
TOX3,no,no,no,yes,no,no
SOX17,no,no,no,yes,no,no
THRB,no,no,no,yes,no,no
FOXR1,no,no,no,yes,no,no
ZNF117,no,no,no,yes,no,no
NKX2-8,no,no,no,yes,no,no
NR1I2,no,no,no,yes,no,no
LHX4,no,no,no,yes,no,no
ZNF200,no,no,no,yes,no,no
PRDM1,no,no,no,yes,no,no
TSHZ1,no,no,no,yes,no,no
NANOGNB,no,no,no,yes,no,no
CRX,no,no,no,yes,no,no
TOX2,no,no,no,yes,no,no
MKX,no,no,no,yes,no,no
OLIG1,no,no,no,yes,no,no
ATOH7,no,no,no,yes,no,no
POU3F2,no,no,no,yes,no,no
BSX,no,no,no,yes,no,no
ZNF852,no,no,no,yes,no,no
ZNF93,no,no,no,yes,no,no
ZNF501,no,no,no,yes,no,no
SMAD5,no,no,no,yes,no,no
SOX6,no,no,no,yes,no,no
GTF2I,no,no,no,yes,no,no
CSRNP1,no,no,no,yes,no,no
RAX,no,no,no,yes,no,no
ASCL4,no,no,no,yes,no,no
INSM2,no,no,no,yes,no,no
CTCF,no,no,no,yes,no,no
IRF2,no,no,no,yes,no,no
HINFP,no,no,no,yes,no,no
ZNF710,no,no,no,yes,no,no
DBX1,no,no,no,yes,no,no
HIC2,no,no,no,yes,no,no
ZBTB7B,no,no,no,yes,no,no
ZNF582,no,no,no,yes,no,no
ZNF197,no,no,no,yes,no,no
NFE2L3,no,no,no,yes,no,no
ZNF20,no,no,no,yes,no,no
SNAI1,no,no,no,yes,no,no
ZNF496,no,no,no,yes,no,no
ZNF335,no,no,no,yes,no,no
RARB,no,no,no,yes,no,no
ZFP1,no,no,no,yes,no,no
NR2F6,no,no,no,yes,no,no
SIX5,no,no,no,yes,no,no
PAXBP1,no,no,no,yes,no,no
ZNF879,no,no,no,yes,no,no
ZFP62,no,no,no,yes,no,no
HOXA9,no,no,no,yes,no,no
NFIX,no,no,no,yes,no,no
PAX8,no,no,no,yes,no,no
ZNF235,no,no,no,yes,no,no
FOXP3,no,no,no,yes,no,no
KLF1,no,no,no,yes,no,no
ZNF800,no,no,no,yes,no,no
CSRNP3,no,no,no,yes,no,no
ZNF577,no,no,no,yes,no,no
ZNF555,no,no,no,yes,no,no
ZFAT,no,no,no,yes,no,no
ELK4,no,no,no,yes,no,no
CEBPE,no,no,no,yes,no,no
ZBTB33,no,no,no,yes,no,no
THRA,no,no,no,yes,no,no
ZBTB18,no,no,no,yes,no,no
ZNF227,no,no,no,yes,no,no
ZNF445,no,no,no,yes,no,no
ONECUT2,no,no,no,yes,no,no
HSFX3,no,no,no,yes,no,no
MAX,no,no,no,yes,no,no
ZBTB16,no,no,no,yes,no,no
VEZF1,no,no,no,yes,no,no
HMX3,no,no,no,yes,no,no
ZNF479,no,no,no,yes,no,no
ZBTB12,no,no,no,yes,no,no
HOXD3,no,no,no,yes,no,no
EBF4,no,no,no,yes,no,no
PAX5,no,no,no,yes,no,no
ZNF808,no,no,no,yes,no,no
ZNF284,no,no,no,yes,no,no
ZNF229,no,no,no,yes,no,no
ZNF821,no,no,no,yes,no,no
MLX,no,no,no,yes,no,no
NKX3-2,no,no,no,yes,no,no
FOXP4,no,no,no,yes,no,no
HSF5,no,no,no,yes,no,no
ZNF554,no,no,no,yes,no,no
ZNF248,no,no,no,yes,no,no
ZNF674,no,no,no,yes,no,no
HES3,no,no,no,yes,no,no
TOX4,no,no,no,yes,no,no
IRX1,no,no,no,yes,no,no
ZBTB7A,no,no,no,yes,no,no
ZNF292,no,no,no,yes,no,no
AFF3,no,no,no,yes,no,no
HSFX1,no,no,no,yes,no,no
CDX2,no,no,no,yes,no,no
ZSCAN5B,no,no,no,yes,no,no
SCRT1,no,no,no,yes,no,no
ZNF384,no,no,no,yes,no,no
ZNF749,no,no,no,yes,no,no
POU6F1,no,no,no,yes,no,no
HSFY2,no,no,no,yes,no,no
GATA4,no,no,no,yes,no,no
ZNF317,no,no,no,yes,no,no
MSC,no,no,no,yes,no,no
FOXD4,no,no,no,yes,no,no
GTF2IRD2B,no,no,no,yes,no,no
ZNF738,no,no,no,yes,no,no
STAT5B,no,no,no,yes,no,no
ZNF835,no,no,no,yes,no,no
TAL1,no,no,no,yes,no,no
ZNF708,no,no,no,yes,no,no
PHOX2B,no,no,no,yes,no,no
TCF7L1,no,no,no,yes,no,no
POU2F3,no,no,no,yes,no,no
TSC22D3,no,no,no,yes,no,no
TGIF2LX,no,no,no,yes,no,no
BARX2,no,no,no,yes,no,no
PRDM10,no,no,no,yes,no,no
ZNF175,no,no,no,yes,no,no
ARID4B,no,no,no,yes,no,no
ZNF605,no,no,no,yes,no,no
LYL1,no,no,no,yes,no,no
ANHX,no,no,no,yes,no,no
ZBTB21,no,no,no,yes,no,no
ZNF174,no,no,no,yes,no,no
ZXDB,no,no,no,yes,no,no
ZNF282,no,no,no,yes,no,no
ZNF827,no,no,no,yes,no,no
ZNF784,no,no,no,yes,no,no
ZNF696,no,no,no,yes,no,no
CDX4,no,no,no,yes,no,no
ZBTB14,no,no,no,yes,no,no
MLXIPL,no,no,no,yes,no,no
ZNF599,no,no,no,yes,no,no
HSFY1,no,no,no,yes,no,no
ZBTB7C,no,no,no,yes,no,no
ZFP3,no,no,no,yes,no,no
ELF2,no,no,no,yes,no,no
ZNF182,no,no,no,yes,no,no
LBX1,no,no,no,yes,no,no
HOXA4,no,no,no,yes,no,no
THAP3,no,no,no,yes,no,no
ZFP82,no,no,no,yes,no,no
SOX21,no,no,no,yes,no,no
NR2C2,no,no,no,yes,no,no
ZNF286A,no,no,no,yes,no,no
HMX2,no,no,no,yes,no,no
ZNF155,no,no,no,yes,no,no
ZNF138,no,no,no,yes,no,no
LMX1B,no,no,no,yes,no,no
MLXIP,no,no,no,yes,no,no
RFX7,no,no,no,yes,no,no
ZNF224,no,no,no,yes,no,no
ZNF586,no,no,no,yes,no,no
ZNF366,no,no,no,yes,no,no
HIC1,no,no,no,yes,no,no
ZNF551,no,no,no,yes,no,no
TFAP2B,no,no,no,yes,no,no
FOXN1,no,no,no,yes,no,no
GSC2,no,no,no,yes,no,no
CUX1,no,no,no,yes,no,no
SSRP1,no,no,no,yes,no,no
ZNF213,no,no,no,yes,no,no
NR6A1,no,no,no,yes,no,no
NOTO,no,no,no,yes,no,no
ZNF780B,no,no,no,yes,no,no
SP100,no,no,no,yes,no,no
THAP2,no,no,no,yes,no,no
ZNF343,no,no,no,yes,no,no
ZIC1,no,no,no,yes,no,no
ETV6,no,no,no,yes,no,no
ID4,no,no,no,yes,no,no
ZNF70,no,no,no,yes,no,no
ZNF525,no,no,no,yes,no,no
MNX1,no,no,no,yes,no,no
SOHLH1,no,no,no,yes,no,no
ZNF723,no,no,no,yes,no,no
UBP1,no,no,no,yes,no,no
PRDM12,no,no,no,yes,no,no
ZBTB38,no,no,no,yes,no,no
ZNF76,no,no,no,yes,no,no
ZNF277,no,no,no,yes,no,no
CDC5L,no,no,no,yes,no,no
NFIL3,no,no,no,yes,no,no
ZNF25,no,no,no,yes,no,no
ZNF771,no,no,no,yes,no,no
ZMIZ1,no,no,no,yes,no,no
SIX4,no,no,no,yes,no,no
ZNF354B,no,no,no,yes,no,no
ZNF564,no,no,no,yes,no,no
ZSCAN1,no,no,no,yes,no,no
ZBTB4,no,no,no,yes,no,no
TBX19,no,no,no,yes,no,no
HOXD9,no,no,no,yes,no,no
TCF7L2,no,no,no,yes,no,no
ZNF165,no,no,no,yes,no,no
ZNF485,no,no,no,yes,no,no
AIRE,no,no,no,yes,no,no
ATMIN,no,no,no,yes,no,no
HMGXB3,no,no,no,yes,no,no
ZNF19,no,no,no,yes,no,no
SALL3,no,no,no,yes,no,no
HOPX,no,no,no,yes,no,no
ZNF157,no,no,no,yes,no,no
ZNF263,no,no,no,yes,no,no
ETV3L,no,no,no,yes,no,no
PRDM5,no,no,no,yes,no,no
HHEX,no,no,no,yes,no,no
ZNF680,no,no,no,yes,no,no
DLX6,no,no,no,yes,no,no
BARHL2,no,no,no,yes,no,no
ZNF33B,no,no,no,yes,no,no
ZNF793,no,no,no,yes,no,no
RFX8,no,no,no,yes,no,no
ZNF433,no,no,no,yes,no,no
ZNF764,no,no,no,yes,no,no
ZBTB40,no,no,no,yes,no,no
TCF7,no,no,no,yes,no,no
ZNF132,no,no,no,yes,no,no
KLF8,no,no,no,yes,no,no
FOXI3,no,no,no,yes,no,no
NEUROG3,no,no,no,yes,no,no
DACH1,no,no,no,yes,no,no
FOXO3B,no,no,no,yes,no,no
ZHX1,no,no,no,yes,no,no
THAP5,no,no,no,yes,no,no
ETV7,no,no,no,yes,no,no
ZNF836,no,no,no,yes,no,no
NCOR1,no,no,no,yes,no,no
KLF16,no,no,no,yes,no,no
RFX1,no,no,no,yes,no,no
KMT2C,no,no,no,yes,no,no
ZNF768,no,no,no,yes,no,no
ZNF254,no,no,no,yes,no,no
ZBTB1,no,no,no,yes,no,no
GATA6,no,no,no,yes,no,no
IRF5,no,no,no,yes,no,no
ZNF791,no,no,no,yes,no,no
RFX4,no,no,no,yes,no,no
POU4F3,no,no,no,yes,no,no
TWIST2,no,no,no,yes,no,no
ZNF688,no,no,no,yes,no,no
ZNF510,no,no,no,yes,no,no
ZFP69,no,no,no,yes,no,no
AEBP2,no,no,no,yes,no,no
SPDEF,no,no,no,yes,no,no
ZNF675,no,no,no,yes,no,no
ZNF837,no,no,no,yes,no,no
SOX11,no,no,no,yes,no,no
ZNF611,no,no,no,yes,no,no
ZNF470,no,no,no,yes,no,no
RORA,no,no,no,yes,no,no
MBD1,no,no,no,yes,no,no
NEUROD4,no,no,no,yes,no,no
ZNF391,no,no,no,yes,no,no
MBD3,no,no,no,yes,no,no
GCM2,no,no,no,yes,no,no
FOXD4L5,no,no,no,yes,no,no
ZFP37,no,no,no,yes,no,no
ZNF267,no,no,no,yes,no,no
BARHL1,no,no,no,yes,no,no
SHOX,no,no,no,yes,no,no
NPAS3,no,no,no,yes,no,no
ZNF860,no,no,no,yes,no,no
NEUROD6,no,no,no,yes,no,no
ZNF35,no,no,no,yes,no,no
MYRFL,no,no,no,yes,no,no
FOXP1,no,no,no,yes,no,no
SRF,no,no,no,yes,no,no
CEBPA,no,no,no,yes,no,yes
DLX1,no,no,no,yes,no,no
NR0B2,no,no,no,yes,no,no
PRRX1,no,no,no,yes,no,no
TFCP2,no,no,no,yes,no,no
ZBED4,no,no,no,yes,no,no
CREB5,no,no,no,yes,no,no
SNAI3,no,no,no,yes,no,no
HES7,no,no,no,yes,no,no
FOXA1,no,no,no,yes,no,no
THAP11,no,no,no,yes,no,no
LHX3,no,no,no,yes,no,no
TERB1,no,no,no,yes,no,no
ZNF721,no,no,no,yes,no,no
ZNF362,no,no,no,yes,no,no
ZNF98,no,no,no,yes,no,no
ELF4,no,no,no,yes,no,no
ASCL5,no,no,no,yes,no,no
ZNF320,no,no,no,yes,no,no
ZNF99,no,no,no,yes,no,no
NHLH1,no,no,no,yes,no,no
MAFG,no,no,no,yes,no,no
SMAD7,no,no,no,yes,no,no
ZNF552,no,no,no,yes,no,no
ZNF28,no,no,no,yes,no,no
SP5,no,no,no,yes,no,no
ZNF765,no,no,no,yes,no,no
ZNF513,no,no,no,yes,no,no
MTA2,no,no,no,yes,no,no
NR4A1,no,no,no,yes,no,no
OLIG3,no,no,no,yes,no,no
ERG,no,no,no,yes,no,no
OLIG2,no,no,no,yes,no,no
MXD4,no,no,no,yes,no,no
HOXD1,no,no,no,yes,no,no
SOX18,no,no,no,yes,no,no
ETV2,no,no,no,yes,no,no
ZNF805,no,no,no,yes,no,no
ZNF705D,no,no,no,yes,no,no
ZNF329,no,no,no,yes,no,no
TBX15,no,no,no,yes,no,no
NFE2,no,no,no,yes,no,no
ZSCAN5A,no,no,no,yes,no,no
GMEB1,no,no,no,yes,no,no
ZKSCAN5,no,no,no,yes,no,no
ZNF595,no,no,no,yes,no,no
ZNF410,no,no,no,yes,no,no
EBF1,no,no,no,yes,no,no
RXRB,no,no,no,yes,no,no
LHX9,no,no,no,yes,no,no
RLF,no,no,no,yes,no,no
ZNF543,no,no,no,yes,no,no
ZNF878,no,no,no,yes,no,no
RUNX2,no,no,no,yes,no,no
ZNF319,no,no,no,yes,no,no
ZNF382,no,no,no,yes,no,no
HMBOX1,no,no,no,yes,no,no
RFX2,no,no,no,yes,no,no
NFIA,no,no,no,yes,no,no
ZKSCAN1,no,no,no,yes,no,no
ZNF716,no,no,no,yes,no,no
HNF1A,no,no,no,yes,no,no
SMAD1,no,no,no,yes,no,no
ZNF79,no,no,no,yes,no,no
GFI1B,no,no,no,yes,no,no
ZSCAN31,no,no,no,yes,no,no
RORC,no,no,no,yes,no,no
FOXL2,no,no,no,yes,no,no
SAMD11,no,no,no,yes,no,no
ZNF699,no,no,no,yes,no,no
NFATC1,no,no,no,yes,no,no
HMGA2,no,no,no,yes,no,no
HES5,no,no,no,yes,no,no
ZNF714,no,no,no,yes,no,no
ZNF814,no,no,no,yes,no,no
TERF2,no,no,no,yes,no,yes
ZNF83,no,no,no,yes,no,no
ZNF80,no,no,no,yes,no,no
PLAG1,no,no,no,yes,no,no
ZNF112,no,no,no,yes,no,no
ZNF322,no,no,no,yes,no,no
DMRTA1,no,no,no,yes,no,no
ZNF432,no,no,no,yes,no,no
ZNF430,no,no,no,yes,no,no
ARID2,no,no,no,yes,no,no
MESP2,no,no,no,yes,no,no
CSDC2,no,no,no,yes,no,no
ZNF615,no,no,no,yes,no,no
HNF4G,no,no,no,yes,no,no
NKX2-5,no,no,no,yes,no,no
FOXD3,no,no,no,yes,no,no
ZNF559,no,no,no,yes,no,no
HOXC4,no,no,no,yes,no,no
EN2,no,no,no,yes,no,no
ZNF154,no,no,no,yes,no,no
ZNF184,no,no,no,yes,no,no
ZNF789,no,no,no,yes,no,no
ZIK1,no,no,no,yes,no,no
FOXC2,no,no,no,yes,no,no
ZFP41,no,no,no,yes,no,no
ZNF90,no,no,no,yes,no,no
ZNF48,no,no,no,yes,no,no
ZNF217,no,no,no,yes,no,no
NRL,no,no,no,yes,no,no
ZBTB43,no,no,no,yes,no,no
DUX4,no,no,no,yes,no,no
ZEB2,no,no,no,yes,no,no
ZNF616,no,no,no,yes,no,no
ZNF260,no,no,no,yes,no,no
TUB,no,no,no,yes,no,no
TEAD3,no,no,no,yes,no,no
ZNF621,no,no,no,yes,no,no
MNT,no,no,no,yes,no,no
HES2,no,no,no,yes,no,no
ESRRA,no,no,no,yes,no,no
ZNF431,no,no,no,yes,no,no
MYBL1,no,no,no,yes,no,no
BNC2,no,no,no,yes,no,no
PRDM4,no,no,no,yes,no,no
BHLHA15,no,no,no,yes,no,no
NR2E1,no,no,no,yes,no,no
HEYL,no,no,no,yes,no,no
ZNF559-ZNF177,no,no,no,yes,no,no
TCF21,no,no,no,yes,no,no
GLMP,no,no,no,yes,no,no
SOX1,no,no,no,yes,no,no
ZNF596,no,no,no,yes,no,no
SCRT2,no,no,no,yes,no,no
MAFB,no,no,no,yes,no,no
BHLHE23,no,no,no,yes,no,no
FOXJ1,no,no,no,yes,no,no
BCL11B,no,no,no,yes,no,no
GBX2,no,no,no,yes,no,no
ZNF273,no,no,no,yes,no,no
ZNF195,no,no,no,yes,no,no
YBX2,no,no,no,yes,no,no
CREBZF,no,no,no,yes,no,no
ZNF772,no,no,no,yes,no,no
YY1,no,no,no,yes,no,no
ARID3A,no,no,no,yes,no,no
LHX6,no,no,no,yes,no,no
ZNF566,no,no,no,yes,no,no
GLI1,no,no,no,yes,no,no
ZNF774,no,no,no,yes,no,no
DMRT1,no,no,no,yes,no,no
ARID4A,no,no,no,yes,no,no
BHLHE41,no,no,no,yes,no,no
SALL2,no,no,no,yes,no,no
HOXA2,no,no,no,yes,no,no
NCOR2,no,no,no,yes,no,yes
ZNF853,no,no,no,yes,no,no
DLX4,no,no,no,yes,no,no
DMBX1,no,no,no,yes,no,no
TFAP2A,no,no,no,yes,no,no
ZFP42,no,no,no,yes,no,no
ZNF12,no,no,no,yes,no,no
ZNF653,no,no,no,yes,no,no
ZNF483,no,no,no,yes,no,no
SOX13,no,no,no,yes,no,no
PRDM8,no,no,no,yes,no,no
HOXA11,no,no,no,yes,no,no
OSR2,no,no,no,yes,no,no
ZNF417,no,no,no,yes,no,no
ETS2,no,no,no,yes,no,no
THAP9,no,no,no,yes,no,no
MYT1,no,no,no,yes,no,no
ZNF215,no,no,no,yes,no,no
KLF3,no,no,no,yes,no,no
KLF7,no,no,no,yes,no,no
ZBED1,no,no,no,yes,no,no
GLIS2,no,no,no,yes,no,no
HOXB2,no,no,no,yes,no,no
TEAD4,no,no,no,yes,no,no
ASCL3,no,no,no,yes,no,no
HMGB4,no,no,no,yes,no,no
ZNF454,no,no,no,yes,no,no
RBPJL,no,no,no,yes,no,no
DLX2,no,no,no,yes,no,no
DNAJC1,no,no,no,yes,no,no
SP7,no,no,no,yes,no,no
ZNF682,no,no,no,yes,no,no
LEF1,no,no,no,yes,no,no
MAF,no,no,no,yes,no,no
NR1H3,no,no,no,yes,no,no
ZNF530,no,no,no,yes,no,no
LRRFIP2,no,no,no,yes,no,no
MXD3,no,no,no,yes,no,no
ZSCAN22,no,no,no,yes,no,no
GLI3,no,no,no,yes,no,no
VSX2,no,no,no,yes,no,no
ZNF816,no,no,no,yes,no,no
BCL6,no,no,no,yes,no,no
ZNF777,no,no,no,yes,no,no
ZNF574,no,no,no,yes,no,no
ZNF691,no,no,no,yes,no,no
DACH2,no,no,no,yes,no,no
SIM2,no,no,no,yes,no,no
GRHL1,no,no,no,yes,no,no
ZNF441,no,no,no,yes,no,no
ZNF624,no,no,no,yes,no,no
IKZF4,no,no,no,yes,no,no
SETDB2,no,no,no,yes,no,no
SHOX2,no,no,no,yes,no,no
ZSCAN2,no,no,no,yes,no,no
FERD3L,no,no,no,yes,no,no
ZNF41,no,no,no,yes,no,no
HOXC13,no,no,no,yes,no,no
SIM1,no,no,no,yes,no,no
LIN28B,no,no,no,yes,no,no
ZFHX3,no,no,no,yes,no,no
ZBTB26,no,no,no,yes,no,no
ZNF585A,no,no,no,yes,no,no
ZNF467,no,no,no,yes,no,no
THAP4,no,no,no,yes,no,no
ZNF418,no,no,no,yes,no,no
SP140,no,no,no,yes,no,no
NKX1-2,no,no,no,yes,no,no
ZFHX2,no,no,no,yes,no,no
CUX2,no,no,no,yes,no,no
ZNF558,no,no,no,yes,no,no
REPIN1,no,no,no,yes,no,no
THAP1,no,no,no,yes,no,no
MEF2B,no,no,no,yes,no,no
SALL4,no,no,no,yes,no,no
ZBTB32,no,no,no,yes,no,no
ZNF324,no,no,no,yes,no,no
KLF5,no,no,no,yes,no,no
SOX7,no,no,no,yes,no,no
CAMTA2,no,no,no,yes,no,no
YBX3,no,no,no,yes,no,no
EVX1,no,no,no,yes,no,no
HOXB1,no,no,no,yes,no,no
ZNF85,no,no,no,yes,no,no
JARID2,no,no,no,yes,no,no
NKX3-1,no,no,no,yes,no,no
NFAT5,no,no,no,yes,no,no
ZFP69B,no,no,no,yes,no,no
ZNF232,no,no,no,yes,no,no
TFE3,no,no,no,yes,no,no
GLI2,no,no,no,yes,no,no
VAX2,no,no,no,yes,no,no
ZNF730,no,no,no,yes,no,no
SMAD9,no,no,no,yes,no,no
PBX2,no,no,no,yes,no,no
ATF5,no,no,no,yes,no,no
DMRT3,no,no,no,yes,no,no
ZNF726,no,no,no,yes,no,no
ZNF23,no,no,no,yes,no,no
ZBTB5,no,no,no,yes,no,no
ZNF670,no,no,no,yes,no,no
SOX5,no,no,no,yes,no,no
ZNF585B,no,no,no,yes,no,no
EMX2,no,no,no,yes,no,no
GLIS3,no,no,no,yes,no,no
DRGX,no,no,no,yes,no,no
HEY2,no,no,no,yes,no,no
ZNF689,no,no,no,yes,no,no
SUB1,no,no,no,yes,no,no
ERFL,no,no,no,yes,no,no
ZNF287,no,no,no,yes,no,no
POU2F1,no,no,no,yes,no,no
ZNF709,no,no,no,yes,no,no
RCOR2,no,no,no,yes,no,no
RERE,no,no,no,yes,no,no
MYF6,no,no,no,yes,no,no
BORCS8-MEF2B,no,no,no,yes,no,no
TFCP2L1,no,no,no,yes,no,no
MIER1,no,no,no,yes,no,no
ZNF57,no,no,no,yes,no,no
ZBTB47,no,no,no,yes,no,no
ZNF557,no,no,no,yes,no,no
ZNF700,no,no,no,yes,no,no
RARA,no,no,no,yes,no,no
EHF,no,no,no,yes,no,no
ZSCAN18,no,no,no,yes,no,no
ZNF74,no,no,no,yes,no,no
PMS1,no,no,no,yes,no,no
ZNF131,no,no,no,yes,no,no
SALL1,no,no,no,yes,no,no
GSX2,no,no,no,yes,no,no
FOXB1,no,no,no,yes,no,no
FOXD4L1,no,no,no,yes,no,no
ZNF728,no,no,no,yes,no,no
ZNF367,no,no,no,yes,no,no
ZNF181,no,no,no,yes,no,no
BAZ2A,no,no,no,yes,no,no
ZNF71,no,no,no,yes,no,no
OVOL1,no,no,no,yes,no,no
IRX4,no,no,no,yes,no,no
ZNF239,no,no,no,yes,no,no
RXRA,no,no,no,yes,no,no
ZBTB24,no,no,no,yes,no,no
ZNF629,no,no,no,yes,no,no
ZNF443,no,no,no,yes,no,no
LRRFIP1,no,no,no,yes,no,no
ZNF724,no,no,no,yes,no,no
ZNF705B,no,no,no,yes,no,no
E2F4,no,no,no,yes,no,no
CREM,no,no,no,yes,no,no
PLAGL2,no,no,no,yes,no,no
ZNF486,no,no,no,yes,no,no
PAX4,no,no,no,yes,no,no
TCF24,no,no,no,yes,no,no
ZNF497,no,no,no,yes,no,no
FOXE1,no,no,no,yes,no,no
HSFX4,no,no,no,yes,no,no
ZNF34,no,no,no,yes,no,no
ZGLP1,no,no,no,yes,no,no
ZNF548,no,no,no,yes,no,no
ZFP2,no,no,no,yes,no,no
ZNF888,no,no,no,yes,no,no
SOX12,no,no,no,yes,no,no
ZNF622,no,no,no,yes,no,no
HOXB8,no,no,no,yes,no,no
TFAP4,no,no,no,yes,no,no
ZNF75D,no,no,no,yes,no,no
ZNF143,no,no,no,yes,no,no
ZNF773,no,no,no,yes,no,no
ZNF850,no,no,no,yes,no,no
ZNF540,no,no,no,yes,no,no
LMX1A,no,no,no,yes,no,no
HSF4,no,no,no,yes,no,no
TCF3,no,no,no,yes,no,no
E2F6,no,no,no,yes,no,no
ZNF3,no,no,no,yes,no,no
ZFPM2,no,no,no,yes,no,no
SATB2,no,no,no,yes,no,no
FOXG1,no,no,no,yes,no,no
HES6,no,no,no,yes,no,no
ZSCAN5C,no,no,no,yes,no,no
PATZ1,no,no,no,yes,no,no
ZNF75A,no,no,no,yes,no,no
MYCL,no,no,no,yes,no,no
ZNF729,no,no,no,yes,no,no
RCOR3,no,no,no,yes,no,no
ELF3,no,no,no,yes,no,no
ZNF18,no,no,no,yes,no,no
ZNF786,no,no,no,yes,no,no
ZNF614,no,no,no,yes,no,no
TBX10,no,no,no,yes,no,no
ZNF735,no,no,no,yes,no,no
ZNF875,no,no,no,yes,no,no
GMEB2,no,no,no,yes,no,no
ZNF561,no,no,no,yes,no,no
ZNF695,no,no,no,yes,no,no
GLI4,no,no,no,yes,no,no
HIVEP1,no,no,no,yes,no,no
ZNF658,no,no,no,yes,no,no
PIAS4,no,no,no,yes,no,no
TLX1,no,no,no,yes,no,no
POU3F1,no,no,no,yes,no,no
SP110,no,no,no,yes,no,no
ZNF345,no,no,no,yes,no,no
PAX2,no,no,no,yes,no,no
ASCL2,no,no,no,yes,no,no
ZNF14,no,no,no,yes,no,no
TOX,no,no,no,yes,no,no
ZKSCAN3,no,no,no,yes,no,no
ZNF628,no,no,no,yes,no,no
ZNF491,no,no,no,yes,no,no
TWIST1,no,no,no,yes,no,no
ZIC3,no,no,no,yes,no,no
ZNF462,no,no,no,yes,no,no
CDX1,no,no,no,yes,no,no
HMGB1P1,no,no,no,yes,no,no
DUXB,no,no,no,yes,no,no
OTX2,no,no,no,yes,no,no
NANOGP8,no,no,no,yes,no,no
ZNF521,no,no,no,yes,no,no
ZNF91,no,no,no,yes,no,no
ZNF619,no,no,no,yes,no,no
ZNF396,no,no,no,yes,no,no
TGIF1,no,no,no,yes,no,no
ZNF785,no,no,no,yes,no,no
NR2E3,no,no,no,yes,no,no
FOXO4,no,no,no,yes,no,no
TFEC,no,no,no,yes,no,no
ZNF425,no,no,no,yes,no,no
HOXC5,no,no,no,yes,no,no
ID3,no,no,no,yes,no,no
LITAF,no,no,no,yes,no,no
RORB,no,no,no,yes,no,no
ZNF77,no,no,no,yes,no,no
ZNF283,no,no,no,yes,no,no
PBRM1,no,no,no,yes,no,no
ARID1B,no,no,no,yes,no,no
NKX2-6,no,no,no,yes,no,no
FOXH1,no,no,no,yes,no,no
FOXS1,no,no,no,yes,no,no
FOXN3,no,no,no,yes,no,no
ZNF419,no,no,no,yes,no,no
ZNF311,no,no,no,yes,no,no
UBTF,no,no,no,yes,no,no
ZNF2,no,no,no,yes,no,no
ZNF383,no,no,no,yes,no,no
ZNF449,no,no,no,yes,no,no
HLX,no,no,no,yes,no,no
ZNF516,no,no,no,yes,no,no
ZNF423,no,no,no,yes,no,no
ZNF7,no,no,no,yes,no,no
ARID3C,no,no,no,yes,no,no
NFIC,no,no,no,yes,no,no
CARHSP1,no,no,no,yes,no,no
MXI1,no,no,no,yes,no,no
TFDP1,no,no,no,yes,no,no
ZNF681,no,no,no,yes,no,no
ARNT,no,no,no,yes,no,no
ZIM2,no,no,no,yes,no,no
ZNF570,no,no,no,yes,no,no
KLF14,no,no,no,yes,no,no
POU3F3,no,no,no,yes,no,no
ZNF37A,no,no,no,yes,no,no
AFF4,no,no,no,yes,no,no
DUXA,no,no,no,yes,no,no
ZNF783,no,no,no,yes,no,no
ZNF133,no,no,no,yes,no,no
AR,no,no,no,yes,no,no
OVOL3,no,no,no,yes,no,no
ZNF646,no,no,no,yes,no,no
MECP2,no,no,no,yes,no,no
HMGB3,no,no,no,yes,no,no
PHOX2A,no,no,no,yes,no,no
GLIS1,no,no,no,yes,no,no
FOXD4L6,no,no,no,yes,no,no
FEZF2,no,no,no,yes,no,no
TTF1,no,no,no,yes,no,no
MBD2,no,no,no,yes,no,no
ZNF524,no,no,no,yes,no,no
ARNT2,no,no,no,yes,no,no
ZFHX4,no,no,no,yes,no,no
PITX1,no,no,no,yes,no,no
GABPA,no,no,no,yes,no,no
MYB,no,no,no,yes,no,no
ZNF480,no,no,no,yes,no,no
ZIM3,no,no,no,yes,no,no
ZNF697,no,no,no,yes,no,no
ZFP28,no,no,no,yes,no,no
THAP10,no,no,no,yes,no,no
SEBOX,no,no,no,yes,no,no
UNCX,no,no,no,yes,no,no
ZNF512B,no,no,no,yes,no,no
ST18,no,no,no,yes,no,no
ZNF514,no,no,no,yes,no,no
PIAS2,no,no,no,yes,no,no
PRDM6,no,no,no,yes,no,no
ZNF529,no,no,no,yes,no,no
NR5A2,no,no,no,yes,no,no
HOXC12,no,no,no,yes,no,no
ZNF221,no,no,no,yes,no,no
ZNF676,no,no,no,yes,no,no
ZFX,no,no,no,yes,no,no
ZNF169,no,no,no,yes,no,no
RHOXF2B,no,no,no,yes,no,no
ZNF844,no,no,no,yes,no,no
ZNF398,no,no,no,yes,no,no
TBX2,no,no,no,yes,no,no
WIZ,no,no,no,yes,no,no
OTX1,no,no,no,yes,no,no
ETV5,no,no,no,yes,no,no
ETV3,no,no,no,yes,no,no
IKZF3,no,no,no,yes,no,no
ZKSCAN2,no,no,no,yes,no,no
LEUTX,no,no,no,yes,no,no
ZNF92,no,no,no,yes,no,no
MYOD1,no,no,no,yes,no,no
PROX2,no,no,no,yes,no,no
HSF2,no,no,no,yes,no,no
POU4F1,no,no,no,yes,no,no
PBX4,no,no,no,yes,no,no
TADA2B,no,no,no,yes,no,no
HES1,no,no,no,yes,no,no
RHOXF2,no,no,no,yes,no,no
DMTF1,no,no,no,yes,no,no
ZFP14,no,no,no,yes,no,no
HAND1,no,no,no,yes,no,no
ZKSCAN7,no,no,no,yes,no,no
ZNF408,no,no,no,yes,no,no
SP8,no,no,no,yes,no,no
THAP6,no,no,no,yes,no,no
TBX20,no,no,no,yes,no,no
TP73,no,no,no,yes,no,no
HOXB5,no,no,no,yes,no,no
MECOM,no,no,no,yes,no,no
ZNF787,no,no,no,yes,no,no
L3MBTL1,no,no,no,yes,no,no
HOXA3,no,no,no,yes,no,no
ZKSCAN8P1,no,no,no,yes,no,no
FOXD4L3,no,no,no,yes,no,no
OSR1,no,no,no,yes,no,no
ESX1,no,no,no,yes,no,no
ZNF142,no,no,no,yes,no,no
ZNF45,no,no,no,yes,no,no
ZNF141,no,no,no,yes,no,no
FOXL3,no,no,no,yes,no,no
LHX8,no,no,no,yes,no,no
ZNF234,no,no,no,yes,no,no
ZFPM1,no,no,no,yes,no,no
ELF5,no,no,no,yes,no,no
HMG20A,no,no,no,yes,no,no
ESRRG,no,no,no,yes,no,no
ZNF534,no,no,no,yes,no,no
FOXK1,no,no,no,yes,no,no
ZSCAN23,no,no,no,yes,no,no
ZNF257,no,no,no,yes,no,no
ZBTB6,no,no,no,yes,no,no
TSC22D4,no,no,no,yes,no,no
FOXJ2,no,no,no,yes,no,no
ARID5A,no,no,no,yes,no,no
ZNF350,no,no,no,yes,no,no
GRHL2,no,no,no,yes,no,no
HOXB13,no,no,no,yes,no,no
ZSCAN32,no,no,no,yes,no,no
ZNF846,no,no,no,yes,no,no
MAFA,no,no,no,yes,no,no
ZNF677,no,no,no,yes,no,no
ZNF302,no,no,no,yes,no,no
ZNF610,no,no,no,yes,no,no
SP9,no,no,no,yes,no,no
ZNF26,no,no,no,yes,no,no
ZNF208,no,no,no,yes,no,no
JDP2,no,no,no,yes,no,no
BATF,no,no,no,yes,no,no
MYT1L,no,no,no,yes,no,no
FOXP2,no,no,no,yes,no,no
TBX4,no,no,no,yes,no,no
ZBTB25,no,no,no,yes,no,no
ZNF354C,no,no,no,yes,no,no
EBF2,no,no,no,yes,no,no
ZNF124,no,no,no,yes,no,no
ZZZ3,no,no,no,yes,no,no
VAX1,no,no,no,yes,no,no
ZNF44,no,no,no,yes,no,no
MTF1,no,no,no,yes,no,no
ZNF256,no,no,no,yes,no,no
E2F8,no,no,no,yes,no,no
ID2,no,no,no,yes,no,no
PITX2,no,no,no,yes,no,no
ZNF266,no,no,no,yes,no,no
MEF2C,no,no,no,yes,no,no
MIS18BP1,no,no,no,yes,no,no
FIGLA,no,no,no,yes,no,no
LHX2,no,no,no,yes,no,no
TBX18,no,no,no,yes,no,no
NFATC2,no,no,no,yes,no,no
NR2C1,no,no,no,yes,no,no
ZNF660,no,no,no,yes,no,no
HOXB9,no,no,no,yes,no,no
ZIC2,no,no,no,yes,no,no
ZNF790,no,no,no,yes,no,no
ZNF526,no,no,no,yes,no,no
PRDM2,no,no,no,yes,no,no
LHX5,no,no,no,yes,no,no
ZSCAN29,no,no,no,yes,no,no
ZNF358,no,no,no,yes,no,no
ESR2,no,no,no,yes,no,no
HMGXB4,no,no,no,yes,no,no
ZNF782,no,no,no,yes,no,no
CAMTA1,no,no,no,yes,no,no
MEOX1,no,no,no,yes,no,no
GATA2,no,no,no,yes,no,no
HMX1,no,no,no,yes,no,no
ZNF550,no,no,no,yes,no,no
STAT2,no,no,no,yes,no,no
STAT4,no,no,no,yes,no,no
HOXC6,no,no,no,yes,no,no
ZXDA,no,no,no,yes,no,no
PEG3,no,no,no,yes,no,no
ZNF565,no,no,no,yes,no,no
KLF4,no,no,no,yes,no,no
PKNOX1,no,no,no,yes,no,no
SOX14,no,no,no,yes,no,no
HOXD12,no,no,no,yes,no,no
MYCN,no,no,no,yes,no,no
FOXF2,no,no,no,yes,no,no
ZNF407,no,no,no,yes,no,no
ZNF684,no,no,no,yes,no,no
GTF3A,no,no,no,yes,no,no
SMARCC1,no,no,no,yes,no,no
ELF1,no,no,no,yes,no,no
ZNF281,no,no,no,yes,no,no
LITAFD,no,no,no,yes,no,no
ZNF471,no,no,no,yes,no,no
SCX,no,no,no,yes,no,no
DPRX,no,no,no,yes,no,no
FIZ1,no,no,no,yes,no,no
TP63,no,no,no,yes,no,no
ZNF536,no,no,no,yes,no,no
ZNF623,no,no,no,yes,no,no
HOXC11,no,no,no,yes,no,no
ZNF823,no,no,no,yes,no,no
NR5A1,no,no,no,yes,no,no
PRDM16,no,no,no,yes,no,no
ZNF841,no,no,no,yes,no,no
DBX2,no,no,no,yes,no,no
DNAJC2,no,no,no,yes,no,no
NR4A2,no,no,no,yes,no,no
ZNF813,no,no,no,yes,no,no
ZNF347,no,no,no,yes,no,no
ZNF560,no,no,no,yes,no,no
ZNF226,no,no,no,yes,no,no
ZFTA,no,no,no,yes,no,no
RCOR1,no,no,no,yes,no,no
SP6,no,no,no,yes,no,no
ALX1,no,no,no,yes,no,no
PAX9,no,no,no,yes,no,no
IKZF2,no,no,no,yes,no,no
ZNF397,no,no,no,yes,no,no
BBX,no,no,no,yes,no,no
NKX6-3,no,no,no,yes,no,no
NKX2-2,no,no,no,yes,no,no
HOXB4,no,no,no,yes,no,no
ZNF584,no,no,no,yes,no,no
PITX3,no,no,no,yes,no,no
ZNF687,no,no,no,yes,no,no
ZNF202,no,no,no,yes,no,no
SETDB1,no,no,no,yes,no,no
MYSM1,no,no,no,yes,no,no
ZNF648,no,no,no,yes,no,no
TGIF2,no,no,no,yes,no,no
REL,no,no,no,yes,no,no
ZNF845,no,no,no,yes,no,no
MSX2,no,no,no,yes,no,no
ZBTB44,no,no,no,yes,no,no
EVX2,no,no,no,yes,no,no
TCFL5,no,no,no,yes,no,no
JUNB,no,no,no,yes,no,no
ZNF573,no,no,no,yes,no,no
ZNF639,no,no,no,yes,no,no
ZNF10,no,no,no,yes,no,no
TERF1,no,no,no,yes,no,no
MTA1,no,no,no,yes,no,no
ZBED6,no,no,no,yes,no,no
ZNF641,no,no,no,yes,no,no
HSFX2,no,no,no,yes,no,no
NKX6-1,no,no,no,yes,no,no
ZSCAN30,no,no,no,yes,no,no
RFX6,no,no,no,yes,no,no
E2F5,no,no,no,yes,no,no
ZNF746,no,no,no,yes,no,no
KLF10,no,no,no,yes,no,no
GATA3,no,no,no,yes,no,no
RELB,no,no,no,yes,no,no
GATAD2B,no,no,no,yes,no,no
FOXL1,no,no,no,yes,no,no
FOXB2,no,no,no,yes,no,no
PKNOX2,no,no,no,yes,no,no
NCOA1,no,no,no,yes,no,no
SPIC,no,no,no,yes,no,no
BCL11A,no,no,no,yes,no,no
ZNF732,no,no,no,yes,no,no
ZNF251,no,no,no,yes,no,no
FOSB,no,no,no,yes,no,no
STAT1,no,no,no,yes,no,no
ZNF426,no,no,no,yes,no,no
ZNF146,no,no,no,yes,no,no
ZNF219,no,no,no,yes,no,no
TAL2,no,no,no,yes,no,no
ZNF444,no,no,no,yes,no,no
BARX1,no,no,no,yes,no,no
ZSCAN9,no,no,no,yes,no,no
PROX1,no,no,no,yes,no,no
SP4,no,no,no,yes,no,no
ZNF662,no,no,no,yes,no,no
ZNF16,no,no,no,yes,no,no
ZNF493,no,no,no,yes,no,no
ARID1A,no,no,no,yes,no,no
WT1,no,no,no,yes,no,no
DMRTA2,no,no,no,yes,no,no
HELT,no,no,no,yes,no,no
ZNF341,no,no,no,yes,no,no
ZNF506,no,no,no,yes,no,no
ZNF212,no,no,no,yes,no,no
HOXD4,no,no,no,yes,no,no
ZNF222,no,no,no,yes,no,no
ZNF664,no,no,no,yes,no,no
NKX2-1,no,no,no,yes,no,no
TFDP2,no,no,no,yes,no,no
EGR3,no,no,no,yes,no,no
ZBTB20,no,no,no,yes,no,no
HESX1,no,no,no,yes,no,no
NPAS2,no,no,no,yes,no,no
HMGA1,no,no,no,yes,no,no
ZNF627,no,no,no,yes,no,no
FOSL2,no,no,no,yes,no,no
BAZ2B,no,no,no,yes,no,no
ZNF274,no,no,no,yes,no,no
SNAPC4,no,no,no,yes,no,no
NKX1-1,no,no,no,yes,no,no
SIX6,no,no,no,yes,no,no
ZNF613,no,no,no,yes,no,no
PROP1,no,no,no,yes,no,yes
WDHD1,no,no,no,yes,no,no
MEF2D,no,no,no,yes,no,no
OVOL2,no,no,no,yes,no,no
LHX1,no,no,no,yes,no,no
E4F1,no,no,no,yes,no,no
ZNF766,no,no,no,yes,no,no
SOX4,no,no,no,yes,no,no
ZNF43,no,no,no,yes,no,no
IRX3,no,no,no,yes,no,no
KLF18,no,no,no,yes,no,no
FOXA3,no,no,no,yes,no,no
HLF,no,no,no,yes,no,no
ZNF517,no,no,no,yes,no,no
ZNF891,no,no,no,yes,no,no
ZNF546,no,no,no,yes,no,no
HOMEZ,no,no,no,yes,no,no
FOXF1,no,no,no,yes,no,no
ZNF300,no,no,no,yes,no,no
RUNX1,no,no,no,yes,no,no
DMRTC2,no,no,no,yes,no,no
ZBTB37,no,no,no,yes,no,no
RFX5,no,no,no,yes,no,no
IRX6,no,no,no,yes,no,no
GBX1,no,no,no,yes,no,no
CPHXL,no,no,no,yes,no,no
ZBTB8A,no,no,no,yes,no,no
ISL1,no,no,no,yes,no,no
ZNF134,no,no,no,yes,no,no
IKZF1,no,no,no,yes,no,no
BHLHE22,no,no,no,yes,no,no
NPAS4,no,no,no,yes,no,no
ZNF333,no,no,no,yes,no,no
ZNF831,no,no,no,yes,no,no
EN1,no,no,no,yes,no,no
ZNF737,no,no,no,yes,no,no
ZNF296,no,no,no,yes,no,no
HOXC8,no,no,no,yes,no,no
ZNF705E,no,no,no,yes,no,no
STAT5A,no,no,no,yes,no,no
MIER3,no,no,no,yes,no,no
TEAD2,no,no,no,yes,no,no
ZNF331,no,no,no,yes,no,no
TCF23,no,no,no,yes,no,no
HOXD11,no,no,no,yes,no,no
SP3,no,no,no,yes,no,no
HNF1B,no,no,no,yes,no,no
ZNF781,no,no,no,yes,no,no
SIX1,no,no,no,yes,no,no
ZNF701,no,no,no,yes,no,no
HIVEP2,no,no,no,yes,no,no
ZNF214,no,no,no,yes,no,no
PAX3,no,no,no,yes,no,no
MSGN1,no,no,no,yes,no,no
TADA2A,no,no,no,yes,no,no
SIX2,no,no,no,yes,no,no
USF1,no,no,no,yes,no,no
ZNF484,no,no,no,yes,no,no
TPRX1,no,no,no,yes,no,no
HOXA6,no,no,no,yes,no,no
MYRF,no,no,no,yes,no,no
ZBTB34,no,no,no,yes,no,no
VSX1,no,no,no,yes,no,no
MEIOSIN,no,no,no,yes,no,no
ZNF100,no,no,no,yes,no,no
ZBTB49,no,no,no,yes,no,no
SMAD6,no,no,no,yes,no,no
RAX2,no,no,no,yes,no,no
MBD4,no,no,no,yes,no,no
HES4,no,no,no,yes,no,no
ZNF180,no,no,no,yes,no,no
CSDE1,no,no,no,yes,no,no
DLX5,no,no,no,yes,no,no
ZNF177,no,no,no,yes,no,no
NFIB,no,no,no,yes,no,no
TFAP2D,no,no,no,yes,no,no
ZNF334,no,no,no,yes,no,no
NR2F1,no,no,no,yes,no,no
ZNF880,no,no,no,yes,no,no
MIXL1,no,no,no,yes,no,no
DMRTB1,no,no,no,yes,no,no
MEOX2,no,no,no,yes,no,no
ELK3,no,no,no,yes,no,no
IRX5,no,no,no,yes,no,no
ZNF562,no,no,no,yes,no,no
SIX3,no,no,no,yes,no,no
ZSCAN12,no,no,no,yes,no,no
ZNF101,no,no,no,yes,no,no
ZNF587B,no,no,no,yes,no,no
HDX,no,no,no,yes,no,no
ZNF569,no,no,no,yes,no,no
SMAD2,no,no,no,yes,no,no
ZNF829,no,no,no,yes,no,no
NEUROD2,no,no,no,yes,no,no
ZFP90,no,no,no,yes,no,no
TBX21,no,no,no,yes,no,no
ZSCAN4,no,no,no,yes,no,no
ZNF727,no,no,no,yes,no,no
HMG20B,no,no,no,yes,no,no
ZFP64,no,no,no,yes,no,no
L3MBTL4,no,no,no,yes,no,no
IKZF5,no,no,no,yes,no,no
NEUROG2,no,no,no,yes,no,no
ZNF440,no,no,no,yes,no,no
MEIS2,no,no,no,yes,no,no
GTF2IRD2,no,no,no,yes,no,no
ARID5B,no,no,no,yes,no,no
TRERF1,no,no,no,yes,no,no
THAP8,no,no,no,yes,no,no
ZNF404,no,no,no,yes,no,no
MYNN,no,no,no,yes,no,no
ZNF324B,no,no,no,yes,no,no
ATF7-NPFF,no,no,no,yes,no,no
ONECUT3,no,no,no,yes,no,no
HIF3A,no,no,no,yes,no,no
ZNF502,no,no,no,yes,no,no
ZNF567,no,no,no,yes,no,no
ZSCAN20,no,no,no,yes,no,no
VENTX,no,no,no,yes,no,no
FEZF1,no,no,no,yes,no,no
ZNF668,no,no,no,yes,no,no
ZNF66,no,no,no,yes,no,no
ZFP36L1,no,no,no,yes,no,no
ZNF24,no,no,no,yes,no,no
ZNF160,no,no,no,yes,no,no
ZNF630,no,no,no,yes,no,no
ERF,no,no,no,yes,no,no
ZNF207,no,no,no,yes,no,no
PRDM11,no,no,no,yes,no,no
BCLAF1,no,no,no,yes,no,no
ZNF280C,no,no,no,yes,no,no
PARP12,no,no,no,yes,no,no
GPBP1,no,no,no,yes,no,no
RFXANK,no,no,no,yes,no,no
MLLT10,no,no,no,yes,no,no
ADNP2,no,no,no,yes,no,no
CAPN15,no,no,no,yes,no,no
GABPB1,no,no,no,yes,no,no
MYEF2,no,no,no,yes,no,no
TAX1BP1,no,no,no,yes,no,no
AKNA,no,no,no,yes,no,no
CREBL2,no,no,no,yes,no,no
CEBPZ,no,no,no,yes,no,no
PLEK,no,no,no,yes,no,no
SFPQ,no,no,no,yes,no,no
GON4L,no,no,no,yes,no,no
PHTF1,no,no,no,yes,no,no
BLZF1,no,no,no,yes,no,no
ZNF706,no,no,no,yes,no,no
KIAA1549,no,no,no,yes,no,no
ZNFX1,no,no,no,yes,no,no
SLC2A4RG,no,no,no,yes,no,no
RBCK1,no,no,no,yes,no,no
YEATS4,no,no,no,yes,no,no
CASZ1,no,no,no,yes,no,no
CC2D1A,no,no,no,yes,no,no
ZNF414,no,no,no,yes,no,no
XPA,no,no,no,yes,no,yes
TCF19,no,no,no,yes,no,no
ZNF280D,no,no,no,yes,no,no
SMARCAL1,no,no,no,yes,no,no
CARF,no,no,no,yes,no,no
TCF25,no,no,no,yes,no,no
ZNF750,no,no,no,yes,no,no
GABPB2,no,no,no,yes,no,no
TMF1,no,no,no,yes,no,no
LYAR,no,no,no,yes,no,no
PURB,no,no,no,yes,no,no
CIZ1,no,no,no,yes,no,no
ANKRD30A,no,no,no,yes,no,no
THYN1,no,no,no,yes,no,no
SETBP1,no,no,no,yes,no,no
AHCTF1,no,no,no,yes,no,no
MIDEAS,no,no,no,yes,no,no
GATAD1,no,no,no,yes,no,no
SON,no,no,no,yes,no,no
GPBP1L1,no,no,no,yes,no,no
ZNF326,no,no,no,yes,no,no
SPZ1,no,no,no,yes,no,no
FAM170A,no,no,no,yes,no,no
ZNF704,no,no,no,yes,no,no
ZNF503,no,no,no,yes,no,no
RAG1,no,no,no,yes,no,no
ZNF608,no,no,no,yes,no,no
ZNF280A,no,no,no,yes,no,no
CNBP,no,no,no,yes,no,no
NFRKB,no,no,no,yes,no,no
ZNF318,no,no,no,yes,no,no
PURG,no,no,no,yes,no,no
MAF1,no,no,no,yes,no,no
ZNF609,no,no,no,yes,no,no
DMRTC1B,no,no,no,yes,no,no
PURA,no,no,no,yes,no,no
NKRF,no,no,no,yes,no,no
ZNF395,no,no,no,yes,no,no
PLSCR1,no,no,no,yes,no,no
ZGPAT,no,no,no,yes,no,no
ZNF511,no,no,no,yes,no,no
L3MBTL3,no,no,no,yes,no,no
CPEB1,no,no,no,yes,no,no
ZNF487,no,no,no,yes,no,no
NME2,no,no,no,yes,no,no
ZNF488,no,no,no,yes,no,no
DMRTC1,no,no,no,yes,no,no
ZNF280B,no,no,no,yes,no,no
DVL2,no,no,no,no,yes,no
DHX33,no,no,no,no,yes,no
MSL3,no,no,no,no,yes,no
CREBBP,no,no,no,no,yes,no
KMT2E,no,no,no,no,yes,no
MYCBP2,no,no,no,no,yes,no
KDM7A,no,no,no,no,yes,no
PAF1,no,no,no,no,yes,no
SS18L2,no,no,no,no,yes,no
MED24,no,no,no,no,yes,no
TENM1,no,no,no,no,yes,no
BAZ1B,no,no,no,no,yes,no
SCMH1,no,no,no,no,yes,no
MBTD1,no,no,no,no,yes,no
DPF1,no,no,no,no,yes,no
KDM5D,no,no,no,no,yes,no
CALCOCO1,no,no,no,no,yes,no
RNF14,no,no,no,no,yes,no
YAF2,no,no,no,no,yes,no
ZMYND11,no,no,no,no,yes,no
WWTR1,no,no,no,no,yes,no
MNAT1,no,no,no,no,yes,no
RNF10,no,no,no,no,yes,no
STRAP,no,no,no,no,yes,no
DEPDC1,no,no,no,no,yes,no
PHF20,no,no,no,no,yes,no
TBPL1,no,no,no,no,yes,no
MED17,no,no,no,no,yes,no
TPR,no,no,no,no,yes,no
HDAC9,no,no,no,no,yes,no
RSF1,no,no,no,no,yes,no
ARHGEF5,no,no,no,no,yes,no
NRIP2,no,no,no,no,yes,no
THRAP3,no,no,no,no,yes,no
PHF21B,no,no,no,no,yes,no
TARBP1,no,no,no,no,yes,no
CTDP1,no,no,no,no,yes,no
CCAR1,no,no,no,no,yes,no
HDAC7,no,no,no,no,yes,no
LZTS1,no,no,no,no,yes,no
SFSWAP,no,no,no,no,yes,no
MED29,no,no,no,no,yes,no
RNF4,no,no,no,no,yes,no
TAF2,no,no,no,no,yes,no
HIPK2,no,no,no,no,yes,no
EYA2,no,no,no,no,yes,no
DDX20,no,no,no,no,yes,no
TAF11,no,no,no,no,yes,no
SPEN,no,no,no,no,yes,no
TLE2,no,no,no,no,yes,no
CDK13,no,no,no,no,yes,no
SMARCD1,no,no,no,no,yes,no
KDM4A,no,no,no,no,yes,no
FGFR2,no,no,no,no,yes,no
DNTTIP2,no,no,no,no,yes,no
TP53BP1,no,no,no,no,yes,no
HYAL2,no,no,no,no,yes,no
HDAC4,no,no,no,no,yes,no
BCL3,no,no,no,no,yes,no
ELP1,no,no,no,no,yes,no
JMJD6,no,no,no,no,yes,no
CSNK2A2,no,no,no,no,yes,no
CAMK2A,no,no,no,no,yes,no
ING3,no,no,no,no,yes,no
LMCD1,no,no,no,no,yes,no
TRIP13,no,no,no,no,yes,no
HLTF,no,no,no,no,yes,no
ACTN1,no,no,no,no,yes,no
FBXW11,no,no,no,no,yes,no
KDM5A,no,no,no,no,yes,no
PICALM,no,no,no,no,yes,no
EED,no,no,no,no,yes,no
TSG101,no,no,no,no,yes,no
ENO1,no,no,no,no,yes,no
ACTR6,no,no,no,no,yes,no
ZNF638,no,no,no,no,yes,no
ACTL6B,no,no,no,no,yes,no
ACTN2,no,no,no,no,yes,no
JADE1,no,no,no,no,yes,no
FGFR1,no,no,no,no,yes,no
CBFA2T2,no,no,no,no,yes,no
ITCH,no,no,no,no,yes,no
RUNX1T1,no,no,no,no,yes,no
DDX1,no,no,no,no,yes,no
SMARCA2,no,no,no,no,yes,no
SRCAP,no,no,no,no,yes,no
RBL1,no,no,no,no,yes,no
SMARCD3,no,no,no,no,yes,no
CCNT2,no,no,no,no,yes,no
KAT6A,no,no,no,no,yes,no
TDRD3,no,no,no,no,yes,no
PPIE,no,no,no,no,yes,no
ATRX,no,no,no,no,yes,no
RRN3,no,no,no,no,yes,no
TXLNG,no,no,no,no,yes,no
TRIP6,no,no,no,no,yes,no
NLK,no,no,no,no,yes,no
ATXN7L3,no,no,no,no,yes,no
CNOT3,no,no,no,no,yes,no
DNMT3B,no,no,no,no,yes,no
XRN2,no,no,no,no,yes,no
TESC,no,no,no,no,yes,no
ESF1,no,no,no,no,yes,no
KDM2B,no,no,no,no,yes,no
BIRC5,no,no,no,no,yes,no
CCNK,no,no,no,no,yes,no
SLC26A3,no,no,no,no,yes,no
HNRNPC,no,no,no,no,yes,no
SUPT16H,no,no,no,no,yes,no
TBL1Y,no,no,no,no,yes,no
EZR,no,no,no,no,yes,no
AGO1,no,no,no,no,yes,no
BTAF1,no,no,no,no,yes,no
WAC,no,no,no,no,yes,no
MACROH2A2,no,no,no,no,yes,no
MED15,no,no,no,no,yes,no
CECR2,no,no,no,no,yes,no
HIRA,no,no,no,no,yes,no
DDX17,no,no,no,no,yes,no
TCF20,no,no,no,no,yes,no
THOC5,no,no,no,no,yes,no
CBX7,no,no,no,no,yes,no
RBFOX2,no,no,no,no,yes,no
TAB1,no,no,no,no,yes,no
ASCC2,no,no,no,no,yes,no
L3MBTL2,no,no,no,no,yes,no
PHF5A,no,no,no,no,yes,no
BRD1,no,no,no,no,yes,no
HDAC10,no,no,no,no,yes,no
SNW1,no,no,no,no,yes,no
TRIP11,no,no,no,no,yes,no
ARHGAP5,no,no,no,no,yes,no
CHD8,no,no,no,no,yes,no
NFKBIA,no,no,no,no,yes,no
BRMS1L,no,no,no,no,yes,no
ZMYND8,no,no,no,no,yes,no
PABPC1L,no,no,no,no,yes,no
NELFCD,no,no,no,no,yes,no
PRPF6,no,no,no,no,yes,no
MRGBP,no,no,no,no,yes,no
HCK,no,no,no,no,yes,no
RPRD1B,no,no,no,no,yes,no
ACTR5,no,no,no,no,yes,no
LPIN2,no,no,no,no,yes,no
RBBP8,no,no,no,no,yes,no
TBL1X,no,no,no,no,yes,no
SUV39H1,no,no,no,no,yes,no
XIAP,no,no,no,no,yes,no
RBBP7,no,no,no,no,yes,no
PQBP1,no,no,no,no,yes,no
HTATSF1,no,no,no,no,yes,no
VGLL1,no,no,no,no,yes,no
TAF7L,no,no,no,no,yes,no
SUPT20H,no,no,no,no,yes,no
RGCC,no,no,no,no,yes,no
TRADD,no,no,no,no,yes,no
ARL2BP,no,no,no,no,yes,no
SETD6,no,no,no,no,yes,no
AXIN1,no,no,no,no,yes,no
TAF1C,no,no,no,no,yes,no
CRYM,no,no,no,no,yes,no
ELOB,no,no,no,no,yes,no
RBL2,no,no,no,no,yes,no
PYCARD,no,no,no,no,yes,no
KAT8,no,no,no,no,yes,no
TRIP4,no,no,no,no,yes,no
BRF2,no,no,no,no,yes,no
EYA1,no,no,no,no,yes,no
STK3,no,no,no,no,yes,no
CHRAC1,no,no,no,no,yes,no
NFKBIB,no,no,no,no,yes,no
PIH1D1,no,no,no,no,yes,no
ERCC2,no,no,no,no,yes,yes
DOT1L,no,no,no,no,yes,no
TLE5,no,no,no,no,yes,no
MED25,no,no,no,no,yes,no
SNAPC2,no,no,no,no,yes,no
ASF1B,no,no,no,no,yes,no
MED26,no,no,no,no,yes,no
CCNE1,no,no,no,no,yes,no
URI1,no,no,no,no,yes,no
DYRK1B,no,no,no,no,yes,no
MIER2,no,no,no,no,yes,no
PIK3R2,no,no,no,no,yes,no
ELL,no,no,no,no,yes,no
CRTC1,no,no,no,no,yes,no
MTPN,no,no,no,no,yes,no
BUD31,no,no,no,no,yes,no
TAF6,no,no,no,no,yes,no
EZH2,no,no,no,no,yes,no
SFRP4,no,no,no,no,yes,no
TLE4,no,no,no,no,yes,no
ENG,no,no,no,no,yes,no
KDM4C,no,no,no,no,yes,no
KANK1,no,no,no,no,yes,no
EDF1,no,no,no,no,yes,no
PDLIM1,no,no,no,no,yes,no
NPM3,no,no,no,no,yes,no
SUFU,no,no,no,no,yes,no
EDRF1,no,no,no,no,yes,no
TRIM37,no,no,no,no,yes,no
RECQL5,no,no,no,no,yes,no
MED13,no,no,no,no,yes,no
RASD1,no,no,no,no,yes,no
RAI1,no,no,no,no,yes,no
MED31,no,no,no,no,yes,no
SMARCD2,no,no,no,no,yes,no
KAT2A,no,no,no,no,yes,no
EZH1,no,no,no,no,yes,no
HDAC5,no,no,no,no,yes,no
SUPT6H,no,no,no,no,yes,no
PHF12,no,no,no,no,yes,no
ELP4,no,no,no,no,yes,no
LPXN,no,no,no,no,yes,no
KMT5B,no,no,no,no,yes,no
RNF141,no,no,no,no,yes,no
BIRC2,no,no,no,no,yes,no
CBL,no,no,no,no,yes,no
HIPK3,no,no,no,no,yes,no
AIP,no,no,no,no,yes,no
NUP98,no,no,no,no,yes,no
GTF2H1,no,no,no,no,yes,no
POU2AF1,no,no,no,no,yes,no
PRMT8,no,no,no,no,yes,no
CDKN1B,no,no,no,no,yes,no
GTF2H3,no,no,no,no,yes,no
TIMELESS,no,no,no,no,yes,no
CHD4,no,no,no,no,yes,no
ING4,no,no,no,no,yes,no
ATN1,no,no,no,no,yes,no
SUDS3,no,no,no,no,yes,no
HCFC2,no,no,no,no,yes,no
BTN3A3,no,no,no,no,yes,no
TDP2,no,no,no,no,yes,no
FRK,no,no,no,no,yes,no
MAK,no,no,no,no,yes,no
ASF1A,no,no,no,no,yes,no
NCOA7,no,no,no,no,yes,no
RNF8,no,no,no,no,yes,no
ZNF451,no,no,no,no,yes,no
FHL5,no,no,no,no,yes,no
CCNC,no,no,no,no,yes,no
ASCC3,no,no,no,no,yes,no
MED23,no,no,no,no,yes,no
GMNN,no,no,no,no,yes,no
EYA4,no,no,no,no,yes,no
PHF1,no,no,no,no,yes,no
MDFI,no,no,no,no,yes,no
TBP,no,no,no,no,yes,no
ERBIN,no,no,no,no,yes,no
BRD8,no,no,no,no,yes,no
FGF1,no,no,no,no,yes,no
WWC1,no,no,no,no,yes,no
TCERG1,no,no,no,no,yes,no
ACTR8,no,no,no,no,yes,no
KAT2B,no,no,no,no,yes,no
INO80D,no,no,no,no,yes,no
KCNIP3,no,no,no,no,yes,no
NCL,no,no,no,no,yes,no
INO80B,no,no,no,no,yes,no
PCGF1,no,no,no,no,yes,no
LOXL3,no,no,no,no,yes,no
KDM3A,no,no,no,no,yes,no
SMYD1,no,no,no,no,yes,no
FHL2,no,no,no,no,yes,no
TAF1B,no,no,no,no,yes,no
ORC2,no,no,no,no,yes,no
TRAK2,no,no,no,no,yes,no
SUMO1,no,no,no,no,yes,no
BCL9,no,no,no,no,yes,no
WDR77,no,no,no,no,yes,no
HDAC1,no,no,no,no,yes,no
ASH1L,no,no,no,no,yes,no
MAD2L2,no,no,no,no,yes,no
CTH,no,no,no,no,yes,no
TTF2,no,no,no,no,yes,no
PADI2,no,no,no,no,yes,no
KDM5B,no,no,no,no,yes,no
RBBP5,no,no,no,no,yes,no
DR1,no,no,no,no,yes,no
CENPF,no,no,no,no,yes,no
KMT2A,no,no,no,no,yes,no
TNP1,no,no,no,no,yes,no
CASP8AP2,no,no,no,no,yes,no
MED28,no,no,no,no,yes,no
ELL2,no,no,no,no,yes,no
HEATR1,no,no,no,no,yes,no
PHF19,no,no,no,no,yes,no
IRF2BPL,no,no,no,no,yes,no
SUPT7L,no,no,no,no,yes,no
ENY2,no,no,no,no,yes,no
EPC1,no,no,no,no,yes,no
TAF12,no,no,no,no,yes,no
KDM3B,no,no,no,no,yes,no
COPS5,no,no,no,no,yes,no
TRIM25,no,no,no,no,yes,no
PSPC1,no,no,no,no,yes,no
RNF2,no,no,no,no,yes,no
DPPA4,no,no,no,no,yes,no
ZMYM2,no,no,no,no,yes,no
LRIF1,no,no,no,no,yes,no
RWDD3,no,no,no,no,yes,no
RPAP2,no,no,no,no,yes,no
CBX3,no,no,no,no,yes,no
TAF1L,no,no,no,no,yes,no
TRIM24,no,no,no,no,yes,no
ECD,no,no,no,no,yes,no
DDX54,no,no,no,no,yes,no
MED13L,no,no,no,no,yes,no
WWP1,no,no,no,no,yes,no
PFDN5,no,no,no,no,yes,no
CDK2,no,no,no,no,yes,no
MORF4L2,no,no,no,no,yes,no
NMI,no,no,no,no,yes,no
RAP2C,no,no,no,no,yes,no
AGO2,no,no,no,no,yes,no
NCOA3,no,no,no,no,yes,no
CHD6,no,no,no,no,yes,no
H1-3,no,no,no,no,yes,no
MED20,no,no,no,no,yes,no
DEK,no,no,no,no,yes,no
CNOT1,no,no,no,no,yes,no
GTF2F1,no,no,no,no,yes,no
MED1,no,no,no,no,yes,no
CENPB,no,no,no,no,yes,no
CITED1,no,no,no,no,yes,no
RALY,no,no,no,no,yes,no
SSX1,no,no,no,no,yes,no
UXT,no,no,no,no,yes,no
PRDM7,no,no,no,no,yes,no
PIN1,no,no,no,no,yes,no
SIN3B,no,no,no,no,yes,no
SMARCA4,no,no,no,no,yes,no
KDM4B,no,no,no,no,yes,no
RNF6,no,no,no,no,yes,no
HAT1,no,no,no,no,yes,no
ELL3,no,no,no,no,yes,no
INO80,no,no,no,no,yes,no
ICE2,no,no,no,no,yes,no
CSRP3,no,no,no,no,yes,no
CCNT1,no,no,no,no,yes,no
AJUBA,no,no,no,no,yes,no
SNX6,no,no,no,no,yes,no
EAPP,no,no,no,no,yes,no
NEDD8,no,no,no,no,yes,no
ASH2L,no,no,no,no,yes,no
CDKN1C,no,no,no,no,yes,no
CDY2B,no,no,no,no,yes,no
CBFA2T3,no,no,no,no,yes,no
PHF10,no,no,no,no,yes,no
ELOF1,no,no,no,no,yes,no
SAFB2,no,no,no,no,yes,no
MLLT1,no,no,no,no,yes,no
ACTN4,no,no,no,no,yes,no
HELZ2,no,no,no,no,yes,no
TNNI2,no,no,no,no,yes,no
TAF4,no,no,no,no,yes,no
TRIM28,no,no,no,no,yes,no
MED18,no,no,no,no,yes,no
CCDC62,no,no,no,no,yes,no
DNMT1,no,no,no,no,yes,no
NOL11,no,no,no,no,yes,no
HABP4,no,no,no,no,yes,no
RBM39,no,no,no,no,yes,no
RLIM,no,no,no,no,yes,no
CHD1L,no,no,no,no,yes,no
DNAJB1,no,no,no,no,yes,no
RAF1,no,no,no,no,yes,no
TRIM5,no,no,no,no,yes,no
TRIM22,no,no,no,no,yes,no
RAN,no,no,no,no,yes,no
MYBBP1A,no,no,no,no,yes,no
LANCL2,no,no,no,no,yes,no
GPS2,no,no,no,no,yes,no
PRMT7,no,no,no,no,yes,no
POLR3F,no,no,no,no,yes,no
LPIN3,no,no,no,no,yes,no
ZMYM5,no,no,no,no,yes,no
CDK8,no,no,no,no,yes,no
CCNA1,no,no,no,no,yes,no
RFXAP,no,no,no,no,yes,no
TCEAL4,no,no,no,no,yes,no
BEX1,no,no,no,no,yes,no
KMT5C,no,no,no,no,yes,no
LGALS12,no,no,no,no,yes,no
MED10,no,no,no,no,yes,no
BTG1,no,no,no,no,yes,no
CCDC59,no,no,no,no,yes,no
DUSP26,no,no,no,no,yes,no
DPF2,no,no,no,no,yes,no
MEN1,no,no,no,no,yes,no
MED6,no,no,no,no,yes,no
LOXL2,no,no,no,no,yes,no
ELP3,no,no,no,no,yes,no
CDK7,no,no,no,no,yes,yes
PPHLN1,no,no,no,no,yes,no
CDC73,no,no,no,no,yes,no
CCNH,no,no,no,no,yes,no
KCTD1,no,no,no,no,yes,no
ELP2,no,no,no,no,yes,no
ARGLU1,no,no,no,no,yes,no
DTX1,no,no,no,no,yes,no
LMO2,no,no,no,no,yes,no
PHF21A,no,no,no,no,yes,no
EGLN1,no,no,no,no,yes,no
TAF5L,no,no,no,no,yes,no
DHX9,no,no,no,no,yes,no
EPC2,no,no,no,no,yes,no
MED4,no,no,no,no,yes,no
ALPK3,no,no,no,no,yes,no
BRIP1,no,no,no,no,yes,no
SKIL,no,no,no,no,yes,no
SAP130,no,no,no,no,yes,no
CDK9,no,no,no,no,yes,no
NIBAN2,no,no,no,no,yes,no
ANP32B,no,no,no,no,yes,no
SPAG8,no,no,no,no,yes,no
PIM1,no,no,no,no,yes,no
TAF8,no,no,no,no,yes,no
ARRB1,no,no,no,no,yes,no
TGS1,no,no,no,no,yes,no
TRIM29,no,no,no,no,yes,no
SLTM,no,no,no,no,yes,no
RTF1,no,no,no,no,yes,no
PAK6,no,no,no,no,yes,no
GTF2B,no,no,no,no,yes,no
BRDT,no,no,no,no,yes,no
ASCC1,no,no,no,no,yes,no
NAB1,no,no,no,no,yes,no
CIR1,no,no,no,no,yes,no
PARP9,no,no,no,no,yes,no
CNOT6L,no,no,no,no,yes,no
ANP32D,no,no,no,no,yes,no
TDG,no,no,no,no,yes,no
RITA1,no,no,no,no,yes,no
BRCA2,no,no,no,no,yes,no
SETD1B,no,no,no,no,yes,no
GTF2A2,no,no,no,no,yes,no
TLE3,no,no,no,no,yes,no
ANP32A,no,no,no,no,yes,no
WDR61,no,no,no,no,yes,no
NCOA2,no,no,no,no,yes,no
PML,no,no,no,no,yes,no
TGFB1I1,no,no,no,no,yes,no
MED9,no,no,no,no,yes,no
MYOCD,no,no,no,no,yes,no
UTP4,no,no,no,no,yes,no
TOB1,no,no,no,no,yes,no
SKAP1,no,no,no,no,yes,no
BCAS3,no,no,no,no,yes,no
SS18,no,no,no,no,yes,no
TAF4B,no,no,no,no,yes,no
RPRD1A,no,no,no,no,yes,no
PELP1,no,no,no,no,yes,no
ARRB2,no,no,no,no,yes,no
CBX8,no,no,no,no,yes,no
CBX4,no,no,no,no,yes,no
ERBB2,no,no,no,no,yes,no
WTIP,no,no,no,no,yes,no
NLRP12,no,no,no,no,yes,no
PEX14,no,no,no,no,yes,no
ZNF593,no,no,no,no,yes,no
WDTC1,no,no,no,no,yes,no
ITGB3BP,no,no,no,no,yes,no
BCL10,no,no,no,no,yes,no
MTF2,no,no,no,no,yes,no
CREG1,no,no,no,no,yes,no
DCAF6,no,no,no,no,yes,no
ANP32E,no,no,no,no,yes,no
TAF1A,no,no,no,no,yes,no
SMYD2,no,no,no,no,yes,no
ILF2,no,no,no,no,yes,no
VGLL4,no,no,no,no,yes,no
CTDSP1,no,no,no,no,yes,no
CNOT9,no,no,no,no,yes,no
EAF1,no,no,no,no,yes,no
LIMD1,no,no,no,no,yes,no
NFKBIZ,no,no,no,no,yes,no
MED12L,no,no,no,no,yes,no
DCAF1,no,no,no,no,yes,no
EAF2,no,no,no,no,yes,no
DGKQ,no,no,no,no,yes,no
CAMK2D,no,no,no,no,yes,no
CCNA2,no,no,no,no,yes,no
SETD7,no,no,no,no,yes,no
SSBP2,no,no,no,no,yes,no
BDP1,no,no,no,no,yes,no
GTF2H2,no,no,no,no,yes,no
BTF3,no,no,no,no,yes,no
TNIP1,no,no,no,no,yes,no
TENM2,no,no,no,no,yes,no
ABT1,no,no,no,no,yes,no
PHIP,no,no,no,no,yes,no
PNRC1,no,no,no,no,yes,no
CASK,no,no,no,no,yes,no
KDM6A,no,no,no,no,yes,no
HDAC8,no,no,no,no,yes,no
TAF1,no,no,no,no,yes,no
NONO,no,no,no,no,yes,no
RIPPLY1,no,no,no,no,yes,no
RBMX,no,no,no,no,yes,no
NSD3,no,no,no,no,yes,no
MED22,no,no,no,no,yes,no
REXO4,no,no,no,no,yes,no
NRBF2,no,no,no,no,yes,no
ANKRD1,no,no,no,no,yes,no
TAF5,no,no,no,no,yes,no
PPRC1,no,no,no,no,yes,no
NPAT,no,no,no,no,yes,no
CHEK1,no,no,no,no,yes,no
TIRAP,no,no,no,no,yes,no
SAP18,no,no,no,no,yes,no
PDCD4,no,no,no,no,yes,no
SRFBP1,no,no,no,no,yes,no
THRSP,no,no,no,no,yes,no
ANKAR,no,no,no,no,yes,no
CENPU,no,no,no,no,yes,no
SAV1,no,no,no,no,yes,no
BEND6,no,no,no,no,yes,no
TADA1,no,no,no,no,yes,no
JMY,no,no,no,no,yes,no
SUV39H2,no,no,no,no,yes,no
CAMK4,no,no,no,no,yes,no
MED21,no,no,no,no,yes,no
CDYL,no,no,no,no,yes,no
DAB2,no,no,no,no,yes,no
SMARCA5,no,no,no,no,yes,no
HNRNPU,no,no,no,no,yes,no
INO80C,no,no,no,no,yes,no
ING1,no,no,no,no,yes,no
GTF2E1,no,no,no,no,yes,no
PID1,no,no,no,no,yes,no
CHD1,no,no,no,no,yes,no
WNT3A,no,no,no,no,yes,no
TRIM11,no,no,no,no,yes,no
ELOC,no,no,no,no,yes,no
MMS19,no,no,no,no,yes,no
CNOT8,no,no,no,no,yes,no
KDM8,no,no,no,no,yes,no
RNF20,no,no,no,no,yes,no
PPARGC1B,no,no,no,no,yes,no
MED7,no,no,no,no,yes,no
GRIP1,no,no,no,no,yes,no
PCGF6,no,no,no,no,yes,no
SFR1,no,no,no,no,yes,no
MED19,no,no,no,no,yes,no
KAT6B,no,no,no,no,yes,no
ATAD2,no,no,no,no,yes,no
RBPMS,no,no,no,no,yes,no
NRG1,no,no,no,no,yes,no
PAXIP1,no,no,no,no,yes,no
SSBP3,no,no,no,no,yes,no
RNF111,no,no,no,no,yes,no
TAB3,no,no,no,no,yes,no
SKI,no,no,no,no,yes,no
EYA3,no,no,no,no,yes,no
AUTS2,no,no,no,no,yes,no
CNOT11,no,no,no,no,yes,no
EMSY,no,no,no,no,yes,no
NPM2,no,no,no,no,yes,no
CCAR2,no,no,no,no,yes,no
CHAF1B,no,no,no,no,yes,no
MED8,no,no,no,no,yes,no
CTBP1,no,no,no,no,yes,no
ARHGAP35,no,no,no,no,yes,no
SSU72,no,no,no,no,yes,no
PRMT2,no,no,no,no,yes,no
MED27,no,no,no,no,yes,no
SAFB,no,no,no,no,yes,no
CHTOP,no,no,no,no,yes,no
CRTC2,no,no,no,no,yes,no
PMF1,no,no,no,no,yes,no
TONSL,no,no,no,no,yes,no
MAML1,no,no,no,no,yes,no
DVL3,no,no,no,no,yes,no
SAP30BP,no,no,no,no,yes,no
SRSF2,no,no,no,no,yes,no
MED11,no,no,no,no,yes,no
TAF6L,no,no,no,no,yes,no
RBBP4,no,no,no,no,yes,no
WNT4,no,no,no,no,yes,no
DPY30,no,no,no,no,yes,no
SMARCAD1,no,no,no,no,yes,no
ERCC3,no,no,no,no,yes,no
S100A9,no,no,no,no,yes,no
CGGBP1,no,no,no,no,yes,no
PBXIP1,no,no,no,no,yes,no
PYGO2,no,no,no,no,yes,no
HIPK1,no,no,no,no,yes,no
STK36,no,no,no,no,yes,no
HDAC11,no,no,no,no,yes,no
DPPA2,no,no,no,no,yes,no
MNDA,no,no,no,no,yes,no
RYBP,no,no,no,no,yes,no
YEATS2,no,no,no,no,yes,no
MEAF6,no,no,no,no,yes,no
SNIP1,no,no,no,no,yes,no
SFMBT1,no,no,no,no,yes,no
GNL3,no,no,no,no,yes,no
TASOR,no,no,no,no,yes,no
RNF168,no,no,no,no,yes,no
H2AZ1,no,no,no,no,yes,no
SAP30,no,no,no,no,yes,no
NAA15,no,no,no,no,yes,no
ICE1,no,no,no,no,yes,no
NIPBL,no,no,no,no,yes,no
ANKRA2,no,no,no,no,yes,no
CITED2,no,no,no,no,yes,no
SAP30L,no,no,no,no,yes,no
PTTG1,no,no,no,no,yes,no
PEX2,no,no,no,no,yes,no
RAD21,no,no,no,no,yes,no
MED30,no,no,no,no,yes,no
PSIP1,no,no,no,no,yes,no
SYK,no,no,no,no,yes,no
KDM1B,no,no,no,no,yes,no
HNRNPK,no,no,no,no,yes,no
FBP1,no,no,no,no,yes,no
GTF2A1,no,no,no,no,yes,no
SSX5,no,no,no,no,yes,no
SSX3,no,no,no,no,yes,no
DACT1,no,no,no,no,yes,no
TAF3,no,no,no,no,yes,no
NSD1,no,no,no,no,yes,no
ANKRD2,no,no,no,no,yes,no
TAF1D,no,no,no,no,yes,no
HIF1AN,no,no,no,no,yes,no
COPS2,no,no,no,no,yes,no
PCBD1,no,no,no,no,yes,no
APBB1,no,no,no,no,yes,no
ILK,no,no,no,no,yes,no
TAF10,no,no,no,no,yes,no
LMO1,no,no,no,no,yes,no
CDYL2,no,no,no,no,yes,no
LEO1,no,no,no,no,yes,no
ATF7IP2,no,no,no,no,yes,no
ZCCHC18,no,no,no,no,yes,no
TERF2IP,no,no,no,no,yes,no
NAB2,no,no,no,no,yes,no
YWHAB,no,no,no,no,yes,no
CRK,no,no,no,no,yes,no
CDK12,no,no,no,no,yes,no
CD3D,no,no,no,no,yes,no
SERTAD3,no,no,no,no,yes,no
NFKBID,no,no,no,no,yes,no
DAPK3,no,no,no,no,yes,no
SF1,no,no,no,no,yes,no
BMI1,no,no,no,no,yes,no
H1-4,no,no,no,no,yes,no
ING5,no,no,no,no,yes,no
HR,no,no,no,no,yes,no
HEXIM2,no,no,no,no,yes,no
TNIP2,no,no,no,no,yes,no
LGALS9,no,no,no,no,yes,no
SIN3A,no,no,no,no,yes,no
INO80E,no,no,no,no,yes,no
LDB2,no,no,no,no,yes,no
CTNND2,no,no,no,no,yes,no
BRD3,no,no,no,no,yes,no
CHD3,no,no,no,no,yes,no
VGLL2,no,no,no,no,yes,no
PA2G4,no,no,no,no,yes,no
SDR16C5,no,no,no,no,yes,no
MBD3L1,no,no,no,no,yes,no
TADA3,no,no,no,no,yes,no
TRIM8,no,no,no,no,yes,no
SCAND1,no,no,no,no,yes,no
CHD7,no,no,no,no,yes,no
ASXL1,no,no,no,no,yes,no
PPID,no,no,no,no,yes,no
PLRG1,no,no,no,no,yes,no
DSCAM,no,no,no,no,yes,no
CXXC5,no,no,no,no,yes,no
BPTF,no,no,no,no,yes,no
ATF7IP,no,no,no,no,yes,no
TCEA2,no,no,no,no,yes,no
UTF1,no,no,no,no,yes,no
MLLT3,no,no,no,no,yes,no
JMJD1C,no,no,no,no,yes,no
CDY1,no,no,no,no,yes,no
COPRS,no,no,no,no,yes,no
CDY1B,no,no,no,no,yes,no
TCEAL1,no,no,no,no,yes,no
BANP,no,no,no,no,yes,no
HCFC1,no,no,no,no,yes,no
PHF8,no,no,no,no,yes,no
KAT5,no,no,no,no,yes,no
KDM2A,no,no,no,no,yes,no
COMMD1,no,no,no,no,yes,no
PARP14,no,no,no,no,yes,no
PARP15,no,no,no,no,yes,no
TNKS,no,no,no,no,yes,no
TRIB1,no,no,no,no,yes,no
SCAI,no,no,no,no,yes,no
SLC19A1,no,no,no,no,yes,no
PLK3,no,no,no,no,yes,no
CBX2,no,no,no,no,yes,no
RALGAPA1,no,no,no,no,yes,no
ABRA,no,no,no,no,yes,no
SNAPC5,no,no,no,no,yes,no
ZCCHC12,no,no,no,no,yes,no
BRMS1,no,no,no,no,yes,no
DHX36,no,no,no,no,yes,no
CTBP2,no,no,no,no,yes,no
MED16,no,no,no,no,yes,no
DRAP1,no,no,no,no,yes,no
CCDC85B,no,no,no,no,yes,no
RUVBL1,no,no,no,no,yes,no
CIDEA,no,no,no,no,yes,no
EID2,no,no,no,no,yes,no
SGF29,no,no,no,no,yes,no
CDK5R1,no,no,no,no,yes,no
TCERG1L,no,no,no,no,yes,no
BASP1,no,no,no,no,yes,no
NFATC2IP,no,no,no,no,yes,no
CHD9,no,no,no,no,yes,no
PAWR,no,no,no,no,yes,yes
TBL1XR1,no,no,no,no,yes,no
PIDD1,no,no,no,no,yes,no
FLII,no,no,no,no,yes,no
DMAP1,no,no,no,no,yes,no
BEND3,no,no,no,no,yes,no
ERBB4,no,no,no,no,yes,no
CTNNBIP1,no,no,no,no,yes,no
PARP10,no,no,no,no,yes,no
SUZ12,no,no,no,no,yes,no
TAF7,no,no,no,no,yes,no
AURKB,no,no,no,no,yes,no
SAMD4B,no,no,no,no,yes,no
MAGED1,no,no,no,no,yes,no
CIITA,no,no,no,no,yes,no
SERTAD2,no,no,no,no,yes,no
CITED4,no,no,no,no,yes,no
PUF60,no,no,no,no,yes,no
MED14,no,no,no,no,yes,no
HCLS1,no,no,no,no,yes,no
NRIP1,no,no,no,no,yes,no
PCGF5,no,no,no,no,yes,no
EHMT1,no,no,no,no,yes,no
POLR2A,no,no,no,no,yes,no
SIAH2,no,no,no,no,yes,no
CDY2A,no,no,no,no,yes,no
TBPL2,no,no,no,no,yes,no
TRAK1,no,no,no,no,yes,no
EWSR1,no,no,no,no,yes,no
CNOT10,no,no,no,no,yes,no
WBP2NL,no,no,no,no,yes,no
RUVBL2,no,no,no,no,yes,no
MAGEA2B,no,no,no,no,yes,no
BCOR,no,no,no,no,yes,no
FHL3,no,no,no,no,yes,no
GTF2H2C,no,no,no,no,yes,no
EP400,no,no,no,no,yes,no
SETD3,no,no,no,no,yes,no
ALYREF,no,no,no,no,yes,no
CBX6,no,no,no,no,yes,no
CHEK2,no,no,no,no,yes,yes
ZNF703,no,no,no,no,yes,no
LIN9,no,no,no,no,yes,no
TOB2,no,no,no,no,yes,no
UTY,no,no,no,no,yes,no
KMT5A,no,no,no,no,yes,no
H1-5,no,no,no,no,yes,no
MAML2,no,no,no,no,yes,no
SS18L1,no,no,no,no,yes,no
MED12,no,no,no,no,yes,no
TCEAL2,no,no,no,no,yes,no
SIVA1,no,no,no,no,yes,no
BRF1,no,no,no,no,yes,no
NELFA,no,no,no,no,yes,no
SMYD3,no,no,no,no,yes,no
PCGF3,no,no,no,no,yes,no
BRWD1,no,no,no,no,yes,no
PRAME,no,no,no,no,yes,no
MORF4L1,no,no,no,no,yes,no
POLR3C,no,no,no,no,yes,no
WWOX,no,no,no,no,yes,no
BCL9L,no,no,no,no,yes,no
MRTFB,no,no,no,no,yes,no
KDM4D,no,no,no,no,yes,no
HEXIM1,no,no,no,no,yes,no
EFCAB6,no,no,no,no,yes,no
DCC,no,no,no,no,yes,no
TAF9B,no,no,no,no,yes,no
TCEA1,no,no,no,no,yes,no
SSX7,no,no,no,no,yes,no
MCRS1,no,no,no,no,yes,no
H1-2,no,no,no,no,yes,no
FAM83G,no,no,no,no,yes,no
SKOR1,no,no,no,no,yes,no
NOC2L,no,no,no,no,yes,no
NELFB,no,no,no,no,yes,no
PNRC2,no,no,no,no,yes,no
LIN54,no,no,no,no,yes,no
MPHOSPH8,no,no,no,no,yes,no
SUPT5H,no,no,no,no,yes,no
SUPT3H,no,no,no,no,yes,no
WDR5,no,no,no,no,yes,no
TRRAP,no,no,no,no,yes,no
XRCC6,no,no,no,no,yes,yes
TCEAL3,no,no,no,no,yes,no
NACA,no,no,no,no,yes,no
MYO6,no,no,no,no,yes,no
HDAC2,no,no,no,no,yes,no
TLE1,no,no,no,no,yes,no
MAML3,no,no,no,no,yes,no
STRN3,no,no,no,no,yes,no
ANXA4,no,no,no,no,yes,no
C1D,no,no,no,no,yes,no
BLM,no,no,no,no,yes,no
TRIM33,no,no,no,no,yes,no
PELI1,no,no,no,no,yes,no
ELANE,no,no,no,no,yes,no
TOPORS,no,no,no,no,yes,yes
PHF2,no,no,no,no,yes,no
TAF13,no,no,no,no,yes,no
WWP2,no,no,no,no,yes,no
CTNND1,no,no,no,no,yes,no
DDX39B,no,no,no,no,yes,no
BAZ1A,no,no,no,no,yes,no
MDM4,no,no,no,no,yes,no
NCOA6,no,no,no,no,yes,no
C6orf89,no,no,no,no,yes,no
MAGEA1,no,no,no,no,yes,no
CEP290,no,no,no,no,yes,no
LDB1,no,no,no,no,yes,no
CTR9,no,no,no,no,yes,no
SMURF1,no,no,no,no,yes,no
CNOT7,no,no,no,no,yes,no
SFMBT2,no,no,no,no,yes,no
PRMT6,no,no,no,no,yes,no
TOP1,no,no,no,no,yes,no
TCEAL5,no,no,no,no,yes,no
DAXX,no,no,no,no,yes,no
RING1,no,no,no,no,yes,no
BRD2,no,no,no,no,yes,no
NOTCH4,no,no,no,no,yes,no
NELFE,no,no,no,no,yes,no
TRIM27,no,no,no,no,yes,no
DPF3,no,no,no,no,yes,no
VGLL3,no,no,no,no,yes,no
SUPT4H1,no,no,no,no,yes,no
CHUK,no,no,no,no,yes,no
SRA1,no,no,no,no,yes,no
LBH,no,no,no,no,yes,no
GTF2H4,no,no,no,no,yes,no
MYCBP,no,no,no,no,yes,no
SKOR2,no,no,no,no,yes,no
TRIM16,no,no,no,no,yes,no
HSBP1L1,no,no,no,no,yes,no
MBD3L2,no,no,no,no,yes,no
SETSIP,no,no,no,no,yes,no
HSBP1,no,no,no,no,yes,no
MCIDAS,no,no,no,no,yes,no
KDM4E,no,no,no,no,yes,no
RBM14,no,no,no,no,yes,no
SSX2,no,no,no,no,yes,no
TCP10L,no,no,no,no,yes,no
GTF2A1L,no,no,no,no,yes,no
N4BP2L2,no,no,no,no,yes,no
NACA2,no,no,no,no,yes,no
EID3,no,no,no,no,yes,no
EID1,no,no,no,no,yes,no
RBM15B,no,no,no,no,yes,no
PMF1-BGLAP,no,no,no,no,yes,no
BAHCC1,no,no,no,no,yes,no
SSX4,no,no,no,no,yes,no
MAGEA2,no,no,no,no,yes,no
SSX4B,no,no,no,no,yes,no
TAF15,no,no,no,no,yes,no
GTF2H5,no,no,no,no,yes,no
KMT2B,no,no,no,no,yes,no
TAF9,no,no,no,no,yes,no
MLLT6,no,no,no,no,yes,no
AATF,no,no,no,no,yes,no
PCGF2,no,no,no,no,yes,no
PAGR1,no,no,no,no,yes,no
ADCY5,no,no,no,no,no,yes
ARHGAP1,no,no,no,no,no,yes
BUB1B,no,no,no,no,no,yes
BUB3,no,no,no,no,no,yes
EFEMP1,no,no,no,no,no,yes
ERCC4,no,no,no,no,no,yes
FGF23,no,no,no,no,no,yes
GH,no,no,no,no,no,yes
GHR,no,no,no,no,no,yes
GHRHR,no,no,no,no,no,yes
HTR1B,no,no,no,no,no,yes
IRS1,no,no,no,no,no,yes
IRS2,no,no,no,no,no,yes
MCM2,no,no,no,no,no,yes
MGAT5,no,no,no,no,no,yes
MSH2,no,no,no,no,no,yes
NEIL1,no,no,no,no,no,yes
PAPPA,no,no,no,no,no,yes
PCK1,no,no,no,no,no,yes
PLAU,no,no,no,no,no,yes
PPM1D,no,no,no,no,no,yes
RAE1,no,no,no,no,no,yes
TOP3B,no,no,no,no,no,yes
TRP63,no,no,no,no,no,yes
XRCC5,no,no,no,no,no,yes
EEF1E1,no,no,no,no,no,yes
EPS8,no,no,no,no,no,yes
KCNA3,no,no,no,no,no,yes
SLC13A1,no,no,no,no,no,yes
TPP2,no,no,no,no,no,yes
TRP53BP1,no,no,no,no,no,yes
RPS6KB1,no,no,no,no,no,yes
PRKAR2B,no,no,no,no,no,yes
EIF5A2,no,no,no,no,no,yes
CDC14B,no,no,no,no,no,yes
MIF,no,no,no,no,no,yes
GSTA4,no,no,no,no,no,yes
MT1,no,no,no,no,no,yes
TRP73,no,no,no,no,no,yes
NUDT1,no,no,no,no,no,yes
GHRH,no,no,no,no,no,yes
ERCC1,no,no,no,no,no,yes
SERPINE1,no,no,no,no,no,yes
CTF1,no,no,no,no,no,yes
ADRA1A,no,no,no,no,no,yes
ADRA1B,no,no,no,no,no,yes
UBD,no,no,no,no,no,yes
RBM38,no,no,no,no,no,yes
MSTN,no,no,no,no,no,yes
SIGLECE,no,no,no,no,no,yes
G6PD,no,no,no,no,no,yes
MTBP,no,no,no,no,no,yes
GMFB,no,no,no,no,no,yes
SOD3,no,no,no,no,no,yes
MIR17,no,no,no,no,no,yes
AKT2,no,no,no,no,no,yes
