gene_name,read_count
IL9R:NM_002186,0
VAMP7:NM_001145149,0
CDY1:NM_004680,0
BPY2C:NM_001002761,0
DAZ4:NM_020420,0
DAZ3:NM_020364,0
BPY2B:NM_001002760,0
CDY1B:NM_001003895,0
DAZ2:NM_001005786,0
DAZ1:NM_001388496,0
BPY2:NM_004678,0
PRY:NM_004676,0
RBMY1J:NM_001006117,0
RBMY1F:NM_001382382,0
PRY2:NM_001002758,0
RBMY1E:NM_001006118,0
RBMY1D:NM_001320950,0
RBMY1A1:NM_001320945,0
RBMY1B:NM_001320948,0
RPS4Y2:NM_001039567,0
EIF1AY:NM_001278612,0
KDM5D:NM_001146705,0
HSFY2:NM_001001877,0
HSFY1:NM_152584,0
CDY2A:NM_004825,0
CDY2B:NM_001001722,0
NLGN4Y:NM_001206850,0
VCY1B:NM_181880,0
VCY:NM_004679,0
TMSB4Y:NM_004202,0
UTY:NM_001400170,0
DDX3Y:NM_001122665,0
USP9Y:NM_004654,0
TTTY15:NR_174086,0
TSPY10:NM_001282469.3_2,0
TSPY9:NM_001396063.1_2,0
TSPY1:NM_001320964.2_2,0
TSPY3:NM_001077697.2_2,0
TSPY8:NM_001243721.2_2,0
TSPY4:NM_001164471.2_2,0
NMTRQ-TTG8-1:NMTRQ-TTG8-1,0
TBL1Y:NM_134258,0
AMELY:NM_001143,0
TSPY2:NM_022573.4_2,0
PCDH11Y:NM_001395587,0
TGIF2LY:NM_139214,0
ZFY:NM_001369708,0
RPS4Y1:NM_001008,0
SRY:NM_003140,0
CD99:NM_001321369,0
ZBED1:NM_001171136,0
DHRSX:NM_145177,0
ASMT:NM_004043,0
AKAP17A:NM_005088,0
P2RY8:NM_178129,0
ASMTL:NM_001173473,0
SLC25A6:NM_001636,0
IL3RA:NM_001267713,0
CSF2RA:NM_001379162,0
CRLF2:NM_022148,0
SHOX:NM_006883,0
PPP2R3B:NM_013239,0
GTPBP6:NM_012227,0
PLCXD1:NM_001370371,0
SPRY3:NM_001304990,16
TMLHE:NM_018196,16
H2AB3:NM_080720,0
F8A3:NM_001007524,0
F8A2:NM_001007523,0
H2AB2:NM_001017991,0
CLIC2:NM_001289,9
RAB39B:NM_171998,2
VBP1:NM_001303544,12
BRCC3:NM_001018055,23
MTCP1:NM_001018025,7
CMC4:NM_001018024,8
FUNDC2:NM_023934,15
F8A1:NM_012151,0
H2AB1:NM_001017990,0
F8:NM_000132,23
SMIM9:NM_001162936,3
MPP1:NM_001166462,28
DKC1:NM_001142463,27
GAB3:NR_104114,38
CTAG2:NM_020994,0
CTAG1B:NM_001327,0
CTAG1A:NM_139250,0
IKBKG:NM_001377313,16
G6PD:NM_001042351,17
FAM3A:NM_001282311,12
SLC10A3:NM_019848,8
UBL4A:NM_014235,6
LAGE3:NM_006014,2
PLXNA3:NM_017514,17
FAM50A:NM_004699,6
GDI1:NM_001493,8
ATP6AP1:NM_001183,7
TAFAZZIN:NM_181313,6
DNASE1L1:NM_001009932,10
RPL10:NM_001256580,7
EMD:NM_000117,5
FLNA:NM_001110556,35
TKTL1:NM_001145933,4
TEX28:NM_001205201,0
OPN1MW3:NM_001330067,0
OPN1MW2:NM_001048181,0
OPN1MW:NM_000513,0
OPN1LW:NM_020061,0
MECP2:NM_001316337,38
IRAK1:NM_001569,14
TMEM187:NM_003492,2
HCFC1:NM_005334,45
RENBP:NM_002910,10
NAA10:NM_003491,6
ARHGAP4:NM_001164741,7
AVPR2:NR_027419,5
L1CAM:NM_001278116,6
PDZD4:NM_001303513,7
SSR4:NM_001204527,2
IDH3G:NM_174869,6
SRPK3:NM_001170761,4
PLXNB3:NM_005393,4
ABCD1:NM_000033,9
BCAP31:NM_005745,15
SLC6A8:NM_001142805,7
PNCK:NM_001366975,2
DUSP9:NM_001395,5
CCNQ:NM_152274,9
ATP2B3:NM_001388361,14
BGN:NM_001711,4
HAUS7:NM_001385483,22
TREX2:NM_080701,1
ZFP92:NM_001386943,5
PNMA6E:NM_001367770,2
ZNF275:NM_001080485,18
PNMA6F:NM_001354980,0
PWWP4:NM_001395996,0
MAGEA1:NM_004988,1
PNMA6A:NM_032882,0
PNMA3:NM_001282535,1
PNMA5:NM_001184924.2_2,3
ZNF185:NM_001388432.2_2,19
NSDHL:NM_015922.3_2,23
CETN2:NM_004344.3_2,4
MAGEA6:NM_175868.4_2,0
MAGEA2:NM_005361.3_2,0
MAGEA12:NM_005367.7_2,2
CSAG1:NM_153478.3_2,1
MAGEA2B:NM_001321404.1_2,0
CSAG2:NM_001395334.1_2,0
MAGEA3:NM_005362.4_2,0
GABRQ:NM_018558.4_2,12
GABRA3:NM_000808,35
MAGEA10:NM_001011543,4
GABRE:NM_004961,35
MAGEA4:NM_001386196,0
CNGA2:NM_005140,3
FATE1:NM_033085,5
PRRG3:NM_001372165,2
PASD1:NM_173493,16
VMA21:NM_001363810,5
GPR50:NM_004224,2
HMGB3:NM_001301231,0
CD99L2:NM_001242614,23
MTMR1:NM_001353993,27
MTM1:NM_001376907,22
MAMLD1:NM_001400514,21
HSFX4:NM_001351114,0
EOLA2:NM_001013845,1
MAGEA8:NM_005364,0
MAGEA9:NM_005365,0
HSFX1:NM_016153,0
MAGEA11:NM_001011544,3
TMEM185A:NM_032508,4
HSFX2:NM_001164415,0
MAGEA9B:NM_001080790,0
HSFX3:NM_001323079,1
EOLA1:NM_001324279,2
IDS:NM_000202,13
AFF2:NM_001169125,56
FMR1NB:NM_152578,3
FMR1:NM_001185081,13
CXorf51A:NM_001144064,0
CXorf51B:NM_001244892,0
SLITRK2:NM_001144003,3
SPANXN1:NM_001009614,2
SPANXN2:NM_001009615.3_2,0
SLITRK4:NM_001184749,1
SPANXN3:NM_001009609,0
SPANXN4:NM_001009613,2
MAGEC2:NM_016249,3
MAGEC1:NM_005462,2
MAGEC3:NM_138702,11
SPANXD:NM_032417,0
SPANXA2:NM_145662,0
SPANXA1:NM_013453,0
SPANXC:NM_022661,0
LDOC1:NM_012317,1
SPANXB1:NM_032461,0
SOX3:NM_005634,0
CXorf66:NM_001013403,1
ATP11C:NM_001353811,31
MCF2:NM_001171876,11
F9:NM_001313913,3
FGF13:NM_001139501,65
ZIC3:NM_001330661,3
GPR101:NM_054021,3
RBMX:NM_001164803,8
ARHGEF6:NM_004840,22
CD40LG:NM_000074,3
VGLL1:NM_016267,2
HTATSF1:NM_001163280,8
BRS3:NM_001727,3
ADGRG4:NM_153834,16
MAP7D3:NM_001173516,4
FHL1:NR_027621,14
SLC9A6:NM_001400909,16
MMGT1:NM_173470,5
SAGE1:NM_001381902,5
CT45A10:NM_001291530,1
CT45A9:NM_001291540,0
CT45A8:NM_001291535,0
CT45A7:NM_001394668,0
CT45A2:NM_152582,0
CT45A6:NM_001017438,0
CT45A5:NM_001007551,0
CT45A3:NM_001370148,0
CT45A1:NM_001017417,0
INTS6L:NM_001351606,15
SMIM10L2A:NM_203306,1
ZNF449:NM_152695,7
ETDC:NM_001358449,0
ETDA:NM_001355522,0
ZNF75D:NR_110381,15
CT55:NM_017863,0
ETDB:NM_001355519,0
SMIM10L2B:NM_001348255,0
RTL8A:NM_001078172,3
RTL8C:NM_001078171,2
RTL8B:NM_001078173,1
SMIM10:NM_001163438,1
MOSPD1:NM_019556,2
PABIR3:NM_001388449,7
PABIR2:NM_001387469,11
PLAC1:NM_001316887,22
HPRT1:NM_000194,15
PHF6:NM_001015877,17
CCDC160:NM_001353453,1
GPC3:NM_001164617,59
GPC4:NM_001448,12
TFDP3:NM_016521,2
USP26:NM_031907,6
HS6ST2:NM_001077188,38
MBNL3:NM_001386892,12
RAP2C:NM_001271186,3
FRMD7:NM_194277,7
STK26:NM_001042453,8
OR13H1:NM_001004486,1
IGSF1:NM_001170961,3
ARHGAP36:NM_001282607,8
ENOX2:NM_001382516,65
RBMX2:NM_016024,8
GPR119:NM_178471,3
SLC25A14:NM_001282198,10
ZNF280C:NM_017666,14
AIFM1:NM_001130847,23
RAB33A:NM_004794,3
ELF4:NM_001421,29
BCORL1:NM_001184772,32
UTP14A:NM_001166221,23
ZDHHC9:NM_016032,20
SASH3:NM_018990,5
XPNPEP2:NM_003399,6
APLN:NM_017413,3
OCRL:NM_001587,21
SMARCA1:NM_003069,8
ACTRT1:NM_138289,0
PRR32:NM_001122716,1
DCAF12L1:NM_178470,2
DCAF12L2:NM_001013628,0
TEX13C:NM_001195272,0
TENM1:NM_001163278,92
SH2D1A:NM_001114937,6
TEX13D:NM_001355534,2
STAG2:NM_001042749,32
XIAP:NM_001378592,13
THOC2:NM_001081550,41
GRIA3:NM_007325,49
GLUD2:NM_012084.4_2,2
CT47A1:NM_001080146.3_2,0
CT47A2:NM_001080145.2_2,0
CT47A3:NM_001080144.2_2,0
CT47A4:NM_001080143.2_2,0
CT47A5:NM_001080142.2_2,0
CT47A6:NM_001080141,0
CT47A7:NM_001080140,0
CT47A8:NM_001080139,0
CT47A9:NM_001080138,0
CT47A10:NM_001080137,0
CT47A11:NM_173571.2_2,0
CT47A12:NM_001242922,0
CT47B1:NM_001145718.3_2,0
C1GALT1C1:NM_152692.5_2,0
MCTS1:NM_014060.3_2,5
CUL4B:NM_003588,19
LAMP2:NM_001122606,13
ATP1B4:NM_012069,4
TMEM255A:NM_017938,6
ZBTB33:NM_006777,2
RHOXF2:NM_032498,0
LINC01402:NR_126557,0
RHOXF1:NM_139282,1
RHOXF2B:NM_001099685,0
NKAP:NM_024528,4
AKAP14:NM_001008534,2
NDUFA1:NM_004541,3
RNF113A:NM_006978,2
UPF3B:NM_080632,15
RPL39:NM_001000,6
SOWAHD:NM_001105576,1
SEPTIN6:NM_145800.4_2,38
NKRF:NM_017544.5_2,8
UBE2A:NM_001282161.2_2,3
STEEP1:NM_001170569.1_2,6
SLC25A5:NM_001152,5
SLC25A43:NM_145305,14
PGRMC1:NM_001282621,4
KIAA1210:NM_020721,5
LONRF3:NM_024778,23
ZCCHC12:NM_001312891,1
IL13RA1:NM_001560,11
DOCK11:NM_144658,71
WDR44:NM_001184966,23
KLHL13:NM_001168301,20
CT83:NM_001017978,0
SLC6A14:NM_007231,0
AGTR2:NM_001385624,2
PLS3:NM_005032,15
LUZP4:NM_001318840,2
RBMXL3:NM_001145346,0
LRCH2:NM_020871,17
IL13RA2:NM_000640,3
HTR2C:NM_001256761,39
AMOT:NM_001386999,8
LHFPL1:NM_178175,5
RTL4:NM_001004308,33
TRPC5OS:NM_001195576,3
TRPC5:NM_012471,30
ALG13:NM_001257230,21
SERTM2:NM_001354473,3
DCX:NM_178151,19
CAPN6:NM_014289,3
PAK3:NM_001128167,38
CHRDL1:NM_001367204,22
TDGF1P3:NM_001397362,0
RTL9:NM_001385449,14
GNG5P2:NM_001396022,1
AMMECR1:NM_001171689,49
TMEM164:NM_001353849,94
ACSL4:NM_022977,20
KCNE5:NM_012282,0
NXT2:NM_018698,0
GUCY2F:NM_001522,14
IRS4:NM_001379150,2
COL4A5:NM_000495,21
COL4A6:NM_001847,24
ATG4A:NM_178270,10
PSMD10:NM_002814,2
VSIG1:NM_182607,6
TEX13B:NM_031273,1
MID2:NM_001382752,11
NCBP2L:NM_001348372,1
TSC22D3:NM_001318468,12
PRPS1:NM_001204402,8
FRMPD3:NM_001388462,20
DNAAF6:NM_173494,4
NUP62CL:NM_017681,16
RBM41:NM_001394122,23
MORC4:NM_024657,5
CLDN2:NM_001171092,8
RIPPLY1:NM_138382,0
TBC1D8B:NM_017752,5
RNF128:NM_024539,8
RADX:NM_001184782,3
PWWP3B:NM_001171020,3
SERPINA7:NM_000354,2
NRK:NM_198465,13
TEX13A:NM_031274,2
IL1RAPL2:NM_017416,112
ESX1:NM_153448,2
FAM199X:NM_207318,8
ZCCHC18:NM_001143978,2
SLC25A53:NM_001012755,10
H2BW2:NM_001388464,0
H2BW1:NM_001002916,0
TMSB15B:NM_001350213,1
PLP1:NM_001128834,5
TMEM31:NM_182541,2
MORF4L2:NM_001142422,8
TCEAL1:NM_001006640,0
TCEAL3:NM_032926,0
TCEAL4:NM_001300901,1
RAB40A:NM_080879,3
BEX3:NM_001282674,0
TCEAL9:NM_001006614,0
TCEAL7:NM_001348258,1
BEX2:NM_001168399,0
TCEAL5:NM_001012979,2
TCEAL8:NM_153333,4
BEX4:NM_001080425,0
NXF3:NM_022052,1
BEX1:NM_018476,0
RAB40AL:NM_001031834,0
BHLHB9:NM_001142528,4
GPRASP2:NM_138437,0
GPRASP1:NM_001099411,4
ARMCX5:NM_001168485,2
TMSB15A:NM_021992,1
TCP11X2:NM_001277423,0
NXF2B:NM_001099686,0
NXF2:NM_022053,0
TCP11X1:NM_001368158,0
BEX5:NM_001012978.3_2,1
TCEAL6:NM_001006938,0
TCEAL2:NM_080390.4_2,0
ZMAT1:NM_001011657,3
ARMCX2:NM_177949,0
ARMCX3:NM_177947,5
ARMCX6:NM_001184768,0
ARMCX1:NM_016608,0
ARMCX4:NR_028407,4
HNRNPH2:NM_001032393,3
GLA:NM_000169,7
RPL36A:NM_021029,5
RPL36A-HNRNPH2:NM_001199974,12
BTK:NM_001287344,14
TIMM8A:NM_001145951,2
TAF7L:NM_024885,2
DRP2:NM_001171184,5
CENPI:NM_001386188,13
TMEM35A:NM_021637,1
TRMT2B:NM_001167972,17
ARL13A:NM_001162491,3
XKRX:NM_212559,2
NOX1:NM_007052,5
CSTF2:NM_001306209,13
SYTL4:NM_001370167,14
SRPX2:NM_014467,6
TSPAN6:NM_001278741,0
TNMD:NM_022144,5
PCDH19:NM_001184880,19
RPA4:NM_013347,0
DIAPH2:NM_006729,53
FAM133A:NM_173698,3
NAP1L3:NM_004538,2
PCDH11X:NM_032968,8
PABPC5:NM_080832,0
TGIF2LX:NM_138960,0
CPXCR1:NM_001184771,1
KLHL4:NM_057162,15
DACH2:NM_001139514,38
CHM:NM_000390,26
POF1B:NM_024921,2
ZNF711:NM_001375431,3
SATL1:NM_001367858,11
APOOL:NM_198450,16
HDX:NM_001177479,8
RPS6KA6:NM_014496,9
CYLC1:NM_001271680,1
POU3F4:NM_000307,0
SH3BGRL:NM_003022,12
HMGN5:NM_030763,9
BRWD3:NM_153252,24
TENT5D:NM_001170574,14
TBX22:NM_001109879.2_2,1
ITM2A:NM_004867,0
GPR174:NM_032553,6
P2RY10:NM_198333,2
LPAR4:NM_001278000,3
RTL3:NM_152694,2
CYSLTR1:NM_001282188,5
TAF9B:NM_015975,2
PGK1:NM_000291,11
PGAM4:NM_001029891,0
ATP7A:NM_001282224,34
COX7B:NM_001866,3
MAGT1:NM_001367916,11
ATRX:NM_000489,46
FGF16:NM_003868,1
MAGEE1:NM_020932,1
PBDC1:NM_001300888,3
MAGEE2:NM_138703,1
ZDHHC15:NM_144969,15
UPRT:NM_001363821,14
ABCB7:NM_004299,21
NEXMIF:NM_001008537,19
RLIM:NM_183353,16
SLC16A2:NM_006517,12
ZCCHC13:NM_203303,1
CHIC1:NM_001300884,7
CDX4:NM_005193,1
NAP1L2:NM_021963,1
PABPC1L2A:NM_001012977,0
PABPC1L2B:NM_001042506,0
FAM236A:NM_001348071,0
FAM236C:NM_001351112,0
DMRTC1:NM_033053,0
FAM236D:NM_001348203,0
FAM236B:NM_001348072,0
DMRTC1B:NM_001386972,0
PHKA1:NM_002637,22
HDAC8:NM_018486,74
CITED1:NM_001144886,0
RPS4X:NM_001007,10
ERCC6L:NM_001009954,10
PIN4:NM_001170747,20
RTL5:NM_001024455,2
NHSL2:NM_001013627,39
CXorf49B:NM_001145139,0
CXorf49:NM_001145140,0
CXCR3:NM_001142797,1
GCNA:NM_052957,11
OGT:NM_181673,28
TAF1:NR_104394,50
ITGB1BP2:NM_001303277,4
NONO:NM_001145410,17
ZMYM3:NM_001171162,16
GJB1:NM_001097642,2
NLGN3:NM_001321276,9
MED12:NM_005120,23
IL2RG:NM_000206,1
CXorf65:NM_001025265,2
FOXO4:NM_001170931,6
SNX12:NM_001256185,7
SLC7A3:NM_032803,2
TEX11:NM_001003811,21
DLG3:NM_021120,17
GDPD2:NM_001171191,4
KIF4A:NM_012310,39
PDZD11:NM_001370176,4
RAB41:NM_001032726,3
ARR3:NM_004312,1
P2RY4:NM_002565,1
AWAT1:NM_001013579,0
DGAT2L6:NM_198512,3
IGBP1:NM_001370193,23
OTUD6A:NM_207320,0
AWAT2:NM_001002254,3
EDA:NM_001005612,32
NALF2:NM_015686,3
PJA1:NM_145119,1
EFNB1:NM_004429,5
STARD8:NM_014725,39
YIPF6:NM_001195214,21
OPHN1:NM_002547,33
AR:NM_000044,16
EDA2R:NM_001199687,3
HEPH:NM_138737,63
VSIG4:NM_001184830,7
MSN:NM_002444,66
LAS1L:NM_031206,32
ZC3H12B:NM_001010888,39
ZC4H2:NM_001178032,13
MTMR8:NM_017677,16
ASB12:NM_130388,2
AMER1:NM_152424,5
ARHGEF9:NM_001330495,11
SPIN4:NM_001012968,2
ZXDA:NM_007156,0
NLRP2B:NM_001319967,1
ZXDB:NM_007157,0
SPIN2A:NM_019003,2
FAAH2:NM_001353841,10
SPIN2B:NM_001006681,1
SPIN3:NR_027139,4
NBDY:NM_001348129,9
UBQLN2:NM_013444,3
KLF8:NM_001324105,36
RRAGB:NM_001354013,15
FOXR2:NM_198451,2
USP51:NM_201286,3
MAGEH1:NM_014061,0
PAGE3:NM_001171252,0
PAGE5:NM_001013435,1
NMTRQ-TTG1-1:NMTRQ-TTG1-1,1
FAM104B:NM_001166699,3
PAGE2:NM_207339,0
PAGE2B:NM_001015038,0
ALAS2:NM_001037968,6
APEX2:NM_001271748,6
PFKFB1:NM_001271805,9
TRO:NM_001271183,3
MAGED2:NM_177433,6
ITIH6:NM_198510,5
GNL3L:NM_019067,37
FGD1:NM_004463,14
TSR2:NM_001346792,6
WNK3:NM_020922,17
FAM120C:NM_017848,14
PHF8:NM_001184896,44
HUWE1:NM_031407,121
HSD17B10:NM_001037811,10
RIBC1:NM_001267053,11
SMC1A:NM_001281463,39
IQSEC2:NM_001111125,34
KDM5C:NM_001353981,51
TSPYL2:NM_022117,5
GPR173:NM_018969,5
FAM156A:NM_001242492,2
FAM156B:NM_001321186,0
XAGE3:NM_133179,0
XAGE5:NM_001386970,2
SPANXN5:NM_001009616,0
SSX2B:NM_001164417,0
SSX2:NM_003147,0
SSX7:NM_173358,0
XAGE1B:NM_001097605,0
XAGE1A:NM_001097594,0
XAGE2:NM_130777,1
MAGED4:NM_001272062,0
MAGED4B:NM_001242362,0
MAGED1:NM_001005332,10
GSPT2:NM_018094,1
CENPVL1:NM_001355277,0
CENPVL2:NM_001355278,0
CENPVL3:NM_001355276,1
NUDT11:NM_018159,2
EZHIP:NM_203407,1
NUDT10:NM_153183,1
BMP15:NM_005448,1
SHROOM4:NM_020717,29
DGKK:NM_001013742,10
CCNB3:NM_033031.3_2,9
AKAP4:NM_003886,1
CLCN5:NM_001127898,22
USP27X:NM_001145073,1
PAGE4:NM_001318877,1
PAGE1:NM_003785,7
GAGE1:NR_102272,0
GAGE2A:NM_001127212,0
GAGE12H:NM_001098410,0
GAGE12G:NM_001354422,0
GAGE12F:NM_001098405,0
GAGE12E:NM_001098418,0
GAGE12D:NM_001127199,0
GAGE12C:NM_001098408,0
GAGE12B:NM_001127345,0
GAGE13:NM_001098412,0
GAGE12J:NM_001098406,0
GAGE10:NM_001098413,1
PPP1R3F:NM_001184745,5
FOXP3:NM_014009,7
CCDC22:NM_014008,18
CACNA1F:NM_001256790,9
SYP:NM_003179,5
PRICKLE3:NM_006150,14
PLP2:NM_002668,5
MAGIX:NM_001395401.1_2,2
GPKOW:NM_015698.6_2,12
WDR45:NM_007075.4_2,11
PRAF2:NM_007213.3_2,5
CCDC120:NM_001271836.2_2,7
TFE3:NM_006521.6_2,8
GRIPAP1:NM_020137.5_2,15
KCND1:NM_004979.6_2,3
OTUD5:NM_001136159.2_2,31
PIM2:NM_006875.4_2,15
SLC35A2:NM_001282650.2_2,14
PQBP1:NM_001167990.2_2,10
TIMM17B:NM_001167947.2_2,6
PCSK1N:NM_013271,0
ERAS:NM_181532,3
HDAC6:NM_001321225,17
GATA1:NM_002049,7
GLOD5:NM_001080489,4
SUV39H1:NM_001282166,18
WAS:NM_000377,7
WDR13:NM_001347219,12
RBM3:NM_006743,6
TBC1D25:NM_002536,4
EBP:NM_006579,6
PORCN:NM_022825,3
FTSJ1:NM_001282157,9
SLC38A5:NM_033518,16
SSX4B:NM_001034832,0
SSX4:NM_175729,0
SSX3:NM_021014,2
SSX1:NM_005635,0
SSX5:NM_021015,1
SPACA5B:NM_001079900,0
ZNF630:NM_001282201,0
SPACA5:NM_205856,0
ZNF182:NM_001178099,11
ZNF81:NM_007137,17
UXT:NM_153477,8
ELK1:NM_001257168,26
CFP:NM_001145252,4
TIMP1:NM_003254,3
SYN1:NM_006950,8
ARAF:NM_001654,10
ZNF41:NM_001324150,14
ZNF157:NM_003446,3
USP11:NM_001371072,6
CDK16:NM_033018,10
UBA1:NM_153280,30
RBM10:NM_152856,34
NDUFB11:NM_019056,3
RGN:NM_004683,4
JADE3:NM_001077445,22
RP2:NM_006915,7
SLC9A7:NM_001257291,17
CHST7:NM_019886,7
ZNF674:NM_001039891,6
KRBOX4:NM_017776,7
DIPK2B:NM_176819,12
KDM6A:NM_001291421,51
DUSP21:NM_022076,1
FUNDC1:NM_173794,9
EFHC2:NM_025184,23
NDP:NM_000266,2
MAOB:NM_000898,7
MAOA:NM_001270458,14
PPP1R2C:NM_025210,1
GPR82:NM_080817,1
GPR34:NM_005300,2
CASK:NM_001367721,34
NYX:NM_001378477,5
DDX3X:NR_126093,9
USP9X:NM_001039591,56
MED14:NM_004229,23
CXorf38:NM_001330455,14
MPC1L:NM_001195522,0
ATP6AP2:NM_005765,6
BCOR:NM_001123383,68
MID1IP1:NM_001098791,4
TSPAN7:NM_004615,12
OTC:NM_000531,5
RPGR:NM_000328,6
SRPX:NM_006307,10
H2AL3:NM_001395555,0
H2AP:NM_012274,0
SYTL5:NM_138780,11
DYNLT3:NM_006520,1
CYBB:NM_000397,2
XK:NM_021083,8
LANCL3:NM_001170331,11
PRRG1:NM_001142395,16
FAM47C:NM_001013736,0
CFAP47:NM_001304548,25
MAGEB16:NM_001370158,2
FAM47B:NM_152631,0
TMEM47:NM_031442,1
FAM47A:NM_203408,0
DMD:NM_000109,216
FTHL17:NM_031894,2
TAB3:NM_152787,21
GK:NM_000167,12
TASL:NM_025159,3
NR0B1:NM_000475,3
MAGEB1:NM_177415,3
MAGEB4:NM_002367,1
MAGEB3:NM_001386865,1
MAGEB2:NM_002364,6
IL1RAPL1:NM_014271,98
DCAF8L1:NM_001017930,2
MAGEB10:NM_182506,4
DCAF8L2:NM_001353450,8
PPP4R3C:NM_207319,0
MAGEB5:NM_001271752,0
MAGEB6:NM_173523,1
MAGEB6B:NM_001396029,2
MAGEB18:NM_173699,0
ARX:NM_139058,6
POLA1:NM_016937,98
PCYT1B:NM_001163264,16
PDK3:NM_001142386,10
SUPT20HL1:NM_001136234,1
SUPT20HL2:NM_001136233,0
ZFX:NM_001330327,25
EIF2S3:NM_001415,18
KLHL15:NM_030624,16
CXorf58:NM_001169574,1
APOO:NM_024122,13
SAT1:NM_002970,1
ACOT9:NM_001037171,15
PRDX4:NM_006406,7
PTCHD1:NM_173495,8
DDX53:NM_182699,1
CBLL2:NM_152577,0
PHEX:NM_001282754,24
SMS:NM_001258423,21
YY2:NM_206923,1
MBTPS2:NM_015884,5
SMPX:NM_014332,8
KLHL34:NM_153270,0
CNKSR2:NM_001330772,13
RPS6KA3:NM_004586,31
EIF1AX:NM_001412,7
MAP7D2:NM_001168465,17
BCLAF3:NM_001367774,13
SH3KBP1:NM_001353891,56
MAP3K15:NM_001001671,20
PDHA1:NM_000284,13
ADGRG2:NM_001079858,20
PHKA2:NM_000292,33
PPEF1:NM_001377986,19
RS1:NM_000330,3
CDKL5:NM_003159,26
SCML2:NM_006089,16
BEND2:NM_153346,8
RAI2:NM_001172743,7
SCML1:NM_001037536,3
NHS:NM_198270,59
REPS2:NM_001080975,30
RBBP7:NM_002893,21
TXLNG:NM_001168683,35
SYAP1:NM_032796,28
S100G:NM_004057,3
CTPS2:NM_019857,34
MAGEB17:NM_001277307,1
GRPR:NM_005314,7
AP1S2:NM_001272071,5
ZRSR2:NM_005089,10
CA5B:NM_007220,7
CLTRN:NM_020665,9
ACE2:NM_001386259,17
BMX:NM_001320866,9
PIR:NM_003662,24
VEGFD:NM_004469,5
PIGA:NM_020473,5
ASB11:NM_080873,3
ASB9:NM_001168531,5
MOSPD2:NM_152581,9
FANCB:NM_001018113,3
GLRA2:NM_001118885,18
GEMIN8:NM_017856,9
GPM6B:NM_001001994,20
OFD1:NM_001330209,17
TRAPPC2:NM_001011658,15
RAB9A:NM_001195328,9
TCEANC:NM_001297564,6
EGFL6:NM_015507,10
ATXN3L:NM_001135995,4
FAM9C:NM_174901,2
TMSB4X:NM_021109,2
TLR8:NM_138636,1
TLR7:NM_016562,6
PRPS2:NM_002765,14
FRMPD4:NM_001368395,99
MSL3:NM_001282174,9
AMELX:NM_182681,5
ARHGAP6:NM_013427,159
HCCS:NM_001171991,11
MID1:NM_033290,34
CLCN4:NM_001256944,12
WWC3:NM_015691,20
CLDN34:NM_001195081,0
SHROOM2:NM_001649,23
GPR143:NM_000273,6
TBL1X:NM_001139467,142
FAM9B:NM_205849,2
FAM9A:NM_174951,0
ANOS1:NM_000216,25
VCX3B:NM_001001888,0
VCX2:NM_016378,0
PNPLA4:NM_001142389,10
VCX:NM_013452,0
STS:NM_001320750,23
PUDP:NM_001135565,27
VCX3A:NM_016379,0
NLGN4X:NM_001282145,42
PRKX:NM_005044,34
MXRA5:NM_015419,5
ARSF:NM_001201538,1
ARSH:NM_001011719,4
ARSL:NM_001369080,6
ARSD:NM_001669,6
GYG2:NM_001184704,12
XG:NM_175569,8
RABL2B:NM_001350004,0
ACR:NM_001097.3_2,0
SHANK3:NM_001372044.2_2,11
ARSA:NM_000487,5
MAPK8IP2:NM_012324,1
CHKB:NM_005198,3
CPT1B:NM_152245,7
CHKB-CPT1B:NR_027928,7
SYCE3:NM_001123225,5
KLHDC7B:NM_138433,6
ODF3B:NM_001014440,0
TYMP:NM_001257988,2
SCO2:NM_001169109,5
NCAPH2:NM_152299,13
LMF2:NM_001363816,5
MIOX:NM_017584,2
ADM2:NM_001253845,4
SBF1:NM_001365819,24
PPP6R2:NM_001351648,52
DENND6B:NM_001001794,4
PLXNB2:NM_001376879,15
MAPK11:NM_002751,4
MAPK12:NM_002969,6
HDAC10:NM_032019,6
TUBGCP6:NM_020461,20
SELENOO:NM_031454,12
TRABD:NM_001320485,9
PANX2:NM_001160300,3
MOV10L1:NM_001164104,12
MLC1:NM_001376473,7
TTLL8:NM_001350317,3
IL17REL:NM_001001694,4
PIM3:NM_001001852,6
CRELD2:NM_001284317,4
ALG12:NM_024105,7
ZBED4:NM_014838,12
BRD1:NM_001349942,37
TAFA5:NM_001082967,44
TBC1D22A:NM_001284303,146
CERK:NM_022766,31
GRAMD4:NM_001366660,60
CELSR1:NM_001378328,23
TRMU:NM_001282784,24
GTSE1:NM_016426,16
TTC38:NM_017931,18
PKDREJ:NM_006071,7
CDPF1:NM_207327,4
PPARA:NM_001393941,29
WNT7B:NM_058238,12
ATXN10:NM_001167621,46
FBLN1:NM_006486,19
RIBC2:NM_015653,7
SMC1B:NM_148674,10
FAM118A:NM_001104595,28
UPK3A:NM_001167574,2
KIAA0930:NM_001009880,17
NUP50:NM_007172,15
PHF21B:NM_138415,22
ARHGAP8:NM_001198726,13
PRR5-ARHGAP8:NM_181334,26
PRR5:NM_001017529,19
RTL6:NM_032287,1
SHISAL1:NM_001099294,8
PARVG:NM_001137605,4
PARVB:NM_001003828,79
SAMM50:NM_015380,25
PNPLA3:NM_025225,12
PNPLA5:NM_001371410,1
SULT4A1:NM_014351,11
EFCAB6:NM_022785,45
MPPED1:NM_001044370,12
SCUBE1:NM_173050,34
TTLL12:NM_015140,23
TSPO:NM_000714,3
MCAT:NM_014507,8
BIK:NM_001197,5
TTLL1:NM_012263,7
PACSIN2:NM_001349969,67
ARFGAP3:NM_014570,27
A4GALT:NM_001318038,3
ATP5MGL:NM_001165877,2
CYB5R3:NM_000398,20
POLDIP3:NM_001278657,26
SERHL2:NM_001284334,4
RRP7A:NM_015703,1
NFAM1:NM_001371362,7
TCF20:NM_005650.4_8,45
CYP2D6:NM_000106.6_6,1
NDUFA6:NM_002490.6_5,5
SMDT1:NM_033318.5_4,3
PHETA2:NM_001002034.3_4,2
NAGA:NM_001362848,10
WBP2NL:NM_152613,3
SEPTIN3:NM_001389672,12
SMIM45:NM_001395946,4
CENPM:NM_024053,11
TNFRSF13C:NM_052945,2
SHISA8:NM_001353438,0
SREBF2:NM_004599,54
CCDC134:NM_001304797,17
MEI1:NM_152513,14
SNU13:NM_005008,5
XRCC6:NM_001288978,26
DESI1:NM_015704,13
PMM1:NM_002676,12
CSDC2:NM_014460,10
POLR3H:NM_001282884,20
ACO2:NM_001098,40
PHF5A:NM_032758,6
TOB2:NM_016272,4
TEF:NM_001145398,4
ZC3H7B:NM_017590,49
RANGAP1:NM_001317930,54
CHADL:NM_138481,3
L3MBTL2:NM_031488,20
EP300:NM_001362843,52
RBX1:NM_014248,6
DNAJB7:NM_145174,2
XPNPEP3:NM_022098,30
ST13:NM_003932,15
SLC25A17:NM_001282726,31
MCHR1:NM_005297,2
MRTFA:NM_001282662,55
SGSM3:NM_001301849,18
ADSL:NM_001363840,21
TNRC6B:NM_001024843,99
FAM83F:NM_138435,10
GRAP2:NM_004810,29
ENTHD1:NM_152512,18
CACNA1I:NM_001003406,42
RPS19BP1:NM_194326,4
ATF4:NM_001675,2
MIEF1:NM_001304564,15
MGAT3:NM_002409,23
TAB1:NM_153497,27
SYNGR1:NM_004711,12
RPL3:NM_000967,19
PDGFB:NM_002608,5
CBX7:NM_175709,3
APOBEC3H:NM_001166002,4
APOBEC3G:NM_001349436,5
APOBEC3F:NM_145298,1
APOBEC3D:NM_152426,3
APOBEC3C:NM_014508,2
APOBEC3B:NM_001270411,3
APOBEC3A:NM_001270406,0
CBX6:NM_014292,9
NPTXR:NM_014293,3
DNAL4:NM_005740,10
SUN2:NM_001394429,16
GTPBP1:NM_004286,21
JOSD1:NM_001360235,12
TOMM22:NM_020243,7
CBY1:NM_015373,7
FAM227A:NM_001384270,15
DMC1:NM_007068,13
DDX17:NM_001098504,21
KDELR3:NM_006855,10
KCNJ4:NM_152868,3
CSNK1E:NM_001894,17
TPTEP2-CSNK1E:NM_001289912,23
TMEM184B:NM_001195072,18
MAFF:NM_001161574,4
PLA2G6:NM_003560,14
BAIAP2L2:NM_025045,2
SLC16A8:NM_013356,2
PICK1:NM_001039584,7
SOX10:NM_006941,5
POLR2F:NM_001363825,35
C22orf23:NM_001207062,4
MICALL1:NM_033386,18
EIF3L:NM_001363785,27
ANKRD54:NM_001349853,10
GALR3:NM_003614,1
GCAT:NM_001171690,6
H1-0:NM_005318,2
TRIOBP:NM_001039141,20
NOL12:NM_024313,7
LGALS1:NM_002305,1
PDXP:NM_020315,10
SH3BP1:NM_001350055,8
GGA1:NM_001001560,13
LGALS2:NM_006498,2
CDC42EP1:NM_152243,13
CARD10:NM_014550,13
MFNG:NM_001166343,9
CYTH4:NM_013385,4
RAC2:NM_002872,19
SSTR3:NM_001051,3
C1QTNF6:NM_001365878,4
IL2RB:NM_001346222,12
TMPRSS6:NM_001289000,14
KCTD17:NM_001282686,5
MPST:NM_001013436,19
TST:NM_001270483,6
TEX33:NM_001163857,3
CSF2RB:NM_000395,2
NCF4:NM_000631.5_2,5
PVALB:NM_002854.3_2,4
IFT27:NM_001177701,3
CACNG2:NM_006078,19
EIF3D:NM_003753,23
FOXRED2:NM_024955,21
TXN2:NM_012473,11
MYH9:NM_002473,74
APOL1:NM_001136541,4
APOL2:NM_145637,5
APOL4:NM_030643,11
APOL3:NM_145641,7
RBFOX2:NM_001082578.4_2,54
APOL5:NM_030642.1_2,4
APOL6:NM_030641,5
MB:NM_001382809,3
RASD2:NM_001376515,7
MCM5:NM_006739,28
HMOX1:NM_002133,1
TOM1:NM_001135729,26
HMGXB4:NM_001362972,34
ISX:NM_001303508,10
LARGE1:NM_001362949,80
TIMP3:NM_000362,14
SYN3:NM_003490,95
FBXO7:NM_012179,11
BPIFC:NM_174932,9
RTCB:NM_014306,22
RFPL3:NM_006604,1
SLC5A4:NM_014227,5
RFPL2:NM_001364986,1
C22orf42:NM_001010859,1
SLC5A1:NM_000343,11
YWHAH:NM_003405,15
DEPDC5:NM_014662,51
PRR14L:NM_173566,44
PISD:NM_001326421,28
SFI1:NM_001258325,49
EIF4ENIF1:NM_019843,35
DRG1:NM_004147,17
PATZ1:NM_014323,16
PIK3IP1:NM_001135911,5
LIMK2:NM_005569,24
RNF185:NM_001135825,10
PLA2G3:NM_015715,1
INPP5J:NM_001284287,2
SELENOM:NM_080430,2
SMTN:NM_001382640,26
TUG1:NM_001398478,9
MORC2:NM_001303256,33
OSBP2:NM_001282738,32
DUSP18:NM_001304795,4
SLC35E4:NM_001318371,6
TCN2:NM_001184726,7
PES1:NM_001282328,31
GAL3ST1:NM_001318104,6
SEC14L6:NM_001193336,5
SEC14L4:NM_174977,2
SEC14L3:NM_001376914,4
MTFP1:NM_001003704,3
SEC14L2:NM_001291932,13
RNF215:NM_001017981,2
CCDC157:NM_001318334,4
SF3A1:NM_005877,29
TBC1D10A:NM_001204240,14
CASTOR1:NM_001037666,2
OSM:NM_020530,2
LIF:NM_002309,0
HORMAD2:NM_001329458,14
MTMR3:NM_153051,58
ASCC2:NM_001369922,61
UQCR10:NM_013387,3
ZMAT5:NM_019103,26
CABP7:NM_182527,5
NF2:NM_016418,58
NIPSNAP1:NM_003634,21
THOC5:NM_001002877,58
NEFH:NM_021076,7
RFPL1:NM_001393612,11
AP1B1:NM_001127,68
RASL10A:NM_006477,3
GAS2L1:NM_001362985,2
EWSR1:NM_001163286,39
RHBDD3:NM_001329536,13
EMID1:NM_001267895,27
KREMEN1:NM_032045,35
C22orf31:NM_001386866,4
ZNRF3:NM_001206998,80
XBP1:NM_005080,9
CCDC117:NM_001284263,7
HSCB:NM_001318314,3
CHEK2:NM_145862,20
TTC28:NM_001145418,102
PITPNB:NM_001284278,28
MN1:NM_002430,7
CRYBB1:NM_001887,3
CRYBA4:NM_001886,0
TPST2:NM_001362923,55
TFIP11:NM_001346858,24
SRRD:NM_001013694,16
HPS4:NM_001349905,38
ASPHD2:NM_020437,4
SEZ6L:NM_001184776,38
MYO18B:NM_032608,137
GRK3:NM_001362778,16
CRYBB2:NM_000496,2
CRYBB3:NM_004076,2
KIAA1671:NM_001145206,34
LHFPL7:NM_001388199,2
SGSM1:NM_001098498,17
PIWIL3:NM_001008496,5
LRRC75B:NM_207644,4
GGT1:NM_013430,7
GUCD1:NM_001284251,13
UPB1:NM_016327,6
ADORA2A:NM_001278500,5
SPECC1L:NM_001254732,62
SPECC1L-ADORA2A:NR_103546,67
GGT5:NM_001099781,2
SUSD2:NM_019601,4
CABIN1:NM_001201429,150
GSTT4:NM_001358664.2_2,3
GSTT2:NR_126445,0
DDT:NM_001397485.1_2,3
DDTL:NM_001084393.2_2,3
GSTT2B:NM_001363804.1_2,0
MIF:NM_002415.2_2,3
SLC2A11:NM_001024938.4_2,11
DERL3:NM_198440.4_2,7
SMARCB1:NM_001007468.3_2,38
MMP11:NM_005940.5_2,3
CHCHD10:NM_001301339.2_2,5
C22orf15:NM_182520.3_2,5
VPREB3:NM_013378,4
ZNF70:NM_021916,10
RGL4:NM_153615,12
DRICH1:NM_016449,5
IGLL1:NM_001369906,0
BCR:NM_021574,658
RAB36:NM_001349878,57
GNAZ:NM_002073,120
RSPH14:NM_014433,174
IGLL5:NM_001256296,23
GGTLC2:NM_001282879,0
PRAME:NM_206955.3_2,106
ZNF280A:NM_080740.5_2,16
ZNF280B:NM_080764.4_2,97
VPREB1:NM_001303509,4
TOP3B:NM_003935,147
PPM1F:NM_014634,161
MAPK1:NM_002745,357
YPEL1:NM_013313,61
PPIL2:NM_148175,177
SDF2L1:NM_022044,27
CCDC116:NM_152612,17
YDJC:NM_001017964,36
UBE2L3:NM_001256355,276
RIMBP3C:NM_001128633,0
TMEM191C:NM_001388354,0
HIC2:NM_015094,50
RIMBP3B:NM_001128635,0
FAM246A:NM_001396025,0
LRRC74B:NM_001291006,22
SLC7A4:NM_004173,9
P2RX6:NM_001394694,15
TUBA3FP:NR_003608,12
THAP7:NM_030573,41
LZTR1:NM_006767,108
AIFM3:NM_001018060,32
CRKL:NM_005207,149
SNAP29:NM_004782,116
SERPIND1:NM_000185,42
PI4KA:NM_058004,402
MED15:NM_001293235,400
KLHL22:NM_032775,116
SCARF2:NM_153334,17
ZNF74:NM_001256525,52
DGCR6L:NM_033257,10
RTN4R:NM_023004,31
CCDC188:NM_001365892,5
ZDHHC8:NM_001185024,50
RANBP1:NM_001278639,107
TRMT2A:NM_001331039,68
DGCR8:NM_001190326,243
TANGO2:NM_001283179,192
ARVCF:NM_001670,115
COMT:NM_000754,105
TXNRD2:NM_006440,139
RTL10:NM_024627,66
GNB1L:NM_053004,185
TBX1:NM_005992,35
GP1BB:NM_000407,19
SEPT5-GP1BB:NR_037611,54
SEPTIN5:NM_002688,53
CLDN5:NM_001130861,17
CDC45:NM_001369291,198
UFD1:NM_001362910,205
C22orf39:NM_173793,41
MRPL40:NM_003776,12
HIRA:NM_003325,410
CLTCL1:NM_007098,170
SLC25A1:NM_005984,36
GSC2:NM_005315,9
TSSK2:NM_053006,18
ESS2:NM_022719,69
DGCR2:NM_005137,261
FAM246C:NM_001396027,2
PRODH:NM_001195226,0
DGCR6:NM_005675,0
FAM246B:NM_001396026,0
RIMBP3:NM_015672,0
TMEM191B:NM_001242313,0
GGTLC3:NM_001355479,0
USP18:NM_017414,2
TUBA8:NM_001193414,12
PEX26:NM_001199319,33
MICAL3:NM_015241,180
BID:NM_001244567,34
BCL2L13:NM_001270727,59
ATP6V1E1:NM_001039367,29
SLC25A18:NM_001303484,13
CECR2:NM_001290046,70
ADA2:NM_001282227,18
HDHD5:NM_017829,13
TMEM121B:NM_031890,5
IL17RA:NM_001289905,17
GAB4:NM_001037814,7
XKR3:NM_001386955,28
CCT8L2:NM_014406,0
POTEH:NM_001136213,0
OR11H1:NM_001005239,0
PRMT2:NM_001286678,24
S100B:NM_006272,5
DIP2A:NM_001353943,88
PCNT:NM_006031,167
C21orf58:NM_001286476,43
YBEY:NM_001314024,12
MCM3AP:NM_003906,94
LSS:NM_001145437.2_2,56
SPATC1L:NM_001142854.2_2,12
FTCD:NM_006657.3_2,10
COL6A2:NM_001849,7
COL6A1:NM_001848,7
PCBP3:NM_001382281,67
SLC19A1:NM_001352511.3_2,59
COL18A1:NM_001379500.1_2,82
POFUT2:NM_015227,34
ADARB1:NR_027673,67
SLX9:NM_001316988,51
ITGB2:NM_001127491,16
PTTG1IP:NM_004339,35
SUMO3:NM_001286416,11
UBE2G2:NM_182688,42
KRTAP10-12:NM_198699,1
KRTAP12-1:NM_181686,0
KRTAP12-2:NM_181684,2
KRTAP12-3:NM_198697,3
KRTAP12-4:NM_198698,2
KRTAP10-11:NM_198692,2
KRTAP10-10:NM_181688,1
KRTAP10-9:NM_198690,1
KRTAP10-8:NM_198695,2
KRTAP10-7:NM_198689,1
KRTAP10-6:NM_198688,2
KRTAP10-5:NM_198694,1
KRTAP10-4:NM_198687,2
KRTAP10-3:NM_198696,1
KRTAP10-2:NM_198693,3
KRTAP10-1:NM_198691,3
TSPEAR:NM_001272037,61
LRRC3:NM_030891,2
TRPM2:NM_001320351,32
CFAP410:NM_004928,8
PFKL:NM_002626,24
AIRE:NM_000383,7
DNMT3L:NM_013369,4
ICOSLG:NM_001365759,0
GATD3:NM_198155,0
PWP2:NM_005049,0
TRAPPC10:NM_003274,92
AGPAT3:NM_001369878,126
RRP1:NM_003683,43
CSTB:NM_000100,8
PDXK:NM_003681,59
RRP1B:NM_015056,39
H2BC12L:NM_017445,0
HSF2BP:NM_007031,33
SIK1:NM_173354,0
CRYAA:NM_000394,0
U2AF1:NM_001025203,0
CBS:NM_001320298,0
PKNOX1:NM_001286258,35
ERVH48-1:NM_001308491,8
NDUFV3:NM_001001503,21
WDR4:NM_033661,91
PDE9A:NM_001001580,38
SLC37A1:NM_018964,28
RSPH1:NM_080860,8
UBASH3A:NM_001243467,17
TMPRSS3:NM_024022,10
TFF1:NM_003225,1
TFF2:NM_005423,2
TFF3:NM_003226,5
ABCG1:NM_207627,36
UMODL1:NM_001199528,29
ZBTB21:NM_001320731,17
C2CD2:NM_015500,48
PRDM15:NM_022115,61
RIPK4:NM_020639,16
TMPRSS2:NM_005656,16
MX1:NM_001144925,8
MX2:NM_002463,11
FAM3B:NM_206964,10
BACE2:NM_138991,32
DSCAM:NM_001389.5_2,205
PCP4:NM_006198.3_2,26
IGSF5:NM_001080444,23
B3GALT5:NM_001278650,19
SH3BGR:NM_001317742,19
LCA5L:NM_001384288,18
GET1-SH3BGR:NM_001350300,56
HMGN1:NM_004965,6
BRWD1:NM_018963,97
PSMG1:NM_003720,12
ETS2:NM_001256295,32
ERG:NM_001243432,78
KCNJ15:NM_001276438,22
KCNJ6:NM_002240,88
DYRK1A:NM_001396,129
VPS26C:NM_001331022,34
TTC3:NM_001330681,85
PIGP:NM_001320480,6
RIPPLY3:NM_001317768,4
HLCS:NM_000411,98
SIM2:NM_005069,16
CLDN14:NM_001146077,38
CHAF1B:NM_005441,32
MORC3:NM_001320445,63
DOP1B:NM_001320714,47
CBR3:NM_001236,5
CBR1:NM_001757,5
SETD4:NM_001286752,35
RUNX1:NM_001754,229
CLIC6:NM_053277,8
RCAN1:NM_004414,39
KCNE1:NM_000219,10
SMIM34:NM_001367348,0
C21orf140:NM_001282537,0
SMIM11:NM_058182,0
KCNE2:NM_172201,4
SLC5A3:NM_006933,21
MRPS6:NM_032476,60
ATP5PO:NM_001697,26
ITSN1:NM_001331010,91
CRYZL1:NM_145858,24
DONSON:NM_017613,16
SON:NM_001291412,42
GART:NM_001136006.1_2,37
DNAJC28:NM_001040192.3_2,1
IFNGR2:NM_001329128.2_2,30
IFNAR1:NM_001384504,25
IL10RB:NM_000628,23
IFNAR2:NM_001289126,24
OLIG1:NM_138983,1
OLIG2:NM_005806,2
C21orf62:NM_001162495.3_2,7
PAXBP1:NM_016631.4_2,46
SYNJ1:NM_003895,60
CFAP298:NM_021254,22
TCP10L:NM_144659,4
CFAP298-TCP10L:NR_146639,31
EVA1C:NM_001320745,20
URB1:NM_014825,165
MRAP:NM_206898,33
MIS18A:NM_018944,7
HUNK:NM_014586,44
SCAF4:NM_020706,48
SOD1:NM_000454,14
TIAM1:NM_001353693,94
KRTAP19-8:NM_001099219,2
KRTAP11-1:NM_175858,1
KRTAP7-1:NM_181606,1
KRTAP8-1:NM_175857,2
KRTAP21-1:NM_181619,1
KRTAP21-2:NM_181617,0
KRTAP21-3:NM_001164435,0
KRTAP20-3:NM_001128077,1
KRTAP20-2:NM_181616,1
KRTAP20-4:NM_001350977,3
KRTAP20-1:NM_181615,2
KRTAP6-1:NM_181602,1
KRTAP22-1:NM_181620,0
KRTAP6-2:NM_181604,0
KRTAP6-3:NM_181605,1
KRTAP22-2:NM_001164434,1
KRTAP19-7:NM_181614,0
KRTAP19-6:NM_181612,1
KRTAP19-5:NM_181611,1
KRTAP19-4:NM_181610,0
KRTAP19-3:NM_181609,0
KRTAP19-2:NM_181608,2
KRTAP19-1:NM_181607,1
KRTAP15-1:NM_181623,2
KRTAP13-4:NM_181600,1
KRTAP13-3:NM_181622,1
KRTAP13-1:NM_181599,0
KRTAP13-2:NM_181621,0
KRTAP23-1:NM_181624,0
KRTAP27-1:NM_001077711,1
KRTAP26-1:NM_203405,1
KRTAP25-1:NM_001128598,1
KRTAP24-1:NM_001085455,1
CLDN8:NM_199328,1
CLDN17:NM_012131,2
GRIK1-AS2:NR_033368,13
GRIK1:NM_001330994,148
MAP3K7CL:NM_001286634.2_2,32
CCT8:NM_001282907.2_2,30
USP16:NM_001001992.2_2,32
RWDD2B:NM_001320724.2_2,5
LTN1:NM_015565.3_2,42
N6AMT1:NM_013240,16
ADAMTS5:NM_007038,15
ADAMTS1:NM_006988,1
CYYR1:NM_001320768,20
APP:NM_001136131,67
GABPA:NM_001197297,24
ATP5PF:NM_001003696,12
JAM2:NM_001270407,10
MRPL39:NM_080794,17
NCAM2:NM_001352595,129
TMPRSS15:NM_002772,12
CHODL:NM_001204177,37
C21orf91:NM_001100420,10
BTG3:NM_001130914.2_2,10
CXADR:NM_001207066,16
USP25:NM_001388299,58
NRIP1:NM_003489,39
SAMSN1:NM_001395858,67
HSPA13:NM_006948,2
RBM11:NM_144770,5
LIPI:NM_001302998,9
POTED:NM_174981,0
TPTE:NM_001290224,3
PCMTD2:NM_001104925.2_2,9
MYT1:NM_004535.3_2,17
NPBWR2:NM_005286.4_2,1
LKAAEAR1:NM_001386971,0
OPRL1:NM_000913.6_2,5
RGS19:NM_001039467,5
TCEA2:NM_198723,2
SOX18:NM_018419,3
C20orf204:NM_001348090,7
PRPF6:NM_012469,56
SAMD10:NM_080621,4
ZNF512B:NM_020713,16
UCKL1:NM_017859,17
DNAJC5:NM_025219,44
TPD52L2:NM_001243892,27
ABHD16B:NM_080622,7
ZBTB46:NM_001369741,33
SLC2A4RG:NM_020062,4
LIME1:NM_001305654,6
ZGPAT:NM_001083113,30
ARFRP1:NM_001267549,20
TNFRSF6B:NM_003823,6
RTEL1:NM_001283010,27
RTEL1-TNFRSF6B:NR_037882,29
STMN3:NM_015894,6
GMEB2:NM_012384,26
HELZ2:NM_001037335,6
FNDC11:NM_024059,1
SRMS:NM_080823,5
PTK6:NM_005975,2
PPDPF:NM_024299,3
EEF1A2:NM_001958,6
KCNQ2:NM_172107.4_2,12
CHRNA4:NM_000744,0
COL20A1:NM_020882,8
ARFGAP1:NM_001281483,18
NKAIN4:NM_152864,4
BIRC7:NM_022161,4
YTHDF1:NM_017798,19
BHLHE23:NM_080606,0
SLC17A9:NM_022082,4
GID8:NM_017896,16
DIDO1:NM_033081,74
TCFL5:NM_006602,13
COL9A3:NM_001853,4
OGFR:NM_007346,9
MRGBP:NM_018270,8
NTSR1:NM_002531,19
SLCO4A1:NM_016354,25
GATA5:NM_080473,3
RBBP8NL:NM_080833,5
CABLES2:NM_031215,23
RPS21:NM_001024,10
LAMA5:NM_005560,52
ADRM1:NM_001281437,13
OSBPL2:NM_001278649,51
HRH3:NM_007232,2
MTG2:NM_001384348,28
SS18L1:NM_198935,39
PSMA7:NM_002792,17
LSM14B:NM_144703,19
TAF4:NM_003185.4_2,75
CDH4:NM_001794.5_2,178
CDH26:NM_177980,14
PPP1R3D:NM_006242,3
FAM217B:NM_001190826,5
SYCP2:NM_014258,10
PHACTR3:NM_001199505,69
EDN3:NM_001302456,10
ZNF831:NM_001384354,24
PRELID3B:NM_016045,3
ATP5F1E:NM_006886,10
TUBB1:NM_030773,13
CTSZ:NM_001336,17
NELFCD:NM_198976,24
GNAS:NM_016592,38
NPEPL1:NM_001204873,12
STX16:NM_001204868,29
STX16-NPEPL1:NR_037945,42
APCDD1L:NM_001304787,8
VAPB:NM_001195677,54
RAB22A:NM_020673,44
ANKRD60:NM_001304369,5
C20orf85:NM_178456,3
PMEPA1:NM_199171,15
ZBP1:NM_030776,4
PCK1:NM_002591,4
CTCFL:NM_001269043,23
RBM38:NM_183425,29
NMTRL-TAA5-1:NMTRL-TAA5-1,3
RAE1:NM_003610,35
SPO11:NM_198265,2
BMP7:NM_001719,36
TFAP2C:NM_003222,2
FAM209B:NM_001013646,2
FAM209A:NM_001012971,2
GCNT7:NR_160308,26
RTF2:NM_001283037,45
CASS4:NM_001164116,62
CSTF1:NM_001033521,20
AURKA:NM_198433,17
FAM210B:NM_080821,13
MC3R:NM_019888,0
CBLN4:NM_080617,1
DOK5:NM_177959,21
PFDN4:NM_002623,7
CYP24A1:NM_000782,4
BCAS1:NM_001366298,20
ZNF217:NM_006526,18
TSHZ2:NM_173485,108
ZFP64:NM_199427,28
SALL4:NM_020436,4
ATP9A:NM_006045,32
NFATC2:NM_001136021,123
KCNG1:NM_002237,4
MOCS3:NM_014484,1
DPM1:NM_001317034,13
ADNP:NM_001282531,37
BCAS4:NM_001010974,27
PARD6B:NM_032521,18
RIPOR3:NM_001290268,85
PTPN1:NM_001278618,77
CEBPB:NM_001285879,2
PEDS1:NM_199129,52
UBE2V1:NM_001282575,34
PEDS1-UBE2V1:NM_199203,85
SNAI1:NM_005985,7
RNF114:NM_018683,24
SPATA2:NM_006038,21
SLC9A8:NM_015266,51
B4GALT5:NM_004776,41
PTGIS:NM_000961,15
KCNB1:NM_004975,31
ZNFX1:NM_021035,35
DDX27:NM_017895,29
STAU1:NM_001319135,65
CSE1L:NM_001256135,52
ARFGEF2:NM_006420,90
PREX1:NM_020820,119
SULF2:NM_001387052,40
NCOA3:NM_006534,58
ZMYND8:NM_001281772,216
EYA2:NM_172110,76
SLC2A10:NM_030777,6
TP53RK:NM_033550,4
SLC13A3:NM_001011554,55
OCSTAMP:NM_080721,2
ZNF334:NM_001353819,3
ELMO2:NM_001318253,33
SLC35C2:NM_001281460,20
CDH22:NM_021248,44
CD40:NM_001322422,4
NCOA5:NM_001348149,21
SLC12A5:NM_001134771,11
MMP9:NM_004994,3
ZNF335:NM_022095,22
PCIF1:NM_022104,17
PLTP:NM_006227,17
CTSA:NM_001167594,17
NEURL2:NM_001278535,7
SPATA25:NM_080608,4
ZSWIM1:NM_080603,6
ZSWIM3:NM_080752,8
ACOT8:NM_005469,18
SNX21:NM_001042632,9
TNNC2:NM_003279,2
UBE2C:NM_181800,7
DNTTIP1:NM_052951,23
WFDC3:NM_080614,7
SPINT4:NM_178455,0
WFDC13:NM_172005,1
WFDC10B:NM_172006,4
WFDC11:NM_147197,3
WFDC10A:NM_080753,0
WFDC9:NM_147198,3
WFDC8:NM_181510,5
EPPIN:NM_001302861,2
EPPIN-WFDC6:NM_001198986,2
WFDC6:NM_080827,2
SPINT3:NM_006652,2
WFDC2:NM_006103,2
PIGT:NM_001184730,14
DBNDD2:NM_001197139,4
TP53TG5:NM_014477,2
SYS1-DBNDD2:NR_003189,13
SYS1:NM_001099791,5
SDC4:NM_002999,23
RBPJL:NM_001281449,6
MATN4:NM_003833,5
SLPI:NM_003064,3
SEMG2:NM_003008,0
SEMG1:NM_003007,0
PI3:NM_002638,0
WFDC12:NM_080869,1
WFDC5:NM_001395506,0
KCNS1:NM_002251,6
STK4:NM_006282,60
TOMM34:NM_006809,37
PABPC1L:NM_001372179,24
YWHAB:NM_139323,13
RIMS4:NM_001205317,14
KCNK15:NM_022358,4
CCN5:NM_001323370,5
ADA:NM_000022,16
PKIG:NM_007066,23
SERINC3:NM_198941,18
TTPAL:NM_001261839,13
HNF4A:NM_001030003,23
R3HDML:NM_178491,5
FITM2:NM_001080472,3
GDAP1L1:NM_001256738,9
OSER1:NM_016470,6
JPH2:NM_020433,20
TOX2:NM_001098797,37
GTSF1L:NM_176791,1
MYBL2:NM_001278610,63
IFT52:NM_001303459,27
SGK2:NM_170693,12
L3MBTL1:NM_001377311,32
SRSF6:NM_006275,6
PTPRT:NM_133170,205
CHD6:NM_032221,129
EMILIN3:NM_052846,5
LPIN3:NM_022896,9
ZHX3:NM_001384315,35
PLCG1:NM_182811,30
TOP1:NM_003286,71
MAFB:NM_005461,1
DHX35:NM_001190809,72
FAM83D:NM_030919,45
PPP1R16B:NM_001172735,42
ACTR5:NM_024855,23
SLC32A1:NM_080552,3
ARHGAP40:NM_001164431,18
ADIG:NM_001393817,3
RALGAPB:NM_001282917,59
LBP:NM_004139,10
BPI:NM_001725,11
KIAA1755:NM_001029864,13
TGM2:NM_001323316,39
RPRD1B:NM_021215,64
TTI1:NM_014657,64
VSTM2L:NM_080607,7
CTNNBL1:NM_030877,78
NNAT:NM_181689,5
BLCAP:NM_001167820,8
SRC:NM_005417.5_2,29
MANBAL:NM_001003897.2_2,26
GHRH:NM_021081.6_2,3
RPN2:NM_001324306.2_2,75
MROH8:NM_152503.7_2,22
RBL1:NM_001323282,42
SAMHD1:NM_001363729,23
TLDC2:NM_001304783,5
SOGA1:NM_080627,79
DSN1:NM_001145316,15
NDRG3:NM_032013,27
SLA2:NM_032214,15
RAB5IF:NM_199483,13
TGIF2-RAB5IF:NM_001199535,32
TGIF2:NM_001199513,19
MYL9:NM_181526,4
DLGAP4:NM_001365621,84
AAR2:NM_001271874,25
EPB41L1:NM_001258331,45
CNBD2:NM_001207076,17
SCAND1:NM_001385710,2
PHF20:NM_016436,116
RBM39:NM_001323423,36
ROMO1:NM_080748,5
NFS1:NM_021100,29
RBM12:NM_006047,14
CPNE1:NM_152927,30
SPAG4:NM_003116,1
ERGIC3:NM_015966,17
CEP250:NM_007186,61
GDF5:NM_001319138,9
UQCC1:NM_018244,62
FAM83C:NM_178468,3
EIF6:NM_181466,12
MMP24OS:NM_001355003,11
MMP24:NM_006690,32
PROCR:NM_006404,2
EDEM2:NM_018217,31
MMP24-AS1-EDEM2:NM_001355008,79
TRPC4AP:NM_015638,76
MYH7B:NM_020884,31
GSS:NM_001322494,37
ACSS2:NM_001242393,29
GGT7:NM_178026,18
NCOA6:NM_014071,64
TP53INP2:NM_001329430,6
PIGU:NM_080476,45
MAP1LC3A:NM_181509,3
DYNLRB1:NM_001382365,30
ITCH:NM_001257138,80
AHCY:NM_001161766,45
ASIP:NM_001385218,28
EIF2S2:NM_003908,25
RALY:NM_007367,72
CHMP4B:NM_176812,28
ZNF341:NM_001282935,30
PXMP4:NM_007238,7
E2F1:NM_005225,12
ACTL10:NM_001024675,14
C20orf144:NM_080825,3
NECAB3:NM_031232,28
CBFA2T2:NM_001032999,48
SNTA1:NM_003098,21
CDK5RAP1:NM_001365728,32
BPIFB1:NM_033197,6
BPIFA1:NM_016583,3
BPIFA3:NM_001042439,6
BPIFA2:NM_001319164,4
BPIFB4:NM_182519,6
BPIFB3:NM_001376932,2
BPIFB6:NM_174897,0
BPIFB2:NM_025227,7
SUN5:NM_080675,11
EFCAB8:NM_001143967,24
MAPRE1:NM_012325,23
DNMT3B:NM_001207056,69
COMMD7:NM_053041,11
C20orf203:NM_182584,13
NOL4L:NM_001256798,136
ASXL1:NM_015338,44
KIF3B:NM_004798,23
POFUT1:NM_015352,38
PLAGL2:NM_002657,21
TM9SF4:NM_014742,59
HCK:NM_001172130,17
CCM2L:NM_080625,3
XKR7:NM_001011718,9
PDRG1:NM_030815,8
TTLL9:NM_001008409,21
DUSP15:NM_001320479,12
FOXS1:NM_004118,0
MYLK2:NM_033118,5
TPX2:NM_012112,57
BCL2L1:NM_001322240,90
COX4I2:NM_032609,2
ID1:NM_002165,4
MCTS2:NM_001397496,7
HM13:NM_030789,68
REM1:NM_014012,3
DEFB124:NM_001037500,3
DEFB123:NM_153324,9
DEFB121:NM_001171832,0
DEFB118:NM_054112,1
DEFB116:NM_001037731,3
DEFB115:NM_001037730,4
ZNF337:NM_015655,11
NANP:NM_152667,1
NINL:NM_025176,17
GINS1:NM_021067,13
ABHD12:NM_015600,30
PYGB:NM_002862,23
ENTPD6:NM_001322382,16
VSX1:NM_001256272,5
ACSS1:NM_032501,8
APMAP:NM_020531,19
CST7:NM_003650,2
SYNDIG1:NM_024893,28
GGTLC1:NM_178311,1
CST5:NM_001900,2
CST2:NM_001322,3
CST1:NM_001898,0
CST4:NM_001899,0
CST3:NM_001288614,5
CST9:NM_001008693,2
CST9L:NM_080610,1
CST8:NM_001281730,0
CST11:NM_130794,0
NAPB:NM_001283018,24
GZF1:NM_022482,15
NXT1:NM_013248,7
CD93:NM_012072,0
THBD:NM_000361,1
SSTR4:NM_001052,3
FOXA2:NM_153675,2
PAX1:NM_006192,3
NKX2-2:NM_002509,0
NKX2-4:NM_033176,0
XRN2:NM_012255,33
KIZ:NM_001276389,34
RALGAPA2:NM_020343,35
INSM1:NM_002196,0
CFAP61:NM_015585,38
CRNKL1:NM_016652,10
NAA20:NM_181528,5
RIN2:NM_001378238,26
SLC24A3:NM_020689,75
SCP2D1:NM_178483,0
DTD1:NM_080820,29
SMIM26:NM_001348958,4
SEC23B:NM_032986,35
RBBP9:NM_006606,1
POLR3F:NM_006466,7
DZANK1:NM_001351683,11
ZNF133:NM_001283005,7
PET117:NM_001164811,3
KAT14:NM_001392075,16
OVOL2:NM_001303461,5
MGME1:NM_001363738,8
SNX5:NM_014426,22
BANF2:NM_001159495,12
RRBP1:NM_001365613,37
DSTN:NM_006870,8
BFSP1:NM_001278608,12
PCSK2:NM_001201528,37
OTOR:NM_020157,1
SNRPB2:NM_198220,4
KIF16B:NM_024704,57
FLRT3:NM_198391,2
MACROD2:NM_080676.6_2,197
NDUFAF5:NM_001352403.2_2,21
ESF1:NM_016649,24
ISM1:NM_080826,6
TASP1:NM_001323603,52
SPTLC3:NM_001349945,18
BTBD3:NM_001282552,3
JAG1:NM_000214,9
SLX4IP:NM_001009608,45
MKKS:NM_170784,9
SNAP25:NM_130811,14
ANKEF1:NM_198798,1
PAK5:NM_020341,34
LAMP5:NM_001199897,4
PLCB4:NM_001377134,58
PLCB1:NM_015192,63
TMX4:NM_021156,15
HAO1:NM_017545,7
BMP2:NM_001200,4
FERMT1:NM_017671,11
LRRN4:NM_152611,4
CRLS1:NM_001323562,21
MCM8:NM_001281521,21
TRMT6:NM_015939,9
CHGB:NM_001819,3
SHLD1:NM_152504,26
GPCPD1:NM_019593,39
PROKR2:NM_144773,4
CDS2:NM_003818,29
PCNA:NM_002592,6
TMEM230:NM_001330987,11
SLC23A2:NM_203327,57
RASSF2:NM_014737,5
PRND:NM_012409,2
PRNP:NM_001080122,6
ADRA1D:NM_000678,8
SMOX:NM_175841,15
RNF24:NM_007219,35
PANK2:NM_024960,24
MAVS:NM_001206491,23
AP5S1:NM_001204447,2
CDC25B:NM_001287517,12
CENPB:NM_001810,5
SPEF1:NM_015417,3
HSPA12B:NM_001318322,5
SIGLEC1:NM_023068,7
ADAM33:NM_025220,0
GFRA4:NM_145762,0
ATRN:NM_139321,50
DNAAF9:NM_001009984,67
SLC4A11:NM_001400277,4
ITPA:NM_001324240,11
DDRGK1:NM_023935,15
LZTS3:NM_001365618,5
FASTKD5:NM_021826,12
UBOX5:NM_014948,20
AVP:NM_000490,0
OXT:NM_000915,2
MRPS26:NM_030811,8
GNRH2:NM_001310220,5
PTPRA:NM_002836,60
VPS16:NM_080413,9
PCED1A:NM_001271168,2
TMEM239:NM_001318207,1
C20orf141:NM_001256538,0
CPXM1:NM_019609,0
EBF4:NM_001395168,9
IDH3B:NM_006899,10
NOP56:NM_006392,14
TMC2:NM_080751,18
ZNF343:NM_001282495,11
SNRPB:NM_003091,10
TGM6:NM_001254734,4
TGM3:NM_003245,15
STK35:NM_080836,29
PDYN:NM_001190899,2
SIRPA:NM_080792,10
SIRPG:NM_018556,5
SIRPB1:NM_006065,3
SIRPD:NM_178460,0
SIRPB2:NM_001122962,2
NSFL1C:NM_001206736,29
FKBP1A:NM_000801,25
SDCBP2:NM_080489,7
FKBP1A-SDCBP2:NR_037661,44
SNPH:NM_014723,27
RAD21L1:NM_001384357,6
C20orf202:NM_001394958,2
TMEM74B:NM_001387330,4
PSMF1:NM_001323407,42
RSPO4:NM_001029871,10
ANGPT4:NM_015985,13
FAM110A:NM_001289146,5
SLC52A3:NM_001370086,3
SCRT2:NM_033129,4
SRXN1:NM_080725,8
TCF15:NM_004609,3
CSNK2A1:NM_177559,27
TBC1D20:NM_144628,19
RBCK1:NM_001323958,14
TRIB3:NM_021158,21
NRSN2:NM_024958,5
SOX12:NM_006943,0
ZCCHC3:NM_033089,4
C20orf96:NM_080571,11
DEFB132:NM_207469,2
DEFB129:NM_080831,0
DEFB128:NM_001037732,0
DEFB127:NM_139074,2
DEFB126:NM_030931,3
DEFB125:NM_153325,5
MZF1:NM_003422,15
UBE2M:NM_003969,2
CHMP2A:NM_198426,7
TRIM28:NM_005762,13
ZBTB45:NM_001316980,11
SLC27A5:NM_012254,7
ZNF446:NM_001304453,5
ZNF324:NM_014347,9
ZNF132:NM_003433,9
ZNF324B:NM_207395,8
ZNF584:NM_001363680,11
RNF225:NM_001195135,4
RPS5:NM_001009,9
ZNF837:NM_138466,5
ZNF497:NM_198458,3
A1BG:NM_130786,2
ZSCAN22:NM_001321116,13
ERVK3-1:NM_001396080,10
ZNF8:NM_021089,29
ZNF544:NM_001387421,45
ZNF274:NM_016324,39
ZNF329:NM_024620,9
ZSCAN18:NM_001145542,4
ZNF135:NM_001164529,1
ZSCAN1:NM_182572,4
ZNF606:NM_025027,8
C19orf18:NM_152474,4
ZNF256:NM_005773,0
ZNF418:NM_001317027,3
ZNF417:NM_152475,5
ZNF814:NM_001144989,5
ZNF587:NM_001204817,14
ZNF587B:NM_001204818,6
ZNF552:NM_024762,7
ZNF586:NM_001077426,12
ZNF776:NM_001348007,13
ZNF671:NM_001321376,9
ZNF154:NM_001085384,3
ZNF551:NM_001270938,12
ZSCAN4:NM_001384833,0
ZNF211:NM_001265600,7
ZNF134:NM_003435,2
ZNF530:NM_001387563,0
ZIK1:NM_001321147,2
ZNF416:NM_017879,2
ZNF550:NM_001397372,9
ZNF549:NM_153263,6
ZNF773:NM_001304337,3
ZNF419:NM_001098496,1
ZNF772:NM_001024596,1
VN1R1:NM_020633,1
ZNF749:NM_001321954,6
ZNF17:NM_006959,7
ZNF548:NM_152909,2
TRAPPC2B:NM_001355204,1
ZNF547:NM_173631,5
ZNF304:NM_020657,2
ZNF543:NM_213598,10
ZNF460:NM_001330622,25
ZNF805:NM_001145078,8
AURKC:NM_001015879,1
ZNF264:NM_003417,6
DUXA:NM_001012729,3
ZIM3:NM_052882,2
USP29:NM_001389643,5
PEG3:NM_001369724,5
ZIM2:NM_001369770,15
ZNF835:NM_001005850,0
SMIM17:NM_001193628,0
ZNF71:NM_001370214,8
ZNF71-SMIM17:NR_163263,12
ZNF470:NM_001001668,1
ZFP28:NM_020828,5
ZNF471:NM_001321768,3
ZNF667:NM_001321356,10
ZNF583:NM_001159860,12
ZNF582:NM_001320371,8
EDDM13:NM_001354658,19
ZSCAN5A:NM_001322072,44
ZSCAN5C:NM_001358413,4
ZSCAN5B:NM_001385638,3
GALP:NM_001145546,4
ZNF444:NM_001253792,21
ZNF787:NM_001002836,30
NLRP5:NM_153447,8
NLRP8:NM_001317000,4
NLRP13:NM_001321057,13
NLRP4:NM_134444,12
NLRP11:NM_145007,13
RFPL4AL1:NM_001277397,0
RFPL4A:NM_001145014,1
NLRP9:NM_176820,10
EPN1:NM_013333,29
U2AF2:NM_001012478,24
CCDC106:NM_001370467,4
ZNF580:NM_207115,3
ZNF581:NM_016535,1
ZNF784:NM_203374,2
ZNF865:NM_001195605,13
ZNF524:NM_153219,6
FIZ1:NM_032836,7
ZNF579:NM_152600,5
SBK3:NM_001199824,2
SBK2:NM_001370096,3
SSC5D:NM_001144950,10
NAT14:NM_020378,7
ZNF628:NM_033113,13
C19orf85:NM_001386794,0
ISOC2:NM_024710,1
SHISA7:NM_001145176,5
UBE2S:NM_014501,23
RPL28:NM_001363697,35
TMEM238:NM_001190764,11
TMEM190:NM_139172,2
IL11:NM_000641,2
GARIN5B:NM_001145402,2
COX6B2:NM_001369800,2
KMT5C:NM_032701,4
TMEM150B:NM_001282011,8
BRSK1:NM_032430,13
HSPBP1:NM_001130106,14
PPP6R1:NM_014931,49
TMEM86B:NM_001372013,5
PTPRH:NM_002842,19
SYT5:NM_003180,3
DNAAF3:NM_001256714,5
TNNI3:NM_000363,7
TNNT1:NM_001291774,15
PPP1R12C:NM_017607,34
EPS8L1:NM_133180.3_10,9
RDH13:NM_138412.4_10,33
GP6:NM_001083899.2_10,15
NLRP2:NM_001174081.3_10,20
NLRP7:NM_001127255.1_10,3
NCR1:NM_001242357.3_18,5
FCAR:NM_133277.4_12,2
KIR3DL2:NM_001242867.2_47,1
KIR2DS4:NM_001281972.2_20,0
KIR3DL1:NM_013289.3_10,2
KIR2DL4:NM_001080770.2_15,4
KIR2DL1:NM_014218.3_34,0
KIR2DL3:NM_015868.3_31,2
KIR3DL3:NM_153443.5_47,5
LILRB4:NM_001394937.1_5,0
LILRB1:NM_001388355.1_4,1
LILRA1:NM_001278318.2_4,2
LILRA2:NM_001290271.2_4,6
LAIR2:NM_021270.5_4,0
CDC42EP5:NM_145057.4_4,3
LENG9:NM_001301782.2_2,4
LENG8:NM_001375641.1_4,29
TTYH1:NM_001005367.3_4,10
LAIR1:NM_001289026.3_5,0
LILRA4:NM_012276.5_4,4
LILRA5:NM_021250.4_5,0
LILRB2:NM_005874.5_5,0
LILRB5:NM_001081442.3_5,3
LILRB3:NM_001320960,3
RPS9:NM_001321704.2_10,16
TSEN34:NM_001282333.2_10,4
MBOAT7:NM_024298.5_10,16
TMC4:NM_001145303.3_10,7
LENG1:NM_024316.3_10,8
CNOT3:NM_014516.4_10,30
PRPF31:NM_015629.4_10,16
TFPT:NM_013342.4_10,15
NDUFA3:NM_004542.4_10,12
OSCAR:NM_206818.4_10,1
TARM1:NM_001135686.3_10,3
VSTM1:NM_198481.4_10,6
CACNG8:NM_031895,11
CACNG7:NM_001384801,4
PRKCG:NM_001316329,9
MYADM:NM_001290193,7
NLRP12:NM_001277129,4
DPRX:NM_001012728,0
ZNF331:NM_001317120,11
ZNF813:NM_001004301,13
ZNF761:NM_001289951,13
ZNF765:NR_146721,8
ZNF765-ZNF761:NM_001350496,21
ZNF525:NM_001348157,7
ZNF845:NM_138374,6
VN1R4:NM_173857,0
VN1R2:NM_173856,0
ZNF677:NM_001385611,5
ZNF665:NM_001353457,6
ZNF347:NM_001172674,8
ZNF415:NM_001352151,5
ZNF160:NM_001322130,26
ERVV-2:NM_001191055,0
ERVV-1:NM_152473,0
ZNF816:NM_001202456,7
ZNF816-ZNF321P:NM_001202473,16
ZNF888:NM_001384653,6
ZNF320:NM_001387570,22
ZNF468:NM_001277120,9
ZNF28:NM_001369765,13
ZNF600:NM_001321867,15
ZNF611:NM_001161499,16
ZNF83:NM_001348019,53
ZNF701:NM_018260,14
ZNF808:NM_001363550,12
ZNF578:NM_001099694,10
ZNF534:NM_001291369,2
ZNF528:NM_032423,8
ZNF880:NM_001145434,5
ZNF610:NM_001161426,6
ZNF480:NM_001297625,18
ZNF766:NM_001010851,10
PPP2R1A:NM_014225,55
ZNF836:NM_001102657,7
ZNF616:NM_178523,16
ZNF841:NM_001369829,16
ZNF432:NM_014650,7
ZNF614:NM_025040,14
ZNF615:NM_001199324,2
ZNF350:NM_021632,4
ZNF613:NM_001031721,9
ZNF649:NM_023074,14
FPR3:NM_002030,4
FPR2:NM_001005738,2
FPR1:NM_001193306,3
HAS1:NM_001523,3
SPACA6:NM_001316994,9
SIGLEC14:NM_001098612,4
SIGLEC5:NM_003830,8
ZNF175:NM_007147,23
SIGLEC6:NM_001177548,3
SIGLEC12:NM_053003,4
CEACAM18:NM_001278392,5
SIGLEC8:NM_014442,3
SIGLEC10:NM_033130,5
C19orf84:NM_001193623,3
LIM2:NM_030657,3
NKG7:NM_005601,0
CLDND2:NM_152353,2
ETFB:NM_001985,19
VSIG10L:NM_001163922,6
IGLON5:NM_001101372,8
SIGLECL1:NM_001385466,11
CD33:NM_001082618,9
SIGLEC7:NM_001277201,6
SIGLEC9:NM_001198558,2
CTU1:NM_145232,7
KLK14:NM_001311182,4
KLK13:NM_015596,4
KLK12:NM_145894,3
KLK11:NM_001167605,0
KLK10:NM_001077500,0
KLK9:NM_012315,3
KLK8:NM_144505,2
KLK7:NM_001243126,1
KLK6:NM_002774,2
KLK5:NM_012427,6
KLK4:NM_004917,2
KLK2:NM_001256080,3
KLK3:NM_001030048,6
KLK15:NM_017509,6
KLK1:NM_002257,7
ACP4:NM_033068,7
GPR32:NM_001506,2
CLEC11A:NM_002975,2
SHANK1:NM_016148,23
C19orf81:NM_001195076,2
SYT3:NM_001160328,7
LRRC4B:NM_001080457,22
ASPDH:NM_001024656,2
JOSD2:NM_138334,4
EMC10:NM_206538,16
GARIN5A:NM_001308429,5
MYBPC2:NM_004533,17
SPIB:NM_001243998,3
POLD1:NM_001256849,35
NR1H2:NM_001256647,18
NAPSA:NM_004851,5
KCNC3:NR_110912,4
MYH14:NM_024729,25
IZUMO2:NM_001321449,2
ZNF473:NM_001308424,48
VRK3:NM_016440,35
SIGLEC16:NM_001348364,2
SIGLEC11:NM_052884,2
ATF5:NM_012068,5
NUP62:NM_153719,32
IL4I1:NM_001258018,37
TBC1D17:NM_001168222,19
AKT1S1:NM_001278160,15
PNKP:NM_007254,15
PTOV1:NM_001305108,10
MED25:NM_001378355,29
FUZ:NM_001352262,8
AP2A1:NM_130787,42
TSKS:NM_021733,11
CPT1C:NM_001378485,9
ADM5:NM_001101340,5
PRMT1:NM_001207042,16
BCL2L12:NM_001282520,11
IRF3:NM_001197122,16
SCAF1:NM_021228,30
RRAS:NM_006270,1
PRR12:NM_020719,36
PRRG2:NM_000951,7
NOSIP:NM_001363649,25
RCN3:NM_020650,7
FCGRT:NM_001136019,0
RPS11:NM_001015,5
RPL13A:NM_001270491,14
FLT3LG:NM_001459,6
ALDH16A1:NM_001145396,10
PIH1D1:NM_017916,10
SLC17A7:NM_020309,6
GFY:NM_001385187,2
PTH2:NM_178449,0
KASH5:NM_144688,9
DKKL1:NM_001197302,1
TEAD2:NM_001256658,15
CD37:NM_001040031,6
SLC6A16:NM_014037,8
TRPM4:NM_001321285,26
HRC:NM_002152,6
PPFIA3:NM_003660,14
C19orf73:NM_018111,1
LIN7B:NM_001308419,4
SNRNP70:NM_001301069,35
KCNA7:NM_031886,3
NTF4:NM_001395489,0
CGB7:NM_001385261,0
CGB8:NM_033183,0
CGB5:NM_033043,1
CGB1:NM_001382421,0
CGB2:NM_033378,0
CGB3:NM_000737,0
LHB:NM_000894,7
RUVBL2:NM_001321191,41
GYS1:NM_002103,23
FTL:NM_000146,6
BAX:NM_001291431,6
DHDH:NM_014475,7
NUCB1:NM_006184,35
TULP2:NM_003323,9
PPP1R15A:NM_014330,7
PLEKHA4:NM_020904,18
HSD17B14:NM_016246,6
BCAT2:NM_001284325,9
FGF21:NM_019113,0
FUT1:NM_000148,4
IZUMO1:NM_182575,3
RASIP1:NM_017805,6
MAMSTR:NM_001130915,3
FUT2:NM_001097638,3
NTN5:NM_145807,2
CA11:NM_001217,2
DBP:NM_001352,4
SPHK2:NM_001243876,11
RPL18:NM_000979,11
SPACA4:NM_133498,2
FAM83E:NM_017708,10
SULT2B1:NM_177973,9
LMTK3:NM_001080434,7
CYTH2:NM_004228,14
KCNJ14:NM_013348,16
GRWD1:NM_031485,18
GRIN2D:NM_000836,36
KDELR1:NM_006801,14
SYNGR4:NM_012451,3
TMEM143:NM_018273,15
EMP3:NM_001425,11
ODAD1:NM_001364171,8
ZNF114:NM_001369811,1
ZSWIM9:NM_199341,16
LIG1:NM_000234,52
PLA2G4C:NM_001159323,11
CABP5:NM_019855,1
ELSPBP1:NM_022142,10
BSPH1:NM_001128326,5
SULT2A1:NM_003167,2
TPRX2:NM_001397348,1
CRX:NM_000554,0
TPRX1:NM_198479,3
SELENOW:NM_003009,8
NOP53:NM_015710,18
EHD2:NM_014601,16
BICRA:NM_015711,42
ZNF541:NM_001277075,6
NAPA:NM_003827,27
KPTN:NM_007059,4
SLC8A2:NM_015063,12
MEIS3:NM_001346148,9
DHX34:NM_014681,42
C5AR2:NM_001271749,5
C5AR1:NM_001736,2
CCDC9:NM_015603,19
BBC3:NM_001127240,9
SAE1:NM_001145713,80
ZC3H4:NM_015168,60
TMEM160:NM_017854,5
NPAS1:NM_002517,13
ARHGAP35:NM_004491,82
AP2S1:NM_001301081,7
SLC1A5:NM_005628,24
FKRP:NM_024301,7
STRN4:NM_001039877,44
PRKD2:NM_016457,33
DACT3:NM_145056,2
GNG8:NM_033258,1
PTGIR:NM_000960,5
CALM3:NM_001329921,23
PNMA8B:NM_020709,3
PNMA8A:NM_018215,5
PNMA8C:NM_001386793,1
CCDC8:NM_032040,6
PPP5C:NM_001204284,54
HIF3A:NM_152795,9
IGFL1:NM_198541,2
IGFL3:NM_207393,4
IGFL2:NM_001002915,2
PGLYRP1:NM_005091,4
CCDC61:NM_001267723,14
NOVA2:NM_002516,6
NANOS2:NM_001029861,0
MYPOP:NM_001012643,6
IRF2BP1:NM_015649,4
FOXA3:NM_004497,4
SYMPK:NM_004819,72
RSPH6A:NM_030785,11
DMWD:NM_004943,10
DMPK:NM_001288764,8
SIX5:NM_175875,5
MEIOSIN:NM_001310124,12
FBXO46:NM_001329633,14
QPCTL:NM_001163377,11
SNRPD2:NM_004597,9
GIPR:NM_001308418,14
EML2:NM_001352052,29
GPR4:NM_005282,5
OPA3:NM_001017989,28
VASP:NM_003370,26
PPM1N:NM_001080401,4
RTN2:NM_005619,3
FOSB:NM_001114171,3
ERCC1:NM_001369413,25
POLR1G:NM_012099,6
PPP1R13L:NM_001142502,11
ERCC2:NM_000400,34
KLC3:NM_177417,6
CKM:NM_001824,3
MARK4:NM_001199867,37
EXOC3L2:NM_001382422,17
BLOC1S3:NM_212550,3
TRAPPC6A:NM_024108,8
NKPD1:NM_198478,6
PPP1R37:NM_019121,44
GEMIN7:NM_001319055,12
ZNF296:NM_145288,10
CLASRP:NM_001278439,43
RELB:NM_006509,5
CLPTM1:NM_001282176,31
APOC2:NM_000483,2
APOC4-APOC2:NR_037932,3
APOC4:NM_001646,3
APOC1:NM_001321065,1
APOE:NM_000041,8
TOMM40:NM_006114,35
NECTIN2:NM_001042724,40
BCAM:NM_001013257,2
CBLC:NM_001130852,0
BCL3:NM_005178,5
CEACAM16:NM_001039213,6
CEACAM19:NM_001389722,3
PVR:NM_001135769,16
IGSF23:NM_001205280,8
CEACAM20:NM_001102597,5
ZNF180:NM_001288759,21
ZNF229:NM_001278510,7
ZNF285:NM_001291489,1
ZNF112:NM_001348281,3
ZNF235:NM_004234,4
ZNF233:NM_001207005,1
ZNF227:NM_001289170,10
ZNF226:NM_001388178,3
ZNF234:NM_001144824,2
ZNF225:NM_013362,7
ZNF224:NM_013398,8
ZNF284:NM_001037813,4
ZNF223:NM_013361,1
ZNF222:NM_001129996,2
ZNF230:NM_006300,2
ZNF155:NM_001260487,9
ZNF221:NM_001297588,6
ZNF45:NM_003425,12
ZNF404:NM_001033719,4
ZNF283:NM_181845,16
LYPD5:NM_182573,6
KCNN4:NM_002250,10
SMG9:NM_019108,41
IRGC:NM_019612,4
PLAUR:NM_001005376,17
CADM4:NM_145296,7
SRRM5:NM_001145641,7
ZNF428:NM_182498,14
ZNF576:NM_001145347,6
IRGQ:NM_001007561,8
PINLYP:NM_001193621,5
XRCC1:NM_006297,32
ZNF575:NM_001394237,2
ETHE1:NM_014297,5
PHLDB3:NM_198850,10
LYPD3:NM_014400,1
TEX101:NM_031451,5
CD177:NM_020406,3
PSG9:NM_002784,1
PSG4:NM_002780,1
PSG5:NM_002781,3
PSG2:NM_031246,2
PSG11:NM_002785,1
PSG7:NM_002783,1
PSG6:NM_001031850,0
PSG1:NM_001184825,1
PSG8:NM_001130167,1
PSG3:NM_021016,0
CEACAM8:NM_001816,5
CEACAM1:NM_001712,6
CXCL17:NM_198477,3
LIPE:NM_005357,9
CNFN:NM_032488,1
MEGF8:NM_001410,18
TMEM145:NM_173633,7
PRR19:NM_199285,7
PAFAH1B3:NM_001145940,7
CIC:NM_001304815,29
ERF:NM_006494,9
GSK3A:NM_019884,20
ZNF526:NM_133444,11
DEDD2:NM_001270614,33
POU2F2:NM_001393934,29
ZNF574:NM_001330519,13
GRIK5:NM_002088,19
ATP1A3:NM_001256214,7
RABAC1:NM_006423,0
ERFL:NM_001365103,14
ARHGEF1:NM_001396002,26
CD79A:NM_021601,1
RPS19:NM_001022,33
DMRTC2:NM_001040283,3
LYPD4:NM_173506,1
CEACAM3:NM_001277163,3
CEACAM6:NM_002483,4
CEACAM5:NM_001291484,5
CEACAM7:NM_006890.5_2,6
CEACAM4:NM_001362495.2_2,5
CEACAM21:NM_001288773.3_2,12
ERICH4:NM_001130514,0
DMAC2:NM_018035,9
B3GNT8:NM_198540,5
BCKDHA:NM_001164783,31
EXOSC5:NM_020158,8
TMEM91:NM_001098825,6
B9D2:NM_030578,3
TGFB1:NM_000660,19
CCDC97:NM_052848,19
HNRNPUL1:NM_144732,60
AXL:NM_001699,9
CYP2S1:NM_030622,3
CYP2F1:NM_000774,7
CYP2A13:NM_000766,2
CYP2B6:NM_000767,6
CYP2A7:NM_030589,1
CYP2A6:NM_000762,0
EGLN2:NM_080732,19
RAB4B:NM_016154,5
RAB4B-EGLN2:NR_037791,23
MIA-RAB4B:NR_037775,8
MIA:NM_001202553,4
SNRPA:NM_004596,27
C19orf54:NM_198476,17
ITPKC:NM_025194,26
COQ8B:NM_024876,19
NUMBL:NM_004756,37
LTBP4:NM_003573,27
SHKBP1:NM_138392,9
SPTBN4:NM_020971,25
BLVRB:NM_000713,8
SERTAD3:NM_203344,9
SERTAD1:NM_013376,3
PRX:NM_181882,6
HIPK4:NM_144685,8
PLD3:NM_001031696,14
C19orf47:NR_156465,31
AKT2:NM_001626,64
CCNP:NM_024877,1
TTC9B:NM_152479,0
MAP3K10:NM_002446,6
ZNF780A:NM_001142579.2_2,9
ZNF780B:NM_001005851.3_2,12
ZNF546:NM_001297763.2_2,18
PSMC4:NM_153001.3_2,15
FCGBP:NM_003890.2_2,18
FBL:NM_001436.4_2,20
DYRK1B:NM_004714.3_2,13
LEUTX:NM_001143832.2_2,4
CLC:NM_001828,2
LGALS14:NM_020129,6
LGALS16:NM_001190441,1
LGALS13:NM_013268,1
EID2:NM_153232,3
EID2B:NM_152361,1
SELENOV:NM_001350809,4
DLL3:NM_203486,4
TIMM50:NM_001329559,24
SUPT5H:NM_001319991,39
RPS16:NM_001363860,9
ZFP36:NM_003407,2
PLEKHG2:NM_001351693,10
MED29:NM_001317770,7
PAF1:NM_019088,13
SAMD4B:NM_001384574.2_2,49
GMFG:NM_004877.4_2,5
LRFN1:NM_020862.2_2,7
IFNL1:NM_172140.2_2,2
IFNL2:NM_172138.2_2,0
IFNL4:NR_074079,0
IFNL3:NM_001346937.2_2,0
SYCN:NM_001080468,1
NCCRP1:NM_001001414,3
PAK4:NM_001014834,42
ACP7:NM_001363687,7
FBXO27:NM_178820,3
FBXO17:NM_024907.7_2,17
MRPS12:NM_033362.4_2,7
SARS2:NM_001145901.2_2,21
CCER2:NM_001243212.2_2,5
NFKBIB:NM_001243116.2_2,9
SIRT2:NM_012237.4_2,9
RINL:NM_001195833.2_2,0
HNRNPL:NM_001005335.2_2,29
ECH1:NM_001398.3_2,8
LGALS4:NM_006149.4_2,4
LGALS7B:NM_001042507.4_2,0
LGALS7:NM_002307.4_2,0
CAPN12:NM_144691.4_2,7
ACTN4:NM_001322033.2_2,106
EIF3K:NM_001308393.2_2,26
MAP4K1:NM_007181.6_2,10
RYR1:NM_001042723,81
RASGRP4:NM_170604,8
FAM98C:NM_174905,3
SPRED3:NM_001394338,2
GGN:NM_152657,4
PSMD8:NM_002812,10
CATSPERG:NM_001330496,8
KCNK6:NM_004823,2
C19orf33:NM_033520,2
YIF1B:NM_001039672,10
SPINT2:NM_001166103,7
PPP1R14A:NM_033256,8
DPF1:NM_001363579,8
SIPA1L3:NM_015073,119
WDR87:NM_001291088,4
ZNF573:NM_152360,5
ZNF607:NM_032689,9
ZFP30:NM_001320668,6
ZNF571:NM_001321272,4
ZNF540:NM_152606,14
ZNF793:NM_001013659,8
ZNF570:NM_001300993,4
ZNF569:NM_001330482,11
ZNF527:NM_032453,8
ZNF875:NR_138103,5
ZNF383:NM_001345947,17
ZNF585B:NM_152279,4
ZNF585A:NM_152655,3
ZNF420:NM_001329519,5
ZNF568:NM_001204839,17
ZNF829:NM_001037232,5
ZNF790:NM_001242800,4
ZNF850:NM_001193552,23
ZNF567:NM_001387760,12
ZNF461:NM_001322821,2
ZNF382:NM_001256838,8
ZNF529:NM_001145649,19
ZNF260:NM_001375597,6
ZNF566:NM_001145345,9
ZFP82:NM_001321918,6
ZFP14:NM_001297619,5
ZNF146:NM_001099639,21
ZNF565:NM_001366188,30
COX7A1:NM_001864,7
CAPNS1:NM_001003962,22
TBCB:NR_155756,14
POLR2I:NM_006233,8
OVOL3:NM_001302757,8
WDR62:NM_173636,62
THAP8:NM_001331104,12
CLIP3:NM_015526,13
ALKBH6:NM_198867,2
SYNE4:NM_001039876,1
SDHAF1:NM_001042631,5
LRFN3:NM_024509,3
TYROBP:NM_003332,4
HCST:NM_014266,2
NFKBID:NM_032721,15
APLP1:NM_005166,7
KIRREL2:NM_199179,5
NPHS1:NM_004646,5
PRODH2:NM_021232,3
ARHGAP33:NM_001172630,6
PROSER3:NM_001395454,8
HSPB6:NM_144617,4
LIN37:NM_019104,9
PSENEN:NM_001281532,5
U2AF1L4:NM_001369824,4
IGFLR1:NM_001346006,8
KMT2B:NM_014727,29
ZBTB32:NM_001316903,5
UPK1A:NM_007000,3
COX6B1:NM_001863,12
ETV2:NM_001300974,0
RBM42:NM_001319113,13
HAUS5:NM_015302,8
PMIS2:NM_001395412,1
ATP4A:NM_000704,12
TMEM147:NM_001242598,6
GAPDHS:NM_014364,9
SBSN:NM_001166034,3
DMKN:NM_033317,8
KRTDAP:NM_207392,1
FFAR2:NM_001370087,2
GPR42:NM_001348195,1
FFAR3:NM_005304,0
FFAR1:NM_005303,1
CD22:NM_001278417,10
MAG:NM_001199216,17
HAMP:NM_021175,3
USF2:NM_001321150,13
LSR:NM_001260490,16
FAM187B:NM_152481,1
FXYD5:NM_001320913,26
FXYD7:NM_022006,3
FXYD1:NM_021902,2
LGI4:NM_139284,3
FXYD3:NM_005971,3
HPN:NM_002151,6
SCN1B:NM_001037,5
GRAMD1A:NM_001320036,39
ZNF792:NM_175872,11
ZNF30:NM_194325,10
ZNF599:NM_001007248,7
ZNF181:NM_001145665,4
ZNF302:NM_001289186,1
WTIP:NM_001080436.2_2,7
UBA2:NM_005499.3_2,43
PDCD2L:NM_001353433.2_2,18
GPI:NM_001184722.1_3,78
GARRE1:NM_014686.5_4,47
LSM14A:NM_001384422.1_2,38
KCTD15:NM_001129995,17
CHST8:NM_001127896,36
PEPD:NM_000285,39
CEBPG:NM_001806,6
CEBPA:NM_001287435,0
SLC7A10:NM_019849,0
LRP3:NM_002333,4
WDR88:NM_173479,17
GPATCH1:NM_018025,41
RHPN2:NM_033103,20
FAAP24:NM_001300978,3
CEP89:NM_032816,32
SLC7A9:NM_001243036,6
TDRD12:NM_001366102,16
NUDT19:NM_001105570,14
RGS9BP:NM_207391,2
ANKRD27:NM_032139,95
PDCD5:NM_004708,8
DPY19L3:NM_001172774,46
ZNF507:NM_014910,42
ZNF536:NM_001376110,83
URI1:NM_001252641,32
CCNE1:NM_001322262,10
C19orf12:NM_001256047,11
PLEKHF1:NM_024310,12
POP4:NM_006627,9
VSTM2B:NM_001384642,12
UQCRFS1:NM_006003,6
ZNF254:NM_001278663,34
ZNF726:NM_001348687,5
ZNF681:NM_138286,6
ZNF675:NM_138330,11
ZNF91:NM_003430,9
ZNF724:NM_001355406,5
ZNF730:NM_001277403,7
ZNF728:NM_001267716,1
ZNF723:NM_001349726,3
ZNF99:NM_001080409,3
ZNF492:NM_020855,2
ZNF98:NM_001098626,1
ZNF729:NM_001242680,2
ZNF676:NM_001001411.3_2,2
ZNF257:NM_001316998,9
ZNF208:NM_001329971,8
ZNF43:NM_001256648.2_2,7
ZNF100:NM_173531.4_2,19
ZNF429:NM_001346916,21
ZNF493:NM_175910,7
ZNF738:NM_001355237,5
ZNF708:NM_001297560,10
ZNF431:NM_133473,26
ZNF714:NM_182515,17
ZNF430:NM_001172671.2_2,14
ZNF85:NM_001256173.2_2,2
ZNF66:NM_001355197.2_2,9
ZNF626:NM_001076675,8
ZNF737:NM_001159293,4
ZNF486:NM_052852,3
ZNF90:NM_007138,8
ZNF682:NM_033196,3
ZNF93:NM_031218,6
ZNF253:NM_021047,10
ZNF506:NM_001099269,8
ZNF14:NM_021030,6
ZNF101:NM_001300949,14
ATP13A1:NM_020410,33
GMIP:NM_016573,11
LPAR2:NM_001395660,5
PBX4:NM_025245,12
CILP2:NM_153221,3
YJEFN3:NM_001190328,9
NDUFA13:NM_015965,12
TSSK6:NM_032037,0
GATAD2A:NM_001384540,129
MAU2:NM_015329,38
SUGP1:NM_172231,41
TM6SF2:NM_001001524,5
HAPLN4:NM_023002,2
NCAN:NM_004386,10
NR2C2AP:NM_176880,5
RFXANK:NM_134440,16
BORCS8:NM_001145784,7
MEF2B:NM_001145785,8
BORCS8-MEF2B:NM_005919,15
TMEM161A:NM_017814,18
SLC25A42:NM_001321544,38
ARMC6:NM_033415,45
SUGP2:NM_001352071,50
HOMER3:NM_004838,2
DDX49:NM_019070,11
COPE:NM_001330469,17
GDF1:NM_001492,8
CERS1:NM_001387440,8
UPF1:NM_002911,50
COMP:NM_000095,1
CRTC1:NM_015321,29
KLHL26:NM_018316,16
TMEM59L:NM_012109,8
CRLF1:NM_004750,9
REX1BD:NM_001100419,3
UBA52:NM_001321017,13
KXD1:NM_024069,13
FKBP8:NM_012181,8
ELL:NM_006532,71
ISYNA1:NM_016368,3
SSBP4:NM_001009998,14
LRRC25:NM_145256,5
GDF15:NM_004864,5
PGPEP1:NM_001329477,13
LSM4:NM_012321,19
JUND:NM_001286968,3
IQCN:NM_001145305,6
PDE4C:NM_000923,9
RAB3A:NM_002866,5
MPV17L2:NM_032683,2
IFI30:NM_006332,7
PIK3R2:NM_005027,21
MAST3:NM_001393520,19
IL12RB1:NM_001290024,11
ARRDC2:NM_001025604,16
KCNN1:NM_002248,9
CCDC124:NM_001136203,11
SLC5A5:NM_000453,4
RPL18A:NM_000980,18
JAK3:NM_000215,7
INSL3:NM_001265587,0
B3GNT3:NM_014256,8
FCHO1:NM_001384385,27
MAP1S:NM_018174,11
UNC13A:NM_001080421,20
COLGALT1:NM_024656,25
NIBAN3:NM_173544,12
PGLS:NM_012088,5
SLC27A1:NM_198580,6
NXNL1:NM_138454,2
TMEM221:NM_001190844,5
MVB12A:NM_001304547,10
BST2:NM_004335,4
CCDC194:NM_001395222,3
PLVAP:NM_031310,2
GTPBP3:NM_001195422,12
ANO8:NM_020959,9
DDA1:NM_024050,14
MRPL34:NM_001400072,9
ABHD8:NM_024527,8
ANKLE1:NM_001278443,1
BABAM1:NM_001288756,12
USHBP1:NM_001321417,3
NR2F6:NM_005234,13
OCEL1:NM_024578,3
USE1:NM_018467,4
MYO9B:NM_004145,88
HAUS8:NM_001011699,42
CPAMD8:NM_015692,31
F2RL3:NM_003950,5
SIN3B:NM_001297595,44
NWD1:NM_001007525,9
TMEM38A:NM_024074,4
SMIM7:NM_024104,16
MED26:NM_004831,51
SLC35E1:NM_024881,33
CHERP:NM_006387,43
C19orf44:NM_032207,19
CALR3:NM_145046,3
EPS15L1:NM_001258374,84
KLF2:NM_016270,0
AP1M1:NM_032493,31
FAM32A:NM_014077,10
CIB3:NM_054113,5
HSH2D:NM_032855,23
RAB8A:NM_005370,37
TPM4:NM_001145160,24
OR10H4:NM_001004465,3
CYP4F11:NM_001128932,2
CYP4F2:NM_001082,7
OR10H1:NM_013940,3
OR10H5:NM_001004466,2
OR10H3:NM_013938,1
OR10H2:NM_013939,0
CYP4F12:NM_023944,4
CYP4F3:NM_001199209,4
CYP4F8:NM_007253,7
CYP4F22:NM_173483,12
PGLYRP2:NM_001363546,3
RASAL3:NM_022904,10
WIZ:NM_001371589,22
AKAP8L:NM_014371,27
AKAP8:NM_005858,30
BRD4:NM_001379291,112
EPHX3:NM_001142886,5
NOTCH3:NM_000435,10
ILVBL:NM_006844,11
SYDE1:NM_001300910,3
OR1I1:NM_001004713,3
CASP14:NM_012114,3
CCDC105:NM_173482,2
SLC1A6:NR_073589,7
OR7C2:NM_012377,1
OR7A17:NM_030901,3
OR7A10:NM_001005190,0
OR7A5:NM_001370481,3
OR7C1:NM_001370485,7
ADGRE2:NM_013447,24
ZNF333:NM_001300912,28
ADGRE3:NM_032571,6
CLEC17A:NM_207390,4
NDUFB7:NM_004146,9
TECR:NM_001321170,28
DNAJB1:NM_001313964,13
GIPC1:NM_005716,11
PTGER1:NM_000955,3
PKN1:NM_002741,46
DDX39A:NR_046366,22
ADGRE5:NM_001784,24
ADGRL1:NM_001008701.3_2,26
ASF1B:NM_018154.3_2,13
PRKACA:NM_002730.4_2,17
SAMD1:NM_138352.3_2,2
C19orf67:NM_001277378.2_2,5
MISP3:NM_001393577.1_2,1
PALM3:NM_001145028.2_2,7
IL27RA:NM_004843.4_2,15
RLN3:NM_080864.4_2,2
RFX1:NM_002918.5_2,42
DCAF15:NM_001393640.1_2,11
PODNL1:NM_001146254.2_2,7
CC2D1A:NM_017721.5_2,23
BRME1:NM_001345843.2_2,7
ZSWIM4:NM_001367834.3_2,8
C19orf53:NM_014047,9
MRI1:NM_032285,16
YJU2B:NM_001320567,26
CACNA1A:NM_023035,53
IER2:NM_004907,9
STX10:NM_001271610,4
NACC1:NM_052876,28
TRMT1:NM_017722,10
LYL1:NM_005583,9
NFIX:NM_001365902,84
DAND5:NM_152654,3
GADD45GIP1:NM_052850,8
RAD23A:NM_001270362,21
CALR:NM_004343,12
FARSA:NM_004461,18
SYCE2:NM_001105578,11
GCDH:NR_102316,13
KLF1:NM_006563,4
DNASE2:NM_001375,10
MAST1:NM_014975,25
RTBDN:NM_001270440,4
RNASEH2A:NM_006397,12
THSD8:NM_001386800,7
PRDX2:NM_005809,11
JUNB:NM_002229,2
HOOK2:NM_001400043,12
BEST2:NM_017682,5
GET3:NM_001371488,8
TRIR:NM_024038,11
TNPO2:NM_001382241,39
FBXW9:NM_032301,16
GNG14:NM_001316692,6
DHPS:NR_161468,8
WDR83OS:NM_016145,3
WDR83:NM_001099737,10
MAN2B1:NM_000528,15
ZNF791:NM_153358,14
ZNF490:NM_020714,22
ZNF564:NM_144976,13
ZNF709:NM_152601,5
ZNF443:NM_005815,0
ZNF799:NM_001322498,1
ZNF442:NM_030824,7
ZNF563:NM_145276,4
ZNF44:NM_001353549,8
ZNF136:NM_001348013,10
ZNF625:NM_145233,0
ZNF20:NM_021143,5
ZNF625-ZNF20:NR_037802,5
ZNF844:NM_001136501,0
ZNF878:NM_001080404,5
ZNF433:NM_001308351,7
ZNF763:NM_001367174,9
ZNF700:NM_144566,11
ZNF69:NM_021915,10
ZNF439:NM_001348724,4
ZNF440:NM_152357,6
ZNF491:NM_152356,1
ZNF441:NM_152355,14
ZNF823:NM_001080493,10
ZNF627:NM_001290085,12
ACP5:NM_001111035,3
ELOF1:NM_001363675,9
CNN1:NM_001299,4
ECSIT:NM_016581,23
ZNF653:NM_138783,18
ELAVL3:NM_001420,6
PRKCSH:NM_001001329,26
ODAD3:NM_001302453,5
RGL3:NM_001161616,0
EPOR:NM_000121,11
SWSAP1:NM_175871,8
PLPPR2:NM_001393895,7
CCDC159:NM_001080503,4
TMEM205:NM_198536,4
RAB3D:NM_004283,6
TSPAN16:NM_012466,6
ANGPTL8:NM_018687,3
DOCK6:NM_001367830,17
KANK2:NM_001379563,25
SPC24:NM_182513,10
LDLR:NM_001195799,62
SMARCA4:NM_001374457,100
TIMM29:NM_138358,1
YIPF2:NM_001321439,6
CARM1:NM_001370088,31
C19orf38:NM_001136482,3
TMED1:NM_006858,4
DNM2:NM_001005362,104
QTRT1:NM_031209,6
ILF3:NM_001394817,69
SLC44A2:NM_001145056,15
AP1M2:NM_001300887,4
CDKN2D:NM_001800,5
KRI1:NM_023008,22
ATG4D:NM_032885,13
S1PR5:NM_001166215,1
KEAP1:NM_203500,20
PDE4A:NM_001243121,37
CDC37:NM_007065,15
TYK2:NM_001385204,27
ICAM3:NM_001320606,11
RAVER1:NM_133452,22
FDX2:NM_001397406,5
ZGLP1:NM_001103167,6
ICAM5:NM_003259,9
ICAM4:NM_001039132,6
ICAM1:NM_000201,13
MRPL4:NM_146387,10
S1PR2:NM_004230,3
DNMT1:NM_001130823,78
EIF3G:NM_003755,9
P2RY11:NM_002566,15
PPAN-P2RY11:NM_001040664,20
PPAN:NM_001346139,13
ANGPTL6:NM_001387348,10
SHFL:NM_001308277,8
RDH8:NM_015725,2
COL5A3:NM_015719,13
OLFM2:NM_058164,18
PIN1:NM_006221,20
UBL5:NM_001048241,4
FBXL12:NM_001316938,8
ZNF846:NM_001395830,7
ZNF562:NM_001130031,20
ZNF561:NM_152289,6
ZNF121:NM_001308269,23
ZNF426:NM_001300883,16
ZNF560:NM_152476,3
ZNF266:NM_001370392,19
ZNF177:NM_001384658,3
ZNF559-ZNF177:NM_001384659,8
ZNF559:NM_032497,5
ZNF699:NM_198535,8
OR7D4:NM_001005191,2
OR7E24:NM_001386108,1
OR7D2:NM_001386112,1
ZNF317:NM_001190791,25
OR7G3:NM_001001958,1
OR7G1:NM_001005192,2
OR7G2:NM_001005193,4
OR1M1:NM_001004456,1
MUC16:NM_001401501.1_2,36
MBD3L1:NM_001393532.1_2,2
ZNF558:NM_144693.3_2,18
OR2Z1:NM_001004699,3
ACTL9:NM_178525,1
NFILZ:NM_001378600,12
ADAMTS10:NM_030957,7
MYO1F:NM_012335,13
ZNF414:NM_001146175,1
PRAM1:NM_032152,7
HNRNPM:NM_001297418,51
MARCHF2:NM_001005416,3
RAB11B:NM_004218,6
ANGPTL4:NM_001039667,1
KANK3:NM_198471,13
RPS28:NM_001031,5
NDUFA7:NR_135539,13
CD320:NM_016579,6
CERS4:NM_024552,19
FBN3:NM_032447,14
CCL25:NM_001394634,0
ELAVL1:NM_001419,72
TIMM44:NM_006351,23
CTXN1:NM_206833,5
SNAPC2:NM_003083,5
TGFBR3L:NM_001195259,1
MAP2K7:NM_145185,15
LRRC8E:NM_001268285,6
PRR36:NM_001190467,3
EVI5L:NM_145245,10
CLEC4M:NM_001144904,1
CD209:NM_021155,3
CLEC4G:NM_198492,2
FCER2:NM_001220500,3
TRAPPC5:NM_001042462,4
MCEMP1:NM_174918,4
RETN:NM_001193374,1
STXBP2:NM_001127396,13
PCP2:NM_174895,5
PET100:NM_001171155,6
XAB2:NM_020196,15
CAMSAP3:NM_020902,6
PNPLA6:NM_006702,9
MCOLN1:NM_020533,5
ZNF358:NM_018083,4
TEX45:NM_198534,4
PEX11G:NM_001300881,2
ARHGEF18:NM_001367823,47
INSR:NM_000208,39
ZNF557:NM_001044387,24
MBD3L3:NM_001164425,0
MBD3L2:NM_144614,0
MBD3L4:NM_001164419,0
MBD3L5:NM_001136507,0
MBD3L2B:NM_001364674,0
ADGRE1:NM_001256254,9
VAV1:NM_001258207,27
SH2D3A:NM_005490,8
TRIP10:NM_004240,14
GPR108:NM_001394719,7
C3:NM_000064,10
TNFSF14:NM_003807,1
CD70:NM_001330332,3
TNFSF9:NM_003811,8
TUBB4A:NM_001289123,0
DENND1C:NM_024898,2
CRB3:NM_174882,1
SLC25A23:NM_024103,21
SLC25A41:NM_001321298,3
KHSRP:NM_001366299,23
GTF2F1:NM_002096,14
PSPN:NM_004158,3
ALKBH7:NM_032306,3
CLPP:NM_006012,5
ACER1:NM_133492,7
MLLT1:NM_005934,56
ACSBG2:NM_001289180,12
RFX2:NM_000635,67
RANBP3:NM_007322,82
CAPS:NM_080590.4_2,4
VMAC:NM_001017921.4_2,0
NDUFA11:NM_001193375.3_2,8
FUT5:NM_002034.2_2,0
FUT3:NM_001382748.1_2,4
FUT6:NM_000150.4_2,4
NRTN:NM_004558.5_2,9
DUS3L:NM_020175,14
PRR22:NM_001134316,5
CATSPERD:NM_152784,7
LONP1:NM_001276480,49
RPL36:NM_033643,13
HSD11B1L:NM_198704,4
MICOS13:NM_001308240,7
SAFB:NM_001320571,55
SAFB2:NM_014649,63
TINCR:NM_001396408,2
ZNRF4:NM_181710,1
PTPRS:NM_002850,50
KDM4B:NM_015015,104
UHRF1:NM_001290050,43
ARRDC5:NM_001367189,4
PLIN3:NM_005817,25
TICAM1:NM_182919,14
FEM1A:NM_018708,11
DPP9:NM_001384627,47
MYDGF:NM_019107,11
TNFAIP8L1:NM_152362,4
SEMA6B:NM_032108,3
LRG1:NM_052972,4
PLIN5:NM_001013706,3
PLIN4:NM_001393888,7
HDGFL2:NM_032631,25
UBXN6:NM_025241,18
CHAF1A:NM_005483,55
SH3GL1:NM_003025,50
MPND:NM_001159846,14
STAP2:NM_017720,5
FSD1:NM_001330429,4
TMIGD2:NM_144615,0
SHD:NM_001372011,1
YJU2:NM_018074,23
EBI3:NM_005755,4
ANKRD24:NM_001393555,14
SIRT6:NM_016539,6
CREB3L3:NM_001271995,3
MAP2K2:NM_030662,38
ZBTB7A:NM_015898,23
PIAS4:NM_015897,20
EEF2:NM_001961,31
DAPK3:NM_001348,12
NMRK2:NM_170678,1
ATCAY:NM_033064,9
ZFR2:NM_015174,23
MATK:NM_002378,9
RAX2:NM_001319074,6
MRPL54:NM_172251,7
APBA3:NM_004886,8
TJP3:NM_001267560,10
PIP5K1C:NM_012398,44
CACTIN:NM_001080543,17
TBXA2R:NM_001060,9
GIPC3:NM_133261,4
HMG20B:NM_006339,4
TEKTIP1:NM_001135580,5
MFSD12:NM_174983,12
FZR1:NM_016263,28
DOHH:NM_031304,9
SMIM44:NM_001395954,1
SMIM24:NM_001136503,4
NFIC:NM_001245005,104
CELF5:NM_001172673,22
NCLN:NM_001321463,28
S1PR4:NM_003775,1
GNA15:NM_002068,15
GNA11:NM_002067,19
TLE5:NM_198969,13
TLE2:NM_001144761,19
TLE6:NM_001143986,6
ZNF77:NM_021217,14
ZNF57:NM_173480,14
ZNF556:NM_024967,4
ZNF555:NM_001172775,12
ZNF554:NM_001102651,9
THOP1:NM_003249,30
SGTA:NM_003021,24
SLC39A3:NM_144564,18
DIRAS1:NM_145173,2
GNG7:NM_052847,33
GADD45B:NM_015675,0
LMNB2:NM_032737,28
TIMM13:NM_012458,8
TMPRSS9:NM_001395513,20
SPPL2B:NM_152988,25
LSM7:NM_016199,13
LINGO3:NM_001101391,8
PEAK3:NM_198532,9
OAZ1:NM_001301020,14
JSRP1:NM_144616,2
AMH:NM_000479,2
SF3A2:NM_007165,24
PLEKHJ1:NM_001300836,9
DOT1L:NM_032482,73
AP3D1:NM_001261826,57
IZUMO4:NM_001363588,9
MOB3A:NM_130807,26
MKNK2:NM_199054,20
BTBD2:NM_017797,13
CSNK1G2:NM_001319,36
ADAT3:NM_001329533,16
SCAMP4:NM_001329539,22
ABHD17A:NM_031213,0
KLF16:NM_031918,14
REXO1:NM_020695,35
ATP8B3:NM_001178002,7
ONECUT3:NM_001080488,1
TCF3:NM_003200,52
UQCR11:NM_006830,9
MBD3:NM_001281453,16
MEX3D:NM_203304,10
PLK5:NM_001243079,4
ADAMTSL5:NM_001367197,3
REEP6:NM_138393,7
PCSK4:NM_017573,5
C19orf25:NM_152482,9
APC2:NM_005883,10
RPS15:NM_001018,10
DAZAP1:NM_001352033,37
GAMT:NM_000156,5
NDUFS7:NM_024407,6
PWWP3A:NM_001369794,27
EFNA2:NM_001405,3
FAM174C:NM_017914,7
CIRBP:NR_023313,11
MIDN:NM_001388307,11
ATP5F1D:NM_001001975,1
CBARP:NM_152769,7
STK11:NM_000455,17
SBNO2:NM_014963.3_2,56
GPX4:NM_002085,3
POLR2E:NM_002695,9
ARHGAP45:NM_001258328,13
ABCA7:NM_019112,33
CNN2:NM_001303499,10
TMEM259:NM_001033026,20
GRIN3B:NM_138690,3
WDR18:NM_001372086,9
ARID3A:NM_005224,47
KISS1R:NM_032551,7
R3HDM4:NM_138774,16
MED16:NM_005481.3_2,23
CFD:NM_001928.4_2,0
ELANE:NM_001972.4_2,2
PRTN3:NM_002777.4_2,1
AZU1:NM_001700.5_2,1
PLPPR3:NM_024888,7
PTBP1:NM_031991,34
MISP:NM_173481,5
PALM:NM_001040134,12
PRSS57:NM_214710,1
FSTL3:NM_005860,2
RNF126:NM_194460,12
FGF22:NM_001300812,9
POLRMT:NM_005035,8
HCN2:NM_001194,11
BSG:NM_198590,20
GZMM:NM_001258351,2
CDC34:NM_004359,9
TPGS1:NM_033513,9
MADCAM1:NM_130762,1
ODF3L2:NM_001385599,2
SHC2:NM_012435,14
C2CD4C:NM_001136263,2
THEG:NM_016585,5
MIER2:NM_001387156,41
PLPP2:NM_003712,3
OR4F17:NM_001005240,0
PARD6G:NM_032510,16
ADNP2:NM_014913,20
RBFA:NM_001171967,17
TXNL4A:NM_001305563,22
HSBP1L1:NM_001136180,3
SLC66A2:NM_025078,24
KCNG2:NM_012283,21
CTDP1:NM_048368.4_2,61
NFATC1:NM_172388,60
ATP9B:NM_001306085,80
SALL3:NM_171999.4_3,6
GALR1:NM_001480,5
MBP:NM_001025101,22
ZNF236:NM_001306089,59
ZNF516:NM_014643,19
SMIM21:NM_001037331,1
TSHZ1:NM_005786,20
PTGR3:NM_175907,5
ZNF407:NM_017757,59
CNDP1:NM_032649,4
CNDP2:NM_001370248,17
DIPK1C:NM_001044369,5
C18orf63:NM_001174123,6
CYB5A:NM_001914,7
TIMM21:NM_014177,9
FBXO15:NM_152676,9
NETO1:NM_001354018,11
CBLN2:NM_182511,0
SOCS6:NM_004232,8
RTTN:NM_173630,46
CD226:NM_006566,11
DOK6:NM_152721,43
CCDC102B:NM_001093729,21
TMX3:NM_001350517,12
DSEL:NM_032160.3_2,0
CDH19:NM_021153,4
CDH7:NM_033646,12
SERPINB8:NM_001348367,4
HMSD:NM_001123366,2
SERPINB10:NM_005024,5
SERPINB2:NM_002575,5
SERPINB7:NM_001040147,3
SERPINB11:NM_080475,3
SERPINB3:NM_006919,0
SERPINB4:NM_002974,0
SERPINB13:NM_001348268,2
SERPINB12:NM_001307928,3
SERPINB5:NM_002639,3
VPS4B:NM_004869,18
KDSR:NM_002035,16
BCL2:NM_000633,30
PHLPP1:NM_194449,68
ZCCHC2:NR_126534,25
TNFRSF11A:NM_001278268,5
RELCH:NM_001346233,32
PIGN:NM_176787,28
RNF152:NM_173557,13
CDH20:NM_031891,16
MC4R:NM_005912,0
PMAIP1:NM_021127,3
CCBE1:NM_133459,36
LMAN1:NM_005570,24
CPLX4:NM_181654,2
RAX:NM_013435,2
GRP:NM_001012513,1
SEC11C:NM_001307941,4
ZNF532:NM_001353533,11
MALT1:NM_173844,19
ALPK2:NM_052947,20
NEDD4L:NM_001243960,93
ATP8B1:NM_001374385,21
NARS1:NM_004539,11
FECH:NM_001371095,22
ONECUT2:NM_004852,19
ST8SIA3:NM_015879,4
BOD1L2:NM_001257964,0
WDR7:NM_052834,64
TXNL1:NM_004786,15
TCF4:NM_001243226,88
CCDC68:NM_025214,5
RAB27B:NM_001375327,27
DYNAP:NM_001307955,0
C18orf54:NM_001288981,4
STARD6:NM_001394379,3
POLI:NM_001351621,9
MBD2:NM_003927,19
DCC:NM_005215,101
MEX3C:NM_016626,4
SMAD4:NM_005359,18
ELAC1:NM_018696,4
ME2:NM_001168335,24
MRO:NM_001369508,7
MAPK4:NM_001292039,24
SKA1:NM_145060.4_2,5
CXXC1:NM_001101654,8
MBD1:NM_001323953,23
CFAP53:NM_145020,19
MYO5B:NM_001080467,67
ACAA2:NM_006111,11
LIPG:NM_001308006,6
RPL17:NM_001199342,6
RPL17-C18orf32:NM_001199356,8
C18orf32:NM_001035005,4
DYM:NM_001374428,96
SMAD7:NM_005904,13
CTIF:NM_014772.3_2,105
ZBTB7C:NM_001371287,70
SMAD2:NM_001003652,29
SKOR2:NM_001278063,7
IER3IP1:NM_016097,6
HDHD2:NM_001318765,17
ELOA2:NM_016427,1
KATNAL2:NM_001353903,16
PIAS2:NM_001324049,28
ST8SIA5:NM_001307986,12
LOXHD1:NM_001384474,28
RNF165:NM_152470,17
C18orf25:NM_001008239,20
HAUS1:NM_138443,6
ATP5F1A:NM_001001937,15
PSTPIP2:NM_024430,32
SIGLEC15:NM_213602,4
EPG5:NM_020964,53
SLC14A1:NM_001308279,12
SLC14A2:NM_001371319,78
SETBP1:NM_001379141,30
SYT4:NM_020783,0
RIT2:NM_001272077,30
PIK3C3:NM_001308020,60
CELF4:NM_001353740,133
KIAA1328:NR_136303,70
TPGS2:NM_001271956,59
FHOD3:NM_001281739,198
MOCOS:NM_017947,62
ELP2:NM_001324468,60
SLC39A6:NM_012319,21
RPRD1A:NM_001303411,45
C18orf21:NM_001201476,11
GALNT1:NM_001384438,56
INO80C:NM_001098817,21
ZNF396:NM_001322290,3
ZNF24:NM_006965,19
ZSCAN30:NM_001166012,23
ZNF397:NM_032347,37
MAPRE2:NM_001143826,118
DTNA:NM_001386768,89
NOL4:NM_001384469,65
ASXL3:NM_030632,38
CCDC178:NM_001371120,86
KLHL14:NM_020805,34
GAREM1:NM_001242409,51
MEP1B:NM_001308171,8
RNF138:NM_016271,30
RNF125:NM_017831,8
TRAPPC8:NM_014939,63
SLC25A52:NM_001034172,2
B4GALT6:NM_001378109,17
TTR:NM_000371,6
DSG2:NM_001943,29
DSG3:NM_001944,4
DSG4:NM_001134453,7
DSG1:NM_001942,8
DSC1:NM_004948,3
DSC2:NM_004949,17
DSC3:NM_024423,13
CDH2:NM_001792,47
CHST9:NM_031422,98
AQP4:NM_001364287,5
KCTD1:NM_001258222,73
TAF4B:NM_005640,81
PSMA8:NM_001025097,12
SS18:NM_001308201,57
ZNF521:NM_015461,127
HRH4:NM_001143828,10
IMPACT:NM_018439,4
OSBPL1A:NM_080597,56
CABYR:NM_138643,7
TTC39C:NM_153211,38
LAMA3:NM_001127717,37
ANKRD29:NM_173505,29
NPC1:NM_000271,66
RMC1:NM_001276342,46
RIOK3:NM_001348193,33
TMEM241:NM_001318834,94
CABLES1:NM_001256438,51
RBBP8:NM_002894,68
CTAGE1:NM_172241.3_2,3
GATA6:NM_005257,13
MIB1:NM_020774,45
ABHD3:NM_138340,19
SNRPD1:NM_001291916,12
ESCO1:NM_052911,31
GREB1L:NM_001142966,51
ROCK1:NM_005406,43
ANKRD30B:NM_001367607,3
POTEC:NM_001137671,0
ZNF519:NR_033354,10
MC2R:NM_001291911,8
MC5R:NM_005913,3
RNMT:NM_001378134,24
FAM210A:NM_001098801,31
LDLRAD4:NM_001394666,119
CEP192:NM_032142,122
SEH1L:NM_031216,31
PTPN2:NM_001207013,50
CEP76:NR_073537,21
PSMG2:NM_147163,46
SPIRE1:NM_001394323,68
PRELID3A:NM_006553,19
AFG3L2:NM_006796,79
TUBB6:NM_001303525,36
CIDEA:NM_001279,6
ANKRD62:NM_001277333,8
IMPA2:NM_014214,18
MPPE1:NM_023075,13
CHMP1B:NM_020412,3
GNAL:NM_182978,48
SLC35G4:NM_001282300,1
PIEZO2:NM_001378183,104
NAPG:NM_003826,26
APCDD1:NM_153000,15
VAPA:NM_194434,59
TXNDC2:NM_032243,6
RAB31:NM_006868,123
PPP4R1:NM_001042388,70
RALBP1:NM_006788,62
TWSG1:NM_020648,49
ANKRD12:NM_001083625,105
NDUFV2:NM_021074,31
MTCL1:NM_001378207,94
RAB12:NM_001025300,28
PTPRM:NM_002845,179
LRRC30:NM_001105581,2
LAMA1:NM_005559,46
ARHGAP28:NM_001366230,41
L3MBTL4:NM_001365765,125
TMEM200C:NM_001080209,2
EPB41L3:NM_001384698,71
ZBTB14:NM_001243704,3
AKAIN1:NM_001330553,14
DLGAP1:NM_001398525,286
TGIF1:NM_174886,19
MYL12B:NM_033546,16
MYL12A:NM_001303048,8
MYOM1:NM_003803,51
LPIN2:NM_001375809,98
EMILIN2:NM_032048,31
SMCHD1:NM_015295,147
NDC80:NM_006101,34
METTL4:NM_022840,14
ADCYAP1:NM_001099733,6
YES1:NM_005433,73
ENOSF1:NM_001354067,71
TYMS:NM_001354868,32
CLUL1:NM_014410,17
CETN1:NM_004066,2
COLEC12:NM_130386,60
THOC1:NM_005131,59
USP14:NM_001037334,68
TUBB8B:NM_001389610,2
METRNL:NM_001004431.3_2,14
B3GNTL1:NM_001009905.3_2,59
ZNF750:NM_024702,7
TBCD:NM_005993.5_2,157
FN3K:NM_022158,11
FN3KRP:NM_024619,11
RAB40B:NM_006822,16
WDR45B:NM_019613,43
FOXK2:NM_004514,71
NARF:NM_001038618,58
CYBC1:NM_001193653,13
HEXD:NM_001369488,11
OGFOD3:NM_175902,21
UTS2R:NM_001381897,3
TEX19:NM_207459,3
SECTM1:NM_003004,5
CD7:NM_006137,0
CSNK1D:NM_001363749,58
SLC16A3:NM_001042422,9
CCDC57:NM_001394670,85
FASN:NM_004104,39
DUS1L:NM_022156,23
GPS1:NM_001394769,14
RFNG:NM_002917,4
DCXR:NM_016286,4
RAC3:NM_005052,6
LRRC45:NM_144999,6
CENPX:NM_001330536,7
ASPSCR1:NM_001330528,20
NOTUM:NM_178493,4
MYADML2:NM_001145113,2
PYCR1:NM_006907,14
MAFG:NM_002359,14
SIRT7:NM_016538,22
NPB:NM_148896,8
PCYT2:NM_001256435,24
ANAPC11:NM_001289414,19
ALYREF:NR_158770,15
ARHGDIA:NM_001301243,13
P4HB:NM_000918,32
PPP1R27:NM_001007533.4_2,3
MCRIP1:NM_001288798.2_2,10
GCGR:NM_000160.5_2,6
SLC25A10:NM_001270953,13
MRPL12:NM_002949,7
HGS:NM_004712,30
ARL16:NM_001329608,7
CCDC137:NM_199287,23
OXLD1:NM_001304999,12
PDE6G:NM_001365724,7
TSPAN10:NM_001290212,6
NPLOC4:NM_001369698,102
FAAP100:NM_025161,21
FSCN2:NM_012418.4_2,4
ACTG1:NM_001199954.3_2,8
BAHCC1:NM_001377448.1_2,39
SLC38A10:NM_001037984,40
NDUFAF8:NM_001086521,10
TEPSIN:NM_001363764,12
CEP131:NM_001319228,11
PVALEF:NM_001354639,6
AATK:NM_001080395,18
BAIAP2:NM_001385127,54
CHMP6:NM_024591,13
RPTOR:NM_001163034,217
NPTX1:NM_002522,4
ENDOV:NM_001164637,8
RNF213:NM_001256071,115
SLC26A11:NM_001166349,9
SGSH:NM_001352922.2_2,2
CARD14:NM_001366385.1_2,14
EIF4A3:NM_014740.4_2,20
GAA:NM_001079804.3_2,1
CCDC40:NM_017950.4_2,18
TBC1D16:NM_019020.4_2,21
CBX4:NM_003655,11
CBX8:NM_020649,7
CBX2:NM_005189,8
ENPP7:NM_178543,6
RBFOX3:NM_001385807,129
ENGASE:NM_001396055,9
C1QTNF1:NM_153372,4
CANT1:NM_001159772,14
LGALS3BP:NM_005567,4
CEP295NL:NM_001243541,4
TIMP2:NM_003255,21
USP36:NM_001385169,75
CYTH1:NM_001365039,52
DNAH17:NM_173628,46
PGS1:NM_024419,55
SOCS3:NM_001378933,7
TMEM235:NM_001204212,3
BIRC5:NM_001012270,10
AFMID:NM_001392007,16
TK1:NM_001363848,31
SYNGR2:NM_001320523,14
C17orf99:NM_001163075,7
TMC8:NM_152468,7
TMC6:NM_001127198,28
TNRC6C:NM_001395512,76
SEPTIN9:NM_001293695,124
SEC14L1:NM_001204408,91
MGAT5B:NM_144677,18
MFSD11:NM_001353017,25
SRSF2:NM_003016,5
METTL23:NM_001378351,6
JMJD6:NM_001081461,21
MXRA7:NM_001008528,24
ST6GALNAC1:NM_001289107,16
ST6GALNAC2:NM_006456,8
PRCD:NR_033357,10
CYGB:NM_134268,5
RHBDF2:NM_024599,9
AANAT:NM_001166579,12
UBE2O:NM_022066,64
SPHK1:NM_001355139,7
PRPSAP1:NM_001366236,28
QRICH2:NM_001388453,13
UBALD2:NM_182565,6
RNF157:NM_052916,58
FOXJ1:NM_001454,4
EXOC7:NM_001145297,31
ZACN:NM_180990,7
GALR2:NM_003857,0
SRP68:NM_014230,38
EVPL:NM_001320747,7
CDK3:NM_001258,7
TEN1:NM_001113324,8
TEN1-CDK3:NR_037709,12
ACOX1:NM_001185039,17
FBF1:NM_001319193,31
MRPL38:NM_032478,14
TRIM65:NM_173547,13
TRIM47:NM_033452,3
WBP2:NM_001348170,19
UNC13D:NM_199242,24
UNK:NM_001080419,32
H3-3B:NM_005324,5
GALK1:NM_001381985,8
ITGB4:NM_001321123,7
SAP30BP:NM_001301839,48
SMIM6:NM_001162997,7
SMIM5:NM_001162995,12
RECQL5:NM_004259,34
MYO15B:NM_001395058,15
LLGL2:NM_004524,21
TSEN54:NM_207346,12
CASKIN2:NM_020753,17
TMEM94:NM_001351202,32
GRB2:NM_002086,66
SLC25A19:NM_001126121,17
MIF4GD:NM_001242500,11
MRPS7:NM_015971,7
GGA3:NM_001172703,30
NUP85:NM_001303276,45
SUMO2:NM_006937,17
JPT1:NM_001002033,16
NT5C:NM_014595,4
ARMC7:NM_001304271,8
SLC16A5:NM_001271765,8
ATP5PD:NM_006356,11
KCTD2:NR_110835,23
MRPL58:NM_001303265,8
CDR2L:NM_014603,6
HID1:NM_030630,0
OTOP3:NM_178233,3
OTOP2:NM_178160,4
USH1G:NM_173477,1
FADS6:NM_178128,5
FDXR:NM_001258013,11
GRIN2C:NM_000835,7
TMEM104:NM_001321264,31
NAT9:NM_001305082,8
SLC9A3R1:NM_004252,12
CD300LF:NM_001289086,6
RAB37:NM_175738,17
CD300E:NM_181449,6
CD300LD:NM_001115152.2_2,1
CD300H:NM_001324073.2_2,1
CD300C:NM_006678.5_2,3
CD300LB:NM_174892.4_2,5
CD300A:NM_001330456.1_2,6
GPRC5C:NM_001366261.2_2,17
GPR142:NM_181790,3
BTBD17:NM_001080466,2
KIF19:NM_153209,9
DNAI2:NM_001172810,7
TTYH2:NM_032646,20
RPL38:NM_001035258,8
SDK2:NM_001144952,80
CDC42EP4:NM_012121,12
CPSF4L:NM_001129885,4
C17orf80:NM_001288770,13
FAM104A:NM_001289411,20
COG1:NM_018714,28
SSTR2:NM_001050,6
SLC39A11:NM_001352691,155
SOX9:NM_000346,2
KCNJ2:NM_000891,3
KCNJ16:NM_170741,52
MAP2K6:NM_002758,29
ABCA5:NM_172232,21
ABCA10:NM_080282,31
ABCA6:NM_080284,24
ABCA9:NM_080283,20
ABCA8:NM_001288985,19
FAM20A:NM_001243746,12
WIPI1:NM_017983,14
PRKAR1A:NM_001278433,47
SLC16A6:NM_001174166,5
ARSG:NM_001352904,36
AMZ2:NM_001346480,10
KPNA2:NM_002266,12
C17orf58:NM_001382359,1
BPTF:NM_182641,63
NOL11:NM_001303272,19
PITPNC1:NM_012417,69
PSMD12:NM_001316341,23
HELZ:NM_001330447,90
CACNG1:NM_000727,3
CACNG4:NM_014405,12
CACNG5:NM_001371476,14
PRKCA:NM_002737,232
APOH:NM_000042,5
CEP112:NM_001353129,68
AXIN2:NM_004655,10
RGS9:NM_001081955,24
GNA13:NM_006572,30
LRRC37A3:NM_199340.5_3,1
SMURF2:NM_022739,37
CEP95:NM_001316990,38
DDX5:NM_001320595,14
POLG2:NM_007215,21
MILR1:NM_001369493,8
PECAM1:NM_000442,17
TEX2:NM_018469,86
ERN1:NM_001433,47
ICAM2:NM_001099786,13
PRR29:NM_001191030,12
SCN4A:NM_000334,9
CD79B:NM_001039933,2
GH1:NM_000515,2
CSHL1:NM_022579,1
CSH1:NM_001317,0
GH2:NM_022557,0
CSH2:NM_022644,1
SMARCD2:NM_001098426,18
PSMC5:NM_002805,18
FTSJ3:NM_017647,21
DDX42:NM_203499,52
CCDC47:NM_020198,29
STRADA:NM_001363788,30
LIMD2:NM_030576,4
MAP3K3:NM_001330431,47
TACO1:NM_016360,11
DCAF7:NM_005828,38
KCNH6:NM_173092,5
ACE:NM_001382700,10
CYB561:NM_001017916,5
TANC2:NM_025185,134
MARCHF10:NM_001288779,22
MRC2:NM_006039,27
TLK2:NM_001375271,42
METTL2A:NM_181725,6
EFCAB3:NM_001144933,4
MED13:NM_005121,73
INTS2:NM_001351695,33
BRIP1:NM_032043,66
NACA2:NM_199290,1
TBX4:NM_001321120,8
TBX2:NM_005994,3
BCAS3:NM_017679,117
PPM1D:NM_003620,19
APPBP2:NM_006380,31
C17orf64:NM_181707,2
USP32:NM_032582,84
HEATR6:NM_022070,29
RNFT1:NM_016125,3
RPS6KB1:NM_001369671,24
TUBD1:NM_001193612,14
VMP1:NM_001329402,39
PTRH2:NM_001015509,19
CLTC:NM_004859,64
DHX40:NM_001166301,7
YPEL2:NM_001005404,16
GDPD1:NM_001165993,11
SMG8:NM_018149,5
PRR11:NM_018304,28
SKA2:NM_001100595,21
TRIM37:NM_001005207,69
PPM1E:NM_014906,47
RAD51C:NM_058216,17
IGBP1P2:NM_001395966,5
TEX14:NM_001201457,39
SEPTIN4:NM_001368771,15
MTMR4:NM_001378066,30
HSF5:NM_001080439,5
RNF43:NM_001305544,13
SUPT4H1:NM_003168,17
TSPOAP1:NM_004758,10
MPO:NM_000250,0
LPO:NM_001160102,3
MKS1:NM_017777,18
EPX:NM_000502,13
OR4D2:NM_001004707,2
OR4D1:NM_012374,6
DYNLL2:NM_080677,15
SRSF1:NM_001078166,8
VEZF1:NM_001330393,14
CUEDC1:NM_001271875,19
MRPS23:NM_016070,9
CCDC182:NM_001282544,1
MSI2:NM_001322250,244
AKAP1:NM_003488,42
SCPEP1:NM_021626,18
COIL:NM_004645,13
TRIM25:NM_005082,22
DGKE:NM_003647,13
C17orf67:NM_001085430,14
NOG:NM_005450,3
ANKFN1:NM_001370326,50
PCTP:NM_001330378,40
TMEM100:NM_001099640,2
SMIM36:NM_001395421,9
MMD:NM_012329,13
HLF:NM_002126,21
STXBP4:NM_178509,48
COX11:NR_135677,6
TOM1L1:NM_001321174,18
KIF2B:NM_032559,0
CA10:NM_001082534,91
UTP18:NM_016001,36
MBTD1:NM_017643,34
NME2:NM_001018137,8
NME1:NM_000269,10
NME1-NME2:NM_001018136,18
SPAG9:NM_001130528,71
TOB1:NM_001243877,4
WFIKKN2:NM_001330341,2
ANKRD40CL:NM_001358683,1
LUC7L3:NM_001330330,30
ANKRD40:NM_052855,16
ABCC3:NM_003786,17
CACNA1G:NM_001256332,21
SPATA20:NM_001258372,2
EPN3:NM_017957,6
MYCBPAP:NM_032133,11
RSAD1:NM_018346,7
CHAD:NM_001267,4
ACSF2:NM_001288971,18
LRRC59:NM_018509,27
EME1:NM_152463,23
MRPL27:NM_016504,12
XYLT2:NM_022167,17
TMEM92:NM_001168215,3
COL1A1:NM_000088,7
SGCA:NM_001135697,2
PPP1R9B:NM_032595,22
SAMD14:NM_174920,7
PDK2:NM_001199898,4
ITGA3:NM_002204,12
DLX3:NM_005220,4
DLX4:NM_138281,4
TAC4:NM_170685,11
KAT7:NM_001199158,37
FAM117A:NM_030802,66
SLC35B1:NM_005827,10
SPOP:NM_001007226,40
NXPH3:NM_007225,4
NGFR:NM_002507,4
PHB1:NM_001281496,28
ZNF652:NM_014897,25
PHOSPHO1:NM_001143804,3
ABI3:NM_001135186,3
GNGT2:NM_001198754,2
B4GALNT2:NM_001159388,13
IGF2BP1:NM_001160423,59
GIP:NM_004123,3
SNF8:NM_001317194,19
UBE2Z:NM_023079,32
ATP5MC1:NM_001002027,5
CALCOCO2:NM_001261395,19
TTLL6:NM_001130918,13
HOXB13:NM_006361,2
PRAC1:NM_032391,1
PRAC2:NM_001282275,2
HOXB9:NM_024017,9
HOXB8:NM_024016,6
HOXB7:NM_004502,4
HOXB6:NM_001369397,11
HOXB5:NM_002147,5
HOXB4:NM_024015,7
HOXB3:NM_001384749,40
HOXB2:NM_002145,3
HOXB1:NM_002144,3
SKAP1:NM_003726,59
SNX11:NM_013323,16
CBX1:NM_001127228,23
NFE2L1:NM_001330261,10
COPZ2:NM_016429,7
CDK5RAP3:NM_001278197,17
PRR15L:NM_024320,5
PNPO:NM_018129,10
SP2:NM_003110,36
SP6:NM_199262,3
SCRN2:NM_001145023,13
LRRC46:NM_033413,14
MRPL10:NM_148887,16
OSBPL7:NM_145798,21
TBX21:NM_013351,1
TBKBP1:NM_001394756,8
KPNB1:NM_002265,41
NPEPPS:NM_001330257,17
EFCAB13:NM_152347,26
ITGB3:NM_000212,25
MYL4:NM_001002841,13
CDC27:NM_001114091,38
RPRML:NM_203400,1
GOSR2:NM_001321133,30
WNT9B:NM_001320458.2_2,11
WNT3:NM_030753.5_3,23
NSF:NM_006178.4_3,29
ARL17A:NM_001288812.1_2,0
LRRC37A2:NM_001006607.3_3,0
ARL17B:NM_001103154,3
LRRC37A:NM_014834.4_2,1
KANSL1:NM_001379198.1_3,132
STH:NM_001007532.3_3,1
MAPT:NM_016841.5_3,33
SPPL2C:NM_175882.3_3,1
CRHR1:NM_001303018.2_3,14
LINC02210-CRHR1:NM_001256299.3_3,53
PLEKHM1:NM_014798.3_3,9
ARHGAP27:NM_001282290.2_3,13
MAP3K14:NM_003954,53
SPATA32:NM_152343,6
FMNL1:NM_005892,15
HEXIM2:NM_001303436,9
HEXIM1:NM_006460,6
ACBD4:NM_001321353,8
PLCD3:NM_133373,13
NMT1:NM_021079,64
DCAKD:NM_001288654,24
C1QL1:NM_006688,4
KIF18B:NM_001264573,35
FAM187A:NM_001258400,2
GFAP:NM_002055,4
CCDC103:NM_001258395,5
EFTUD2:NM_004247,72
HIGD1B:NM_001271880,8
GJC1:NM_001080383,8
ADAM11:NM_001318933,4
DBF4B:NM_025104,27
CCDC43:NM_144609,14
MEIOC:NM_001145080,4
FZD2:NM_001466,2
GPATCH8:NM_001304940,43
ITGA2B:NM_000419,6
FAM171A2:NM_198475,4
GRN:NM_002087,5
SLC25A39:NM_001143780,18
RUNDC3A:NM_001144825,7
SLC4A1:NM_000342,11
UBTF:NR_045058,24
ATXN7L3:NM_001382314,14
TMUB2:NM_001353183,6
ASB16:NM_080863,2
HROB:NM_001321310,26
HDAC5:NM_001382393,34
G6PC3:NM_001384168,8
LSM12:NM_152344,32
TMEM101:NM_001304813,12
NAGS:NM_153006,3
PYY:NM_004160,15
PPY:NM_002722,1
MPP2:NM_001278370,9
CD300LG:NM_145273,10
MPP3:NM_001353080,14
CFAP97D1:NM_001353400,1
DUSP3:NM_004090,10
SOST:NM_025237,5
MEOX1:NM_004527,3
ETV4:NM_001079675,16
DHX8:NM_001322219,41
ARL4D:NM_001661,0
CCDC200:NR_047479,3
TMEM106A:NM_001291588,6
NBR1:NM_031862,22
BRCA1:NM_007300,51
RND2:NM_005440,7
VAT1:NM_006373,3
IFI35:NM_001330230,2
RPL27:NM_001349921,12
RUNDC1:NM_173079,24
PTGES3L:NM_001261430,10
AARSD1:NM_001261434,16
PTGES3L-AARSD1:NM_001136042,26
G6PC1:NM_001270397,1
AOC3:NM_001277731,3
AOC2:NM_001158,9
PSME3:NM_005789,17
BECN1:NM_003766,20
CNTD1:NM_001330222,10
COA3:NM_001040431,2
WNK4:NM_001321299,20
VPS25:NM_032353,11
RAMP2:NM_005854,3
EZH1:NM_001991,30
CNTNAP1:NM_003632,17
CCR10:NM_016602,3
PLEKHH3:NM_024927,17
TUBG2:NM_016437,6
TUBG1:NM_001070,7
RETREG3:NR_026697,13
PSMC3IP:NR_045669,13
MLX:NM_198205,21
COASY:NM_001042529,12
HSD17B1:NM_000413,2
NAGLU:NM_000263,12
ATP6V0A1:NM_001378549,95
CAVIN1:NM_012232,12
STAT3:NM_001384990,58
STAT5A:NM_003152,31
STAT5B:NM_012448,50
GHDC:NM_001142623,5
HCRT:NM_001524,3
KCNH4:NM_012285,6
RAB5C:NM_201434,27
HSPB9:NM_033194,2
KAT2A:NM_001376227,10
DHX58:NM_024119,5
C17orf113:NM_001358661,3
ZNF385C:NM_001393562,27
NKIRAS2:NM_001001349,13
DNAJC7:NM_003315,43
CNP:NM_033133,15
ODAD4:NM_001350319,12
ACLY:NM_001303274,70
KLHL11:NM_018143,10
KLHL10:NM_001329595,3
NT5C3B:NM_052935,13
FKBP10:NM_021939,6
P3H4:NM_006455,2
JUP:NM_001352773,36
HAP1:NM_001367459,5
GAST:NM_000805,3
EIF1:NM_005801,10
KRT17:NM_000422,1
KRT16:NM_005557,1
KRT14:NM_000526,2
KRT9:NM_000226,4
KRT19:NM_002276,5
KRT15:NM_002275,4
KRT13:NM_153490,1
KRT36:NM_003771,0
KRT35:NM_002280,2
KRT32:NM_002278,2
KRT38:NM_006771,1
KRT37:NM_003770.5_3,0
KRT31:NM_002277.3_3,0
KRT34:NM_001386014.1_3,6
KRT33B:NM_002279.5_3,3
KRT33A:NM_004138.4_3,0
KRTAP17-1:NM_031964.2_3,1
KRTAP16-1:NM_001146182.2_3,1
KRTAP29-1:NM_001257309.1_4,2
KRTAP9-7:NM_001277332.1_2,0
KRTAP9-6:NM_001277331.1_2,0
KRTAP9-9:NM_030975.2_3,0
KRTAP9-4:NM_033191.3_4,1
KRTAP9-8:NM_031963,0
KRTAP9-3:NM_031962.3_3,2
KRTAP9-2:NM_031961.3_3,1
KRTAP9-1:NM_001190460.1_2,2
KRTAP4-1:NM_001386841,1
KRTAP4-2:NM_033062.4_2,1
KRTAP4-3:NM_033187.2_2,1
KRTAP4-4:NM_032524.2_2,1
KRTAP4-5:NM_033188.4_2,2
KRTAP4-6:NM_030976.2_2,0
KRTAP4-12:NM_031854.3_3,0
KRTAP4-11:NM_033059.4_3,1
KRTAP4-9:NM_001146041.1_3,1
KRTAP4-16:NM_001396067.1_3,0
KRTAP4-8:NM_031960.3_2,1
KRTAP4-7:NM_033061.4_2,1
KRTAP2-4:NM_033184.4_3,0
KRTAP2-3:NM_001165252.2_3,0
KRTAP2-2:NM_033032.3_2,0
KRTAP2-1:NM_001123387.1_2,0
KRTAP1-1:NM_030967.3_2,0
KRTAP1-3:NM_030966.2_2,0
KRTAP1-4:NM_001257305.2_2,2
KRTAP1-5:NM_031957.2_2,1
KRTAP3-1:NM_031958.2_2,0
KRTAP3-2:NM_031959.3_2,1
KRTAP3-3:NM_033185.3_2,0
KRT40:NM_182497.4_2,3
KRT39:NM_213656.4_2,4
KRT23:NM_015515.5_2,7
KRT20:NM_019010.3_2,0
KRT12:NM_000223.4_2,2
KRT10:NM_001379366,4
KRT28:NM_181535,1
KRT27:NM_181537,2
KRT26:NM_181539,0
KRT25:NM_181534,0
KRT24:NM_019016,3
KRT222:NM_152349,1
SMARCE1:NM_003079,13
CCR7:NM_001838,7
TNS4:NM_032865,11
IGFBP4:NM_001552,8
TOP2A:NM_001067,21
GJD3:NM_152219,5
RARA:NM_000964,31
CDC6:NM_001254,21
WIPF2:NM_133264,21
RAPGEFL1:NM_001303533,7
CASC3:NM_007359,26
MSL1:NM_001012241,13
NR1D1:NM_021724,12
THRA:NM_001190919,32
MED24:NM_001079518,40
CSF3:NM_001178147,2
PSMD3:NM_002809,41
GSDMA:NM_178171,2
LRRC3C:NM_001195545,7
ORMDL3:NM_139280,7
GSDMB:NM_001388420,5
ZPBP2:NM_198844,0
IKZF3:NM_001284514,26
GRB7:NM_001330207,6
MIEN1:NM_001330206,3
ERBB2:NM_001005862,15
PGAP3:NM_033419,12
PNMT:NR_073461,4
TCAP:NM_003673,1
STARD3:NM_001165937,18
PPP1R1B:NM_032192,3
NEUROD2:NM_006160,4
CDK12:NM_015083,34
MED1:NM_004774,39
FBXL20:NM_001370208,54
STAC2:NM_198993,3
RPL19:NM_000981,10
CACNB1:NM_000723,17
ARL5C:NM_001143968,7
PLXDC1:NM_020405,19
FBXO47:NM_001008777,6
LASP1:NM_001271608,55
RPL23:NM_000978,8
C17orf98:NM_001080465.3_2,0
CWC25:NM_017748.5_2,22
PIP4K2B:NM_003559.5_2,39
PSMB3:NM_002795.4_2,14
PCGF2:NM_007144.3_2,19
CISD3:NM_001136498.2_2,11
MLLT6:NM_005937.4_2,16
EPOP:NM_001130677.2_2,1
SRCIN1:NM_025248.3_2,25
ARHGAP23:NM_001199417.2_2,19
SOCS7:NM_014598.4_2,16
GPR179:NM_001004334.4_2,10
MRPL45:NM_001278279.3_2,12
TBC1D3:NM_001123391.4_2,0
TBC1D3E:NM_001291466.2_2,0
TBC1D3C:NM_001001418,0
TBC1D3D:NM_001291465,0
TBC1D3L:NM_001369499,0
TBC1D3K:NM_001291464,0
HNF1B:NM_000458.4_2,13
DDX52:NM_001291476.2_2,20
SYNRG:NM_007247.6_2,43
DUSP14:NM_007026.4_2,18
TADA2A:NM_001166105.3_2,41
C17orf78:NM_001321399.2_2,3
ACACA:NM_198839.3_2,207
AATF:NM_012138.4_2,54
LHX1:NM_005568.5_2,1
MRM1:NM_024864.5_2,14
DHRS11:NM_024308.4_2,15
GGNBP2:NM_024835.5_2,38
PIGW:NM_001346755.2_2,8
MYO19:NM_001163735.2_2,67
ZNHIT3:NM_001281432.2_2,10
TBC1D3F:NM_032258.5_2,0
TBC1D3H:NM_001123392.4_2,0
TBC1D3G:NM_001291462.2_3,0
TBC1D3I:NM_001291463.2_3,0
CCL4L2:NM_001291474.2_3,0
CCL3L3:NM_001001437.4_3,2
TBC1D3B:NM_001001417.7_3,0
CCL4:NM_002984.4_3,0
CCL3:NM_002983.3_3,1
CCL18:NM_002988.4_3,2
CCL23:NM_005064.6_2,1
CCL15:NM_032965.6_2,2
CCL14:NM_032962.5_2,4
CCL16:NM_004590.4_2,3
LYZL6:NM_020426.4_2,8
RDM1:NM_145654.4_2,6
CCL5:NM_001278736.2_2,2
HEATR9:NM_152781.4_2,5
TAF15:NM_003487.4_2,28
C17orf50:NM_145272,3
GAS2L2:NM_139285,3
RASL10B:NM_033315,5
AP2B1:NM_001282,91
PEX12:NM_000286,6
SLFN14:NM_001129820,4
SLFN12L:NM_001195790,15
SLFN13:NM_144682,8
SLFN12:NM_001289009,11
SLFN11:NM_001104587,7
SLFN5:NM_001330183,5
SLC35G3:NM_152462,2
UNC45B:NM_001267052,8
NLE1:NM_018096,18
FNDC8:NM_017559,3
RAD51D:NM_002878,13
RAD51L3-RFFL:NR_037714,34
RFFL:NR_037713,26
LIG3:NM_013975,38
ZNF830:NM_052857,3
CCT6B:NM_006584,5
TMEM132E:NM_001304438,17
CCL1:NM_002981,4
CCL13:NM_005408,1
CCL8:NM_005623,2
CCL11:NM_002986,0
CCL7:NM_006273,2
CCL2:NM_002982,4
ASIC2:NM_001094,266
SPACA3:NM_001317226,2
TMEM98:NM_001033504,8
H2BN1:NM_001401340,5
MYO1D:NM_015194,129
CDK5R1:NM_003885,3
PSMD11:NM_002815,43
ZNF207:NM_003457,30
C17orf75:NM_022344,6
RHBDL3:NM_001330181,11
RHOT1:NM_001288755,47
LRRC37B:NM_001321350,7
SUZ12:NM_001321207,21
UTP6:NM_018428,34
COPRS:NM_018405,10
RAB11FIP4:NM_032932.6_2,49
EVI2A:NM_001003927.3_2,3
EVI2B:NM_006495.4_2,7
OMG:NM_002544.5_2,3
NF1:NM_000267.3_2,112
RNF135:NM_197939.2_2,7
ADAP2:NM_001346714.2_2,11
TEFM:NM_024683,9
ATAD5:NM_024857,30
CRLF3:NM_015986,25
GOSR1:NM_001007025,26
CPD:NM_001304,29
TMIGD1:NM_206832,4
BLMH:NM_000386,39
SLC6A4:NM_001045,12
NSRP1:NM_001261467,27
EFCAB5:NM_198529,18
SSH2:NM_001282129,74
CORO6:NM_032854,7
ANKRD13B:NM_152345,6
GIT1:NM_001085454,19
TP53I13:NM_001346078,4
ABHD15:NM_198147,1
TAOK1:NM_020791,65
NUFIP2:NM_020772,26
CRYBA1:NM_005208,2
MYO18A:NM_001346765,97
PIPOX:NM_016518,8
SEZ6:NM_001290202,19
PHF12:NM_001290131,59
DHRS13:NM_144683,3
FLOT2:NM_001330170,21
ERAL1:NM_001317985,13
FAM222B:NM_001288636,47
TRAF4:NM_004295,14
NEK8:NM_178170,10
TLCD1:NM_001160407,9
RPL23A:NM_000984,15
RAB34:NM_001142625,5
PROCA1:NM_001304949,10
SUPT6H:NM_003170,64
SDF2:NR_045585,9
KIAA0100:NM_001363829,50
RSKR:NM_001174103,11
SPAG5:NM_006461,36
ALDOC:NM_005165,11
PIGS:NM_033198,23
UNC119:NM_054035,10
FOXN1:NM_001369369,9
SLC13A2:NM_003984,6
SLC46A1:NM_080669,13
SARM1:NM_015077,22
VTN:NM_000638,5
SEBOX:NM_001080837,5
TMEM199:NM_152464,4
POLDIP2:NM_015584,26
TNFAIP1:NM_021137,20
IFT20:NM_001267774,9
TMEM97:NM_014573,15
NLK:NM_016231,59
LYRM9:NM_001076680,11
NOS2:NM_000625,12
LGALS9:NM_001330163,6
KSR1:NM_001367810,149
WSB1:NM_134265,12
NMTRS-TGA3-1:NMTRS-TGA3-1,0
KCNJ18:NM_001194958,0
KCNJ12:NM_021012,5
MAP2K3:NM_145109,17
NATD1:NM_152914,7
TMEM11:NM_003876,15
DHRS7B:NM_001393660,17
USP22:NM_015276,33
CDRT15L2:NM_001190790,0
LGALS9B:NM_001367292,0
SPECC1:NM_001243439,37
AKAP10:NM_007202,34
ULK2:NM_014683,6
ALDH3A1:NM_000691,2
SLC47A2:NR_135624,2
ALDH3A2:NM_001369146,5
NMTRQ-TTG12-1:NMTRQ-TTG12-1,0
SLC47A1:NM_018242,8
RNF112:NM_007148,1
MFAP4:NM_001198695,3
MAPK7:NM_139032,4
B9D1:NM_001368769,15
EPN2:NM_001102664,40
GRAPL:NM_001353418,0
GRAP:NM_006613,1
FAM83G:NM_001039999,24
SLC5A10:NM_001270648,31
PRPSAP2:NM_001243942,35
TVP23B:NM_001316921,0
FBXW10:NM_001267586,0
FOXO3B:NM_001368134,0
TBC1D28:NM_001039397,1
LGALS9C:NM_001040078.3_2,0
EVPLL:NM_001145127.2_2,0
SHMT1:NM_004169.5_2,21
SMCR8:NM_144775.3_2,10
TOP3A:NM_004618.5_2,37
MIEF2:NM_139162.4_2,8
FLII:NM_001256264.2_2,13
LLGL1:NM_004140.4_2,17
ALKBH5:NM_017758,22
MYO15A:NM_016239,12
DRG2:NM_001330144,13
GID4:NM_024052,13
ATPAF2:NM_145691,7
DRC3:NM_001130090,10
TOM1L2:NM_001350332,36
SREBF1:NM_001005291,20
RAI1:NM_030665,63
PEMT:NM_001267552,22
RASD1:NM_016084,3
MED9:NM_018019,13
NT5M:NM_020201,16
COPS3:NM_001316354,25
FLCN:NM_001353229,26
PLD6:NM_178836,8
MPRIP:NM_015134,77
TNFRSF13B:NM_012452,4
CCDC144A:NM_001382000,1
ZNF624:NM_020787,4
ZNF287:NM_001346167,5
LRRC75A:NM_001113567,28
TRPV2:NM_016113,18
UBB:NM_001281716,1
CENPV:NM_181716,10
PIGL:NM_004278,45
NCOR1:NM_006311,67
TTC19:NM_017775,22
ZSWIM7:NM_001042697,8
ADORA2B:NM_000676,8
TBC1D26:NM_178571,0
ZNF286A:NM_001288649,2
ZNF286A-TBC1D26:NR_171000,2
TRIM16:NM_001348125,10
FBXW10B:NM_001282540,0
TVP23C:NM_145301,8
CDRT4:NM_001204477,21
TVP23C-CDRT4:NM_001204478,45
TEKT3:NM_031898,8
PMP22:NM_000304,18
HS3ST3B1:NM_006041,17
CDRT15:NM_001007530,0
COX10:NM_001303,24
HS3ST3A1:NM_006042,37
ELAC2:NM_018127,31
ARHGAP44:NM_001321168,30
MYOCD:NM_153604,15
MAP2K4:NM_003010,31
ZNF18:NM_001303281,4
DNAH9:NM_001372,38
SHISA6:NM_001173462,47
PIRT:NM_001101387,5
TMEM238L:NM_001388428,2
TMEM220:NM_001359647,2
ADPRM:NM_020233,3
SCO1:NM_004589,14
MYH3:NM_002470,4
MYH2:NM_001100112,3
MYH1:NM_005963,5
MYH4:NM_017533,3
MYH8:NM_002472,4
MYH13:NM_003802,11
GAS7:NM_201433,41
RCVRN:NM_002903,0
GLP2R:NM_004246,5
GSG1L2:NM_001310219,2
DHRS7C:NM_001220493,5
USP43:NM_001267576,11
CFAP52:NM_001080556,7
STX8:NM_004853,32
NTN1:NM_004822,31
PIK3R5:NM_001388399,16
PIK3R6:NM_001290211,13
MFSD6L:NM_152599,0
SPDYE4:NM_001128076,0
CCDC42:NM_144681,1
MYH10:NM_001375266,88
NDEL1:NM_001330129,18
RNF222:NM_001146684,3
RPL26:NM_001315530,3
KRBA2:NM_001304947,6
ODF4:NM_001319953,0
ARHGEF15:NM_173728,4
RANGRF:NM_001330127,5
SLC25A35:NM_201520,6
PFAS:NM_012393,18
CTC1:NM_025099,10
AURKB:NM_001284526,5
BORCS6:NM_017622,0
TMEM107:NM_032354,1
VAMP2:NM_014232,3
PER1:NM_002616,13
HES7:NM_001165967,2
ALOXE3:NM_001165960,6
ALOX12B:NM_001139,1
ALOX15B:NM_001039131,1
GUCY2D:NM_000180,3
CNTROB:NM_001353207,16
TRAPPC1:NM_001166621,3
KCNAB3:NM_004732,6
CHD3:NM_001005271,16
CYB5D1:NM_001330110,3
NAA38:NM_001330111,12
TMEM88:NM_001319941,2
KDM6B:NM_001348716,15
DNAH2:NM_020877,14
EFNB3:NM_001406,2
WRAP53:NM_001143990,11
TP53:NM_001126118,6
ATP1B2:NM_001303263,2
SAT2:NM_001320845,2
SHBG:NM_001289114,4
FXR2:NM_004860,15
SOX15:NM_006942,5
MPDU1:NM_001330073,5
CD68:NM_001040059,6
EIF4A1:NM_001204510,16
SENP3-EIF4A1:NR_037926,19
SENP3:NM_015670,6
TNFSF13:NM_001198624,1
TNFSF12:NM_003809,2
TNFSF12-TNFSF13:NM_172089,2
POLR2A:NM_000937.5_2,30
SLC35G6:NM_001102614.2_2,2
ZBTB4:NM_020899.4_2,4
CHRNB1:NM_000747.3_2,3
TMEM102:NM_178518.3_2,5
SPEM3:NM_001364672.1_2,1
SPEM2:NM_175734.5_2,0
SPEM1:NM_199339.3_2,0
NLGN2:NM_020795.4_2,2
TMEM256:NM_152766.5_2,1
PLSCR3:NM_001369407.1_2,4
TNK1:NM_003985.6_2,8
TMEM95:NM_001320435.2_2,4
KCTD11:NM_001002914.3_2,4
ACAP1:NM_014716.4_2,2
NEURL4:NM_032442.3_2,12
GPS2:NM_004489.5_2,8
EIF5A:NM_001143760.1_2,11
YBX2:NM_015982.4_2,1
SLC2A4:NM_001042.3_2,6
CLDN7:NM_001185022.2_2,5
ELP5:NM_203415.4_2,6
CTDNEP1:NM_015343.5_2,10
GABARAP:NM_007278,2
PHF23:NM_024297,5
DVL2:NM_004422,12
ACADVL:NM_001270447,18
DLG4:NM_001321075,15
ASGR1:NM_001671,2
ASGR2:NM_001201352,4
CLEC10A:NM_182906,1
SLC16A11:NM_153357,0
SLC16A13:NM_201566,2
BCL6B:NM_181844,4
C17orf49:NM_001142799,6
RNASEK:NM_001004333,8
RNASEK-C17orf49:NR_037717,11
ALOX12:NM_000697,12
TEKT1:NM_053285,3
FBXO39:NM_153230,0
XAF1:NM_001353135,2
SLC13A5:NM_177550,2
C17orf100:NM_001105520,3
MED31:NM_016060,7
TXNDC17:NM_032731,3
KIAA0753:NM_001351225,22
PITPNM3:NM_031220,16
PIMREG:NM_001195228,2
AIPL1:NM_001285402,5
WSCD1:NM_001388405,10
NLRP1:NM_001033053,50
MIS12:NM_001258220,6
DERL2:NM_016041,12
DHX33:NM_020162,13
C1QBP:NM_001212,5
RPAIN:NM_001160246,18
NUP88:NM_001320653,30
RABEP1:NM_001291581,41
SCIMP:NM_207103,1
ZNF594:NM_032530,5
USP6:NM_001304284,5
ZNF232:NM_001320953,7
ZFP3:NM_153018,1
SLC52A1:NM_001104577,0
KIF1C:NM_006612,18
INCA1:NM_001167986,2
CAMTA2:NM_015099,21
SPAG7:NM_004890,2
ENO3:NM_001374524,4
PFN1:NM_001375991,4
RNF167:NM_001370311,9
SLC25A11:NM_003562,9
GP1BA:NM_000173,5
C17orf107:NM_001145536,6
CHRNE:NM_000080,7
MINK1:NM_001024937,35
PLD2:NM_001243108,5
C17orf114:NR_172508,3
PSMB6:NM_002798,4
GLTPD2:NM_001014985,3
VMO1:NM_001144939,2
TM4SF5:NM_003963,4
ZMYND15:NM_001136046,2
CXCL16:NM_001386809,3
MED11:NM_001001683,1
ARRB2:NM_001330064,3
PELP1:NM_001278241,29
ALOX15:NM_001140,1
SMTNL2:NM_198501,4
GGT6:NM_001288702,1
MYBBP1A:NM_014520,15
SPNS2:NM_001124758,14
SPNS3:NM_001320449,12
UBE2G1:NM_003342,24
ANKFY1:NM_016376,50
CYB5D2:NM_001254756,5
ZZEF1:NM_015113,91
ATP2A3:NM_174953,20
P2RX1:NM_002558,10
CAMKK1:NM_032294,22
NCBP3:NM_001114118,17
HASPIN:NM_031965,6
ITGAE:NM_002208,17
P2RX5:NM_002561,4
EMC6:NM_031298,4
TAX1BP3:NM_014604,8
P2RX5-TAX1BP3:NR_037928,12
CTNS:NM_001031681,13
SHPK:NM_013276,17
TRPV1:NM_080704,10
TRPV3:NM_001258205,10
ASPA:NM_000049,4
SPATA22:NM_001321337,6
OR1E2:NM_003554,1
OR3A3:NM_012373,2
OR1E1:NM_003553,1
OR1R1P:NM_001396056,0
OR3A1:NM_002550,0
OR3A2:NM_002551,10
OR1A1:NM_001386104,4
OR1A2:NM_012352,1
OR1G1:NM_003555,0
OR1D2:NM_002548,1
OR1D5:NM_014566,0
RAP1GAP2:NM_001330058,50
CCDC92B:NM_001355573,5
CLUH:NM_001366662,17
PAFAH1B1:NM_000430,35
METTL16:NM_024086,40
MNT:NM_020310,8
SGSM2:NM_001346700,17
TSR1:NM_018128,21
SRR:NM_001304803,10
SMG6:NM_017575,89
HIC1:NM_006497,6
OVCA2:NM_080822,4
DPH1:NM_001346576,8
RTN4RL1:NM_178568,16
RPA1:NM_001355121,27
SMYD4:NM_052928,26
SERPINF1:NM_001329904,10
SERPINF2:NM_000934.4_2,8
WDR81:NM_001163673.2_2,11
TLCD2:NM_001164407.2_2,2
PRPF8:NM_006445.4_2,49
RILP:NM_031430.3_2,10
SCARF1:NM_003693.4_2,4
SLC43A2:NM_001321364.2_2,12
PITPNA:NM_006224,34
INPP5K:NM_001135642,7
MYO1C:NM_001080779,11
CRK:NM_016823.4_2,24
YWHAE:NM_006761.5_2,19
TRARG1:NM_172367,3
BHLHA9:NM_001164405,1
ABR:NM_001322841.2_3,34
TIMM22:NM_013337.4_3,9
NXN:NM_022463.5_3,39
MRM3:NM_001317947,8
GLOD4:NM_001366249,17
GEMIN4:NM_015721,11
TLCD3A:NM_001318008,7
VPS53:NM_001128159.3_2,63
RFLNB:NM_182705.2_2,1
C17orf97:NM_001013672.5_2,0
RPH3AL:NM_006987.4_3,18
DOC2B:NM_003585.5_2,8
SCGB1C2:NM_001097610.3_2,1
PRDM7:NM_001098173,8
GAS8:NM_001286209,29
DBNDD1:NM_001288708,1
DEF8:NM_001242817,16
TUBB3:NM_001197181,6
MC1R:NM_002386,3
TCF25:NM_014972,40
SPIRE2:NM_032451,19
FANCA:NM_001286167,98
ZNF276:NR_110128,36
VPS9D1:NM_004913,13
SPATA2L:NM_152339,5
CDK10:NM_001098533,10
SPATA33:NM_153025,12
CHMP1A:NM_002768,15
DPEP1:NM_001389470,4
CPNE7:NM_153636,23
RPL13:NM_001243131,16
SPG7:NM_001363850,41
ANKRD11:NM_001256182,165
ZNF778:NM_001378881,11
SLC22A31:NM_001384768,4
CDH15:NM_004933,6
ACSF3:NM_001243279,61
CBFA2T3:NM_005187,134
PABPN1L:NM_001080487,5
TRAPPC2L:NR_134671,9
GALNS:NM_001323544,26
APRT:NM_000485,8
CDT1:NM_030928,14
PIEZO1:NM_001142864,108
CTU2:NM_001318513,27
RNF166:NM_178841,22
SNAI3:NM_178310,10
MVD:NM_002461,21
CYBA:NM_000101,16
IL17C:NM_013278,0
ZC3H18:NM_144604,90
ZFPM1:NM_153813,65
ZNF469:NM_001367624,11
BANP:NM_001384921,64
CA5A:NM_001367225,6
SLC7A5:NM_003486,49
KLHDC4:NM_001351937,68
JPH3:NR_073379,42
ZCCHC14:NM_015144,35
MAP1LC3B:NM_022818,8
FBXO31:NM_001282683,50
C16orf95:NM_001256917,13
FOXL1:NM_005250,2
FOXC2:NM_005251,3
MTHFSD:NM_001159378,19
FOXF1:NM_001451,1
IRF8:NM_002163,6
COX4I1:NM_001318797,23
EMC8:NM_006067,25
C16orf74:NM_206967,19
GINS2:NM_016095,22
GSE1:NM_001134473,90
CIBAR2:NM_198491,6
KIAA0513:NM_014732,60
ZDHHC7:NM_001145548,53
CRISPLD2:NM_031476,38
USP10:NM_005153,107
KLHL36:NM_001303451,33
COTL1:NM_021149,55
MEAK7:NM_020947,23
ATP2C2:NM_014861,28
WFDC1:NM_001282467,11
KCNG4:NM_172347,15
ADAD2:NM_001145400,6
TAF1C:NM_005679,19
DNAAF1:NM_178452,14
HSDL1:NM_031463,16
MBTPS1:NM_003791,97
SLC38A8:NM_001080442,14
NECAB2:NM_019065,9
OSGIN1:NM_182981,2
MLYCD:NM_012213,18
HSBP1:NM_001537,6
CDH13:NM_001220490,312
MPHOSPH6:NM_005792,22
HSD17B2:NM_002153,20
SDR42E1:NM_145168,6
PLCG2:NM_002661,79
CMIP:NM_198390,343
GAN:NM_001377486,60
BCO1:NM_017429.3_2,25
GCSH:NM_004483.5_2,7
C16orf46:NM_001100873.2_2,9
ATMIN:NM_015251.3_2,22
CENPN:NM_001100625.3_2,28
CMC2:NM_001351967.2_2,29
CDYL2:NM_152342,39
DYNLRB2:NM_001305017,2
MAF:NM_001031804,2
WWOX:NM_001291997,264
CLEC3A:NM_005752,3
VAT1L:NM_020927,40
NUDT7:NM_001243661,4
ADAMTS18:NM_001326358,25
SYCE1L:NM_001348924,5
MON1B:NM_001286640,9
CNTNAP4:NM_001322191,42
CPHXL:NM_001355613,1
DUXB:NM_001351307,2
CPHXL2:NM_001395862,5
TERF2IP:NM_018975,8
KARS1:NM_001378148,29
ADAT1:NM_001324451,30
GABARAPL2:NM_007285,7
TMEM231:NM_001077418,23
CHST5:NM_024533,4
TMEM170A:NM_145254,7
CFDP1:NM_006324,64
BCAR1:NM_001170715.3_2,16
CTRB1:NM_001329190.2_2,7
CTRB2:NM_001025200.4_2,1
ZFP1:NM_001318472.2_2,12
LDHD:NM_153486,2
ZNRF1:NM_032268,53
WDR59:NM_030581,86
FA2H:NM_024306,11
MLKL:NM_152649,11
RFWD3:NM_001370540,56
GLG1:NM_001145667,42
CLEC18B:NM_001385192,0
NPIPB15:NM_001385737,0
PSMD7:NM_002811,15
ZFHX3:NM_001386735,208
PMFBP1:NM_001160213,14
DHX38:NM_014003,29
TXNL4B:NM_001142318,12
HPR:NM_020995,5
HP:NM_001126102,2
DHODH:NM_001361,23
PKD1L3:NM_181536,21
IST1:NM_001270976,27
ZNF821:NM_001376297,8
ATXN1L:NM_001137675,16
AP1G1:NM_001030007,42
PHLPP2:NM_015020,31
MARVELD3:NM_001271329,4
TAT:NM_000353,0
CHST4:NM_005769,2
ZNF19:NM_006961,4
ZNF23:NM_001381977,14
TLE7:NM_001367365,3
CALB2:NM_007088.4_2,5
CMTR2:NM_001324377.2_2,3
HYDIN:NM_001270974.2_2,16
VAC14:NM_018052,103
MTSS2:NM_138383,35
IL34:NM_001172771,18
SF3B3:NM_012426,63
COG4:NM_001365426,28
FCSK:NM_145059,18
ST3GAL2:NM_006927,57
DDX19A:NM_001320527,23
DDX19B:NM_001257174,15
AARS1:NM_001605,49
EXOSC6:NM_058219,3
CLEC18C:NM_173619,0
PDPR:NM_001322118,45
CLEC18A:NM_001136214,0
WWP2:NM_001270454,86
NOB1:NM_014062,17
NQO1:NM_000903,7
NFAT5:NM_001367709,55
CYB5B:NM_030579,24
TERF2:NM_005652,25
TMED6:NM_144676,5
NIP7:NM_001199434,5
PDF:NM_022341,12
COG8:NM_001379261,27
VPS4A:NM_013245,31
SNTB2:NM_006750.4_2,32
UTP4:NM_001318391.2_2,35
DERPC:NM_001366602,12
CHTF8:NM_001039690,12
HAS3:NM_138612,11
TANGO6:NM_024562,65
CDH1:NM_001317184,23
CDH3:NM_001317196,14
ZFP90:NM_001305204,10
SMPD3:NM_018667,31
PRMT7:NM_001378020,44
SLC7A6OS:NM_032178,14
SLC7A6:NM_003983,45
PLA2G15:NM_001363551,10
ESRP2:NM_001365264,11
NFATC3:NM_173165,72
DUS2:NM_001271762,59
DDX28:NM_018380,4
DPEP2NB:NM_001282442,1
DPEP2:NR_136706,4
DPEP3:NM_001370198,1
SLC12A4:NM_001145962,27
LCAT:NM_000229,7
PSMB10:NM_002801,8
CTRL:NM_001907,7
PSKH1:NM_006742,28
NRN1L:NM_001348682,9
EDC4:NM_014329,21
NUTF2:NM_005796,29
THAP11:NM_020457,3
CENPT:NM_025082,14
TSNAXIP1:NM_001288994,8
RANBP10:NM_001320240,65
GFOD2:NM_030819,22
C16orf86:NM_001012984,2
ENKD1:NM_032140,8
PARD6A:NM_001037281,7
ACD:NM_001082486,3
CARMIL2:NM_001317026,3
CTCF:NM_001191022,44
RIPOR1:NM_024519,16
AGRP:NM_001138,3
ATP6V0D1:NM_004691,39
HSD11B2:NM_000196,4
ZDHHC1:NM_001323627,10
TPPP3:NM_016140,2
LRRC36:NM_018296,12
KCTD19:NM_001100915,9
PLEKHG4:NM_001129727,10
SLC9A5:NM_001323972,11
FHOD1:NM_001318202,29
TMEM208:NM_014187,7
ELMO3:NM_024712,12
E2F4:NM_001950,24
EXOC3L1:NM_178516,2
KIAA0895L:NM_001369682,3
NOL3:NM_001394974,5
HSF4:NM_001040667,6
FBXL8:NM_018378,1
TRADD:NM_001323552,3
B3GNT9:NM_033309,11
PHAF1:NM_001320540,44
CBFB:NM_001368707,34
CES4A:NM_173815,5
CES3:NM_001185177,6
CES2:NM_003869,22
CIAO2B:NM_016062,8
RRAD:NM_001128850,0
CDH16:NM_004062,2
PDP2:NM_001329934,13
CA7:NM_005182,1
NAE1:NM_001018159,26
TERB1:NM_001136505,6
DYNC1LI2:NM_006141,28
CMTM3:NM_001363918,13
CMTM4:NM_181521,35
CMTM2:NM_001199317,3
CMTM1:NM_181296,8
CKLF-CMTM1:NM_001202509,13
CKLF:NM_016326,8
TK2:NM_001172643,27
BEAN1:NM_001197224,21
CDH5:NM_001795,7
CDH11:NM_001308392,37
CDH8:NM_001796,52
GOT2:NM_002080,25
SLC38A7:NM_018231,16
CNOT1:NM_016284,81
SETD6:NM_001160305,11
NDRG4:NM_020465,12
GINS3:NM_001126130,5
PRSS54:NM_001080492,3
CCDC113:NM_001142302,16
CSNK2A2:NM_001896,33
CFAP20:NM_013242,13
MMP15:NM_002428,13
USB1:NM_001330568,21
ZNF319:NM_020807,8
TEPP:NM_199456,5
CNGB1:NM_001297,16
KIFC3:NM_001318710,40
KATNB1:NM_005886,14
DRC7:NM_001289163,7
ADGRG3:NM_001308360,8
ADGRG1:NM_001370435,17
ADGRG5:NM_001318481,11
CCDC102A:NM_033212,9
DOK4:NM_001394652,12
POLR2C:NM_032940,18
COQ9:NM_020312,23
CIAPIN1:NM_020313,23
CCL17:NM_002987,4
CX3CL1:NM_001304392,6
CCL22:NM_002990,1
PLLP:NM_015993,9
ARL2BP:NM_012106,6
RSPRY1:NM_001305164,32
PSME3IP1:NM_001354087,27
CPNE2:NM_152727,12
NLRC5:NM_001384960,25
CETP:NM_001286085,6
HERPUD1:NM_001010989,8
SLC12A3:NM_001126107,16
NUP93:NM_014669,95
MT1X:NM_005952,4
MT1H:NM_005951,2
MT1G:NM_001301267,3
MT1F:NM_005949,2
MT1B:NM_005947,1
MT1A:NM_005946,2
MT1M:NM_176870,1
MT1E:NM_175617,1
MT2A:NM_005953,4
MT3:NM_005954,4
MT4:NM_032935,2
BBS2:NM_001377456,29
OGFOD1:NM_001324357,34
NUDT21:NM_007006,25
AMFR:NM_001323512,57
GNAO1:NM_020988,52
CES5A:NM_001190158.1_2,23
CES1:NM_001025195.2_2,1
SLC6A2:NM_001172501,21
CAPNS2:NM_032330,0
LPCAT2:NM_017839,11
MMP2:NM_001302508,8
IRX6:NM_024335,1
IRX5:NM_005853,4
IRX3:NM_024336,1
FTO:NM_001080432,69
RPGRIP1L:NM_015272,22
AKTIP:NM_001012398,6
RBL2:NM_001323610,20
CHD9:NM_025134,135
TOX3:NM_001146188,16
HNRNPA1L3:NM_001396241,0
SALL1:NM_002968,2
CYLD:NM_001378749,12
NOD2:NM_001370466,12
SNX20:NM_153337,3
NKD1:NM_033119,22
BRD7:NM_001173984,40
ADCY7:NM_001114,59
TENT4B:NM_001040285,23
HEATR3:NM_001329731,31
CNEP1R1:NM_001281789,6
ZNF423:NM_001271620,82
C16orf78:NM_144602,4
CBLN1:NM_004352,2
N4BP1:NM_153029,36
SIAH1:NM_003031,6
LONP2:NM_001348078,65
ABCC11:NM_001370497,15
ABCC12:NM_033226,21
PHKB:NM_001363837,109
ITFG1:NM_001305002,115
NETO2:NM_018092,29
DNAJA2:NM_005880,22
GPT2:NM_133443,28
C16orf87:NM_001001436,11
MYLK3:NM_001308301,26
ORC6:NM_014321,8
VPS35:NM_018206,15
SHCBP1:NM_024745,29
TP53TG3F:NM_001330066,0
TP53TG3B:NM_001099687,0
TP53TG3E:NM_001330061,0
TP53TG3C:NM_001205259,0
TP53TG3:NM_016212,0
TP53TG3D:NM_001243722,0
ZNF267:NM_003414,38
KRBOX5:NM_001130913,10
AHSP:NM_001318221,2
RUSF1:NM_022744,18
SLC5A2:NM_003041,5
TGFB1I1:NM_001042454,3
ARMC5:NM_001288767,13
ZNF843:NM_001353381,3
COX6A2:NM_005205,0
ITGAD:NM_005353,9
ITGAX:NM_001286375,2
ITGAM:NM_000632,10
PYDC1:NM_152901,1
TRIM72:NM_001008274,6
PYCARD:NM_013258,1
FUS:NM_001170634,30
PRSS36:NM_173502,1
PRSS8:NM_002773,4
KAT8:NM_182958,16
BCKDK:NM_001271926,13
VKORC1:NM_001311311,1
PRSS53:NM_001039503,5
ZNF646:NM_014699,18
ZNF668:NM_024706,4
STX4:NM_001272096,12
STX1B:NM_052874,14
HSD3B7:NM_001142778,8
SETD1A:NM_014712,54
ORAI3:NM_152288,6
FBXL19:NM_001382780,34
CTF1:NM_001142544,4
BCL7C:NM_001286526,24
ZNF629:NM_001345970,14
RNF40:NM_001207034,31
CFAP119:NM_001014979,12
PHKG2:NM_001172432,22
TMEM265:NM_001256829,13
SRCAP:NM_006662,68
FBRS:NM_001105079,21
PRR14:NM_001320464,5
ZNF785:NM_152458,9
ZNF688:NM_001024683,2
ZNF764:NM_033410,4
ZNF747:NM_023931,6
ZNF768:NM_024671,8
ITGAL:NM_001114380,16
SEPHS2:NM_012248,7
DCTPP1:NM_024096,11
ZNF771:NM_001142305,16
ZNF48:NM_001214906,11
SEPTIN1:NM_052838,5
MYL11:NM_001324459,5
TBC1D10B:NM_015527,31
CD2BP2:NM_006110,15
NPIPB13:NM_001395860.2_2,0
SULT1A3:NM_177552,0
SLX1A:NM_001015000,0
BOLA2B:NM_001039182,0
CORO1A:NM_007074,6
MAPK3:NM_002746,8
GDPD3:NM_024307,7
YPEL3:NM_031477,0
TBX6:NM_004608,5
PPP4C:NM_001303507,14
ALDOA:NM_184043,13
TLCD3B:NM_001352173,4
C16orf92:NM_001353379,2
DOC2A:NM_001282062,8
INO80E:NM_001304562,10
HIRIP3:NM_001197323,8
TAOK2:NM_004783,28
TMEM219:NM_001369690,4
KCTD13:NM_178863,16
ASPHD1:NM_181718,5
SEZ6L2:NM_001243332,7
CDIPT:NM_006319,7
MVP:NM_017458,11
PAGR1:NM_024516,9
PRRT2:NM_145239,5
MAZ:NM_001276275,3
KIF22:NM_007317,25
ZG16:NM_152338,3
C16orf54:NM_175900,1
QPRT:NM_001318249,12
SPN:NM_001030288,15
NPIPB12:NM_001395932,0
SULT1A4:NM_001017390,0
SLX1B:NM_001400286,0
BOLA2:NM_001320579,0
BOLA2-SMG1P6:NM_001320627,0
NPIPB11:NM_001310137,0
LAT:NM_001014989,2
SPNS1:NM_001142448,8
NFATC2IP:NM_001394786,21
CD19:NM_001385732,9
RABEP2:NM_024816,6
ATP2A1:NM_173201,9
SH2B1:NM_001387404,21
TUFM:NM_003321,12
ATXN2L:NM_001387203,20
NPIPB9:NM_001287250,0
EIF3C:NM_001199142,0
NPIPB8:NM_001385922,0
SULT1A1:NM_001394422,2
SULT1A2:NM_177528,3
SGF29:NM_138414,23
NUPR1:NM_001042483,3
IL27:NM_145659,0
APOBR:NM_018690,1
CLN3:NM_001286109,13
NPIPB7:NM_001396030,1
EIF3CL:NM_001317856,0
NPIPB6:NM_001282524,0
SBK1:NM_001024401,8
XPO6:NM_001270940,128
GSG1L:NM_001323900,57
KATNIP:NM_015202,87
GTF3C1:NM_001520,91
IL21R:NM_181078,14
IL4R:NM_001257997,19
NSMCE1:NM_145080,36
KDM8:NM_024773,23
C16orf82:NM_001145545,0
HS3ST4:NM_006040,82
ZKSCAN2:NM_001012981,20
AQP8:NM_001169,3
LCMT1:NM_001032391,38
ARHGAP17:NM_001006634.3_2,52
SLC5A11:NM_001352248.3_2,13
TNRC6A:NM_001351850.2_2,104
RBBP6:NM_018703,23
CACNG3:NM_006539,12
PRKCB:NM_212535,368
CHP2:NM_022097,6
ERN2:NM_033266,17
PLK1:NM_005030,19
DCTN5:NM_032486,27
PALB2:NM_024675,33
NDUFAB1:NM_005003,25
UBFD1:NM_019116,20
EARS2:NM_001083614,31
GGA2:NM_015044,53
COG7:NM_153603,52
SCNN1B:NM_000336,8
SCNN1G:NM_001039,3
USP31:NM_020718,30
HS3ST2:NM_006043,21
NPIPB5:NM_001395851.1_2,0
CDR2:NM_001802.2_2,20
POLR3E:NM_001258035.2_2,50
EEF2K:NM_013302.5_2,80
SDR42E2:NM_001394319.2_2,11
VWA3A:NM_173615.5_2,17
MOSMO:NM_001164579.2_2,19
PDZD9:NM_001370530.1_2,11
UQCRC2:NM_003366.4_2,39
NPIPB4:NM_001384982.1_2,0
OTOA:NM_144672.4_2,10
IGSF6:NM_005849.4_2,10
METTL9:NM_001288660.2_2,24
NPIPB3:NM_130464,0
CRYM:NM_001888.5_2,8
ANKS4B:NM_145865.3_2,4
ZP2:NM_003460.2_2,6
LDAF1:NM_001301774.2_2,15
DNAH3:NM_017539,44
LYRM1:NM_001369632,15
DCUN1D3:NM_173475,25
REXO5:NM_001144924,30
ERI2:NM_080663,20
THUMPD1:NM_017736,7
ACSM3:NM_005622,25
ACSM1:NM_001318890,29
ACSM2B:NM_182617,3
ACSM2A:NM_001308169,3
ACSM5:NM_001324371,5
PDILT:NM_174924,18
UMOD:NM_001378233,3
GP2:NM_001007240,5
GPR139:NM_001002911,10
GPRC5B:NM_016235,4
IQCK:NM_001305121,40
KNOP1:NM_001348531,33
VPS35L:NM_001300743,80
CCP110:NM_001323577,22
GDE1:NM_016641,13
TMC5:NM_001308161,20
CLEC19A:NM_001256720,10
SYT17:NM_001330509,16
ITPRIPL2:NM_001034841,6
COQ7:NM_001370490,11
TMC7:NM_001324268,13
SMG1:NM_015092,52
ARL6IP1:NM_015161,5
RPS15A:NM_001019,11
NOMO2:NM_001004060,1
NPIPA9:NM_001401710,0
NPIPA8:NM_001282511.3_2,0
XYLT1:NM_022166.4_2,96
NPIPA7:NM_001282507.2_2,0
NOMO3:NM_001004067.4_2,1
ABCC6:NM_001171.6_2,10
ABCC1:NM_004996.4_2,202
CEP20:NM_001304499.2_2,20
MYH11:NM_001040113.2_2,40
NDE1:NM_001143979.2_2,42
MARF1:NM_014647.4_2,32
BMERB1:NM_033201.3_2,39
MPV17L:NM_173803.4_2,4
NPIPA5:NM_001351200.1_2,0
RRN3:NM_001301064.1_2,18
NTAN1:NM_173474.4_2,8
PDXDC1:NM_001324020.2_2,44
NPIPA1:NM_006985,0
NOMO1:NM_014287.4_2,2
NPIPA2:NM_001395485,0
NPIPA3:NM_001395487.1_2,0
BFAR:NM_001330500.2_2,34
PARN:NM_002582.4_2,91
MRTFB:NM_014048,74
ERCC4:NM_005236,20
SHISA9:NM_001145204,64
CPPED1:NM_018340,74
SNX29:NM_032167,189
TNFRSF17:NM_001192,2
NPIPB2:NM_001395854,6
GSPT1:NM_001130007,20
RSL1D1:NM_015659,23
ZC3H7A:NM_014153,36
TXNDC11:NM_001303447,60
SNN:NM_003498,10
LITAF:NR_024320,11
RMI2:NM_152308,4
PRM1:NM_002761,1
PRM2:NM_001286359,3
PRM3:NM_021247,5
TNP2:NM_005425,1
SOCS1:NM_003745,5
CLEC16A:NM_015226,153
DEXI:NM_014015,12
CIITA:NM_001286403,24
TVP23A:NR_134901,12
NUBP1:NM_001323594,14
TEKT5:NM_144674,19
EMP2:NM_001424,13
ATF7IP2:NM_024997,53
GRIN2A:NM_000833,96
C16orf72:NM_014117,25
USP7:NM_003470,80
LITAFD:NM_001395433,0
CARHSP1:NM_001278260,21
PMM2:NM_000303,34
TMEM186:NM_015421,5
ABAT:NM_001386612,26
METTL22:NM_024109,33
RBFOX1:NM_001142333,327
EEF2KMT:NM_201400,2
ALG1:NM_019109,9
C16orf89:NM_152459,4
NAGPA-AS1:NR_038913,1
NAGPA:NM_016256,5
SEC14L5:NM_014692,11
PPL:NM_002705,19
UBN1:NM_001079514,47
GLYR1:NM_032569,55
ROGDI:NM_024589,5
SMIM22:NM_001253790,6
SEPTIN12:NM_144605,2
ZNF500:NM_021646,18
DNAAF8:NM_139170,6
ANKS3:NM_133450,27
NUDT16L1:NM_032349,7
MGRN1:NM_001142289,45
UBALD1:NM_145253,9
C16orf96:NM_001387219,17
CDIP1:NM_013399.3_2,30
HMOX2:NM_001127206.3_2,31
NMRAL1:NM_001351994.2_2,17
DNAJA3:NM_001286516.2_2,30
VASN:NM_138440.3_2,11
CORO7:NM_024535.5_2,58
PAM16:NM_016069.11_2,15
CORO7-PAM16:NM_001201479.2_2,73
GLIS2:NM_001318918.2_2,10
TFAP4:NM_003223,20
SRL:NM_001323667,18
ADCY9:NM_001116,58
CREBBP:NM_004380,87
TRAP1:NM_016292,67
DNASE1:NM_001387140,36
SLX4:NM_032444,25
NLRC3:NM_178844,6
CLUAP1:NM_015041,21
C16orf90:NM_001353382,1
NAA60:NM_001317093,31
ZNF597:NM_152457,3
ZNF174:NM_001347868,13
ZSCAN32:NM_001324340,20
OR2C1:NM_012368,1
ZNF75A:NM_001352495,12
TIGD7:NM_033208,6
ZNF263:NM_005741,14
MEFV:NM_000243,3
ZNF200:NM_003454,12
OR1F1:NM_001370639,5
ZNF213:NM_004220,7
ZNF205:NM_001042428,7
ZSCAN10:NM_032805,0
IL32:NM_001369593,2
MMP25:NM_022468,5
BICDL2:NM_001369667,5
THOC6:NM_001347703,6
HCFC1R1:NM_001288667,5
TNFRSF12A:NM_016639,3
CLDN6:NM_021195,4
CLDN9:NM_020982,4
GREP1:NM_001396456,7
PKMYT1:NM_001258451,13
PAQR4:NM_001284513,11
KREMEN2:NM_001253725,5
FLYWCH1:NM_032296,19
FLYWCH2:NM_001142499,6
PRSS22:NM_022119.4_2,2
ZG16B:NM_145252.3_2,2
PRSS21:NM_001270452.2_2,9
PRSS41:NM_001395501,1
PRSS33:NM_001385464,2
ELOB:NM_007108,14
SRRM2:NM_016333,44
PRSS27:NM_031948,1
KCTD5:NM_018992,19
PDPK1:NM_031268,12
CEMP1:NM_001048212,1
AMDHD2:NM_001330449,7
ATP6V0C:NM_001198569,11
TBC1D24:NM_020705,24
NTN3:NM_006181,3
TEDC2:NM_025108,10
CCNF:NM_001323538,36
ABCA3:NM_001089,45
RNPS1:NM_080594,18
ECI1:NM_001919,17
DNASE1L2:NM_001301680,8
E4F1:NM_001288778,18
PGP:NM_001042371,5
BRICD5:NM_182563,11
MLST8:NM_001199173,13
CASKIN1:NM_020764,7
TRAF7:NM_032271,26
RAB26:NM_001308053,15
PKD1:NM_001009944.3_2,14
TSC2:NM_001318829,30
NTHL1:NM_002528,11
SLC9A3R2:NM_004785,12
NPW:NM_001099456.3_2,0
ZNF598:NM_178167.4_2,18
SYNGR3:NM_004209.6_2,4
GFER:NM_005262.3_2,4
NOXO1:NM_172168.3_2,4
TBL3:NM_006453.3_2,13
RNF151:NM_001348711.2_2,2
RPS2:NM_002952.4_2,6
NDUFB10:NM_004548.3_2,4
RPL3L:NM_005061.3_2,3
MSRB1:NM_016332.4_2,7
HS3ST6:NM_001009606.4_2,2
MEIOB:NM_001163560,30
FAHD1:NM_001142398,13
HAGH:NM_005326,11
NUBP2:NM_001284502,10
SPSB3:NM_080861,9
EME2:NM_001257370,10
MRPS34:NM_001300900,3
NME3:NM_002513,2
MAPK8IP3:NM_001318852,50
JPT2:NM_144570,32
CRAMP1:NM_020825,71
TMEM204:NM_001256541,6
IFT140:NM_014714,47
TELO2:NM_001351846,25
PTX4:NM_001328608,1
CLCN7:NM_001287,24
CCDC154:NM_001143980,3
PERCC1:NM_001365310,2
C16orf91:NM_001272051,7
UNKL:NM_001372107,19
GNPTG:NM_032520,9
TSR3:NM_001001410,3
BAIAP3:NM_001199099,6
UBE2I:NM_194261,16
TPSD1:NM_012217,1
TPSAB1:NM_003294,0
TPSB2:NM_024164,0
TPSG1:NM_012467,2
CACNA1H:NM_001005407,12
C1QTNF8:NM_207419,1
SSTR5:NM_001172560,0
SOX8:NM_014587,0
LMF1:NM_001352018,19
GNG13:NM_016541,7
CHTF18:NM_022092,14
RPUSD1:NM_001324415,5
MSLN:NM_001177355,2
CIAO3:NM_001304799,14
HAGHL:NM_001365282,4
CCDC78:NM_001378033,3
ANTKMT:NM_001271285,2
METRN:NM_024042,6
FBXL16:NM_153350,3
WDR24:NM_032259,11
JMJD8:NM_001005920,5
STUB1:NM_005861,4
RHBDL1:NM_001278721,2
RHOT2:NM_001352287,13
WDR90:NM_145294,13
MCRIP2:NM_001331230,8
METTL26:NM_032366,4
WFIKKN1:NM_053284,3
RAB40C:NM_001172663,22
PIGQ:NM_148920,17
NHLRC4:NM_176677,6
PRR35:NM_145270,3
CAPN15:NM_005632.3_2,30
RAB11FIP3:NM_014700.4_2,29
DECR2:NM_020664.4_2,8
NME4:NM_001286436,7
PGAP6:NM_021259,9
MRPL28:NM_006428,5
AXIN1:NM_003502,65
PDIA2:NM_006849,4
ARHGDIG:NM_001176,2
RGS11:NM_003834,3
FAM234A:NR_104317,12
LUC7L:NM_001330420,48
HBQ1:NM_005331,0
HBA1:NM_000558,3
HBA2:NM_000517,0
HBM:NM_001003938,0
HBZ:NM_005332,2
NPRL3:NM_001243249,58
MPG:NM_001015054,14
RHBDF1:NM_022450,15
SNRNP25:NM_024571,10
POLR3K:NM_016310,6
OR4F15:NM_001001674,3
OR4F6:NM_001005326,1
TARS3:NM_152334,28
TM2D3:NM_001308026,10
PCSK6:NM_002570,97
SNRPA1:NM_003090,13
SELENOS:NM_203472,13
CHSY1:NM_014918,52
LRRK1:NM_024652,36
ALDH1A3:NM_001293815,18
ASB7:NM_198243,23
LINS1:NM_001352507,18
CERS3:NM_001290343,14
ADAMTS17:NM_139057,85
LYSMD4:NM_001284420,0
MEF2A:NM_001400039,23
LRRC28:NM_001321678,22
TTC23:NM_001353869,30
SYNM:NM_015286,6
PGPEP1L:NM_001167902,10
IGF1R:NM_001291858,81
ARRDC4:NM_183376,5
NR2F2:NM_001145155,17
MCTP2:NM_001385010,40
RGMA:NM_020211,14
CHD2:NM_001271,116
FAM174B:NM_207446,14
ST8SIA2:NM_001330416,23
SLCO3A1:NM_001145044,62
SV2B:NM_001323031,54
VPS33B:NM_001289149,39
PRC1:NM_003981,51
RCCD1:NM_001017919,29
UNC45A:NM_001039675,48
HDDC3:NM_001286451,5
MAN2A2:NM_001320977,53
FES:NM_001143785,11
FURIN:NM_001382622,28
BLM:NM_001287247,84
CRTC3:NM_001042574,86
IQGAP1:NM_003870,62
ZNF774:NM_001004309,6
NGRN:NR_028052,14
TTLL13:NM_001396017,8
GDPGP1:NM_001013657,8
SEMA4B:NM_001324029,63
IDH2:NM_002168,20
ZNF710:NM_198526,31
ARPIN:NM_182616,9
AP3S2:NM_005829,51
ARPIN-AP3S2:NM_001199058,60
ANPEP:NM_001381923,12
MESP2:NM_001039958,4
MESP1:NM_018670,2
WDR93:NM_001284395,10
PEX11A:NM_003847,5
PLIN1:NM_002666,8
KIF7:NM_198525,30
TICRR:NM_152259,67
RHCG:NM_016321,6
POLG:NM_002693,36
FANCI:NM_018193,62
RLBP1:NM_000326,5
ABHD2:NM_152924,96
MFGE8:NM_001310320,18
HAPLN3:NM_001307952,5
ACAN:NM_001135,22
ISG20:NM_001303235,8
AEN:NM_022767,16
MRPS11:NM_001321970,19
MRPL46:NM_022163,16
NTRK3:NM_001012338,100
AGBL1:NM_152336,150
KLHL25:NM_022480,9
AKAP13:NM_006738,61
PDE8A:NM_001243137,80
SLC28A1:NM_001321721,27
ALPK3:NM_020778,21
ZNF592:NM_014630,40
SEC11A:NM_001271918,33
NMB:NM_021077.4_2,7
WDR73:NM_032856.5_2,21
ZSCAN2:NM_181877.4_2,16
GOLGA6L4:NM_001267536.3_3,0
ADAMTSL3:NM_207517.3_2,67
SH3GL3:NM_001301108.2_2,38
BNC1:NM_001717,7
HDGFL3:NM_016073,11
TM6SF1:NM_001353884,10
BTBD1:NM_025238,27
C15orf40:NM_001160116,12
RAMAC:NM_031452,5
HOMER2:NM_199330,13
WHAMM:NM_001080435,21
FSD2:NM_001281805,25
AP3B2:NM_001278512,16
CPEB1:NM_001387069.1_2,64
RPS17:NM_001021.6_2,11
GOLGA6L9:NM_198181.4_2,0
GOLGA6L10:NM_001164465,0
SAXO2:NM_001008226,2
EFL1:NM_024580,43
MEX3B:NM_032246,3
TMC3:NM_001080532,22
STARD5:NM_181900,11
IL16:NM_001172128,47
CFAP161:NM_173528,6
TLNRD1:NM_022566,4
MESD:NR_126327,31
CEMIP:NM_018689,39
ABHD17C:NM_021214,15
ARNT2:NM_014862,46
CTXND1:NM_001352888,15
FAH:NM_001374380,32
ZFAND6:NM_001242918,23
BCL2A1:NM_001114735,3
MTHFS:NM_001199758,35
ST20-MTHFS:NM_001199760,43
MINAR1:NM_015206,13
TMED3:NM_001330376,50
ANKRD34C:NM_001146341,3
RASGRF1:NM_002891,42
CTSH:NM_001319137,28
MORF4L1:NM_001265603,21
ADAMTS7:NM_014272,4
CHRNB4:NM_000750,3
CHRNA3:NM_001166694,6
CHRNA5:NM_001395175,9
PSMA4:NM_001102668,8
HYKK:NM_001083612,11
IREB2:NM_001354994,41
CRABP1:NM_004378,2
WDR61:NM_001303247,19
DNAJA4:NM_018602,16
ACSBG1:NM_015162,20
IDH3A:NM_005530,14
CIB2:NR_125435,4
SH2D7:NM_001101404,2
TBC1D2B:NM_144572,39
LINGO1:NM_001301186,58
HMG20A:NM_001304505,33
PEAK1:NM_001387085,67
TSPAN3:NM_005724,20
PSTPIP1:NM_001321137,19
RCN2:NM_002902,10
SCAPER:NM_001353010,75
ISL2:NM_145805,6
ETFA:NM_000126,51
TMEM266:NM_152335,34
NRG4:NM_138573,7
FBXO22:NM_147188,21
UBE2Q2:NM_001284382,28
ODF3L1:NM_175881,1
CSPG4:NM_001897,8
SNX33:NM_153271,16
IMP3:NM_018285,3
SNUPN:NM_001042581,18
PTPN9:NM_002833,32
SIN3A:NM_001145357,60
MAN2C1:NM_001256494,17
NEIL1:NM_001352520,8
COMMD4:NR_104312,5
GOLGA6D:NM_001145224,0
GOLGA6C:NM_001164404,0
C15orf39:NM_015492,20
PPCDC:NM_001301103,23
SCAMP5:NM_138967,4
RPP25:NM_017793,1
COX5A:NM_004255,12
FAM219B:NM_020447,17
MPI:NM_001289156,22
SCAMP2:NM_001320778,28
ULK3:NM_001099436,15
CPLX3:NM_001030005,5
LMAN1L:NM_021819,3
CSK:NM_001127190,19
CYP1A2:NM_000761,2
CYP1A1:NM_001319217,3
EDC3:NM_001142443,47
CLK3:NM_003992,35
ARID3B:NM_006465,39
UBL7:NM_001286740.1_2,12
SEMA7A:NM_003612.5_2,28
CYP11A1:NM_000781.3_2,13
CCDC33:NM_025055.5_2,29
STRA6:NM_001199040.2_2,6
ISLR:NM_005545.4_2,1
ISLR2:NM_001130136,4
GOLGA6A:NM_001038640,0
PML:NM_033238,35
STOML1:NM_001324230,13
LOXL1:NM_005576,6
TBC1D21:NM_001286434,5
INSYN1:NM_001384351,5
CD276:NM_001329629,14
NPTN:NM_012428,32
REC114:NM_001348772,13
HCN4:NM_005477,13
NEO1:NM_002499,38
ADPGK:NM_001365226,20
BBS4:NM_001252678,22
HIGD2B:NM_001350932,4
GOLGA6B:NM_018652,0
ARIH1:NM_005744,40
TMEM202:NM_001080462,2
HEXA:NM_001318825,19
CELF6:NM_052840,15
PARP6:NM_001323523,33
PKM:NM_001206796,36
GRAMD2A:NM_001012642,10
SENP8:NM_001166340,5
MYO9A:NM_006901,65
NR2E3:NM_014249,4
THSD4:NM_001394532,129
THAP10:NM_020147,3
LRRC49:NM_001284357,21
LARP6:NM_018357,6
UACA:NM_018003,8
TLE3:NM_005078,51
RPLP1:NM_213725,6
KIF23:NM_001281301,29
PAQR5:NM_017705,16
GLCE:NM_001324092,19
SPESP1:NM_145658,4
NOX5:NM_001184780,28
ANP32A:NM_006305,53
CORO2B:NM_001324014,54
ITGA11:NM_001004439,36
FEM1B:NM_015322,11
CLN6:NM_017882,27
CALML4:NM_001286694,13
PIAS1:NM_016166,54
SKOR1:NM_001365915,3
MAP2K5:NM_002757,94
C15orf61:NM_001143936,1
IQCH:NM_001322472,50
AAGAB:NM_001271885,38
SMAD3:NM_005902,104
SMAD6:NM_005585,76
LCTL:NM_207338,8
ZWILCH:NM_001287823,24
RPL4:NM_000968,7
SNAPC5:NM_006049,12
MAP2K1:NM_002755,61
TIPIN:NM_001398283,17
DIS3L:NM_001323936,20
MEGF11:NM_001387150.1_2,124
RAB11A:NM_001206836,10
DENND4A:NM_001320835,43
SLC24A1:NM_001301033,26
INTS14:NM_001394795,30
HACD3:NM_016395,47
DPP8:NM_001320876,39
IGDCC4:NM_020962,8
IGDCC3:NM_004884,17
PARP16:NM_017851,8
CILP:NM_003613,5
CLPX:NM_006660,24
PDCD7:NM_005707,15
UBAP1L:NM_001163692,9
KBTBD13:NM_001101362,0
RASL12:NM_001379429,3
SLC51B:NM_178859,2
MTFMT:NM_139242,21
SPG21:NM_016630,14
ANKDD1A:NM_182703,13
PLEKHO2:NM_001195059,20
PIF1:NM_001286499,5
RBPMS2:NM_194272,10
OAZ2:NM_002537,14
ZNF609:NM_015042,93
TRIP4:NM_016213,20
PCLAF:NR_109934,11
CSNK1G1:NM_001329605,75
PPIB:NM_000942,10
SNX22:NM_024798,9
SNX1:NM_148955,45
CIAO2A:NM_032231,14
DAPK2:NM_001395290,34
HERC1:NM_003922,135
FBXL22:NM_203373,7
USP3:NM_001256702,44
CA12:NM_001218,10
APH1B:NM_001145646,18
RAB8B:NM_016530,32
RPS27L:NM_015920,3
LACTB:NM_032857,2
TPM1:NM_001018004,16
TLN2:NM_001394547,104
C2CD4B:NM_001007595,0
C2CD4A:NM_207322,1
VPS13C:NM_020821,66
RORA:NM_134261,156
ICE2:NM_024611,24
ANXA2:NM_001002858,35
FOXB1:NM_012182,0
NMNAT1P5:NMNAT1P5,0
BNIP2:NM_001320674,7
GTF2A2:NM_001320930,12
GCNT3:NM_004751,2
FAM81A:NM_152450,9
LDHAL6B:NM_033195,1
MYO1E:NM_004998,45
CCNB2:NM_004701,15
RNF111:NM_001270529,69
SLTM:NM_024755,43
MINDY2:NM_001040453,28
ADAM10:NM_001110,63
LIPC:NM_000236,55
AQP9:NM_001320636,13
ALDH1A2:NM_001206897,91
POLR2M:NM_001018102,7
MYZAP:NM_152451,15
GCOM1:NM_001018091,23
CGNL1:NM_032866,53
TCF12:NM_001322157,116
ZNF280D:NM_017661,27
MNS1:NM_018365,6
TEX9:NM_001385043,24
RFX7:NM_001370561,58
NEDD4:NM_001329212,37
PRTG:NM_173814,28
PYGO1:NM_015617,6
DNAAF4:NM_001033560,9
PIERCE2:NM_001198784,0
CCPG1:NM_004748,28
PIGB:NM_004855,16
PIGBOS1:NM_001308421,5
RAB27A:NM_183235,65
RSL24D1:NM_016304,16
UNC13C:NM_001329919,91
WDR72:NR_102334,19
ONECUT1:NM_004498,2
FAM214A:NM_001385014,39
ARPP19:NM_001306191,17
MYO5A:NM_000259,26
MYO5C:NM_018728,24
GNB5:NM_016194,14
BCL2L10:NM_001306168,2
MAPK6:NM_002748,24
LEO1:NM_001323903,17
TMOD3:NM_014547,42
TMOD2:NM_001142885,14
LYSMD2:NM_001143917,11
SCG3:NM_001165257,18
DMXL2:NM_001378457,60
GLDN:NM_181789,26
CYP19A1:NM_031226,30
TNFAIP8L3:NM_207381,20
AP4E1:NM_007347,46
SPPL2A:NM_032802,18
TRPM7:NM_017672,63
USP50:NM_203494,12
USP8:NM_001283049,41
GABPB1:NM_001320910,24
HDC:NM_002112,13
SLC27A2:NM_001159629,29
ATP8B4:NM_024837,36
DTWD1:NM_001144955,11
FGF7:NM_002009,6
FAM227B:NM_152647,42
GALK2:NM_001001556,75
COPS2:NM_001143887,9
SECISBP2L:NM_001193489,29
EID1:NM_014335,0
SHC4:NM_203349,36
CEP152:NM_001194998,45
FBN1:NM_000138,53
DUT:NM_001330286,12
SLC12A1:NM_001184832,15
CTXN2:NM_001370415,3
MYEF2:NM_016132,6
SLC24A5:NM_205850,2
SEMA6D:NM_001198999,93
SQOR:NM_001271213,12
BLOC1S6:NR_132354,11
SLC30A4:NM_013309,11
C15orf48:NM_197955,0
SPATA5L1:NM_024063,20
GATM:NM_001321015,10
SLC28A2:NM_004212,11
SHF:NM_138356,13
DUOX1:NM_175940,15
DUOXA1:NM_144565,6
DUOXA2:NM_207581,5
DUOX2:NM_014080,7
SORD:NM_003104,13
TERB2:NM_152448,7
TRIM69:NM_001301146.2_2,5
B2M:NM_004048.4_2,3
PATL2:NM_001387260,9
SPG11:NM_025137,82
EIF3J:NM_001284336,20
CTDSPL2:NM_016396,42
GOLM2:NM_177974,29
FRMD5:NM_001286491,61
WDR76:NM_001167941,25
MFAP1:NM_005926,23
HYPK:NM_016400,5
SERINC4:NM_001258032,16
SERF2-C15ORF63:NR_037673,18
SERF2:NM_001199877,16
ELL3:NM_025165,4
PDIA3:NM_005313,17
CKMT1A:NM_001015001,0
CATSPER2:NM_172095,4
STRC:NM_153700,2
CKMT1B:NM_020990,2
PPIP5K1:NM_001354383,9
MAP1A:NM_002373,21
TP53BP1:NM_005657,64
TUBGCP4:NM_014444,27
ZSCAN29:NM_001372080,16
ADAL:NM_001159280,16
LCMT2:NM_014793,4
TGM7:NM_052955,7
TGM5:NM_201631,10
EPB42:NM_000119,11
CCNDBP1:NM_012142,8
TMEM62:NM_001347030,20
UBR1:NM_174916,90
TTBK2:NM_173500,54
CDAN1:NM_138477,20
STARD9:NM_020759,59
HAUS2:NM_001130447,9
LRRC57:NM_153260,9
SNAP23:NM_130798,19
ZNF106:NM_001366845,45
CAPN3:NM_173087,19
GANC:NM_001393928,31
TMEM87A:NM_001286487,32
VPS39:NM_001301138,30
PLA2G4F:NM_213600,10
PLA2G4D:NM_178034,8
PLA2G4E:NM_001206670,12
EHD4:NM_139265,40
SPTBN5:NM_016642,7
PLA2G4B:NM_001114633,1
JMJD7:NM_001114632,4
JMJD7-PLA2G4B:NM_001198588,5
MAPKBP1:NM_001265611,22
MGA:NM_001080541,62
TYRO3:NM_006293,21
RPAP1:NM_015540,25
LTK:NM_002344,9
ITPKA:NM_002220,12
RTF1:NM_015138,46
NDUFAF1:NM_016013,7
NUSAP1:NM_001243144,35
OIP5:NM_007280,10
CHP1:NM_007236,33
EXD1:NM_001286441,9
INO80:NM_017553,106
CHAC1:NM_001142776,3
DLL4:NM_019074,4
VPS18:NM_020857,9
RHOV:NM_133639,1
SPINT1:NM_001386875,7
PPP1R14D:NM_001130143,3
ZFYVE19:NM_032850,8
C15orf62:NM_001130448,10
DNAJC17:NM_018163,30
GCHFR:NM_005258,7
RMDN3:NM_001323895,27
RAD51:NM_001164269,25
KNL1:NM_144508,37
RPUSD2:NM_001286407,3
CCDC32:NM_001382439,27
CHST14:NM_130468,5
BAHD1:NM_001301132,32
IVD:NM_001354601,9
KNSTRN:NM_001142762,11
DISP2:NM_033510,7
PHGR1:NM_001145643,0
CCDC9B:NM_207380,6
INAFM2:NM_001301268,4
PLCB2:NM_004573,19
ANKRD63:NM_001190479,7
PAK6:NM_001276718,15
BUB1B-PAK6:NM_001128629,28
BUB1B:NM_001211,38
BMF:NM_001398501,9
SRP14:NM_001309434,8
EIF2AK4:NM_001013703,75
GPR176:NM_001271854,33
FSIP1:NM_152597,40
THBS1:NM_003246,5
RASGRP1:NM_005739,33
FAM98B:NM_173611,18
SPRED1:NM_152594,30
TMCO5A:NM_001370737,6
MEIS2:NM_001220482,102
CDIN1:NM_001321758,66
DPH6:NM_080650,37
NANOGP8:NM_001355281,1
ZNF770:NM_014106,10
AQR:NM_014691,58
ACTC1:NM_005159,2
GJD2:NM_020660,5
GOLGA8B:NM_001023567,2
GOLGA8A:NM_181077.5_2,8
LPCAT4:NM_153613.3_2,8
NUTM1:NM_001284293.2_2,10
NOP10:NM_018648.4_2,2
SLC12A6:NM_001042495.2_2,30
EMC4:NM_001286420,2
KATNBL1:NM_024713,26
PGBD4:NM_152595,1
EMC7:NM_020154,10
CHRM5:NM_001320917,8
AVEN:NM_020371,21
RYR3:NM_001243996,101
FMN1:NM_001277313.2_4,76
GREM1:NM_013372.7_4,5
SCG5:NM_001394279.1_4,15
ARHGAP11A-SCG5:NM_001368319.1_4,23
ARHGAP11A:NM_001286479.3_4,9
GOLGA8N:NM_001282494.2_4,0
GOLGA8O:NM_001277308.1_2,0
GOLGA8K:NM_001282493.2_2,0
CHRNA7:NM_000746.6_4,11
OTUD7A:NM_130901.3_3,52
KLF13:NM_001302461.2_3,18
TRPM1:NM_001252020.2_3,27
MTMR10:NM_017762.3_3,23
FAN1:NM_014967.5_3,33
GOLGA8H:NM_001282490.2_4,0
GOLGA8Q:NM_001355476.2_3,0
GOLGA8R:NM_001282484.1_3,0
CHRFAM7A:NM_139320.2_3,0
GOLGA8T:NM_001355469.2_3,0
GOLGA8J:NM_001282472.2_4,0
TJP1:NM_001301025.3_3,79
NSMCE3:NM_138704.4_3,1
FAM189A1:NM_001387215.1_3,107
APBA2:NM_001353789.2_3,131
GOLGA6L7:NM_001365371.2_2,0
GOLGA8M:NM_001282468.3_3,0
GOLGA8G:NM_001368078.2_4,0
HERC2:NM_004667.6_3,127
OCA2:NM_000275.3_3,68
GABRG3:NM_033223,160
GABRA5:NM_001165037,17
GABRB3:NM_021912,52
ATP10A:NM_024490,34
UBE3A:NM_001354507,47
SNURF:NM_005678,4
SNRPN:NM_001400650,17
NPAP1:NM_018958,2
NDN:NM_002487.3_2,1
MAGEL2:NM_019066.5_2,2
MKRN3:NM_005664.4_2,5
GOLGA6L2:NM_001304388.2_2,1
GOLGA8S:NM_001355465.2_2,0
GOLGA6L1:NM_001001413.3_4,0
TUBGCP5:NM_001354372.2_4,29
CYFIP1:NM_001324119.2_3,75
NIPA2:NM_001008894.3_2,31
NIPA1:NM_001142275.1_2,26
GOLGA6L22:NM_001396957.1_4,0
OR4N4:NM_001005241.4_2,0
OR4M2:NM_001004719.2_2,1
POTEB:NM_001277304.2_2,0
OR4N4C:NM_001365389.2_2,0
OR4M2B:NM_001395296.1_3,0
POTEB3:NM_207355.5_3,0
POTEB2:NM_001277303.1_2,0
GOLGA6L6:NM_001145004.2_2,0
TMEM121:NM_025268,4
TEDC1:NM_001198983,6
CRIP1:NM_001311,0
CRIP2:NM_001270837,4
MTA1:NM_001203258,40
TEX22:NM_001195082,6
PACS2:NM_001243127,21
BTBD6:NM_033271,2
BRF1:NM_001242786,26
NUDT14:NM_177533,1
JAG2:NM_002226,22
GPR132:NM_001278694,4
CDCA4:NM_017955,9
CLBA1:NM_174891,3
AHNAK2:NM_138420,11
PLD4:NM_001308174,7
CEP170B:NM_015005,13
ZBTB42:NM_001370342,5
AKT1:NM_001382432,16
SIVA1:NM_021709,7
ADSS1:NM_152328,15
INF2:NM_001031714,17
TMEM179:NM_001286389.2_2,3
C14orf180:NM_001008404.3_2,2
KIF26A:NM_015656,6
ASPG:NM_001080464,4
RD3L:NM_001257268,0
TDRD9:NM_153046,18
ATP5MJ:NM_001127393,4
PPP1R13B:NM_015316,12
ZFYVE21:NM_024071,17
XRCC3:NM_001100119,24
KLC1:NM_001394851,44
COA8:NM_001302652,12
BAG5:NM_001015048,7
TRMT61A:NM_152307,9
CKB:NM_001362531,2
MARK3:NM_001128921,56
EIF5:NM_001969,10
TNFAIP2:NM_001371221,6
EXOC3L4:NM_001077594,7
LBHD2:NM_001330236,2
CDC42BPB:NM_006035,52
AMN:NM_030943,4
TRAF3:NM_001199427,50
RCOR1:NM_015156,68
ANKRD9:NM_001348651,3
TECPR2:NM_014844,32
CINP:NM_032630,5
ZNF839:NM_001385074,11
WDR20:NM_001353662,40
HSP90AA1:NM_001017963,9
DYNC1H1:NM_001376,74
PPP2R5C:NM_001352914,100
DIO3:NM_001362,0
RTL1:NM_001134888,7
DLK1:NM_001317172,5
BEGAIN:NM_001385085,14
WDR25:NM_001387351,49
WARS1:NM_173701,40
SLC25A47:NM_207117,2
SLC25A29:NM_001352820,8
YY1:NM_003403,24
DEGS2:NM_206918,5
EVL:NM_001330221,60
EML1:NM_001375411,34
CYP46A1:NM_006668,8
HHIPL1:NM_001329411,11
CCDC85C:NM_001144995,26
CCNK:NM_001099402,17
SETD3:NM_032233,35
BCL11B:NM_138576,11
LINC00618:NR_104113,3
VRK1:NM_003384,49
PAPOLA:NM_001293627,21
AK7:NM_001350891,10
GSKIP:NM_001271906,4
ATG2B:NM_018036,24
BDKRB1:NM_001386007,1
BDKRB2:NM_000623,7
C14orf132:NM_001282464,12
TCL1A:NM_021966,1
TCL1B:NM_004918,3
GLRX5:NM_016417,1
SYNE3:NM_152592,20
CLMN:NM_024734,30
DICER1:NM_030621,17
GSC:NM_173849,2
SERPINA3:NM_001085,1
SERPINA5:NM_000624,1
SERPINA4:NM_006215,0
SERPINA12:NM_173850,5
SERPINA9:NM_001284276,4
SERPINA11:NM_001080451,0
SERPINA1:NM_001127701.2_2,2
SERPINA2:NR_110563,0
SERPINA6:NM_001756.4_2,3
SERPINA10:NM_001100607.3_2,4
PPP4R4:NM_058237.2_2,10
IFI27L2:NM_032036.3_2,0
IFI27:NM_001366994.1_2,2
IFI27L1:NM_206949.3_2,4
DDX24:NM_020414.4_2,18
OTUB2:NM_023112.4_2,13
ASB2:NM_001202429.2_2,15
FAM181A:NM_001207071.2_2,3
PRIMA1:NM_178013.4_2,11
COX8C:NM_182971.3_2,0
UNC79:NM_020818.5_2,39
BTBD7:NM_001002860.4_2,33
UBR7:NM_175748.4_2,9
GON7:NM_032490.5_2,2
TMEM251:NM_015676.3_2,3
MOAP1:NM_022151.5_2,2
ITPK1:NM_014216.6_2,69
CHGA:NM_001301690.2_2,5
GOLGA5:NM_005113,15
LGMN:NM_001008530,10
RIN3:NM_024832,34
SLC24A4:NM_153648,36
CPSF2:NM_001322271,21
NDUFB1:NM_004545,6
ATXN3:NM_004993,12
TRIP11:NM_004239,21
FBLN5:NM_001384161,19
TC2N:NM_001128596.3_2,17
CATSPERB:NM_024764.4_2,17
PPP4R3A:NR_169193,33
CCDC88C:NM_001080414,105
GPR68:NM_001348437,17
DGLUCY:NM_001358311,57
RPS6KA5:NM_001322227,51
TTC7B:NM_001401365,122
CALM1:NM_001363669,10
NRDE2:NM_017970,33
PSMC1:NM_002802,12
KCNK13:NM_022054,8
TDP1:NM_001008744,31
EFCAB11:NM_001284267,31
FOXN3:NM_001085471,51
TTC8:NM_001366536,10
EML5:NM_183387,23
ZC3H14:NM_001326311,36
PTPN21:NM_007039,13
SPATA7:NM_001040428,6
KCNK10:NM_021161,15
GPR65:NM_003608,1
GALC:NM_001201402,12
FLRT2:NM_001346146,7
SEL1L:NM_005065,25
STON2:NM_001366849,94
GTF2A1:NM_201595,9
NMNAT1P1:NMNAT1P1,0
TSHR:NM_000369,20
CEP128:NM_152446,60
DIO2:NM_000793,4
NRXN3:NM_001366425,183
ADCK1:NM_001142545,55
SNW1:NM_001318844,15
SLIRP:NM_001267863,6
ALKBH1:NM_006020,13
SPTLC2:NM_004863,44
ISM2:NM_199296,4
AHSA1:NM_001321441,11
VIPAS39:NM_001193314,12
NOXRED1:NM_001113475,4
SAMD15:NM_001010860,5
TMED8:NM_001346133,14
GSTZ1:NM_145871,7
POMT2:NM_013382,17
NGB:NM_021257,0
TMEM63C:NM_020431,11
ZDHHC22:NM_174976,1
CIPC:NM_033426,8
IRF2BPL:NM_024496,3
LRRC74A:NM_194287,2
ANGEL1:NM_001370747,14
VASH1:NM_014909,7
ESRRB:NM_004452,53
GPATCH2L:NM_017926,35
IFT43:NR_045664,24
TGFB3:NM_001329939,8
TTLL5:NM_015072,70
ERG28:NM_007176,4
FLVCR2:NM_017791,7
BATF:NM_006399,4
JDP2:NM_001135047,14
FOS:NM_005252,5
TMED10:NM_006827,17
NEK9:NM_001329237,23
ZC2HC1C:NM_001042430,7
ACYP1:NM_001302617,5
MLH3:NM_001040108,17
EIF2B2:NM_014239,14
PGF:NM_001207012,3
RPS6KL1:NM_031464,9
DLST:NM_001933,20
PROX2:NM_001384314,7
YLPM1:NM_019589,34
FCF1:NM_015962,4
AREL1:NM_001039479,28
LTBP2:NM_000428,22
ISCA2:NM_001272007,4
NPC2:NM_001363688,6
SYNDIG1L:NM_001105579,5
VRTN:NM_018228,4
ABCD4:NM_020325,14
VSX2:NM_182894,3
LIN52:NM_001372006,28
ALDH6A1:NM_001278594,9
BBOF1:NM_025057,8
ENTPD5:NM_001382262,25
COQ6:NM_182480,9
FAM161B:NM_152445,13
ZNF410:NM_001242927,36
PTGR2:NM_001371327,8
MIDEAS:NM_001043318,57
PNMA1:NM_006029,3
DNAL1:NM_031427,3
ACOT6:NM_001365789,0
ACOT4:NM_152331,0
ACOT2:NR_046028,0
RIOX1:NM_024644,5
ACOT1:NM_001037161,0
HEATR4:NM_001220484,13
NUMB:NM_001320114,60
PAPLN:NM_173462,12
PSEN1:NM_007318,32
RBM25:NM_021239,30
ZFYVE1:NM_021260,12
DCAF4:NM_001352448,14
DPF3:NM_001280542,62
RGS6:NM_001204423,78
SIPA1L1:NM_001354287,92
PCNX1:NM_001308160,20
MAP3K9:NM_033141,21
TTC9:NM_015351,2
MED6:NM_001284209,11
ADAM20:NM_003814,1
ADAM21:NM_003813,0
SYNJ2BP:NM_018373,4
COX16:NM_016468,6
SYNJ2BP-COX16:NM_001202547,10
SLC8A3:NM_033262,26
SMOC1:NM_022137,34
SLC10A1:NM_003049,8
SRSF5:NM_006925,4
SUSD6:NM_014734,57
CCDC177:NM_001271507,0
PLEKHD1:NM_001161498,11
SLC39A9:NM_001252152,22
ERH:NM_004450,13
GALNT16:NM_020692,18
EXD2:NM_018199,10
DCAF5:NM_001284206,48
ACTN1:NM_001130004,57
ZFP36L1:NM_001244701,8
RAD51B:NM_001321818,146
ZFYVE26:NM_015346,46
RDH12:NM_152443,3
RDH11:NM_016026,17
VTI1B:NM_006370,14
ARG2:NM_001172,13
PIGH:NM_001363694,6
PLEKHH1:NM_020715,24
TMEM229B:NM_001348546,10
PLEK2:NM_016445,4
EIF2S1:NM_004094,18
ATP6V1D:NM_015994,4
PALS1:NM_001256550,11
GARIN2:NM_173526,4
GPHN:NM_001024218,77
CCDC196:NM_001351576,2
FUT8:NM_178156,50
MAX:NM_197957,57
FNTB:NM_002028,30
RAB15:NM_001330182,9
GPX2:NM_002083,4
CHURC1:NM_001204064,6
CHURC1-FNTB:NM_001202559,50
SPTB:NM_001355436,64
PLEKHG3:NM_001308147,5
PPP1R36:NM_172365,5
HSPA2:NM_001387931,1
ZBTB1:NM_014950,6
AKAP5:NM_004857,3
ZBTB25:NM_001304508,27
MTHFD1:NM_001364837,44
ESR2:NM_001291712,13
SYNE2:NM_015180,42
SGPP1:NM_030791.4_2,6
WDR89:NM_001258272,14
PPP2R5E:NM_006246,29
GPHB5:NM_145171,3
RHOJ:NM_020663,8
KCNH5:NM_139318,34
SYT16:NM_001367650,36
SNAPC1:NM_003082,15
HIF1A:NM_181054,18
TMEM30B:NM_001017970,1
PRKCH:NM_006255,26
SLC38A6:NM_001172702,19
TRMT5:NM_001350253,5
MNAT1:NM_001177963,41
SIX4:NM_017420,11
SIX1:NM_005982,2
SIX6:NM_007374,0
C14orf39:NM_174978,2
PPM1A:NM_177952,14
DHRS7:NM_001322280,7
PCNX4:NM_001330177,18
LRRC9:NM_001355272,7
RTN1:NM_021136,32
CCDC175:NM_001164399,8
JKAMP:NM_001098625,8
L3HYPDH:NM_001331158,5
GPR135:NM_022571,3
DAAM1:NM_001270520,47
DACT1:NR_046093,1
KIAA0586:NM_001244191,41
TIMM9:NM_012460,9
TOMM20L:NM_207377,6
ARID4A:NM_023001,14
PSMA3:NM_152132,13
ACTR10:NM_018477,11
ARMH4:NM_001001872,17
SLC35F4:NM_001352014,30
CCDC198:NM_001283058,5
NAA30:NM_001011713,6
AP5M1:NM_018229,6
EXOC5:NM_006544,21
OTX2:NM_001270524,3
TMEM260:NM_017799,15
PELI2:NM_021255,40
KTN1:NR_073128,32
TBPL2:NM_199047,1
ATG14:NM_014924,14
FBXO34:NM_017943,22
DLGAP5:NM_001146015,26
LGALS3:NM_002306,12
MAPK1IP1L:NM_144578,4
SOCS4:NM_080867,13
WDHD1:NM_007086,37
GCH1:NM_000161,11
SAMD4A:NM_015589,62
CGRRF1:NM_006568,6
GMFB:NM_004124,2
CNIH1:NM_005776,14
CDKN3:NM_001130851,4
BMP4:NM_130850,1
DDHD1:NM_001160147,22
FERMT2:NM_001134999,8
GNPNAT1:NM_198066,6
STYX:NM_001130701,12
PSMC6:NM_002806,14
ERO1A:NM_001382472,8
GPR137C:NM_001099652,9
TXNDC16:NM_020784,34
PTGER2:NM_000956,2
PTGDR:NM_000953,1
NID2:NM_007361,12
RTRAF:NM_016039,8
GNG2:NM_001389707,10
FRMD6:NM_001042481,28
TMX1:NM_030755,6
TRIM9:NM_001387360,8
PYGL:NM_002863,21
ABHD12B:NM_181814,10
NIN:NM_020921,38
SAV1:NM_021818,7
ATL1:NM_001127713,16
MAP4K5:NM_198794,25
CDKL1:NM_001367064,16
DMAC2L:NM_001382509,3
L2HGDH:NM_024884,17
SOS2:NM_006939,27
VCPKMT:NM_024558,7
ARF6:NM_001663,2
NEMF:NM_004713,28
KLHDC2:NM_014315,11
KLHDC1:NM_172193,1
POLE2:NM_001348385,20
DNAAF2:NM_018139,3
MGAT2:NM_002408,1
RPL36AL:NM_001001,1
LRR1:NM_203467,7
RPS29:NM_001030001,9
MDGA2:NM_001113498,51
RPL10L:NM_080746,0
MIS18BP1:NM_018353,22
FANCM:NM_001308133,14
FKBP3:NM_002013,9
PRPF39:NM_017922,11
TOGARAM1:NM_015091,35
KLHL28:NM_017658,5
C14orf28:NM_001017923,1
FSCB:NM_032135,1
LRFN5:NM_001346175,20
FBXO33:NM_203301,7
MIA2:NM_001354145,14
PNN:NM_002687,4
TRAPPC6B:NM_001079537,9
GEMIN2:NM_001009182,11
SEC23A:NM_006364,13
CLEC14A:NM_175060,1
SSTR1:NM_001049,1
TTC6:NM_001310135,23
FOXA1:NM_004496,2
MIPOL1:NM_138731,41
SLC25A21:NM_030631,81
PAX9:NM_006194,2
NKX2-8:NM_014360,0
NKX2-1:NM_001079668,2
SFTA3:NR_161365,8
MBIP:NM_016586,7
BRMS1L:NM_032352,12
RALGAPA1:NM_001346249,38
INSM2:NM_032594,0
NFKBIA:NM_020529,2
PSMA6:NM_001282234,14
PRORP:NM_001256679,34
PPP2R3C:NM_001305156,10
FAM177A1:NM_001079519,17
SRP54:NM_001146282,11
BAZ1A:NM_013448,52
CFL2:NM_001243645,3
SNX6:NM_021249,27
EAPP:NM_018453,10
SPTSSA:NM_138288,5
EGLN3:NM_022073,15
NPAS3:NM_022123,97
AKAP6:NM_004274,55
ARHGAP5:NM_001173,21
NUBPL:NM_025152,38
GPR33:NM_001197184,0
DTD2:NM_080664,2
HEATR5A:NM_015473,33
HECTD1:NM_015382,53
AP4S1:NM_001254729,11
STRN3:NM_001083893,43
COCH:NM_004086,9
SCFD1:NM_182835,23
G2E3:NM_001308097,12
PRKD1:NM_001330069,26
FOXG1:NM_005249,2
NOVA1:NM_001366391,11
STXBP6:NM_001394414,17
GZMB:NM_001346011,0
GZMH:NM_033423,1
CTSG:NM_001911,2
CMA1:NM_001836,3
SDR39U1:NM_001290292,6
CBLN3:NM_001039771,0
KHNYN:NM_001290256,9
NYNRIN:NM_025081,6
NFATC4:NM_001198967.3_2,7
RIPK3:NM_006871.4_2,1
ADCY4:NM_001198568.2_2,6
LTB4R:NM_001143919.3_2,7
LTB4R2:NM_019839.5_2,5
CIDEB:NM_001393334.1_2,9
DHRS1:NM_001136050.3_2,8
NOP9:NM_001286367.2_2,8
RABGGTA:NM_004581.5_2,3
TGM1:NM_000359.3_2,4
TINF2:NM_012461.3_2,6
GMPR2:NM_001002001.3_2,10
NEDD8:NM_006156.3_2,6
MDP1:NM_001199822.2_2,1
NEDD8-MDP1:NM_001199823.3_2,6
CHMP4A:NM_014169.5_2,3
TSSK4:NM_001308067.2_2,5
TM9SF1:NM_006405.7_2,9
IPO4:NM_024658.4_2,19
REC8:NM_005132.3_2,4
IRF9:NM_001385402.1_2,4
RNF31:NM_001310332.2_2,15
PSME2:NM_002818.3_2,3
EMC9:NM_001346877.2_2,3
PSME1:NM_001281529.2_2,3
FITM1:NM_203402.3_2,0
DCAF11:NM_001163484.2_2,8
PCK2:NM_004563.4_2,11
NRL:NM_001354768.3_2,13
CPNE6:NM_001385057.1_2,3
CARMIL3:NM_138360.4_2,1
DHRS4L2:NM_001193637.1_2,1
DHRS4:NM_001282991.2_2,1
DHRS2:NM_001318835,6
JPH4:NM_032452,3
AP1G2:NM_001354681,13
ZFHX2:NM_033400,9
NGDN:NM_015514,7
MYH7:NM_000257,10
MYH6:NM_002471,7
CMTM5:NM_001288745,1
IL25:NM_172314,1
EFS:NM_005864,0
SLC22A17:NM_020372,2
PABPN1:NM_004643,6
BCL2L2:NM_004050,13
BCL2L2-PABPN1:NM_001199864,19
PPP1R3E:NM_001276318,4
HOMEZ:NM_020834,6
RNF212B:NM_001370218,15
SLC7A8:NM_012244,27
CEBPE:NM_001805,2
CIROP:NM_001354640,5
C14orf119:NM_017924,4
ACIN1:NM_014977,43
CDH24:NM_022478,10
PSMB11:NM_001099780,0
PSMB5:NM_001130725,13
C14orf93:NM_001130706,14
AJUBA:NM_032876,7
HAUS4:NM_001166269,7
PRMT5:NM_001039619,19
RBM23:NM_001352765,30
REM2:NM_173527,5
LRP10:NM_001329226,14
MMP14:NM_004995,8
MRPL52:NM_180982,6
SLC7A7:NM_001126106,18
OXA1L:NM_005015,19
OR6J1:NM_001348233,2
ABHD4:NM_022060,4
DAD1:NM_001344,13
OR4E1:NM_001317107,1
OR4E2:NM_001001912,0
OR10G2:NM_001005466,1
OR10G3:NM_001005465,2
SALL2:NM_005407,6
METTL3:NM_019852,14
TOX4:NM_001303523,8
RAB2B:NM_032846,7
CHD8:NM_001170629,38
SUPT16H:NM_007192,17
RPGRIP1:NM_020366,13
HNRNPC:NM_031314,35
OR5AU1:NM_001004731,2
TMEM253:NM_001395466,3
ZNF219:NM_001102454,6
ARHGEF40:NM_001278530,10
RNASE8:NM_138331,1
RNASE7:NM_032572,1
RNASE13:NM_001012264,1
TPPP2:NM_173846,0
NDRG2:NM_001282211,15
SLC39A2:NM_001256588,2
METTL17:NM_022734,3
RNASE2:NM_002934,0
RNASE3:NM_002935,1
RNASE1:NM_198235,1
RNASE6:NM_005615,2
EDDM3B:NM_022360,0
EDDM3A:NM_006683,4
RNASE4:NM_001282193,1
ANG:NM_001145,0
OR6S1:NM_001001968,0
RNASE12:NM_001024822,1
RNASE11:NM_145250,1
RNASE9:NM_001110359,1
RNASE10:NM_001012975.3_2,3
PNP:NM_000270.4_2,6
PIP4P1:NM_001100814.3_2,9
APEX1:NM_080648.3_2,10
OSGEP:NM_017807.4_2,12
KLHL33:NM_001365790.2_2,4
TEP1:NM_007110.5_2,31
PARP2:NM_001042618.2_2,9
CCNB1IP1:NM_182852.4_2,14
TTC5:NM_138376.3_2,14
OR11H4:NM_001004479.2_2,1
OR11H6:NM_001004480.1_2,0
OR11G2:NM_001005503.2_2,1
OR4N5:NM_001004724.2_2,1
OR4K17:NM_001004715.5_2,6
OR4L1:NM_001004717.1_2,0
OR4K13:NM_001386029.1_2,0
OR4K14:NM_001004712.2_2,1
OR4K15:NM_001005486.2_2,0
OR4K5:NM_001005483.1_2,1
OR4K1:NM_001004063.3_2,0
OR4K2:NM_001005501.2_2,0
OR4N2:NM_001004723.3_2,5
OR4M1:NM_001005500,2
OR4Q3:NM_172194,0
OR11H2:NM_001197287,0
POTEG:NM_001005356,1
POTEM:NM_001145442,0
OR11H12:NM_001013354,0
CHAMP1:NM_001164145,4
UPF3A:NM_001353644,28
CDC16:NM_001330104,24
CFAP97D2:NM_001395229,3
RASA3:NM_001320821.2_2,72
C13orf46:NM_001365455.2_2,6
GAS6:NM_000820,19
TMEM255B:NM_001348663,20
ATP4B:NM_000705.4_2,1
GRK1:NM_002929.3_3,3
TFDP1:NR_026580,41
TMCO3:NM_001349743,38
DCUN1D2:NM_001014283,28
ADPRHL1:NM_001394807,12
GRTP1:NM_001286733,12
LAMP1:NM_005561,8
CUL4A:NM_001278513,52
PCID2:NM_001320660,35
PROZ:NM_003891,6
F10:NM_001312674,4
F7:NM_001267554,1
MCF2L:NM_001112732,29
ATP11A:NM_032189,86
TUBGCP3:NM_006322.6_2,46
SPACA7:NM_145248.5_2,6
SOX1:NM_005986,1
TEX29:NM_001303133,3
ARHGEF7:NM_001354048,85
ANKRD10:NM_017664,27
ING1:NM_198217,5
CARS2:NR_147941,39
NAXD:NR_040104,13
RAB20:NM_017817,18
COL4A2:NM_001846,32
COL4A1:NM_001845,16
IRS2:NM_003749,10
MYO16:NM_015011.3_2,74
TNFSF13B:NM_001145645,3
ABHD13:NM_032859,2
LIG4:NM_001352599,2
NALF1:NM_001080396,84
ARGLU1:NM_018011,17
EFNB2:NM_004093,7
DAOA:NM_001161814,6
SLC10A2:NM_000452,5
METTL21EP:NR_026965,0
ERCC5:NM_000123,14
BIVM-ERCC5:NM_001204425,29
BIVM:NM_001159596,15
POGLUT2:NM_001318732,6
TEX30:NM_138779,5
CCDC168:NM_001146197,6
METTL21C:NM_001010977,2
TPP2:NM_003291,34
FGF14:NM_001321938,60
ITGBL1:NM_001271754,31
NALCN:NM_001350748,37
TMTC4:NM_001350572,33
GGACT:NM_001195087,14
PCCA:NM_001352608,83
ZIC2:NM_007129,4
CLYBL:NM_001393360,44
TM9SF2:NM_004800,35
GPR183:NM_004951,6
GPR18:NM_005292,1
UBAC2:NM_001144072,76
DOCK9:NM_015296,82
SLC15A1:NM_005073,8
STK24:NM_001032296,55
RNF113B:NM_178861,0
FARP1:NM_001286839,44
IPO5:NM_002271,28
RAP2A:NM_021033,4
MBNL2:NM_001382696,72
OXGR1:NM_001346195,3
HS6ST3:NM_153456,65
UGGT2:NM_020121,52
DNAJC3:NM_006260,32
DZIP1:NM_198968,12
CLDN10:NM_001160100,21
ABCC4:NM_005845,125
SOX21:NM_007084,1
GPR180:NM_180989,10
TGDS:NM_001304430,7
DCT:NM_001322186,11
GPC6:NM_005708,208
GPC5:NM_004466,601
SLITRK5:NM_001384609,1
SLITRK6:NM_032229,0
SLITRK1:NM_001281503,0
SPRY2:NM_005842,1
NDFIP2:NM_001394685,16
RBM26:NM_001286631,33
OBI1:NM_024546,17
POU4F1:NM_006237,2
EDNRB:NM_000115,7
SLAIN1:NM_001242868,8
SCEL:NM_001160706,10
MYCBP2:NM_015057,70
FBXL3:NM_012158,10
CLN5:NM_006493,5
ACOD1:NM_001258406,2
KCTD12:NM_138444,0
LMO7:NM_005358,26
UCHL3:NM_001270952,19
COMMD6:NM_001287394,5
TBC1D4:NM_014832,39
KLF12:NM_001400139,59
KLF5:NM_001286818,4
PIBF1:NM_006346,56
DIS3:NM_001322349,14
BORA:NM_001366664,12
MZT1:NM_001071775,7
DACH1:NM_001366712,39
KLHL1:NM_020866,24
PCDH9:NM_203487,72
PCDH20:NM_022843,1
TDRD3:NM_030794,18
DIAPH3:NM_001042517,75
PCDH17:NM_001040429,6
PRR20E:NM_001130407,0
PRR20D:NM_001130406,0
PRR20C:NM_001130405,0
PRR20B:NM_001130404,0
PRR20A:NM_198441,0
OLFM4:NM_006418,2
PCDH8:NM_002590,1
CNMD:NM_007015,3
SUGT1:NM_006704,18
HNRNPA1L2:NM_001011725,6
CKAP2:NM_018204,9
VPS36:NM_016075,16
THSD1:NM_018676,2
NEK3:NM_002498,6
NEK5:NM_001365552,5
UTP14C:NM_021645,6
ALG11:NM_001004127,9
ATP7B:NM_000053,32
CCDC70:NM_031290,2
TMEM272:NM_001351003,4
DHRS12:NM_001377931,5
WDFY2:NM_052950,42
SERPINE3:NM_001386375,4
INTS6:NM_001306091,22
FAM124A:NM_001242312,9
C13orf42:NR_102431,16
RNASEH2B:NM_001142279,18
DLEU7:NM_198989,24
DLEU1-AS1:NR_125753,3
KCNRG:NM_173605,4
TRIM13:NM_005798,4
SPRYD7:NM_020456,10
KPNA3:NM_002267,21
EBPL:NM_032565,14
ARL11:NM_138450,0
RCBTB1:NM_001352500,12
PHF11:NM_001040443,5
SETDB2:NM_001393978,15
SETDB2-PHF11:NM_001320727,19
CAB39L:NM_001287337,6
CDADC1:NM_001193478,5
MLNR:NM_001507,1
FNDC3A:NM_001079673,34
CYSLTR2:NM_001308471,7
RCBTB2:NM_001352429,2
LPAR6:NM_005767,1
RB1:NM_000321,28
ITM2B:NM_021999,15
MED4:NM_014166,11
SUCLA2:NM_003850,15
HTR2A:NM_001378924,3
ESD:NM_001984,13
LRCH1:NM_001164213,52
RUBCNL:NM_025113,9
LRRC63:NM_001282460,4
LCP1:NM_002298,24
CPB2:NM_001872,4
ZC3H13:NM_001330566,35
SIAH3:NM_198849,8
CBY2:NM_001286341,3
ERICH6B:NM_182542,14
COG3:NM_031431,28
SLC25A30:NM_001286807,5
TPT1:NM_001286272,6
KCTD4:NM_198404,4
GTF2F2:NM_004128,59
GPALPP1:NM_001316952,16
NUFIP1:NM_012345,17
TSC22D1:NM_001243799,15
SERP2:NM_001346980,4
SMIM2:NM_024058,1
LACC1:NM_001128303,0
CCDC122:NM_144974,3
ENOX1:NM_001347966,70
DNAJC15:NM_013238,6
EPSTI1:NM_001002264,10
FAM216B:NM_182508,1
TNFSF11:NM_033012,8
AKAP11:NM_016248,22
DGKH:NM_001204504,49
VWA8:NM_015058,112
RGCC:NM_014059,3
NAA16:NM_024561,15
MTRF1:NM_001354073,20
KBTBD7:NM_032138,3
KBTBD6:NM_152903,2
WBP4:NM_007187,10
ELF1:NM_001370329,41
SLC25A15:NM_014252,12
MRPS31:NM_005830,10
FOXO1:NM_002015,24
COG6:NM_001145079,20
LHFPL6:NM_005780,27
NHLRC3:NR_073109,3
PROSER1:NM_025138,11
STOML3:NM_001144033,7
FREM2:NM_207361,16
UFM1:NM_001286703,5
TRPC4:NM_003306,22
POSTN:NM_006475,4
CSNK1A1L:NM_145203,1
SUPT20H:NM_001278482,28
EXOSC8:NM_181503,5
ALG5:NM_013338,23
SMAD9:NM_001127217,4
RFXAP:NM_000538,1
SERTM1:NM_203451,6
CCNA1:NM_001111047,1
SPART:NM_001142294,15
CCDC169:NM_001198908,13
SOHLH2:NM_017826,11
CCDC169-SOHLH2:NM_001198910,24
NMTRQ-TTG10-1:NMTRQ-TTG10-1,0
DCLK1:NM_001330072,43
MAB21L1:NM_005584,0
NBEA:NM_001379245,35
RFC3:NM_181558,21
STARD13:NM_001243476,50
KL:NM_004795,5
PDS5B:NM_015032,43
N4BP2L2:NM_001278432,20
N4BP2L1:NM_001353631,2
BRCA2:NM_000059,27
ZAR1L:NM_001136571,0
FRY:NM_023037,25
RXFP2:NM_001166058,4
B3GLCT:NM_194318,24
HSPH1:NM_001286504,13
TEX26:NM_001353390,8
MEDAG:NM_032849,2
ALOX5AP:NM_001204406,10
USPL1:NM_001321533,20
HMGB1:NM_001370340,27
UBE2L5:NM_001355247,1
KATNAL1:NM_032116,24
UBL3:NM_007106,11
SLC7A1:NM_003045,48
MTUS2:NM_001384605,88
SLC46A3:NM_181785,3
POMP:NM_015932,11
FLT1:NM_002019,41
PAN3:NM_175854,39
FLT3:NM_004119,18
URAD:NM_001105577,2
CDX2:NM_001265,0
PDX1:NM_000209,2
GSX1:NM_145657,1
POLR1D:NM_001206559,33
LNX2:NM_153371,19
MTIF3:NM_001166262,9
GTF3A:NM_002097,13
RASL11A:NM_206827,1
RPL21:NM_000982,4
USP12:NM_182488,26
GPR12:NM_005288,2
WASF3:NM_006646,17
CDK8:NM_001346501,31
RNF6:NM_183045,17
SHISA2:NM_001007538,2
ATP8A2:NM_016529.6_2,100
NUP58:NM_001008564,21
MTMR6:NM_001385230,17
AMER2:NM_152704,1
PABPC3:NM_030979,1
CENPJ:NM_018451,17
RNF17:NM_001184993,19
ATP12A:NM_001676,8
PARP4:NM_006437,21
C1QTNF9:NM_001303138,1
SPATA13:NM_001286792,52
C1QTNF9B:NR_104426,1
MIPEP:NM_005932,33
TNFRSF19:NM_001204459,10
SACS:NM_014363,23
SGCG:NM_001378244,13
NME1P1:NME1P1,0
FGF9:NM_002010,1
MICU2:NM_152726,24
ZDHHC20:NM_001330059,22
MRPL57:NM_024026,1
SKA3:NM_145061,8
SAP18:NM_005870,3
LATS2:NM_014572,15
XPO4:NM_001372061,50
EEF1AKMT1:NM_174928,8
IL17D:NM_001385225,5
IFT88:NM_001353574,21
CRYL1:NM_015974,18
GJB6:NM_001370092,1
GJB2:NM_004004,3
GJA3:NM_021954,3
ZMYM2:NM_001353159,31
ZMYM5:NM_001142684,17
PSPC1:NM_001354908,39
MPHOSPH8:NM_017520,22
TPTE2:NR_073485,4
TUBA3C:NM_006001,0
ANHX:NM_001372060,5
ZNF268:NM_001165881,15
ZNF10:NM_015394,17
ZNF891:NM_001277291,5
ZNF140:NM_001300776,7
ZNF84:NM_003428,14
ZNF26:NM_001256280,16
ZNF605:NM_183238,5
CHFR:NM_001161346,30
GOLGA3:NM_001389684,74
ANKLE2:NM_015114,42
PGAM5:NM_001170544,18
PXMP2:NM_018663,13
POLE:NM_006231,86
P2RX2:NM_174872,4
LRCOL1:NM_001195520,6
FBRSL1:NM_001382740,66
GALNT9:NM_001122636.2_2,27
NOC4L:NM_024078.3_2,12
DDX51:NM_175066.4_2,11
EP400:NM_015409,140
PUS1:NM_001002020,17
ULK1:NM_003565,14
MMP17:NM_016155,19
SFSWAP:NM_004592,104
ADGRD1:NM_198827,122
RAN:NM_001300796,9
STX2:NM_001351052,46
RIMBP2:NM_001393624,95
PIWIL1:NM_004764.5_2,8
FZD10:NM_007197,1
TMEM132D:NM_133448,140
GLT1D1:NM_001366888,17
SLC15A4:NM_145648,28
TMEM132C:NM_001136103,97
TMEM132B:NM_001366854,114
AACS:NM_001319840,50
BRI3BP:NM_080626,29
DHX37:NM_032656,62
UBC:NM_021009,3
SCARB1:NM_001367983,110
NCOR2:NM_006312,200
RFLNA:NM_181709,4
ZNF664:NM_001204298,43
ZNF664-RFLNA:NM_001347902,88
CCDC92:NM_001304958.2_2,16
DNAH10:NM_001372106.1_2,46
ATP6V0A2:NM_012463,50
TCTN2:NM_001143850,12
GTF2H3:NM_001271867,21
EIF2B1:NM_001414,26
DDX55:NM_020936,30
TMED2:NM_006815,12
RILPL1:NM_001319243,38
SNRNP35:NR_104103,13
RILPL2:NM_145058,13
KMT5A:NM_001367389,25
SBNO1:NM_001167856,55
CDK2AP1:NR_073007,9
MTRFR:NM_152269,16
MPHOSPH9:NM_022782,61
PITPNM2:NM_001384668,93
ARL6IP4:NM_001400284,10
OGFOD2:NM_001304837,10
ABCB9:NM_001243014,23
VPS37B:NM_024667,29
HIP1R:NM_003959,20
CCDC62:NM_201435,19
DENR:NM_003677,16
HCAR1:NM_032554,0
HCAR3:NM_006018,1
HCAR2:NM_177551,0
KNTC1:NM_014708,63
RSRC2:NM_023012,16
ZCCHC8:NM_001350936,19
CLIP1:NM_001247997,73
VPS33A:NM_001351019,12
DIABLO:NM_019887,17
B3GNT4:NM_001330492,4
IL31:NM_001014336,2
LRRC43:NM_152759,11
MLXIP:NM_014938.6_2,55
BCL7A:NM_001024808.3_2,29
CFAP251:NM_144668,47
PSMD9:NM_001261400,35
HPD:NM_001171993,6
SETD1B:NM_001353345,32
RHOF:NM_019034,9
TMEM120B:NM_001080825,38
MORN3:NM_001363685.2_2,6
ORAI1:NM_032790.3_2,6
KDM2B:NM_032590,72
RNF34:NM_001256858,20
ANAPC5:NM_001137559,42
CAMKK2:NM_006549,43
P2RX4:NM_001261397,14
P2RX7:NM_002562,11
OASL:NM_001395419,6
C12orf43:NM_001286191,21
HNF1A:NM_000545,9
SPPL3:NM_139015,48
ACADS:NM_001302554,6
UNC119B:NM_001080533,17
MLEC:NM_001303628,31
CABP1:NM_001033677,11
POP5:NM_015918,5
RNF10:NM_014868,39
COQ5:NM_032314,18
DYNLL1:NM_001037494,15
SRSF9:NM_003769,17
GATC:NM_176818,26
TRIAP1:NM_016399,3
COX6A1:NM_004373,5
MSI1:NM_002442,9
PLA2G1B:NM_000928,3
SIRT4:NM_001385735,5
NME2P1:NME2P1,1
PXN:NM_001385981,31
RPLP0:NM_053275,7
GCN1:NM_006836,111
RAB35:NM_006861,27
BICDL1:NM_001367886,20
CIT:NM_001206999,138
PRKAB1:NM_006253,32
TMEM233:NM_001136534,10
CCDC60:NM_178499,31
HSPB8:NM_014365,3
SRRM4:NM_194286,42
SUDS3:NM_022491,34
TAOK3:NM_001346491,91
PEBP1:NM_002567,6
VSIG10:NM_019086,12
WSB2:NM_001278557,21
RFC5:NM_001206801,25
KSR2:NM_173598,101
NOS1:NM_001204218,39
FBXO21:NM_033624,43
TESC:NM_017899,50
FBXW8:NM_012174,68
HRK:NM_003806,3
RNFT2:NM_032814,47
SPRING1:NM_024738,13
MAP1LC3B2:NM_001085481,4
MED13L:NM_015335,116
TBX3:NM_016569,1
TBX5:NM_000192,9
RBM19:NM_001146699,159
LHX5:NM_022363,1
SDSL:NM_001304993,4
SDS:NM_006843,3
PLBD2:NM_001159727,32
SLC8B1:NM_001358345,30
TPCN1:NM_017901,58
IQCD:NM_001330452,6
RITA1:NM_001286215,8
DDX54:NM_001111322,37
CFAP73:NM_001144872,6
RASAL1:NM_001394083,8
DTX1:NM_004416,11
OAS2:NM_016817,8
OAS3:NM_006187,8
OAS1:NM_001320151,7
RPH3A:NM_001347952,74
PTPN11:NM_001374625,58
RPL6:NM_001320141,11
HECTD4:NM_001109662,172
TRAFD1:NM_006700,27
NAA25:NM_024953,74
ERP29:NM_001034025,19
TMEM116:NR_122119,31
MAPKAPK5:NM_001371487,56
ALDH2:NM_001204889,33
ACAD10:NM_025247,38
BRAP:NM_006768,32
ATXN2:NM_001310121,102
SH2B3:NM_005475,42
PHETA1:NM_001177996,3
CUX2:NM_015267,88
MYL2:NM_000432,4
CCDC63:NM_001286244,15
PPP1CC:NM_002710,21
HVCN1:NM_001040107,10
TCTN1:NM_001319680,21
PPTC7:NM_139283,34
RAD9B:NM_001368056,12
VPS29:NM_001282150,10
FAM216A:NM_013300,10
GPN3:NM_001164372,11
ARPC3:NM_001278556,9
ANAPC7:NM_001385209,34
ATP2A2:NM_001681,80
IFT81:NM_001347947,27
C12orf76:NR_148514,12
ANKRD13A:NM_033121,22
GIT2:NM_001135213,46
TCHP:NM_001143852,22
GLTP:NM_016433,6
TRPV4:NM_021625,11
FAM222A:NM_032829,15
MVK:NM_001114185,28
MMAB:NM_052845,13
UBE3B:NM_183415,44
KCTD10:NM_001317395,43
MYO1H:NM_001101421,27
FOXN4:NM_213596,10
ACACB:NM_001093,50
UNG:NM_080911,19
ALKBH2:NM_001145374,10
USP30:NM_001301175,27
SVOP:NM_018711,13
DAO:NM_001917,8
SSH1:NM_018984,45
CORO1C:NM_014325,56
SELPLG:NM_003006,9
TMEM119:NM_181724,5
ISCU:NM_001301141,6
SART3:NM_014706,53
FICD:NM_007076,10
CMKLR1:NM_001142343,17
WSCD2:NM_014653,28
ASCL4:NM_203436,4
PRDM4:NM_012406,27
PWP1:NM_007062,28
BTBD11:NM_001347943,81
CRY1:NM_004075,24
MTERF2:NM_001033050,9
TMEM263:NM_001319661,13
RIC8B:NM_001351363,39
RFX4:NM_213594,33
POLR3B:NM_018082,64
TCP11L2:NM_152772,3
CKAP4:NM_006825,3
NUAK1:NM_014840,20
C12orf75:NM_001145199,6
APPL2:NM_001251904,36
WASHC4:NM_015275,27
ALDH1L2:NM_001034173,23
NOPCHAP1:NM_152318,20
SLC41A2:NM_001387126,32
CHST11:NM_001173982,184
EID3:NM_001008394,4
TXNRD1:NM_001093771,51
NFYB:NM_006166,15
HCFC2:NM_013320,20
GLT8D2:NM_001384721,13
TDG:NM_001363612,13
C12orf73:NM_001135570,11
HSP90B1:NM_003299,28
NT5DC3:NM_001031701,77
STAB2:NM_017564,48
C12orf42:NM_001386867,62
ASCL1:NM_004316,0
PAH:NM_001354304,18
IGF1:NM_001111283,19
PMCH:NM_002674,0
PARPBP:NM_001400878,24
NUP37:NM_024057,40
WASHC3:NM_001301107,19
DRAM1:NM_018370,14
GNPTAB:NM_024312,32
SYCP3:NM_001177949,3
CHPT1:NM_020244,14
MYBPC1:NM_001254722,6
SPIC:NM_152323,3
ARL1:NM_001301068,14
UTP20:NM_014503,65
SLC5A8:NM_145913.5_2,6
ANO4:NM_178826.4_2,46
GAS2L3:NM_001303130,11
NR1H4:NM_001206978,6
SLC17A8:NM_001145288,9
SCYL2:NM_001317784,18
DEPDC4:NM_001387206,11
ACTR6:NM_022496,15
UHRF1BP1L:NM_015054,21
GARIN6:NM_153364,2
ANKS1B:NM_152788,160
APAF1:NM_001160,34
IKBIP:NM_201612,14
SLC25A3:NM_002635,9
TMPO:NM_001032284,9
NEDD1:NM_001135176,13
CFAP54:NM_001306084,47
CDK17:NM_001170464,29
ELK3:NM_005230,22
LTA4H:NM_001256643,10
HAL:NM_002108,1
AMDHD1:NM_152435,5
CCDC38:NM_182496,15
SNRPF:NM_001394209,11
NTN4:NM_001329701,22
USP44:NM_032147,6
METAP2:NM_001317183,32
VEZT:NM_001352114,30
FGD6:NM_018351,43
NR2C1:NM_003297,23
NDUFA12:NM_018838,15
TMCC3:NM_020698,23
CEP83:NM_001346457,58
PLXNC1:NM_005761,44
CRADD:NM_001320100,76
SOCS2:NM_003877,8
MRPL42:NM_014050,21
UBE2N:NM_003348,15
NUDT4:NM_019094,14
EEA1:NM_003566,42
PLEKHG7:NM_001377329,13
BTG1:NM_001731,8
DCN:NM_001920,4
LUM:NM_002345,0
KERA:NM_007035,2
EPYC:NM_004950,2
CCER1:NM_152638,2
ATP2B1:NM_001366520,43
GALNT4:NM_003774,2
POC1B-GALNT4:NM_001199782,2
POC1B:NM_172240,26
DUSP6:NM_001946,0
KITLG:NM_000899,11
TMTC3:NM_001366583,11
CEP290:NM_025114,34
C12orf29:NM_001009894,10
C12orf50:NM_152589,2
MGAT4C:NM_001351285,77
NTS:NM_006183,0
RASSF9:NM_005447,4
ALX1:NM_006982,1
LRRIQ1:NM_001079910,21
TSPAN19:NM_001100917,5
SLC6A15:NM_182767,7
TMTC2:NM_001320321,34
METTL25:NM_032230,14
CCDC59:NR_033192,5
PPFIA2:NM_003625,67
ACSS3:NM_001330242,20
LIN7A:NM_004664,10
MYF5:NM_005593,1
MYF6:NM_002469,0
PTPRQ:NM_001145026,25
OTOGL:NM_001378609,30
PPP1R12A:NM_001143885,70
PAWR:NM_002583,13
SYT1:NM_001135805,66
NAV3:NM_014903,32
E2F7:NM_203394,22
CSRP2:NM_001321,2
ZDHHC17:NM_015336,29
OSBPL8:NM_001319652,69
BBS10:NM_024685,4
NAP1L1:NM_004537,27
PHLDA1:NM_007350,4
KRR1:NM_007043,19
GLIPR1:NM_006851,21
GLIPR1L2:NM_001270396,3
GLIPR1L1:NM_152779,4
CAPS2:NM_001286548,13
KCNC2:NM_001260497,17
ATXN7L3B:NM_001136262,4
TRHDE:NM_013381,52
TPH2:NM_173353,18
TBC1D15:NM_001385854,37
RAB21:NM_014999,17
TMEM19:NM_018279,6
THAP2:NM_031435,7
ZFC3H1:NM_144982,36
LGR5:NM_001277227,19
TSPAN8:NM_004616,3
PTPRR:NM_002849,45
PTPRB:NM_001109754,25
KCNMB4:NM_014505,14
CNOT2:NM_001199302,48
MYRFL:NM_182530,21
RAB3IP:NM_175624,17
BEST3:NM_001282614,11
LRRC10:NM_201550,2
CCT2:NM_006431,7
FRS2:NM_001278357,28
YEATS4:NM_001300950,17
LYZ:NM_000239,3
CPSF6:NM_007007,16
CPM:NM_001874,28
MDM2:NM_001145340,24
SLC35E3:NM_001354997,11
NUP107:NM_020401,41
RAP1B:NM_001251918,36
MDM1:NM_001354970,16
IL22:NM_020525,3
IL26:NM_018402,5
IFNG:NM_000619,1
DYRK2:NM_003583,5
CAND1:NM_018448,26
GRIP1:NM_001379349,98
HELB:NM_033647,8
IRAK3:NM_001142523,11
TMBIM4:NM_001282606,12
LLPH:NM_032338,11
HMGA2:NM_003483,30
MSRB3:NM_198080,17
LEMD3:NM_001167614,36
WIF1:NM_007191,12
TBC1D30:NM_001330187,27
GNS:NM_002076,36
RASSF3:NM_178169,38
TBK1:NM_013254,21
XPOT:NM_007235,23
C12orf56:NM_001170633,12
KICS2:NM_001300940,14
SRGAP1:NM_001346201,43
RXYLT1:NM_014254,12
DPY19L2:NM_173812,2
AVPR1A:NM_000706,1
PPM1H:NM_020700,113
MON2:NM_001278471,51
USP15:NM_001351160,69
TAFA2:NM_178539,67
SLC16A7:NM_001270622,22
LRIG3:NM_153377,7
ATP23:NM_001320409.2_2,10
CTDSP2:NM_005730,29
AVIL:NM_006576,24
TSFM:NM_001172697,15
EEF1AKMT3:NM_015433,7
METTL1:NM_005371,5
CYP27B1:NM_000785,8
MARCHF9:NM_138396,9
CDK4:NM_000075,9
TSPAN31:NM_001330168,9
AGAP2:NM_014770,5
OS9:NM_001261423,19
B4GALNT1:NM_001478,12
ARHGEF25:NM_001111270,3
DTX3:NM_001286245,3
PIP4K2C:NM_001146259,10
KIF5A:NM_001354705,35
DCTN2:NM_001348066,18
MBD6:NM_052897,16
DDIT3:NM_001195056,10
MARS1:NM_004990,43
ARHGAP9:NM_001319850,12
GLI1:NM_001160045,7
INHBE:NM_031479,1
INHBC:NM_005538,4
R3HDM2:NM_001351207,85
STAC3:NM_145064,3
NDUFA4L2:NM_020142,7
SHMT2:NM_001166356,7
NXPH4:NM_007224,8
LRP1:NM_002332,33
STAT6:NM_001178078,21
NAB2:NM_001330305,11
NEMP1:NM_001130963,23
MYO1A:NM_001256041,7
TAC3:NM_013251,5
ZBTB39:NM_014830,25
GPR182:NM_007264,10
RDH16:NM_003708,3
SDR9C7:NM_148897,2
HSD17B6:NM_003725,6
PRIM1:NM_000946,25
NACA:NM_001113201,26
PTGES3:NM_001282604,14
ATP5F1B:NM_001686,16
BAZ2A:NM_001351156,56
RBMS2:NM_002898,21
GLS2:NM_001280796,11
SPRYD4:NM_207344,11
MIP:NM_012064,1
TIMELESS:NM_003920,37
APOF:NM_001638,3
STAT2:NM_005419,34
IL23A:NM_016584,8
PAN2:NM_001394699,22
CNPY2:NM_014255,8
CS:NM_004077,33
COQ10A:NM_144576,3
ANKRD52:NM_173595,28
SLC39A5:NM_173596,11
NABP2:NM_024068,4
RNF41:NM_194358,19
SMARCC2:NM_001330288,36
MYL6:NM_079423,7
MYL6B:NM_002475,7
ESYT1:NM_015292,32
ZC3H10:NM_032786,11
RPL41:NM_021104,5
PA2G4:NM_006191,18
ERBB3:NM_001982,4
RPS26:NM_001029,7
IKZF4:NM_001351091,27
SUOX:NM_001032387,14
RAB5B:NM_001252036,21
CDK2:NM_001290230,7
PMEL:NM_006928,8
DGKA:NM_001345,9
PYM1:NM_032345,15
MMP19:NM_002429,4
DNAJC14:NM_001394689,16
ORMDL2:NM_014182,11
SARNP:NR_026723,52
GDF11:NM_005811,18
CD63:NM_001257389,6
RDH5:NM_002905,10
BLOC1S1:NM_001487,5
BLOC1S1-RDH5:NR_037658,11
ITGA7:NM_001367993,8
METTL7B:NM_152637,0
OR10P1:NM_206899,0
OR2AP1:NM_001258285,2
OR6C4:NM_001385975,1
OR6C68:NM_001005519,1
OR6C70:NM_001005499,0
OR6C2:NM_054105,2
OR6C76:NM_001005183,1
OR6C65:NM_001005518,0
OR6C75:NM_001005497,0
OR6C3:NM_054104,0
OR6C1:NM_001005182,4
OR6C6:NM_001005493,0
OR6C74:NM_001005490,2
OR10A7:NM_001005280,1
OR9K2:NM_001005243,1
NEUROD4:NM_021191,3
TESPA1:NM_001351149,5
MUCL1:NM_058173,2
DCD:NM_001300854,2
LACRT:NM_033277,0
PPP1R1A:NM_006741,5
PDE1B:NM_000924,12
NCKAP1L:NM_005337,24
GTSF1:NM_144594,17
ITGA5:NM_002205,35
ZNF385A:NM_001130967,38
GPR84:NM_020370,3
COPZ1:NM_001271734,18
NFE2:NM_001261461,17
HNRNPA1:NM_002136,7
CBX5:NM_012117,27
SMUG1:NM_001351254,14
HOXC6:NM_153693,6
HOXC4:NM_014620,15
HOXC8:NM_022658,2
HOXC9:NM_006897,5
HOXC10:NM_017409,5
HOXC11:NM_014212,1
HOXC12:NM_173860,2
HOXC13:NM_017410,5
CALCOCO1:NM_020898,10
ATP5MC2:NM_001369754,16
ATF7:NR_073163,53
NPFF:NM_001320296,7
ATF7-NPFF:NM_001366559,54
TARBP2:NM_004178,12
MAP3K12:NM_001193511,25
PCBP2:NM_001128914,56
PRR13:NM_001005354,10
AMHR2:NM_001164691,7
SP1:NM_001251825,18
SP7:NM_001300837.2_2,4
AAAS:NM_015665.6_2,17
MYG1:NM_021640.4_2,21
PFDN5:NM_145897.3_2,13
ESPL1:NM_012291.5_2,33
MFSD5:NM_001170790,1
RARG:NM_000966,11
ITGB7:NM_000889,10
ZNF740:NM_001004304,21
CSAD:NM_001244705,7
SOAT2:NM_003578,5
IGFBP6:NM_002178,2
SPRYD3:NM_032840,11
TNS2:NM_198316,9
EIF4B:NM_001330654,42
KRT18:NM_199187,11
KRT8:NM_001256293,34
KRT78:NM_173352,3
KRT79:NM_175834,3
KRT4:NM_002272,3
KRT3:NM_057088,2
KRT76:NM_015848,4
KRT77:NM_175078,3
KRT1:NM_006121,4
KRT2:NM_000423,4
KRT73:NM_175068,3
KRT72:NM_080747,3
KRT74:NM_175053,7
KRT71:NM_033448,3
KRT5:NM_000424,2
KRT6A:NM_005554,0
KRT6C:NM_173086,0
KRT6B:NM_005555,1
KRT75:NM_004693,4
KRT82:NM_033033,3
KRT84:NM_033045,2
KRT85:NM_002283,5
KRT83:NM_002282,4
KRT81:NM_002281,2
KRT86:NM_001320198,9
KRT7:NM_005556,4
KRT80:NM_001081492,3
SMIM41:NM_001369216,7
ATG101:NM_001098673,8
NR4A1:NM_001202233,15
TAMALIN:NM_181711,4
ACVR1B:NM_004302,23
ACVRL1:NM_000020,2
ANKRD33:NM_001304460,3
FIGNL2:NM_001384996,9
TMDD1:NM_001386737,0
SCN8A:NM_001369788,49
SLC4A8:NM_001258401,27
GALNT6:NM_007210,23
CELA1:NM_001971,5
BIN2:NM_001290007,7
SMAGP:NM_001031628,15
DAZAP2:NM_001136269,15
POU6F1:NM_001330422,13
TFCP2:NM_005653,39
CSRNP2:NM_030809,12
LETMD1:NM_001351337,15
SLC11A2:NM_001379446,32
HIGD1C:NM_001109619,5
METTL7A:NM_014033,3
TMPRSS12:NM_182559,8
ATF1:NM_005171,32
DIP2B:NM_173602,128
LARP4:NM_001352315,42
FAM186A:NM_001145475,9
LIMA1:NM_001394887,24
CERS5:NM_001331069,24
COX14:NM_032901,10
GPD1:NM_001257199,7
SMARCD1:NM_139071,15
ASIC1:NM_001095,8
RACGAP1:NM_001126104,18
AQP6:NM_001652,4
AQP5:NM_001651,1
AQP2:NM_000486,3
FAIM2:NM_012306,13
BCDIN3D:NM_181708,4
NMTRQ-TTG6-1:NMTRQ-TTG6-1,2
NCKAP5L:NM_001368048,13
TMBIM6:NM_003217,29
FMNL3:NM_001367835,31
PRPF40B:NM_001379037,17
FAM186B:NR_027450,12
MCRS1:NM_006337,11
KCNH3:NM_001314030,12
SPATS2:NM_001293286,36
DNAJC22:NM_024902,3
C1QL4:NM_001008223,0
TROAP:NM_005480,10
PRPH:NM_006262,2
TUBA1C:NM_001303117,21
TUBA1A:NM_001270399,2
TUBA1B:NM_006082,7
LMBR1L:NM_001300750,14
DHH:NM_021044,6
RHEBL1:NM_001303126,2
KMT2D:NM_003482,68
PRKAG1:NM_001206710,17
DDN:NM_015086,5
WNT1:NM_005430,2
WNT10B:NM_003394,7
ARF3:NM_001659,31
FKBP11:NM_016594,6
CCDC65:NM_001286957,7
RND1:NM_014470,7
DDX23:NM_004818,20
CACNB3:NM_001206917,9
ADCY6:NM_015270,12
TEX49:NM_001351123,11
CCNT1:NM_001240,27
KANSL2:NM_017822,33
LALBA:NM_001384350,0
OR5BS1P:NM_001396061,0
OR8S1:NM_001390849,2
ANP32D:NM_012404,0
C12orf54:NM_152319,5
ZNF641:NM_001365804,15
H1-7:NM_181788,1
OR10AD1:NM_001004134,2
CCDC184:NM_001013635,1
ASB8:NM_001319296,9
PFKM:NM_001354747,25
SENP1:NM_001267594,42
COL2A1:NM_001844,7
TMEM106C:NM_001143841,7
VDR:NM_001374661,24
HDAC7:NM_001368046,38
SLC48A1:NM_017842,21
RAPGEF3:NM_001098531,10
ENDOU:NM_001172439,4
RPAP3:NM_024604,17
PCED1B:NM_001281429,26
AMIGO2:NM_181847,1
SLC38A4:NM_018018,12
SLC38A2:NM_018976,17
SLC38A1:NM_001278387,71
SCAF11:NM_004719,20
ARID2:NM_152641,72
ANO6:NM_001142679,73
DBX2:NM_001004329,5
NELL2:NM_001145110,49
TMEM117:NM_001286213,65
TWF1:NM_001242397,8
IRAK4:NM_001145258,11
PUS7L:NM_001098615,18
ADAMTS20:NM_025003,24
PRICKLE1:NM_153026,21
PPHLN1:NM_001364825,39
ZCRB1:NM_033114,4
YAF2:NM_001190979,17
GXYLT1:NM_173601,5
PDZRN4:NM_001164595,43
CNTN1:NM_001843,47
MUC19:NM_173600,27
LRRK2:NM_198578,16
SLC2A13:NM_052885,49
C12orf40:NR_135051,27
ABCD2:NM_005164,6
KIF21A:NM_001378439,26
CPNE8:NM_153634,27
ALG10B:NM_001308340,2
ALG10:NM_032834,2
SYT10:NM_198992,14
PKP2:NM_004572,19
YARS2:NM_001040436,6
DNM1L:NM_005690,18
FGD4:NM_001384126,38
BICD1:NM_001354188,57
RESF1:NM_018169,47
H3-5:NM_001013699,0
AMN1:NR_103523,20
ETFBKMT:NM_001135864,4
DENND5B:NM_144973,46
SINHCAF:NM_001135811.2_2,34
DDX11:NM_001257145,6
TSPAN11:NM_001370302,24
CAPRIN2:NM_001385518,12
IPO8:NM_006390,20
TMTC1:NM_175861,37
OVCH1:NM_001353179,6
ERGIC2:NM_016570,16
FAR2:NM_001271783,24
CCDC91:NM_001352087,76
PTHLH:NM_198965,1
KLHL42:NM_020782,16
MANSC4:NM_001146221,5
MRPS35:NM_001190864,20
REP15:NM_001029874,1
PPFIBP1:NM_001198915,24
SMCO2:NM_001387218,10
ARNTL2:NM_001394529,25
STK38L:NM_015000,21
C12orf71:NM_001384983,0
MED21:NM_001271811,6
TM7SF3:NM_016551,23
FGFR1OP2:NM_001171887,13
INTS13:NM_018164,13
ITPR2:NM_002223,122
SSPN:NM_001135823,4
BHLHE41:NM_030762,4
RASSF8:NM_007211,23
LMNTD1:NM_001352232,20
KRAS:NM_033360,10
ETFRF1:NM_001001660,4
DNAI7:NM_001352066,9
IRAG2:NM_001394803,15
BCAT1:NM_005504,68
SOX5:NM_001261414,200
ETNK1:NM_018638,24
C2CD5:NM_001385333,24
ST8SIA1:NM_003034,18
CMAS:NM_018686,10
ABCC9:NM_001377273,8
KCNJ8:NM_004982,13
LDHB:NM_001174097,14
GYS2:NM_021957,8
SPX:NM_030572,2
GOLT1B:NM_016072,7
RECQL:NM_002907,13
PYROXD1:NM_001350913,7
IAPP:NM_001329201,3
SLCO1A2:NM_001386881,15
SLCO1B1:NM_006446,2
SLCO1B3-SLCO1B7:NM_001371097,24
SLCO1B3:NM_019844,5
SLCO1C1:NM_001145945,5
PDE3A:NM_001378407,25
AEBP2:NM_001363736,24
PLEKHA5:NM_001385948,50
CAPZA3:NM_033328,0
PLCZ1:NM_001330774,10
PIK3C2G:NM_001288774,34
RERGL:NM_024730,2
LMO3:NM_001243609,11
MGST1:NM_001267598,5
SLC15A5:NM_001170798,9
DERA:NM_001300779,23
STRAP:NM_007178,10
EPS8:NM_004447,11
PTPRO:NM_002848,25
RERG:NM_032918,10
PDE6H:NM_006205,0
ARHGDIB:NM_001321420,3
ERP27:NM_152321,1
MGP:NM_001190839,2
ART4:NM_021071,6
SMCO3:NM_001013698,3
WBP11:NM_016312,7
H2AJ:NR_027716,0
H4-16:NM_175054,1
C12orf60:NM_175874,5
GUCY2C:NM_004963,7
PLBD1:NM_024829,18
ATF7IP:NM_001286514,40
GRIN2B:NM_000834,72
EMP1:NM_001423,4
GSG1:NM_001367361,5
FAM234B:NM_020853,11
HEBP1:NM_015987,11
GPRC5D:NM_018654,6
GPRC5A:NM_003979,4
DDX47:NM_201224,7
APOLD1:NM_001130415,14
CDKN1B:NM_004064,3
GPR19:NM_006143,5
CREBL2:NM_001310,12
DUSP16:NM_030640.3_2,27
BORCS5:NM_001300742.3_2,22
MANSC1:NM_018050.4_2,2
LRP6:NM_002336.3_2,38
BCL2L14:NM_001370268.1_2,8
ETV6:NM_001987,75
PRB2:NM_006248.4_2,0
PRB4:NM_002723.6_2,0
PRB3:NM_001394862.1_2,0
TAS2R42:NM_181429.2_2,1
SMIM10L1:NM_001271592.2_3,4
TAS2R30:NM_001097643.2_3,0
TAS2R43:NM_176884.2_2,0
TAS2R46:NM_176887.2_3,0
TAS2R31:NM_176885.2_3,0
TAS2R19:NM_176888.2_3,0
TAS2R20:NM_176889.4_3,0
TAS2R50:NM_176890.2_3,0
TAS2R14:NM_023922.2_3,2
PRH1-TAS2R14:NM_001316893.2_3,38
PRH2:NM_001110213.1_3,1
TAS2R13:NM_023920.2_3,2
PRH1:NM_001291314.2_3,47
PRR4:NM_007244.3_3,2
TAS2R10:NM_023921.2_3,0
TAS2R9:NM_023917.2_3,0
TAS2R8:NM_023918.3_3,0
TAS2R7:NM_023919.2_3,0
YBX3:NM_003651,10
STYK1:NM_018423,4
MAGOHB:NM_018048,3
EIF2S3B:NM_001357731,2
KLRC1:NM_001304448,0
KLRC2:NM_002260,0
KLRC3:NM_002261,0
KLRC4:NM_013431,0
KLRK1:NM_007360,2
KLRC4-KLRK1:NM_001199805,4
KLRD1:NM_001351060,9
GABARAPL1:NM_031412,2
TMEM52B:NM_001384898,3
OLR1:NM_002543,1
CLEC7A:NM_197947,1
CLEC1A:NM_001297750,4
CLEC9A:NM_207345,6
CLEC12B:NM_001319241,1
CLEC1B:NM_001393342,2
CLEC12A:NM_001207010,2
KLRF2:NM_001190765,0
CLEC2A:NM_207375,5
CLEC2B:NM_005127,5
CD69:NM_001781,5
CLEC2D:NM_001197319,8
KLRB1:NM_002258,2
PZP:NM_002864,12
A2M:NM_001347423,6
KLRG1:NM_001329103,20
M6PR:NM_002355,6
PHC1:NM_004426,11
A2ML1:NM_144670,7
RIMKLB:NR_147945,22
MFAP5:NM_003480,4
AICDA:NM_020661,3
CLEC4E:NM_014358,1
CLEC4D:NM_080387,1
CLEC6A:NM_001317999,3
FAM90A1:NM_018088,1
ZNF705A:NM_001004328,1
CLEC4A:NM_194448,4
NECAP1:NM_015509,2
C3AR1:NM_001326477,1
FOXJ2:NM_018416,10
SLC2A3:NM_006931,11
SLC2A14:NM_001286237,7
NANOG:NM_024865,2
NANOGNB:NM_001145465,1
CLEC4C:NM_001371391,4
DPPA3:NM_199286,0
GDF3:NM_020634,2
APOBEC1:NM_001304566,1
CD163:NM_004244,2
CD163L1:NM_001297650,10
ACSM4:NM_001080454,5
PEX5:NM_001131026.2_2,16
CLSTN3:NM_014718.4_2,13
RBP5:NM_001329454.2_2,5
C1RL:NM_001297642.2_2,9
C1R:NM_001733.7_2,1
C1S:NM_001734,2
LPCAT3:NM_005768,28
EMG1:NR_135131,21
PHB2:NM_001267700,13
PTPN6:NM_080548,4
C12orf57:NM_001301836,1
ATN1:NM_001007026,12
ENO2:NM_001975,11
LRRC23:NM_006992,5
SPSB2:NM_001319670,5
TPI1:NM_001159287,7
USP5:NM_001382589,14
CDCA3:NM_001297603,14
GNB3:NM_001297571,14
P3H3:NM_014262,7
GPR162:NM_014449,2
CD4:NM_001195017,1
LAG3:NM_002286,6
PTMS:NM_002824,8
MLF2:NM_001382225,8
COPS7A:NM_016319,3
PIANP:NM_001244014,2
ZNF384:NM_001385799,19
ING4:NM_001127582,6
ACRBP:NM_032489,8
LPAR5:NM_020400,14
CHD4:NM_001273,43
NOP2:NM_001033714,17
IFFO1:NM_001039670,8
GAPDH:NM_001357943,10
NCAPD2:NM_014865,46
MRPL51:NM_016497,0
VAMP1:NM_199245,8
TAPBPL:NR_147126,7
CD27:NM_001242,5
LTBR:NM_001270987,8
SCNN1A:NM_001159575,11
TNFRSF1A:NM_001346092,11
PLEKHG6:NM_001384604,9
CD9:NM_001330312,7
VWF:NM_000552,25
ANO2:NM_001278597,55
NTF3:NM_001102654,6
KCNA5:NM_002234,0
KCNA1:NM_000217,4
GALNT8:NM_017417,5
NDUFA9:NM_005002,24
AKAP3:NM_001278309,4
DYRK4:NM_001394779,16
RAD51AP1:NM_006479,12
C12orf4:NM_020374,13
FGF6:NM_020996,2
FGF23:NM_020638,4
TIGAR:NM_020375,5
CCND2:NM_001759,33
PARP11:NM_001286522,2
CRACR2A:NM_001144958,66
PRMT8:NM_001256536,28
TSPAN9:NM_001168320,42
TEAD4:NM_201441,44
TULP3:NM_001160408,9
FOXM1:NM_202002,15
TEX52:NM_001365175,7
NRIP2:NM_031474,3
ITFG2:NR_147202,19
FKBP4:NM_002014,9
CACNA1C:NM_001129844.2_2,112
LRTM2:NM_001039029.3_2,8
CACNA2D4:NM_172364.5_2,20
ADIPOR2:NM_024551.3_2,29
WNT5B:NM_030775,16
FBXL14:NM_152441,16
ERC1:NM_178039.4_2,99
RAD52:NM_001297419,28
WNK1:NM_014823,54
NINJ2:NM_016533,16
B4GALNT3:NM_173593,27
CCDC77:NM_001130148,22
KDM5A:NM_001042603,41
SLC6A13:NM_016615,4
SLC6A12:NM_001122848,3
IQSEC3:NM_001170738.2_2,18
B3GAT1:NM_054025,14
GLB1L2:NM_138342,43
GLB1L3:NM_001080407,19
ACAD8:NM_014384,14
THYN1:NM_014174,15
VPS26B:NM_052875,41
NCAPD3:NM_001372070,106
JAM3:NM_001205329,31
IGSF9B:NM_001277285,18
SPATA19:NM_174927,3
OPCML:NM_001012393,278
NTM:NM_001048209,235
SNX19:NM_001347920,56
ADAMTS15:NM_139055,11
ADAMTS8:NM_007037,9
ZBTB44:NM_001370219,30
ST14:NM_021978,16
APLP2:NM_001382542,62
PRDM10:NM_020228,58
NFRKB:NM_001143835,63
TMEM45B:NM_138788,14
BARX2:NM_003658,22
ARHGAP32:NM_001378025,53
TP53AIP1:NM_001195195,6
KCNJ5:NM_000890,8
KCNJ1:NM_153767,10
FLI1:NM_001271012,32
ETS1:NM_001143820,27
KIRREL3:NM_032531,185
ST3GAL4:NM_001348398,28
DCPS:NM_014026,40
TIRAP:NM_001318777,14
FOXRED1:NM_017547,23
SRPRA:NM_003139,19
FAM118B:NM_001330446,39
RPUSD4:NM_032795,14
CDON:NM_001243597,23
VSIG10L2:NM_001365077,3
DDX25:NM_001330438,12
PUS3:NM_031307,9
HYLS1:NM_145014,11
PATE4:NM_001144874,0
PATE3:NM_001129883,1
PATE2:NM_212555,3
PATE1:NM_138294,5
ACRV1:NM_001612,12
CHEK1:NM_001114121,30
STT3A:NM_001278504,40
EI24:NM_001290135,20
STT3A-AS1:NR_132372,22
FEZ1:NM_005103,24
PKNOX2:NM_001382337,107
TMEM218:NM_001387241,10
SLC37A2:NM_001145290,15
CCDC15:NM_025004,22
HEPACAM:NM_152722,5
ROBO4:NM_019055,10
ROBO3:NM_022370,4
MSANTD2:NM_001352400,18
ESAM:NM_138961,3
VSIG2:NM_014312,5
NRGN:NM_006176,8
SPA17:NM_017425,10
SIAE:NM_001199922,29
TBRG1:NM_032811,30
PANX3:NM_052959,3
OR8A1:NM_001005194,1
OR8B12:NM_001005195,1
OR8B8:NM_012378,4
OR8B4:NM_001005196,1
OR8B3:NM_001005467,1
OR8B2:NM_001005468,0
OR8D2:NM_001002918,0
OR8D1:NM_001002917,1
OR8G5:NM_001005198,3
OR8G1:NM_001002905,3
OR8G2P:NR_171169,0
OR8G3P:NM_001395906,5
OR10D3:NM_001355213,5
VWA5A:NM_014622,9
OR10G7:NM_001004463,0
OR10G8:NM_001004464,1
OR10G9:NM_001001953,0
OR10G4:NM_001004462,1
OR10G6:NM_001355219,1
OR10S1:NM_001004474,0
OR6T1:NM_001005187,3
OR4D5:NM_001001965,1
OR8D4:NM_001005197,4
TMEM225:NM_001013743,0
OR6M1:NM_001005325,0
OR6X1:NM_001005188,2
ZNF202:NM_001301779,28
SCN3B:NM_018400,8
GRAMD1B:NM_001367418,73
CLMP:NM_024769,34
HSPA8:NM_006597,16
BSX:NM_001098169,4
JHY:NM_001363088,18
CRTAM:NM_019604,11
UBASH3B:NM_032873,39
BLID:NM_001001786,2
SORL1:NM_003105,33
SC5D:NM_006918,2
TECTA:NM_005422,28
TBCEL:NM_001130047,24
TBCEL-TECTA:NM_001378761,54
GRIK4:NM_014619,137
ARHGEF12:NM_001198665,78
TLCD5:NM_001198675,8
POU2F3:NM_001244682,27
OAF:NM_178507,18
TRIM29:NM_012101,16
NECTIN1:NM_203285,28
THY1:NM_001311162,4
USP2:NM_004205,30
C1QTNF5:NM_015645,8
MFRP:NM_031433,8
RNF26:NM_032015,10
MCAM:NM_006500,15
CBL:NM_005188,69
CCDC153:NM_001145018,5
PDZD3:NM_024791,7
NLRX1:NM_001282358,4
ABCG4:NM_001348191,7
HINFP:NM_001351963,24
C2CD2L:NM_001382613,21
H2AX:NM_002105,8
DPAGT1:NM_001382,11
HMBS:NM_001258208,15
VPS11:NM_001378220.1_2,21
HYOU1:NM_006389.5_2,27
SLC37A4:NM_001164277.2_2,20
TRAPPC4:NM_001318494.2_2,12
RPS25:NM_001028.3_2,7
CENATAC:NM_198489.3_2,17
FOXR1:NM_181721.3_2,6
UPK2:NM_006760,2
BCL9L:NM_001378213,33
CXCR5:NM_001716,14
DDX6:NM_004397,34
TREH:NM_007180,19
PHLDB1:NM_015157,66
ARCN1:NM_001142281,21
IFT46:NM_020153,13
TMEM25:NM_001144038,6
TTC36:NM_001080441,7
KMT2A:NM_005933,89
ATP5MG:NM_006476,5
UBE4A:NM_001204077,42
CD3G:NM_000073,7
CD3D:NM_001040651,7
CD3E:NM_000733,8
MPZL2:NM_005797,7
MPZL3:NM_198275,10
JAML:NM_001098526,10
SCN2B:NM_004588,5
SCN4B:NM_174934,6
TMPRSS4:NM_001173552,27
SMIM35:NM_001394164,24
IL10RA:NR_026691,16
TMPRSS13:NM_001077263,14
FXYD6:NM_001164831,17
FXYD2:NM_021603,6
FXYD6-FXYD2:NM_001204268,26
DSCAML1:NM_020693,144
CEP164:NM_001271933,72
BACE1:NM_012104,17
RNF214:NM_207343,36
PCSK7:NM_004716,24
TAGLN:NM_001001522,8
SIDT2:NM_001040455,25
PAFAH1B2:NR_110268,33
SIK3:NM_001366686,167
APOA1:NM_001318021,0
APOC3:NM_000040,0
APOA4:NM_000482,3
APOA5:NM_052968,3
ZPR1:NM_003904,23
BUD13:NM_032725,40
CADM1:NM_001301043,65
NXPE4:NM_001077639,2
NXPE1:NM_001395504,6
NXPE2:NM_182495,7
REXO2:NM_015523,20
RBM7:NM_001286048,10
C11orf71:NM_019021,3
NNMT:NM_001372047,17
ZBTB16:NM_006006,75
HTR3A:NM_000869,4
HTR3B:NM_006028,16
USP28:NM_001400797,46
CLDN25:NM_001101389,1
ZW10:NM_004724,29
TMPRSS5:NM_001288751,8
DRD2:NM_000795,29
ANKK1:NM_178510,6
TTC12:NR_147891,38
NCAM1:NM_001400619,88
PLET1:NM_001145024,4
PTS:NM_000317,10
BCO2:NM_001256398,10
TEX12:NM_031275,3
IL18:NM_001386420,5
SDHD:NM_001276504,9
TIMM8B:NM_012459,7
NKAPD1:NM_001301017,13
PIH1D2:NM_001082619,4
DLAT:NM_001372037,36
DIXDC1:NM_001037954,50
C11orf52:NM_080659,3
HSPB2-C11orf52:NR_037651,6
HSPB2:NM_001541,3
CRYAB:NM_001368245,11
C11orf1:NM_001330371,6
FDXACB1:NM_138378,7
ALG9:NM_001352413,64
PPP2R1B:NM_181699,37
SIK2:NM_015191,76
LAYN:NM_001318799,7
HOATZ:NM_001100388,6
BTG4:NM_017589,11
POU2AF1:NM_006235,17
COLCA2:NM_001271458,4
POU2AF2:NM_198498,8
ARHGAP20:NM_001258416,29
FDX1:NM_004109,19
RDX:NM_001260493,50
ZC3H12C:NM_033390,20
C11orf87:NM_207645,2
DDX10:NM_004398,148
EXPH5:NM_015065,37
POGLUT3:NM_153705,23
C11orf65:NM_001351110,46
ATM:NM_000051,60
NPAT:NM_001321307,55
ACAT1:NM_001386681,16
CUL5:NM_003478,69
RAB39A:NM_017516,7
SLC35F2:NM_017515,36
SLN:NM_003063,1
ELMOD1:NM_001130037,7
ALKBH8:NM_138775,28
CWF19L2:NM_152434,52
GUCY1A2:NM_001256424,41
AASDHPPT:NM_015423,12
KBTBD3:NM_198439,7
MSANTD4:NM_001318747,9
GRIA4:NM_000829,47
CARD18:NM_021571,2
CARD16:NM_001394580,1
CASP1:NM_033292,0
CASP5:NM_001136112,5
CASP4:NM_033306.3_2,5
CASP12:NR_034070,2
DDI1:NM_001001711,2
PDGFD:NM_025208,28
DYNC2H1:NM_001377,35
DCUN1D5:NM_001318739,13
MMP13:NM_002427,0
MMP12:NM_002426,3
MMP3:NM_002422,1
MMP1:NM_002421,0
MMP10:NM_002425,3
MMP8:NM_001304441,3
MMP27:NM_022122,6
MMP20:NM_004771,9
MMP7:NM_002423,2
TMEM123:NM_052932,29
BIRC2:NM_001256166,11
BIRC3:NM_182962,1
YAP1:NM_006106,14
CFAP300:NM_001363505,7
CEP126:NM_020802,10
ANGPTL5:NM_178127,6
TRPC6:NM_004621,18
PGR:NM_000926,27
ARHGAP42:NM_152432,55
CNTN5:NM_001243270,136
JRKL:NM_001261833,0
CCDC82:NM_001363594,9
MAML2:NM_032427,128
MTMR2:NM_001243571,28
CEP57:NM_001243777,40
FAM76B:NM_144664,12
SESN3:NM_001271594,8
ENDOD1:NM_015036,13
SRSF8:NR_103726,1
KDM4E:NM_001161630,2
KDM4D:NM_018039,11
CWC15:NM_001363371,14
AMOTL1:NM_001301007,111
PIWIL4:NM_152431,15
FUT4:NM_002033,7
C11orf97:NM_001190462,3
ANKRD49:NM_017704,6
MRE11:NM_005590,43
GPR83:NM_016540,4
IZUMO1R:NM_001199206,3
PANX1:NM_015368,22
HEPHL1:NM_001098672,14
VSTM5:NM_001144871,7
MED17:NM_004268,21
C11orf54:NM_001351993,16
TAF1D:NR_146090,8
CEP295:NM_033395,46
SMCO4:NM_020179,25
DEUP1:NM_181645,10
SLC36A4:NM_152313,8
MTNR1B:NM_005959,3
FAT3:NM_001008781.3_2,99
CHORDC1:NM_012124.3_2,17
NAALAD2:NM_001300930.2_2,8
UBTFL1:NM_001143975,0
TRIM49C:NM_001195234,0
TRIM64:NM_001136486,0
TRIM49D2:NM_001105522,0
TRIM49D1:NM_001384911,0
TRIM64B:NM_001164397,0
TRIM49:NM_020358,0
TRIM77:NM_001271942,0
FOLH1B:NM_001395847,1
NOX4:NM_001143837,14
TYR:NM_000372,9
GRM5:NM_001143831,59
CTSC:NM_001814,33
RAB38:NM_022337.3_2,9
TMEM135:NM_001168724,71
FZD4:NM_012193,5
PRSS23:NR_120592,31
ME3:NM_001395868,51
CCDC81:NM_021827,13
HIKESHI:NM_001322404,15
EED:NM_001330334,18
PICALM:NM_001206947,93
CCDC83:NM_001286159,15
SYTL2:NM_001394453,28
CCDC89:NM_152723,3
TMEM126A:NM_001244735,0
TMEM126B:NM_001350393,9
DLG2:NM_001351275,268
CCDC90B:NM_021825,15
ANKRD42:NM_001300973,15
PCF11:NM_001346415,19
RAB30:NM_014488,32
DDIAS:NM_001363481,21
PRCP:NM_001319214,22
FAM181B:NM_175885,2
TENM4:NM_001098816,181
NARS2:NM_024678,72
GAB2:NM_080491,112
USP35:NM_020798,33
KCTD21:NM_001029859,10
ALG8:NM_001007027,23
NDUFC2:NM_004549,15
THRSP:NM_003251,8
KCTD14:NM_001282406,11
NDUFC2-KCTD14:NM_001203260,33
INTS4:NM_033547,27
AAMDC:NM_001392034,31
RSF1:NM_016578,68
CLNS1A:NM_001293,10
AQP11:NM_001363477,12
PAK1:NM_001376277,28
GDPD4:NM_182833,10
MYO7A:NM_001127180,14
OMP:NM_006189,1
CAPN5:NM_004055,20
B3GNT6:NM_138706,3
ACER3:NM_001300953,48
TSKU:NM_001258210,6
LRRC32:NM_001128922,6
EMSY:NM_020193,50
GVQW3:NM_001347884,5
THAP12:NM_004705,13
WNT11:NM_004626,10
UVRAG:NM_001386672,92
DGAT2:NM_001253891,18
MOGAT2:NM_025098,7
MAP6:NM_033063,26
SERPINH1:NM_001235,14
GDPD5:NM_030792,50
KLHL35:NM_001039548,8
RPS3:NM_001256802,28
ARRB1:NM_004041,65
TPBGL:NM_001195528,3
SLCO2B1:NM_001145212,34
OR2AT4:NM_001005285,7
NEU3:NM_001367863,20
SPCS2:NM_014752,24
XRRA1:NM_001378157,77
RNF169:NM_001098638,55
CHRDL2:NM_015424,13
POLD3:NM_006591,23
LIPT2:NM_001329941,3
KCNE3:NM_005472,7
PGM2L1:NM_173582,11
P4HA3:NM_182904,10
PPME1:NM_016147,43
C2CD3:NM_001286577,74
UCP3:NM_003356,12
UCP2:NM_001381944,17
DNAJB13:NM_153614,5
PAAF1:NM_001267806,35
COA4:NM_016565,9
MRPL48:NM_001318500,38
RAB6A:NM_002869,29
PLEKHB1:NM_001130033,4
FAM168A:NM_001286050,38
RELT:NM_152222,16
ARHGEF17:NM_014786,13
P2RY6:NM_176797,10
P2RY2:NM_002564,6
FCHSD2:NM_014824,73
ATG16L2:NM_033388,10
STARD10:NM_006645,24
ARAP1:NM_001040118,68
PDE2A:NM_002599,30
CLPB:NM_001258394,103
PHOX2A:NM_005169,7
INPPL1:NM_001567,33
FOLR2:NM_001113536,2
FOLR1:NM_016725,2
FOLR3:NM_000804,1
ANAPC15:NM_001393443,9
TOMT:NM_001393500,9
LAMTOR1:NM_017907,16
LRRC51:NM_001318803,23
LRTOMT:NM_001145308,36
NUMA1:NM_001286561,62
IL18BP:NM_173044,6
RNF121:NM_001300926,33
DEFB131B:NM_001242853,0
XNDC1N:NM_001375848,15
DEFB108B:NM_001002035,0
XNDC1N-ZNF705EP-ALG1L9P:NR_172895,16
KRTAP5-11:NM_001005405,0
KRTAP5-10:NM_001012710,1
KRTAP5-9:NM_005553,2
KRTAP5-8:NM_021046,1
KRTAP5-7:NM_001012503,1
NADSYN1:NM_018161,45
DHCR7:NM_001360,36
SHANK2:NM_012309,160
CTTN:NM_001184740.2_2,57
PPFIA1:NM_003626.5_2,85
FADD:NM_003824,7
ANO1:NM_001378092,50
FGF3:NM_005247,4
FGF4:NM_002007,2
FGF19:NM_005117,3
LTO1:NM_153451,12
CCND1:NM_053056,6
MYEOV:NM_001300924,2
SMIM38:NM_001394169,0
TPCN2:NM_139075,26
MRGPRF:NM_001098515,1
MRGPRD:NM_198923,2
IGHMBP2:NM_002180,38
MRPL21:NM_181515,17
CPT1A:NM_001031847,24
TESMIN:NM_004923,20
GAL:NM_015973,6
PPP6R3:NM_001352353,119
LRP5:NM_001291902,91
C11orf24:NM_022338,17
KMT5B:NM_001369428,25
CHKA:NM_001376219,36
TCIRG1:NM_006019,19
NDUFS8:NM_002496,9
ALDH3B1:NM_001161473,8
UNC93B1:NM_030930,5
ALDH3B2:NM_001031615,4
ACY3:NM_080658,3
TBX10:NM_005995,4
NUDT8:NM_181843,2
NDUFV1:NM_001166102,19
GSTP1:NM_000852,12
CABP2:NM_001318496,1
CDK2AP2:NM_001271849,4
PITPNM1:NM_004910,12
AIP:NM_001302960,11
TMEM134:NM_025124,4
CABP4:NM_001300896,9
GPR152:NM_206997,7
PTPRCAP:NM_005608,5
CORO1B:NM_001018070,7
RPS6KB2:NM_003952,12
CARNS1:NM_001394579,6
TBC1D10C:NM_001256508,5
PPP1CA:NM_001008709,12
RAD9A:NM_004584,17
CLCF1:NM_001166212,8
POLD4:NR_046413,2
SSH3:NM_017857,4
ANKRD13D:NM_207354,18
GRK2:NM_001619,33
KDM2A:NM_012308,98
RHOD:NM_001300886,3
SYT12:NM_001177880,10
C11orf86:NM_001136485,2
LRFN4:NM_001363524,1
PC:NM_001040716,65
RCE1:NM_001032279,3
C11orf80:NM_024650,27
SPTBN2:NM_006946,51
RBM4B:NM_031492,13
RBM4:NM_001198844,36
RBM14:NM_001198837,23
RBM14-RBM4:NM_001198846,41
CCS:NM_005125,18
CCDC87:NM_018219,5
CTSF:NM_003793,7
ACTN3:NM_001258371,8
ZDHHC24:NM_001348571,16
BBS1:NM_024649,13
DPP3:NM_001256670,21
PELI3:NM_001243135,6
MRPL11:NM_170739,4
NPAS4:NM_001318804,1
SLC29A2:NM_001300868,15
B4GAT1:NM_006876,4
BRMS1:NM_015399,9
RIN1:NM_001363559,7
CD248:NM_020404,1
TMEM151A:NM_153266,0
YIF1A:NM_020470,5
CNIH2:NM_182553,6
RAB1B:NM_030981,13
KLC2:NM_001134775,12
PACS1:NM_018026,73
SF3B2:NM_006842,34
GAL3ST3:NM_033036,4
CATSPER1:NM_053054,1
CST6:NM_001323,1
BANF1:NM_001143985,7
EIF1AD:NM_001242481,17
SART1:NM_005146,25
TSGA10IP:NM_001395494,4
DRAP1:NM_006442,5
C11orf68:NM_001135635,3
FOSL1:NR_125339,11
CCDC85B:NM_006848,4
FIBP:NM_198897,9
CTSW:NM_001335,5
EFEMP2:NM_016938,6
MUS81:NR_146598,15
CFL1:NM_005507,12
SNX32:NM_152760,12
OVOL1:NM_004561,4
AP5B1:NM_138368,11
RNASEH2C:NM_032193,11
KAT5:NM_182709,16
RELA:NM_021975,22
SIPA1:NM_006747,21
PCNX3:NM_032223,57
MAP3K11:NM_002419,10
KCNK7:NM_005714,1
EHBP1L1:NM_001351087,16
FAM89B:NM_152832,2
ZNRD2:NM_006396,4
LTBP3:NM_001130144,12
SCYL1:NM_001048218,20
SLC25A45:NM_001278251,6
FRMD8:NM_001300832,27
TIGD3:NM_145719,3
DPF2:NM_006268,27
CDC42EP2:NM_006779,1
POLA2:NM_002689,57
CAPN1:NM_001198868,32
SPDYC:NM_001008778,0
SYVN1:NM_172230,18
MRPL49:NR_037567,20
FAU:NM_001997,9
ZNHIT2:NM_014205,7
TM7SF2:NM_001277233,8
VPS51:NM_013265,15
TMEM262:NM_001282448,7
ZFPL1:NM_006782,11
CDCA5:NM_080668,11
NAALADL1:NM_005468,7
SAC3D1:NM_001367485,6
SNX15:NM_147777,7
ARL2:NM_001199745,9
ARL2-SNX15:NR_037650,16
BATF2:NM_138456,6
MAJIN:NM_001318808,6
GPHA2:NM_130769,2
PPP2R5B:NM_006244,3
ATG2A:NM_015104,23
EHD1:NM_001282444,34
CDC42BPG:NM_017525,22
MEN1:NM_130803,14
MAP4K2:NM_004579,16
SF1:NM_001378957,30
PYGM:NM_001164716,7
RASGRP2:NM_153819,4
NRXN2:NM_015080,30
SLC22A12:NM_153378,2
SLC22A11:NM_001307985,3
RPS6KA4:NM_001318361,12
CCDC88B:NM_032251,6
PRDX5:NM_181652,4
TRMT112:NM_001372071,6
ESRRA:NM_001282451,10
CATSPERZ:NM_001039496,2
KCNK4:NM_033310,3
GPR137:NM_001378076,14
BAD:NM_004322,14
PLCB3:NM_001184883,24
PPP1R14B:NM_138689,8
FKBP2:NM_001370367,10
VEGFB:NM_001243733,13
DNAJC4:NM_001307981,8
NUDT22:NM_001271831,6
TRPT1:NM_001160389,5
FERMT3:NM_001382448,25
STIP1:NM_001282652,23
FLRT1:NM_013280,27
MACROD1:NM_014067,67
OTUB1:NM_017670,10
COX8A:NM_004074,2
NAA40:NM_024771,33
RCOR2:NM_173587,4
MARK2:NM_001163297,68
SPINDOC:NM_138471,13
ZFTA:NM_001144936,5
RTN3:NM_201429,26
ATL3:NM_001290048,17
PLAAT3:NM_007069,7
PLAAT2:NM_017878,3
PLAAT4:NM_004585,6
LGALS12:NM_001142536,5
PLAAT5:NM_054108,5
SLC22A9:NM_080866,3
SLC22A10:NM_001039752,4
SLC22A25:NM_199352,13
SLC22A24:NM_001136506,5
SLC22A8:NM_004254,8
SLC22A6:NM_004790,2
CHRM1:NM_000738,6
SLC3A2:NM_001012664,44
WDR74:NM_001369451,12
TEX54:NM_001395459,3
STX5:NM_003164,17
NXF1:NM_001081491,26
TMEM179B:NM_001363600,4
TAF6L:NM_006473,16
TMEM223:NM_001080501,2
POLR2G:NM_002696,6
ZBTB3:NM_001370809,3
TTC9C:NM_001318812,5
HNRNPUL2:NM_001079559,26
GNG3:NM_012202,9
BSCL2:NM_001386027,18
HNRNPUL2-BSCL2:NR_037946,38
LRRN4CL:NM_203422,3
UBXN1:NM_015853,5
UQCC3:NM_001085372,4
CSKMT:NM_001043229,7
C11orf98:NR_104414,9
LBHD1:NM_001367941,13
INTS5:NM_030628,10
GANAB:NM_198335,43
B3GAT3:NM_001288721,1
ROM1:NM_000327,2
EML3:NM_001300793,13
MTA2:NM_004739,24
TUT1:NM_022830,18
EEF1G:NM_001404,22
AHNAK:NM_024060,59
SCGB1A1:NM_003357,2
ASRGL1:NM_025080,21
SCGB1D4:NM_206998,0
SCGB2A2:NM_002411,0
SCGB1D2:NM_006551,2
SCGB2A1:NM_002407,2
SCGB1D1:NM_006552,0
INCENP:NM_020238,23
FTH1:NM_002032,12
BEST1:NM_001139443,14
RAB3IL1:NM_001271686,30
FADS3:NM_021727,11
FADS2:NM_001281501,40
FADS1:NM_013402,40
FEN1:NM_004111,9
TMEM258:NM_014206,15
MYRF:NM_001127392,53
DAGLA:NM_006133,21
SYT7:NM_001365809,21
LRRC10B:NM_001145077,0
PPP1R32:NM_001170753,3
SDHAF2:NM_017841,20
CPSF7:NM_024811,22
TMEM216:NM_001173990,4
TMEM138:NM_001330281,14
CYB561A3:NM_001161454,20
TKFC:NM_001351977,32
DDB1:NM_001923,51
VWCE:NM_152718,16
PGA5:NM_014224,0
PGA4:NM_001079808,0
PGA3:NM_001079807,1
VPS37C:NM_017966,23
CD5:NM_001346456,16
CD6:NM_001254750,13
SLC15A3:NM_016582,5
TMEM132A:NM_178031,5
TMEM109:NM_024092,16
PRPF19:NM_014502,25
ZP1:NM_207341,8
PTGDR2:NM_004778,19
CCDC86:NM_024098,20
MS4A10:NM_206893,4
MS4A15:NM_152717,5
MS4A18:NM_001354471,6
MS4A8:NM_031457,7
MS4A13:NM_001278320,6
MS4A12:NM_001164470,4
MS4A1:NM_021950,5
MS4A5:NM_023945,3
MS4A14:NM_001079692,4
MS4A7:NM_206940,4
MS4A6E:NR_170614,5
MS4A4A:NM_001243266,8
MS4A4E:NM_001393391,9
MS4A6A:NM_152852,6
MS4A2:NM_001256916,2
MS4A3:NM_001031666.2_2,6
OOSP2:NM_173801.5_2,1
OOSP4B:NM_001395278.1_2,1
OOSP4A:NM_001395277.1_2,4
OOSP1:NM_001395276.1_2,7
OOSP3:NM_001395255,1
TCN1:NM_001062,5
CBLIF:NM_005142,3
MRPL16:NM_017840,5
STX3:NM_001178040,43
OR10V1:NM_001005324,0
PATL1:NM_152716,23
OSBP:NM_002556,51
OR4D9:NM_001004711,4
OR4D11:NM_001004706,0
OR4D10:NM_001004705,2
OR4D6:NM_001004708,1
OR5A1:NM_001004728,5
OR5A2:NM_001001954,3
OR5AN1:NM_001004729,6
MPEG1:NM_001039396,3
DTX4:NM_001300727,8
FAM111A:NM_001374856,6
FAM111B:NM_001142704,2
GLYATL1B:NM_001355566,0
GLYATL1:NM_001389718,12
GLYATL2:NM_145016,1
GLYAT:NM_201648,6
CNTF:NM_000614,7
ZFP91-CNTF:NR_024091,21
ZFP91:NM_001197051,18
LPXN:NM_001307951,12
OR5B21:NM_001005218,1
OR5B12:NM_001004733,1
OR5B2:NM_001005566,1
OR5B3:NM_001005469,1
OR5B17:NM_001005489,0
OR10W1:NM_207374,2
OR10Q1:NM_001004471,1
OR1S1:NM_001004458,1
OR1S2:NM_001004459,1
OR9Q2:NM_001005283,1
OR9I1:NM_001005211,4
OR6Q1:NM_001005186,0
OR9Q1:NM_001005212,24
CTNND1:NM_001085469,44
BTBD18:NM_001145101,9
SELENOH:NM_001321335,6
TMX2:NM_001347892,24
TMX2-CTNND1:NR_037646,77
MED19:NR_157587,10
ZDHHC5:NM_015457,33
CLP1:NM_001142597,8
YPEL4:NM_001363487,0
SERPING1:NM_000062,1
UBE2L6:NM_198183,7
SMTNL1:NM_001105565,1
TIMM10:NM_012456,7
SLC43A1:NM_003627,32
RTN4RL2:NM_178570,9
SLC43A3:NM_017611,42
PRG2:NM_001302927,4
PRG3:NM_006093,2
P2RX3:NM_002559,11
SSRP1:NM_003146,28
TNKS1BP1:NM_033396,44
APLNR:NM_005161,3
LRRC55:NM_001005210,1
OR5AK2:NM_001005323,0
OR9G4:NM_001005284.2_2,0
OR9G1:NM_001005213.2_2,2
OR5AR1:NM_001004730,0
OR5AP2:NM_001002925,3
OR5M1:NM_001004740,2
OR5M10:NM_001004741,1
OR5M11:NM_001005245,1
OR5M8:NM_001005282.1_2,0
OR5M3:NM_001004742.3_2,0
OR5M9:NM_001004743.1_2,1
OR8U3:NM_001004744.1_2,0
OR5AL1:NR_145506,0
OR8U1:NM_001005204.1_2,3
OR8J1:NM_001005205.3_3,0
OR8K1:NM_001002907.1_3,0
OR8K3:NM_001005202.2_3,2
OR8H1:NM_001005199.2_3,0
OR5T1:NM_001004745.2_3,1
OR5T3:NM_001004747.2_3,1
OR5T2:NM_001004746.4_3,1
OR5J2:NM_001005492,0
OR8K5:NM_001004058,0
OR8J3:NM_001004064,0
OR8H3:NM_001005201,1
OR8H2:NM_001386064,0
OR8I2:NM_001003750,0
OR5AS1:NM_001001921,1
OR5F1:NM_003697,0
OR10AG1:NM_001005491,2
OR5I1:NM_006637,0
OR5W2:NM_001001960,1
TRIM51:NM_032681,0
OR5D16:NM_001005496,0
OR5L2:NM_001004739,1
OR5D18:NM_001001952,1
OR5L1:NM_001004738,0
OR5D14:NM_001004735,0
OR5D13:NM_001001967,1
OR5D3P:NM_001396059,0
OR4C6:NM_001004704,0
OR4S2:NM_001004059,0
OR4P4:NM_001004124,0
OR4C11:NM_001004700,0
OR4C16:NM_001004701,2
OR4C15:NM_001001920,0
OR4A15:NM_001005275,1
OR4A16:NM_001005274,4
TRIM48:NM_024114,1
OR4A5:NM_001005272,1
OR4C46:NM_001004703,1
OR4C45:NR_160275,0
OR4C12:NM_001005270.4_2,0
OR4C13:NM_001001955,0
FOLH1:NM_001193471,3
TRIM64C:NM_001206631,0
TRIM49B:NM_001206626,0
TRIM51G:NM_001396075,1
OR4A47:NM_001005512,0
OR4C5:NM_001348223,0
OR4C3:NM_001004702,1
OR4S1:NM_001004725,2
OR4X1:NM_001004726,1
OR4X2:NM_001004727,2
OR4B1:NM_001005470,0
PTPRJ:NM_002843,51
NUP160:NM_015231.3_2,51
FNBP4:NM_001318339.3_2,32
AGBL2:NM_024783.4_2,17
MTCH2:NM_001317231.2_2,18
C1QTNF4:NM_031909.3_2,7
FAM180B:NM_001367967.1_2,6
NDUFS3:NM_004551.3_2,11
KBTBD4:NM_016506.7_2,12
PTPMT1:NM_175732.3_2,11
CELF1:NM_001376458,62
RAPSN:NM_005055,4
PSMC3:NM_002804,14
SLC39A13:NR_134854,6
SPI1:NM_001080547,18
MYBPC3:NM_000256,13
MADD:NM_001376651,82
NR1H3:NM_001251934,15
ACP2:NM_001357016,19
DDB2:NM_001399875,13
PACSIN3:NM_016223,10
ARFGAP2:NM_032389,28
CSTPP1:NM_001003678,63
LRP4:NM_002334,19
CKAP5:NM_001008938,78
F2:NM_000506,5
ZNF408:NM_024741,11
ARHGAP1:NM_004308,27
ATG13:NM_001205122,46
HARBI1:NM_173811,7
AMBRA1:NM_001387011,101
CHRM4:NM_000741,4
MDK:NM_001270550,2
DGKZ:NM_201532,36
CREB3L1:NM_052854,24
PHF21A:NM_001352032,78
LARGE2:NM_001300722,4
PEX16:NM_004813,10
C11orf94:NM_001080446,0
MAPK8IP1:NM_005456,18
CRY2:NM_001127457,64
SLC35C1:NM_001145266,17
CHST1:NM_003654,2
SYT13:NM_001247987,9
PRDM11:NM_001359633,22
TP53I11:NM_001258322,7
TSPAN18:NM_130783,54
CD82:NM_001024844,18
ALX4:NM_021926,14
EXT2:NM_207122,77
ACCS:NM_001127219,14
C11orf96:NM_001145033,2
ACCSL:NM_001031854,5
ALKBH3:NM_139178,14
HSD17B12:NM_016142,48
TTC17:NM_001376526,77
API5:NM_001142931,21
LRRC4C:NM_001258419,152
IFTAP:NM_001276727,13
RAG2:NM_001243786,3
RAG1:NM_001377280,4
TRAF6:NM_145803,8
PRR5L:NM_001160167,43
COMMD9:NM_001307937,10
LDLRAD3:NM_001304263,117
TRIM44:NM_017583,72
FJX1:NM_014344,1
PAMR1:NM_001282675,26
SLC1A2:NM_001252652,45
CD44:NM_001001392,21
PDHX:NM_001135024,29
APIP:NM_015957,20
EHF:NM_001378042,8
ELF5:NM_001422,5
CAT:NM_001752,25
ABTB2:NM_145804,56
NAT10:NM_001144030,72
CAPRIN1:NM_005898,49
LMO2:NM_005574,30
FBXO3:NM_033406,22
CD59:NM_203330,29
C11orf91:NM_001166692,1
KIAA1549L:NM_012194,76
HIPK3:NM_001278163,24
CSTF3:NM_001326,34
TCP11L1:NM_018393,12
DEPDC7:NM_001077242,5
QSER1:NM_001076786,38
PRRG4:NM_024081,4
CCDC73:NM_001008391,28
EIF3M:NM_001307929,19
WT1:NM_024426,42
RCN1:NM_002901,5
PAX6:NM_001368919,12
ELP4:NM_019040,54
IMMP1L:NM_144981,20
DNAJC24:NM_181706,28
DCDC1:NM_001387274,47
MPPED2:NM_001145399,35
ARL14EP:NM_152316,5
FSHB:NM_001018080,0
KCNA4:NM_002233,4
METTL15:NM_001297775,53
KIF18A:NM_031217,28
BDNF:NM_170731,18
LIN7C:NM_018362,6
LGR4:NM_018490,22
CCDC34:NM_030771,7
BBOX1:NM_001376259,14
FIBIN:NM_203371,0
SLC5A12:NM_178498,14
MUC15:NM_001135091,2
ANO3:NM_001313726,60
LUZP2:NM_001252008,58
CCDC179:NM_001195637,2
SVIP:NM_148893,5
FANCF:NM_022725,2
SLC17A6:NM_020346,4
ANO5:NM_001142649,12
NELL1:NM_001288714,131
SLC6A5:NM_001318369,18
PRMT3:NM_001145166,51
HTATIP2:NM_006410,9
DBX1:NM_001029865,1
NAV2:NM_001111018,182
E2F8:NM_001256372,26
CSRP3:NM_003476,7
ZDHHC13:NM_001001483,21
MRGPRX2:NM_054030,0
MRGPRX1:NM_001393578,7
PTPN5:NM_001278236,21
IGSF22:NM_173588,6
TMEM86A:NM_153347,2
SPTY2D1:NM_194285,12
SPTY2D1OS:NR_038360,6
UEVLD:NM_001040697,16
TSG101:NM_006292,25
LDHAL6A:NM_001144071,11
LDHC:NM_017448.5_2,5
LDHA:NM_001135239.2_2,19
GTF2H1:NM_005316.4_2,27
HPS5:NM_181508.1_2,40
SAA1:NM_199161.5_2,3
SAA2:NM_001385667,0
SAA4:NM_006512,2
SAA2-SAA4:NM_001199744,2
MRGPRX4:NM_054032,0
MRGPRX3:NM_054031,2
SAAL1:NM_138421,11
TPH1:NM_004179,3
SERGEF:NM_012139,102
KCNC1:NM_001112741,5
MYOD1:NM_002478,1
OTOG:NM_001292063,25
USH1C:NM_005709,16
ABCC8:NM_001351295,26
KCNJ11:NM_001166290,2
NCR3LG1:NM_001202439,20
NUCB2:NM_001352667,22
PIK3C2A:NM_001321378,47
RPS13:NM_001017,10
PLEKHA7:NM_001329630,52
C11orf58:NM_014267,13
SOX6:NM_001367872,106
INSC:NM_001031853,26
CALCB:NM_000728,4
CALCA:NM_001033953,4
CYP2R1:NM_001400558,11
PDE3B:NM_001363569,43
PSMA1:NM_148976,65
COPB1:NM_016451,41
RRAS2:NM_001177314,31
SPON1:NM_006108,54
FAR1:NM_032228,29
PTH:NM_001316352,0
BTBD10:NM_032320,17
ARNTL:NM_001351804,23
RASSF10:NM_001080521,3
TEAD1:NM_021961,115
PARVA:NM_018222,33
MICAL2:NM_001393937,177
DKK3:NM_001330220,10
USP47:NM_001372102,48
CSNK2A3:NM_001256686,0
GALNT18:NM_198516,73
ZBED5:NM_021211,4
EIF4G2:NM_001418,15
CTR9:NM_001346279,29
IRAG1:NM_001100163,33
LYVE1:NM_006691,6
RNF141:NM_016422,13
AMPD3:NM_001172431,46
ADM:NM_001124,1
SBF2:NM_001386339,105
SWAP70:NM_001297714,18
WEE1:NM_003390,11
ZNF143:NM_001282657,39
IPO7:NM_006391,36
TMEM41B:NM_015012,11
DENND5A:NM_001348750,60
SCUBE2:NM_001367977,18
NRIP3:NM_020645,8
TMEM9B:NM_001286095,12
ASCL3:NM_020646,0
C11orf16:NM_020643,8
AKIP1:NM_001206648,8
DENND2B:NM_005418,65
RPL27A:NM_000990,10
TRIM66:NM_001388024,63
STK33:NM_001289058,30
LMO1:NM_001270428,9
TUB:NM_003320,26
EIF3F:NM_003754,11
NLRP10:NM_001391958.1_3,1
OR10A3:NM_001003745.2_3,4
OR10A6:NM_001389574.1_3,0
OR5P3:NM_153445.2_3,3
OR5P2:NM_153444.1_3,0
OVCH2:NM_198185,0
CYB5R2:NM_001302826,5
PPFIBP2:NM_001351854,31
OLFML1:NM_001370498,5
SYT9:NM_175733,31
RBMXL2:NM_014469,2
NLRP14:NM_176822,11
ZNF214:NM_001354831,7
ZNF215:NR_149005,19
OR2D3:NM_001004684,1
OR2D2:NM_003700,0
OR10A4:NM_207186,0
OR10A2:NM_001004460,2
OR10A5:NM_178168,3
OR6A2:NM_003696,2
OR2AG1:NM_001004489,6
OR2AG2:NM_001004490,2
MRPL17:NM_022061,5
DCHS1:NM_003737,13
TPP1:NM_000391,9
TAF10:NM_006284,12
ILK:NM_001278442,15
RRP8:NM_015324,20
DNHD1:NM_144666,51
TIMM10B:NM_012192,6
ARFIP2:NM_001242854,6
TRIM3:NM_001248006,14
HPX:NM_000613,4
APBB1:NM_145689,5
SMPD1:NM_001007593,4
CAVIN3:NM_145040,1
CCKBR:NM_001318029,2
CNGA4:NM_001037329,4
FHIP1B:NM_032127,31
C11orf42:NM_173525,15
OR52W1:NM_001005178,1
OR52B2:NM_001004052,2
OR56B4:NM_001005181,1
OR56A1:NM_001001917,3
OR56A4:NM_001005179,2
OR52L1:NM_001005173,1
OR56A5:NM_001146033,2
OR56A3:NM_001003443,4
OR52E5:NM_001005166,3
OR52E4:NM_001005165,2
OR52E8:NM_001005168,0
OR52E6:NM_001005167,0
OR52N2:NM_001005174,5
OR52N1:NM_001001913,3
OR52N5:NM_001385662,0
OR56B2P:NM_001396057,1
OR56B1:NM_001005180,0
OR52P1:NR_172915,0
OR52N4:NM_001005175,0
TRIM22:NM_001199573,6
TRIM34:NM_001003827,8
TRIM6-TRIM34:NM_001003819,16
TRIM6:NM_058166,8
TRIM5:NM_033034,6
OR52B6:NM_001005162,0
OR52H1:NM_001005289,1
UBQLNL:NM_145053,0
UBQLN3:NM_001347096,3
OR52D1:NM_001005163,6
OR51I2:NM_001004754,14
OR51I1:NM_001005288,7
OR51Q1:NM_001004757,6
OR51M1:NM_001004756,9
OR51B6:NM_001004750,2
OR51B5:NR_038321,125
OR51B2:NM_033180,5
OR51B4:NM_033179,5
HBE1:NM_005330,2
HBG2:NM_000184,4
HBG1:NM_000559,1
HBD:NM_000519,2
HBB:NM_000518,0
OR51V1:NM_001004760,0
OR52A1:NM_012375,5
OR52A5:NM_001005160,1
OR52E1:NR_145505,4
OR52E2:NM_001005164.2_2,1
OR52J3:NM_001001916.2_2,1
OR51L1:NM_001004755.2_2,1
OR51A2:NM_001004748,1
OR51A4:NM_001005329,1
OR51G1:NM_001005237,0
OR51G2:NM_001005238,1
OR51A7:NM_001004749,0
OR51T1:NM_001004759,1
OR51S1:NM_001004758,1
OR51F2:NM_001004753,1
OR52R1:NM_001005177,1
OR51F1:NM_001004752,1
MMP26:NM_001384608,40
OR51C1P:NM_001396051,1
OR51E2:NM_030774,5
OR51E1:NM_152430,4
OR51D1:NM_001004751,2
TRIM68:NM_018073,9
OR52I1:NM_001005169,0
OR52I2:NM_001005170,1
OR52M1:NM_001004137,2
OR52K1:NM_001385736,3
OR52K2:NM_001005172,0
TRIM21:NM_003141,10
OR52B4:NM_001005161,2
RRM1:NM_001318064,33
STIM1:NM_001382576,111
RHOG:NM_001665,33
PGAP2:NM_001256235,27
NUP98:NR_157591,112
CHRNA10:NM_001303034,2
ART1:NM_004314,3
ART5:NM_001079536,3
ZNF195:NM_001256825,21
MRGPRE:NM_001039165,4
MRGPRG:NM_001164377,2
OSBPL5:NM_020896,30
CARS1:NM_001378136.1_2,64
NAP1L4:NM_001369375.1_2,69
PHLDA2:NM_003311.4_2,1
SLC22A18:NM_183233.3_2,10
CDKN1C:NM_001362474.2_2,1
KCNQ1:NM_000218.3_2,118
TRPM5:NM_014555,9
TSSC4:NM_001297661,3
CD81:NM_001297649,26
TSPAN32:NM_139022,4
ASCL2:NM_005170,3
TH:NM_199292,0
INS:NM_001185098,0
IGF2:NM_001007139,4
INS-IGF2:NR_003512,5
MRPL23:NM_001400176.1_2,0
TNNT3:NM_001367851.1_2,4
PRR33:NM_001395380.1_2,1
LSP1:NM_002339.3_2,7
TNNI2:NM_003282.4_2,3
SYT8:NM_001290334.2_2,3
CTSD:NM_001909,8
IFITM10:NM_001170820.4_2,4
KRTAP5-6:NM_001012416.1_2,0
KRTAP5-5:NM_001001480.3_3,2
KRTAP5-4:NM_001347674.1_3,0
KRTAP5-3:NM_001012708.2_4,1
KRTAP5-2:NM_001004325.2_4,2
KRTAP5-1:NM_001005922.1_4,0
DUSP8:NM_004420.3_4,8
MOB2:NM_001172223.3_2,10
BRSK2:NM_003957.4_2,15
TOLLIP:NM_019009.4_2,29
MUC5B:NM_002458,3
MUC5AC:NM_001304359.2_2,6
MUC2:NM_002457.4_3,6
MUC6:NM_005961.3_4,10
AP2A2:NM_012305.4_3,56
CHID1:NM_001142675,50
TSPAN4:NM_001025238,17
POLR2L:NM_021128,6
CD151:NM_001039490,11
CRACR2B:NM_001286606,3
PNPLA2:NM_020376,5
RPLP2:NM_001004,8
PIDD1:NM_145886,4
SLC25A22:NM_001191061,6
CEND1:NM_016564,1
GATD1:NM_001318821,13
TALDO1:NM_006755,26
EPS8L2:NM_022772,8
TMEM80:NM_001276274,6
DEAF1:NM_001367390.1_2,57
DRD4:NM_000797.4_2,4
SCT:NM_021920.4_2,3
CDHR5:NM_021924.5_2,11
IRF7:NM_004031.4_2,9
PHRF1:NM_001286583.2_2,47
RASSF7:NM_001143993.2_2,7
LMNTD2:NM_173573.3_2,7
HRAS:NM_176795.5_2,8
LRRC56:NM_198075.4_2,15
RNH1:NM_203387.3_2,15
PTDSS2:NM_001329548.2_2,39
ANO9:NM_001347882,9
SIGIRR:NM_001135053,11
PKP3:NM_001303029,12
B4GALNT4:NM_178537,5
IFITM3:NM_021034,0
IFITM1:NM_003641,2
IFITM2:NM_006435,1
IFITM5:NM_001025295,5
PGGHG:NM_025092,10
NLRP6:NM_001276700,8
PSMD13:NM_175932,18
SIRT3:NM_001370321,18
RIC8A:NM_001286134,20
BET1L:NM_016526,12
ODF3:NM_001286136,1
SCGB1C1:NM_145651,0
FRG2B:NM_001080998,0
SYCE1:NM_130784,3
CYP2E1:NM_000773,3
SCART1:NM_001396050,5
SPRN:NM_001391974,3
MTG1:NM_138384,19
PAOX:NM_207127,5
ECHS1:NM_004092,11
FUOM:NM_001301828,9
PRAP1:NM_001145201,6
CALY:NM_001321617,3
ZNF511:NM_145806,7
ZNF511-PRAP1:NM_001396060,16
TUBGCP2:NR_046330,25
ADAM8:NM_001109,14
VENTX:NM_014468,2
UTF1:NM_003577,0
KNDC1:NM_152643,7
ADGRA1:NM_001083909,9
CFAP46:NM_001200049,22
NKX6-2:NM_177400,2
INPP5A:NM_005539,72
PWWP2B:NM_001098637,10
LRRC27:NM_030626,11
STK32C:NM_001318878,30
DPYSL4:NM_006426,2
JAKMIP3:NM_001392055,29
BNIP3:NM_004052,10
PPP2R2D:NM_018461,33
TCERG1L:NM_174937,32
GLRX3:NM_001199868,27
C10orf143:NM_001355042,5
EBF3:NM_001375380,25
MGMT:NM_002412,55
MKI67:NM_002417,23
PTPRE:NM_001323356,17
CLRN3:NM_152311,4
FOXI2:NM_207426,0
NPS:NM_001030013,3
INSYN2A:NM_001039762,6
DOCK1:NM_001377548,57
C10orf90:NM_001350921,31
ADAM12:NM_003474,62
FANK1:NM_145235,10
DHX32:NM_018180,21
BCCIP:NM_016567,23
UROS:NR_136677,18
MMP21:NM_147191,4
EDRF1:NM_015608,28
TEX36:NM_001318133,18
CTBP2:NM_001083914,94
ZRANB1:NM_017580,6
ABRAXAS2:NM_032182,14
EEF1AKMT2:NM_001304467,11
FAM53B:NM_014661,80
LHPP:NM_001318331,35
NKX1-2:NM_001146340,3
OAT:NM_001322970,8
CHST15:NM_001270764,22
CPXM2:NM_198148,29
GPR26:NM_153442,7
BUB3:NM_004725,9
HMX2:NM_005519,2
HMX3:NM_001105574,7
ACADSB:NM_001330174,11
IKZF5:NM_001372130,9
PSTK:NM_001363531,2
C10orf88:NM_024942,2
FAM24A:NM_001029888,3
FAM24B:NM_001204364,12
CUZD1:NM_022034,7
FAM24B-CUZD1:NR_037915,19
C10orf120:NM_001010912,2
DMBT1:NM_017579,15
HTRA1:NM_002775,12
ARMS2:NM_001099667,1
PLEKHA1:NM_001377252,5
BTBD16:NM_144587,12
TACC2:NM_206861,44
NSMCE4A:NM_017615,4
ATE1:NM_001288736,40
FGFR2:NM_022970,22
WDR11:NM_018117,21
PLPP4:NM_001318169,17
SEC23IP:NM_007190,19
MCMBP:NM_001256379,20
INPP5F:NM_014937,21
BAG3:NM_004281,24
TIAL1:NM_001323968,11
RGS10:NM_001005339,27
GRK5:NM_005308,47
PRDX3:NM_006793,9
SFXN4:NM_213649,23
DENND10:NM_207009,5
EIF3A:NM_003750,32
NANOS1:NM_199461,2
CACUL1:NM_153810,33
PRLHR:NM_004248,2
FAM204A:NM_022063,17
RAB11FIP2:NM_001330167,12
EMX2:NM_001165924,1
PDZD8:NM_173791,40
SLC18A2:NM_003054,11
KCNK18:NM_181840,6
VAX1:NM_199131,2
SHTN1:NM_001258300,43
ENO4:NM_001242699,11
HSPA12A:NM_001330164.2_2,33
C10orf82:NM_001350930.2_2,1
PNLIPRP2:NR_103727,3
PNLIPRP1:NM_006229.4_2,5
PNLIP:NM_000936,3
PNLIPRP3:NM_001011709,3
CCDC172:NM_198515,3
GFRA1:NM_001382556,26
ATRNL1:NM_207303,73
TRUB1:NM_139169,15
FHIP2A:NM_001135051,14
ABLIM1:NM_001322886,44
AFAP1L2:NM_001351068,17
VWA2:NM_001272046,5
TDRD1:NM_001385363,8
CCDC186:NM_001321829,11
ADRB1:NM_000684,1
NHLRC2:NM_198514,21
DCLRE1A:NM_001271816,8
PLEKHS1:NM_024889,2
CASP7:NM_033340,9
NRAP:NM_198060,11
HABP2:NM_001177660,8
TCF7L2:NM_001198530,66
VTI1A:NM_001365711,70
ZDHHC6:NM_001363544,12
ACSL5:NM_203379,6
TECTB:NM_058222,2
GPAM:NM_001244949,10
ADRA2A:NM_000681,0
SHOC2:NM_001324336,19
BBIP1:NM_001195306,5
PDCD4:NM_001199492,6
RBM20:NM_001134363,60
SMC3:NM_005445,16
DUSP5:NM_004419,4
SMNDC1:NM_005871,8
MXI1:NM_130439,19
ADD3:NM_001320591,20
XPNPEP1:NM_001324131,34
SORCS1:NM_001206572,105
SORCS3:NM_014978,73
CFAP58:NM_001400227,15
ITPRIP:NM_001272013,31
GSTO2:NM_001191013,12
GSTO1:NM_001191003,14
CFAP43:NM_025145,13
SFR1:NM_001384830,3
COL17A1:NM_000494,9
SLK:NM_001304743,21
STN1:NM_024928,15
SH3PXD2A:NM_001394015,94
NEURL1:NM_004210,16
CALHM3:NM_001129742,1
CALHM1:NM_001001412,0
CALHM2:NM_015916,8
PDCD11:NM_014976,47
ATP5MK:NM_001206427,7
TAF5:NM_139052,9
PCGF6:NM_001011663,18
INA:NM_032727,0
RPEL1:NM_001143909,1
NT5C2:NM_001351175,24
CNNM2:NM_199076,35
AS3MT:NM_020682,9
BORCS7:NM_001136200,4
BORCS7-ASMT:NR_037644,13
CYP17A1:NM_000102,3
WBP1L:NM_001083913,25
SFXN2:NM_178858,15
ARL3:NM_004311,9
TRIM8:NM_030912,13
SUFU:NM_016169,53
ACTR1A:NM_005736,20
MFSD13A:NM_024789,6
C10orf95:NM_001363580,5
CUEDC2:NM_024040,6
FBXL15:NM_001387294,6
PSD:NM_001270965,5
NFKB2:NM_001322935,7
GBF1:NM_001391923,69
PITX3:NM_005029,2
ELOVL3:NM_152310,2
NOLC1:NM_004741,13
PPRC1:NM_001288728,16
LDB1:NM_001113407,12
HPS6:NM_024747,6
ARMH3:NM_024541,6
KCNIP2:NM_014591,9
OGA:NM_012215,15
NPM3:NM_006993,5
FGF8:NM_001206389,4
FBXW4:NM_001323541,23
DPCD:NM_001329743,8
POLL:NR_033406,11
BTRC:NM_003939,28
LBX1:NM_006562,1
TLX1:NM_005521,1
KAZALD1:NM_001319303,2
SFXN3:NM_001388034,2
PDZD7:NM_001195263,4
LZTS2:NM_001394948,6
TWNK:NM_001368275,10
MRPL43:NM_001394982,8
SEMA4G:NM_001393925,9
SLF2:NM_018121,20
PAX2:NM_001304569,15
HIF1AN:NM_017902,12
NDUFB8:NM_001284368,6
SEC31B:NM_015490,15
WNT8B:NM_003393,3
SCD:NM_005063,21
PKD2L1:NM_001253837,6
BLOC1S2:NM_001282437,8
CWF19L1:NM_001303405,15
CHUK:NM_001278,24
ERLIN1:NM_006459,25
CPN1:NM_001308,4
DNMBP:NM_015221,31
ABCC2:NM_000392,8
CUTC:NM_015960,6
COX15:NM_001320974,17
ENTPD7:NM_020354,15
SLC25A28:NM_031212,3
NKX2-3:NM_145285,3
GOT1:NM_002079,18
CNNM1:NM_001345888,14
HPSE2:NM_001166246,69
HPS1:NM_001322487,24
PYROXD2:NM_032709,8
LOXL4:NM_032211,14
R3HCC1L:NM_001351016,24
CRTAC1:NM_018058,22
GOLGA7B:NM_001010917,3
SFRP5:NM_003015,4
ZFYVE27:NM_001174121,27
MARVELD1:NM_031484,4
AVPI1:NM_021732,8
PI4K2A:NM_018425,19
MORN4:NM_001098831,5
C10orf62:NM_001009997,1
HOGA1:NM_001134670,4
ANKRD2:NM_001291218,3
UBTD1:NM_024954,11
MMS19:NM_001289405,36
ZDHHC16:NM_198045,9
EXOSC1:NM_001318365,5
PGAM1:NM_002629,11
RRP12:NM_001284337,40
FRAT2:NM_012083,2
FRAT1:NM_005479,2
ARHGAP19:NM_032900,20
ARHGAP19-SLIT1:NR_037909,30
SLIT1:NM_003061,32
LCOR:NM_001346516,33
PIK3AP1:NM_152309,29
TM9SF3:NM_020123,33
TLL2:NM_012465,19
OPALIN:NM_001284322,6
DNTT:NM_001017520,15
BLNK:NM_013314,12
CCNJ:NM_001134376,8
CC2D2B:NM_001349008,14
ENTPD1:NM_001098175,26
TCTN3:NM_015631,13
ALDH18A1:NM_001323414,32
SORBS1:NM_001384456,75
PDLIM1:NM_020992,32
ACSM6:NM_207321,7
CYP2C8:NM_001198855,4
CYP2C9:NM_000771,2
CYP2C19:NM_000769,3
CYP2C18:NM_001128925,4
HELLS:NM_001289068,19
TBC1D12:NM_015188,20
NOC3L:NM_022451,14
PLCE1:NM_001288989,47
SLC35G1:NR_144335,4
LGI1:NM_001308276,5
FRA10AC1:NM_001347714,13
PDE6C:NM_006204,9
RBP4:NM_001323518,1
FFAR4:NM_001195755,4
CEP55:NM_001127182,10
MYOF:NM_013451,23
CYP26A1:NM_057157,0
CYP26C1:NM_183374,9
EXOC6:NM_001013848,68
HHEX:NM_002729,4
KIF11:NM_004523,14
IDE:NM_001322795,52
MARCHF5:NM_017824,17
CPEB3:NM_014912,29
BTAF1:NM_003972,47
FGFBP3:NM_152429,2
TNKS2:NM_025235,28
PPP1R3C:NM_005398,4
HECTD2:NM_001348365,14
PCGF5:NM_001257101,27
ANKRD1:NM_014391,3
RPP30:NM_001104546,16
HTR7:NM_019860,12
KIF20B:NM_001382506,19
PANK1:NM_148978,24
SLC16A12:NM_213606,16
IFIT5:NM_012420,3
IFIT1:NM_001548,2
IFIT1B:NM_001010987,2
IFIT3:NM_001549,2
IFIT2:NM_001547,2
LIPA:NM_001127605,5
CH25H:NM_003956,0
FAS:NM_152871,1
ACTA2:NM_001141945,6
STAMBPL1:NM_020799,6
ANKRD22:NM_144590,5
LIPM:NM_001128215,5
LIPN:NM_001102469,4
LIPK:NM_001080518,4
LIPF:NM_001198828,0
RNLS:NM_018363,43
PTEN:NM_001304718.2_2,26
KLLN:NM_001126049.2_2,1
ATAD1:NM_032810.4_2,30
PAPSS2:NM_004670,12
MINPP1:NM_001178117,22
NUTM2D:NM_001009610,0
NUTM2A:NM_001099338,0
SHLD2:NM_001377164,9
GLUD1:NM_001318905,14
FAM25A:NM_001146157,0
ADIRF:NM_006829,0
SNCG:NM_001330120,6
MMRN2:NM_024756,5
BMPR1A:NM_004329,45
LDB3:NM_001368064,18
OPN4:NM_033282,3
WAPL:NM_015045,41
GRID1:NM_017551,188
CCSER2:NM_001284240,55
RGR:NM_001012722,6
LRIT1:NM_015613,3
LRIT2:NM_001284223,3
CDHR1:NM_001171971,7
C10orf99:NM_207373,5
GHITM:NM_014394,9
NRG3:NM_001370081,229
SH2D4B:NM_207372,31
TSPAN14:NM_001128309,61
PRXL2A:NM_001243779,9
DYDC2:NM_001270042,8
DYDC1:NM_001370155,8
MAT1A:NM_000429,9
ANXA11:NM_001278407,74
PLAC9:NR_138551,2
TMEM254:NM_025125,2
SFTPD:NM_003019,4
NUTM2E:NM_001355263,1
NUTM2B:NM_001278495,1
SFTPA1:NM_001093770,0
SFTPA2:NM_001320813,0
EIF5AL1:NM_001099692,0
ZCCHC24:NM_153367,26
PPIF:NM_005729,22
ZMIZ1:NM_020338,269
RPS24:NM_001142285,34
POLR3A:NM_007055,75
DLG5:NM_004747,127
KCNMA1:NM_001322830,226
LRMDA:NM_001305581,290
COMTD1:NM_144589,7
VDAC2:NM_001184823,33
SAMD8:NM_001174156,27
DUSP13:NM_001007271,10
DUSP29:NM_001384909.1_2,12
KAT6B:NM_001370139.1_2,78
ADK:NM_001202450,167
AP3M1:NM_001320264,42
VCL:NM_003373,127
PLAU:NM_001319191,2
CAMK2G:NM_001367542,82
NDST2:NR_160743,21
ZSWIM8:NM_001242488,26
CHCHD1:NM_203298,3
FUT11:NM_173540,11
SEC24C:NM_198597,54
AGAP5:NM_001144000,0
SYNPO2L:NM_001114133,7
MYOZ1:NM_021245,5
USP54:NM_001391941,56
PPP3CB:NM_001142353,27
MSS51:NM_001024593,11
ANXA7:NM_004034,33
CFAP70:NM_001367801,38
MRPS16:NM_016065,6
DNAJC9:NM_015190,6
FAM149B1:NM_173348,40
ECD:NM_007265,23
NUDT13:NM_001283019,15
P4HA1:NM_001142595,67
PLA2G12B:NM_032562,9
OIT3:NM_152635,13
MCU:NM_138357,65
MICU1:NM_001363513,96
DNAJB12:NM_001002762,28
DDIT4:NM_019058,15
ANAPC16:NM_001242548,9
ASCC1:NM_001369085,65
SPOCK2:NM_014767,11
CHST3:NM_004273,15
PSAP:NM_001042465,55
VSIR:NM_022153,17
C10orf105:NM_001168390,14
CDH23:NM_022124,165
SLC29A3:NM_018344,30
UNC5B:NM_001244889,48
PCBD1:NM_001323004,8
SGPL1:NM_003901,42
TBATA:NM_001318242,8
ADAMTS14:NM_080722,112
PRF1:NM_001083116,3
PALD1:NM_014431,32
NODAL:NM_001329906,10
EIF4EBP2:NM_004096,22
LRRC20:NM_001278211,71
NPFFR1:NM_022146,10
PPA1:NM_021129,24
SAR1A:NM_001142648,27
TYSND1:NM_173555,12
AIFM2:NM_001198696,9
MACROH2A2:NM_018649,20
COL13A1:NM_001368896,62
FAM241B:NM_145306,4
NEUROG3:NM_020999,5
TSPAN15:NM_001351263,17
TACR2:NM_001057,8
HK1:NM_033500,158
HKDC1:NM_025130,19
SUPV3L1:NM_001323587,21
VPS26A:NM_001318946,20
SRGN:NM_001321053,9
KIFBP:NM_015634,20
DDX21:NM_004728,43
DDX50:NM_024045,31
STOX1:NM_001130161,17
CCAR1:NM_001282960,66
TET1:NM_030625,77
SLC25A16:NM_001324314,28
DNA2:NR_102264,44
RUFY2:NR_103475,41
HNRNPH3:NM_001322445,19
PBLD:NM_022129,13
ATOH7:NM_145178,2
MYPN:NM_001256267,36
HERC4:NM_022079,73
SIRT1:NM_012238,33
DNAJC12:NM_021800,10
LRRTM3:NM_178011,36
CTNNA3:NM_013266,264
REEP3:NM_001001330,41
JMJD1C:NM_001318154,115
NRBF2:NM_001282405,11
EGR2:NM_001136178,5
ADO:NM_032804,3
ZNF365:NM_199450,27
RTKN2:NM_145307,14
ARID5B:NM_032199,65
CABCOCO1:NM_001366905,32
TMEM26:NM_178505,10
RHOBTB1:NM_001350907,37
CDK1:NM_001320918,26
ANK3:NM_001204403,190
CCDC6:NM_005436,85
MRLN:NM_001304732,5
SLC16A9:NM_001323977,10
FAM13C:NM_001347840,28
PHYHIPL:NM_032439,8
BICC1:NM_001080512,45
TFAM:NM_001270782,17
UBE2D1:NM_001204880,7
CISD1:NM_018464,10
IPMK:NM_152230,19
ZWINT:NM_007057,7
PCDH15:NM_001354404,229
MBL2:NM_001378374,1
DKK1:NM_012242,0
CSTF2T:NM_015235,1
PRKG1:NM_001098512,202
A1CF:NM_001198819,18
ASAH2B:NM_001321957,1
SGMS1:NM_147156,170
ASAH2:NM_019893,13
WASHC2A:NM_001330102,2
AGAP6:NR_171667,3
TIMM23B:NM_001365871,2
TIMM23B-AGAP6:NR_158654,6
PARG:NM_003631,21
OGDHL:NM_001347823,12
C10orf53:NM_182554,8
SLC18A3:NM_003055,4
CHAT:NM_020984,26
PGBD3:NM_170753,6
ERCC6:NM_001346440,48
DRGX:NM_001276451,15
C10orf71:NM_001135196,25
TMEM273:NM_001288743,40
FAM170B:NM_001164484,4
VSTM4:NM_001031746,40
LRRC18:NM_001378102,5
WDFY4:NM_001394531,89
ARHGAP22:NM_001347738,150
MAPK8:NM_001323320,73
FRMPD2:NM_001018071,28
FAM25C:NM_001137548.3_2,0
NPY4R2:NM_001278795.2_2,0
SYT15B:NM_001370183.1_2,0
AGAP9:NM_001190810,0
FAM25G:NM_001137549,1
ANXA8:NM_001271702,0
ZNF488:NM_001346932,9
RBP3:NM_002900,5
GDF2:NM_016204,4
GDF10:NM_004962,8
PTPN20:NM_001352544,1
SYT15:NM_181519,0
GPRIN2:NM_001385287,16
NPY4R:NM_005972,0
ANXA8L1:NM_001278923,0
ANTXRL:NM_001354208,13
MSMB:NM_002443,4
NCOA4:NM_001145260,27
TIMM23:NM_006327,16
AGAP4:NM_001393378,0
WASHC2C:NM_001367393,4
ZFAND4:NM_001282906,9
MARCHF8:NM_001401645.1_2,76
ALOX5:NM_001256153.3_2,24
OR13A1:NM_001004297.3_2,9
ZNF22:NM_006963,3
DEPP1:NM_007021,5
RASSF4:NM_032023,10
TMEM72:NM_001345926,11
CXCL12:NM_000609,10
ZNF32:NM_001324164,7
ZNF485:NM_001318141,15
ZNF239:NM_001324349,23
ZNF487:NM_001355445,9
HNRNPF:NM_004966,36
FXYD4:NM_173160,7
RASGEF1A:NM_145313,32
CSGALNACT2:NM_018590,13
RET:NM_020975,16
BMS1:NM_014753,40
ZNF37A:NM_001324258,19
ZNF25:NM_001329664,7
ANKRD30A:NM_052997,4
FZD8:NM_031866,0
GJD4:NM_153368,1
CCNY:NM_181698,144
CREM:NM_001394629,22
CUL2:NM_001198777,43
PARD3:NM_019619,198
NRP1:NM_003873,30
ITGB1:NM_002211,28
CCDC7:NM_001395015,48
EPC1:NM_001382754,67
KIF5B:NM_004521,37
ARHGAP12:NM_001270695,29
ZEB1:NM_001323638,33
ZNF438:NM_001143766,26
LYZL2:NM_183058,1
MAP3K8:NM_001244134,16
MTPAP:NM_018109,23
JCAD:NM_001350022,18
SVIL:NM_001323599,50
LYZL1:NM_032517,5
BAMBI:NM_012342,5
WAC:NM_100264,68
MPP7:NM_001318170,28
ODAD2:NM_018076,21
MKX:NM_173576,8
RAB18:NM_001256412,14
PTCHD3:NM_001034842.5_2,0
ACBD5:NM_001352570,19
MASTL:NM_001172304,17
YME1L1:NM_139312,16
ANKRD26:NM_014915,31
ABI1:NM_001178116,27
PDSS1:NM_014317,30
APBB1IP:NM_019043,19
GAD2:NM_000818,18
MYO3A:NM_017433,34
GPR158:NM_020752,62
ENKUR:NM_001270383,24
THNSL1:NM_024838,5
PRTFDC1:NM_020200,33
ARHGAP21:NM_020824,56
KIAA1217:NM_001098500,142
OTUD1:NM_001145373,1
C10orf67:NM_001365862,22
PTF1A:NM_178161,0
MSRB2:NM_012228,7
ARMC3:NM_001282747,28
PIP4K2A:NM_005028,135
SPAG6:NM_172242,8
BMI1:NM_005180,7
COMMD3:NM_012071,3
COMMD3-BMI1:NM_001204062,8
EBLN1:NM_001394757,5
DNAJC1:NM_022365,71
MLLT10:NM_001324297,106
SKIDA1:NM_207371,2
NEBL:NM_001377327,102
PLXDC2:NM_001282736,63
NMTRQ-CTG1-1:NMTRQ-CTG1-1,1
MALRD1:NM_001142308,65
ARL5B:NM_178815,9
NSUN6:NM_001351116,46
CACNB2:NM_201597,56
SLC39A12:NM_001282734,7
MRC1:NM_002438,16
TMEM236:NM_001098844,8
STAM:NM_001324286,36
HACD1:NM_014241,8
ST8SIA6:NM_001345961,42
VIM:NM_003380,14
TRDMT1:NM_001321007,21
CUBN:NM_001081,50
RSU1:NM_012425,54
C1QL3:NM_001010908,2
PTER:NM_001261838,36
MINDY3:NM_024948,56
ITGA8:NM_003638,38
FAM171A1:NM_001010924,62
NMT2:NM_001308295,25
RPP38:NM_006414,7
ACBD7:NM_001039844,1
OLAH:NM_001039702,2
DCLRE1C:NR_146960,36
SUV39H2:NM_001193426,18
HSPA14:NM_016299,20
CDNF:NM_001029954,8
FAM107B:NM_001282695,53
FRMD4A:NM_018027,141
BEND7:NM_001378150,40
SEPHS1:NM_012247,20
PHYH:NM_001323082,7
UCMA:NM_145314,5
MCM10:NM_018518,36
OPTN:NM_021980,6
CCDC3:NM_001282658,41
CAMK1D:NM_153498,88
CDC123:NM_006023,38
NUDT5:NM_001321648,19
SEC61A2:NM_001142627,22
DHTKD1:NM_018706,27
UPF2:NM_080599,65
PROSER2:NM_153256,33
ECHDC3:NM_024693,15
USP6NL:NM_014688,81
CELF2:NM_001326317,250
GATA3:NM_002051,4
TAF3:NM_031923,52
ATP5F1C:NM_001320886,19
KIN:NM_012311,21
ITIH2:NM_002216,16
ITIH5:NM_030569,18
SFMBT2:NM_001029880,204
PRKCQ:NM_001323267,108
PFKFB3:NM_001145443,57
RBM17:NM_032905,27
IL2RA:NM_000417,19
IL15RA:NM_001351095,11
FBH1:NM_001258452,60
ANKRD16:NM_019046,19
GDI2:NM_001494,37
TASOR2:NM_017782,46
ASB13:NM_024701,20
CALML3:NM_005185,1
CALML5:NM_017422,4
NET1:NM_001047160,28
TUBAL3:NM_024803,9
UCN3:NM_053049,4
AKR1C4:NM_001818,4
AKR1C8:NM_001395972,7
AKR1C3:NM_001253908,13
AKR1C2:NM_001354,5
AKR1C1:NM_001353,6
AKR1E2:NR_073126,18
KLF6:NM_001300,12
PITRM1:NM_001242309,34
PFKP:NM_001323069,64
ADARB2:NM_018702,111
WDR37:NM_014023,75
IDI1:NM_001317955,9
IDI2:NM_033261,5
GTPBP4:NM_012341,36
LARP4B:NM_001351277,89
DIP2C:NM_014974,109
ZMYND11:NM_001370103,24
TUBB8:NM_001389618,0
CACNA1B:NM_001243812,43
EHMT1:NM_001354263,163
ARRDC1:NM_152285,8
ZMYND19:NM_138462,17
DPH7:NM_001346389,20
MRPL41:NM_032477,0
PNPLA7:NM_001098537,22
NSMF:NM_001130969,9
ENTPD8:NM_001033113,3
NOXA1:NM_001256068,4
EXD3:NM_017820,35
NRARP:NM_001004354,3
TOR4A:NM_017723,4
NELFB:NM_015456,20
STPG3:NM_001256701,1
FAM166A:NM_001001710,6
TUBB4B:NM_006088,5
SLC34A3:NM_001177317,4
RNF224:NM_001190228,2
CYSRT1:NM_199001,0
RNF208:NM_001388297,2
NDOR1:NM_001144027,17
TMEM203:NM_053045,6
TPRN:NM_001128228,11
SSNA1:NM_003731,7
ANAPC2:NM_013366,25
TMEM210:NM_001282477,1
LRRC26:NM_001013653,0
GRIN1:NM_000832,3
DPP7:NM_013379,6
MAN1B1:NM_016219,28
UAP1L1:NM_207309,6
SAPCD2:NM_178448,6
ENTPD2:NM_203468,3
NPDC1:NM_015392,2
FUT7:NM_004479,4
ABCA2:NM_212533,10
CLIC3:NM_004669,3
PAXX:NM_001329678,3
LCNL1:NM_207510,4
PTGDS:NM_000954,2
LCN12:NM_178536,4
C8G:NM_000606,3
FBXW5:NM_018998,7
TRAF2:NM_021138,42
EDF1:NM_001281297,7
MAMDC4:NM_206920,16
PHPT1:NM_014172,6
AJM1:NM_001080482,6
RABL6:NM_024718,19
CCDC183:NM_001039374,5
TMEM141:NM_032928,3
LCN15:NM_203347,2
LCN8:NM_001345934,3
LCN6:NM_198946,4
LCN10:NM_001001712,2
DIPK1B:NM_152421,12
AGPAT2:NM_006412,12
EGFL7:NR_046367,19
NOTCH1:NM_017617,25
SEC16A:NM_001276418,58
INPP5E:NM_019892,8
PMPCA:NM_001282944,27
ENTR1:NM_001039707,14
SNAPC4:NM_001394201,35
CARD9:NM_052813,12
DNLZ:NM_001080849,7
GPSM1:NM_001145638,16
CCDC187:NM_001378188,17
QSOX2:NM_181701,46
LHX3:NM_178138,3
TMEM250:NM_152833,5
NACC2:NM_144653,71
UBAC1:NM_016172,52
CAMSAP1:NM_015447,79
KCNT1:NM_001272003,17
SOHLH1:NM_001012415,3
LCN9:NM_001393661,2
GLT6D1:NM_182974,4
PAEP:NM_001018048,5
OBP2A:NM_001293193,2
LCN1:NM_001252619.2_2,2
MRPS2:NM_001371401,13
PIERCE1:NM_001048265,8
PPP1R26:NM_014811,3
OLFM1:NM_014279,7
FCN1:NM_002003,4
FCN2:NM_015837,2
COL5A1:NM_000093,57
RXRA:NM_002957,61
WDR5:NM_001384414,41
BRD3:NM_007371,41
BRD3OS:NM_001355256,6
VAV2:NM_001134398,63
SARDH:NM_007101,13
DBH:NM_000787,5
FAM163B:NM_001080515,8
ADAMTSL2:NM_001145320,12
MYMK:NM_001080483,3
SLC2A6:NM_017585.4_2,1
CACFD1:NM_001135775.4_2,4
REXO4:NM_001279351.1_2,26
STKLD1:NM_153710.5_2,13
SURF4:NM_001280788.2_2,36
SURF2:NM_001278928.2_2,11
SURF1:NM_003172.4_2,14
RPL7A:NM_000972.3_2,12
MED22:NM_133640.5_2,15
SURF6:NM_001278942.2_2,14
ABO:NM_020469.3_2,20
OBP2B:NM_001288987.2_2,3
GBGT1:NM_001288572,6
RALGDS:NM_001042368,68
CEL:NM_001807,3
GTF3C5:NM_001286709,33
GFI1B:NM_004188,24
TSC1:NM_000368,39
SPACA9:NM_001316898,4
AK8:NM_001371773,40
GTF3C4:NR_133925,28
DDX31:NM_001322341,83
BARHL1:NM_020064,1
CFAP77:NM_001282957,37
TTF1:NM_007344,22
SETX:NM_001351528,99
NTNG2:NM_032536,21
MED27:NM_004269,112
RAPGEF1:NM_001377935,104
PRRT1B:NM_001395643,6
UCK1:NM_031432,11
POMT1:NM_001353200,19
PRRC2B:NM_001384822,123
PLPP7:NM_032728,5
FAM78A:NM_001400581,73
NUP214:NM_001318324,694
AIF1L:NM_001185096,54
LAMC3:NM_006059,167
FIBCD1:NM_032843,73
QRFP:NM_198180,27
ABL1:NM_007313,620
EXOSC2:NM_001282709,19
PRDM12:NM_021619,1
FUBP3:NM_003934,75
ASS1:NM_000050,15
HMCN2:NM_001291815,36
NCS1:NM_014286,21
GPR107:NM_020960,56
FNBP1:NM_015033,34
USP20:NM_001110303,92
C9orf78:NM_016520,18
TOR1A:NM_000113,21
TOR1B:NM_001317894,12
PTGES:NM_004878,10
PRRX2:NM_016307,24
ASB6:NM_017873,7
C9orf50:NM_199350,3
NTMT1:NM_001286796,17
IER5L:NM_203434,1
PTPA:NM_021131,39
CRAT:NM_004003,11
DOLPP1:NM_001135917,16
MIGA2:NM_001329990,35
SH3GLB2:NM_001287045,26
NUP188:NM_015354,85
DOLK:NM_014908,3
PHYHD1:NM_174933,3
LRRC8A:NM_001127245,35
KYAT1:NM_001352988,14
SPOUT1:NM_016390,21
ENDOG:NM_004435,14
TBC1D13:NM_001286772,24
ZER1:NM_001375956,25
ZDHHC12:NM_001318015,3
PKN3:NM_001317926,17
SET:NM_001374326,14
DYNC2I2:NM_052844,26
SPTAN1:NM_001195532,46
GLE1:NM_001003722,34
ODF2:NM_001351584,55
CERCAM:NM_001286760,13
URM1:NM_001135947,23
SLC27A4:NM_005094,26
COQ4:NM_001305942,32
TRUB2:NM_001329863,36
SWI5:NM_001318092,26
GOLGA2:NM_001366244,48
DNM1:NM_001288739,38
CIZ1:NM_012127,71
BBLN:NM_024112,8
LCN2:NM_005564,6
PTGES2:NM_198938,13
SLC25A25:NM_001006641,41
NAIF1:NM_197956,6
FAM102A:NM_001035254,25
DPM2:NM_003863,12
PIP5KL1:NM_001135219,5
ST6GALNAC4:NM_175039,11
ST6GALNAC6:NM_001388489,29
AK1:NM_001318121,6
ENG:NM_000118,20
FPGS:NM_001288803,13
CDK9:NM_001261,10
SH2D3C:NM_170600,13
TOR2A:NM_130459,1
TTC16:NM_001317037,3
CFAP157:NM_001012502,7
PTRH1:NM_001345977,2
STXBP1:NM_001374314,38
NIBAN2:NM_001035534,62
LRSAM1:NM_138361,38
RPL12:NM_000976,15
ZNF79:NM_007135,25
SLC2A8:NM_001271712,9
GARNL3:NM_001286779,27
ANGPTL2:NM_012098,13
RALGPS1:NM_014636,83
ZBTB34:NM_001099270,19
ZBTB43:NM_001135776,22
LMX1B:NM_002316,18
MVB12B:NM_033446,43
PBX3:NM_001330782,25
MAPKAP1:NM_001006617,123
GAPVD1:NM_001282681,65
HSPA5:NM_005347,11
RABEPK:NM_001174153,16
PPP6C:NM_001123355,27
SCAI:NM_173690,80
GOLGA1:NM_002077,54
ARPC5L:NM_030978,22
RPL35:NM_007209,18
WDR38:NM_001276375,17
OLFML2A:NM_182487,11
NR6A1:NM_033334,100
NR5A1:NM_004959,8
ADGRD2:NM_001395425,5
PSMB7:NM_002799,64
NEK6:NM_001166167,54
LHX2:NM_004789,6
DENND1A:NM_001352964,186
CRB2:NM_173689,9
STRBP:NM_001376109,58
GPR21:NM_005294,2
RABGAP1:NM_012197,74
ZBTB26:NM_020924,7
ZBTB6:NM_006626,3
RC3H2:NM_001100588,30
PDCL:NM_005388,14
OR1K1:NM_080859,0
OR5C1:NM_001001923,2
OR1L6:NM_001004453,1
OR1L4:NM_001005235,0
OR1L3:NM_001005234,0
OR1L1:NM_001005236,2
OR1B1:NM_001004450,4
OR1Q1:NM_012364,2
OR1N2:NM_001004457,6
OR1L8:NM_001004454,6
OR1N1:NM_012363,2
OR1J4:NM_001004452,1
OR1J1:NM_001004451,1
OR1J2:NM_054107,0
PTGS1:NM_001271166,17
MRRF:NM_001346347,68
RBM18:NM_033117,24
LHX6:NM_014368,17
MORN5:NM_001286828,18
NDUFA8:NM_001318195,19
TTLL11:NM_001139442,55
DAB2IP:NM_032552,58
GGTA1:NR_168460,10
STOM:NM_004099,22
GSN:NM_001353053,49
RAB14:NM_016322,10
CNTRL:NM_007018,66
C5:NM_001317163,24
TRAF1:NM_001190945,12
PHF19:NM_001286840,105
PSMD5:NM_005047,38
B3GALT9:NM_001386823,3
FBXW2:NM_001375890,29
MEGF9:NM_001080497,23
CDK5RAP2:NM_018249,166
BRINP1:NM_014618,32
TLR4:NM_138557,4
TRIM32:NM_001099679,14
ASTN2:NM_001365068,182
PAPPA:NM_002581,58
TNC:NM_002160,29
TNFSF8:NM_001252290,8
TNFSF15:NM_005118,5
TEX48:NM_001199233,3
TEX53:NM_001354645,1
TMEM268:NM_153045,23
ATP6V1G1:NM_004888,11
WHRN:NM_015404,51
AKNA:NM_030767,35
ORM2:NM_000608,2
ORM1:NM_000607,0
COL27A1:NM_032888,39
KIF12:NM_001388308,3
AMBP:NM_001633,6
ZNF618:NM_001318040,40
RGS3:NM_144488,34
C9orf43:NM_001278630,8
POLE3:NM_001278255,4
ALAD:NM_001003945,7
HDHD3:NM_001371923,7
BSPRY:NM_001317944,3
WDR31:NM_001012361,8
RNF183:NM_001371236,1
PRPF4:NM_001244926,16
CDC26:NM_139286,9
SLC31A1:NM_001859,15
FKBP15:NM_015258,56
SLC31A2:NM_001860,11
ZFP37:NM_001282515,2
ZNF883:NM_001101338,5
SLC46A2:NM_033051,5
SNX30:NM_001012994,42
INIP:NM_001329588,22
KIAA1958:NM_133465,72
HSDL2:NM_001195822,44
PTBP3:NM_001163790,62
SUSD1:NM_001282640,108
UGCG:NM_003358,20
SHOC1:NM_001378211,19
GNG10:NM_001198664,4
DNAJC25:NM_001015882,18
DNAJC25-GNG10:NM_004125,22
PTGR1:NM_001146109,4
ZNF483:NM_001007169,9
ECPAS:NM_001364929,75
OR2K2:NM_205859,2
LPAR1:NM_001387476,27
MUSK:NM_001166281,19
SVEP1:NM_153366,29
TXNDC8:NM_001003936,1
TXN:NM_003329,5
C9orf152:NM_001012993,2
PALM2AKAP2:NM_147150,57
PTPN3:NM_002829,31
EPB41L4B:NM_001385623,30
FRRS1L:NM_014334,8
TMEM245:NM_032012,73
CTNNAL1:NM_001286974,35
ABITRAM:NM_017832,8
ELP1:NM_003640,58
ACTL7A:NM_006687,2
ACTL7B:NM_006686,1
KLF4:NM_001314052,3
RAD23B:NM_002874,33
ZNF462:NM_001347997,26
TMEM38B:NM_018112,27
TAL2:NM_005421,0
FKTN:NM_006731,13
FSD1L:NM_001287192,19
SLC44A1:NM_001330731,30
ABCA1:NM_005502,25
NIPSNAP3B:NM_018376,4
NIPSNAP3A:NM_001329570,7
OR13D1:NM_001004484,0
OR13C9:NM_001001956,0
OR13C2:NM_001004481,0
OR13C5:NM_001004482,0
OR13C8:NM_001004483,0
OR13C3:NM_001001961,0
OR13C4:NM_001001919,0
OR13F1:NM_001004485,0
SMC2:NM_006444,12
CYLC2:NM_001340,3
PPP3R2:NM_147180,0
GRIN3A:NM_133445,28
RNF20:NM_019592,12
PGAP4:NM_001303107,7
ALDOB:NM_000035,8
ZNF189:NM_001278232,14
MRPL50:NM_019051,4
BAAT:NM_001701.4_2,3
PLPPR1:NM_207299.2_2,45
CAVIN4:NM_001018116,4
TMEFF1:NM_003692,16
MSANTD3-TMEFF1:NM_001198812,28
MSANTD3:NM_080655,13
TEX10:NM_017746,33
INVS:NM_014425,61
ERP44:NM_015051,46
STX17:NM_017919,26
NR4A3:NM_006981,10
SEC61B:NM_006808,6
ALG2:NM_033087,3
TGFBR1:NM_001130916,27
COL15A1:NM_001855,38
NME2P3:NME2P3,1
GALNT12:NM_024642,41
ANKS6:NM_173551,75
GABBR2:NM_005458,119
TBC1D2:NM_001267571,37
CORO2A:NM_052820,38
NANS:NM_018946,19
TRIM14:NM_014788,27
ANP32B:NM_006401,40
HEMGN:NM_018437,9
TRMO:NM_001371657,18
FOXE1:NM_004473,1
XPA:NM_001354975,18
NCBP1:NM_001351505,36
TSTD2:NM_139246,32
TMOD1:NM_001166116,109
TDRD7:NM_001302884,31
CCDC180:NM_020893,30
CTSV:NM_001201575,5
NUTM2G:NM_001045477,1
ZNF782:NM_001001662,19
ZNF510:NM_001314059,17
PRXL2C:NM_153698,5
CDC14B:NM_033331,31
HABP4:NM_014282,13
ZNF367:NM_153695,23
SLC35D2:NR_104627,18
HSD17B3:NM_000197,13
ERCC6L2:NM_001375291,55
PTCH1:NM_001083602,32
FANCC:NM_000136,78
AOPEP:NM_001386061,138
FBP1:NM_001127628,9
FBP2:NM_003837,6
MFSD14B:NM_032558,17
NUTM2F:NM_017561,0
ZNF169:NM_194320,15
PTPDC1:NM_001253830,26
BARX1:NM_021570,2
PHF2:NM_005392,46
FAM120A:NM_001286722,78
FAM120AOS:NM_198841,2
WNK2:NM_006648,56
NINJ1:NM_004148,1
CARD19:NM_001318011,9
SUSD3:NM_001287007,7
FGD3:NM_001083536,19
ZNF484:NM_001261459,10
BICD2:NM_001003800,45
IPPK:NM_022755.6_2,61
ECM2:NM_001197296.2_2,16
ASPN:NM_017680.5_2,11
OMD:NM_005014.3_2,8
OGN:NM_024416.4_2,6
CENPP:NM_001012267.3_2,90
NOL8:NM_017948.6_2,21
IARS1:NM_001378569.1_2,98
SPTLC1:NM_001368273,65
ROR2:NM_004560,119
NFIL3:NM_001289999,8
AUH:NM_001351432,45
SYK:NM_001174168,14
DIRAS2:NM_017594,6
GADD45G:NM_006705,0
SEMA4D:NM_001371198,30
SECISBP2:NM_001282689,29
CKS2:NM_001827,2
SHC3:NM_016848,26
S1PR3:NM_001395848,2
NXNL2:NM_145283.3_2,11
SPIN1:NM_006717,19
SPATA31C2:NM_001350978,0
CDK20:NM_178432,1
SPATA31C1:NM_001145124,0
SPATA31E1:NM_178828,6
CTSL:NM_001257972,3
DAPK1:NM_001288731,88
GAS1:NM_002048,0
TUT7:NM_001330718,32
ISCA1:NM_030940,7
C9orf153:NM_001276367,1
GOLM1:NM_177937,20
NAA35:NM_001321881,39
AGTPBP1:NM_001286715,17
NTRK2:NM_001369533,48
SLC28A3:NM_022127,12
RMI1:NM_001358294,7
HNRNPK:NM_002140,8
C9orf64:NM_001317997,4
KIF27:NM_001354069,3
GKAP1:NM_025211,5
UBQLN1:NM_013438,20
IDNK:NM_001001551,7
FRMD3:NM_001244959,38
RASEF:NM_152573,6
SPATA31D1:NM_001001670,0
SPATA31D3:NM_207416,0
SPATA31D4:NM_001145197,0
TLE1:NM_001303103,10
TLE4:NM_001351552,48
PSAT1:NM_021154,21
CEP78:NM_001330693,6
GNAQ:NM_002072,113
GNA14:NM_004297,21
VPS13A:NM_001018037,47
FOXB2:NM_001013735,0
PRUNE2:NM_001308048,35
GCNT1:NM_001097634,5
RFK:NM_018339,11
PCSK5:NM_001190482,46
OSTF1:NM_012383,18
NMRK1:NM_001330679,5
CARNMT1:NR_135282,17
C9orf40:NM_017998,2
TRPM6:NM_017662,21
RORB:NM_006914,17
ANXA1:NM_000700,7
ALDH1A1:NM_000689,4
TMC1:NM_138691,37
ZFAND5:NM_001102420,5
GDA:NM_001242507,26
C9orf57:NM_001128618,2
C9orf85:NM_001365057,17
ABHD17B:NM_016014,13
CEMIP2:NM_013390,22
TRPM3:NM_001366142,80
KLF9:NM_001206,7
SMC5:NM_015110,38
CFAP95:NM_001308085,9
PTAR1:NM_001366936,20
APBA1:NM_001163.4_2,29
FAM189A2:NM_001127608,10
TJP2:NM_001170414,36
FXN:NM_000144,26
PRKACG:NM_002732,0
PABIR1:NM_138333,9
PIP5K1B:NM_001278253,107
TMEM252:NM_153237,0
PGM5:NM_021965,28
FOXD4L3:NM_199135,0
CBWD3:NM_001378115,0
ANKRD20A1:NM_032250,0
SPATA31A3:NM_001083124,0
ZNF658:NR_134255,0
FOXD4L4:NM_199244,0
CBWD5:NM_001024916,1
FOXD4L5:NM_001126334,0
SPATA31A7:NM_015667,0
SPATA31A5:NM_001113541,0
SPATA31A6:NM_001145196,0
CNTNAP3B:NM_001201380,0
CBWD6:NM_001085457,0
FOXD4L6:NM_001085476,0
SPATA31A1:NM_001085452,0
CNTNAP3:NM_033655.5_2,0
FAM240B:NM_001394922,4
ANKRD18A:NM_001331100,1
FAM95C:NR_047651,0
IGFBPL1:NM_001007563,9
ALDH1B1:NM_000692,9
SHB:NM_003028,144
DCAF10:NM_001286810,42
EXOSC3:NM_001002269,18
TRMT10B:NM_001286953,26
FRMPD1:NM_001371225,41
TOMM5:NM_001134484,12
FBXO10:NM_012166,80
POLR1E:NM_022490,42
ZBTB5:NM_014872,36
GRHPR:NM_012203,57
ZCCHC7:NR_110317,176
PAX5:NM_016734,53
MELK:NM_001256692,68
RNF38:NM_194330,29
GNE:NM_001128227,37
CLTA:NM_001311203,32
CCIN:NM_005893,2
RECK:NM_021111,14
OR2S2:NM_019897,3
SPAAR:NM_001348107,4
HRCT1:NM_001039792,2
OR13J1:NM_001004487,0
TMEM8B:NM_001042589,15
FAM221B:NM_001012446,1
HINT2:NM_032593,0
SPAG8:NM_172312,9
NPR2:NM_003995,24
MSMP:NM_001044264,8
RGP1:NM_001080496,16
GBA2:NM_001330660,34
CREB3:NM_006368,14
TLN1:NM_006289,60
TPM2:NM_213674,6
CA9:NM_001216,5
ARHGEF39:NM_032818,13
CCDC107:NM_001195217,11
SIT1:NM_014450,0
CD72:NM_001782,6
TESK1:NM_001318230,5
FAM166B:NM_001287238,4
RUSC2:NM_001330740,33
UNC13B:NM_001371186,86
FAM214B:NM_025182,10
STOML2:NM_001287032,11
PIGO:NM_001201484,7
FANCG:NM_004629,9
VCP:NM_001354928,29
C9orf131:NM_001040411,5
DNAJB5:NM_012266,9
FAM205C:NM_001309426,0
FAM205A:NM_001141917,3
CCL21:NM_002989,1
CCL19:NM_006274,2
PHF24:NM_001395371,5
CCL27:NM_006664,2
IL11RA:NM_001142784,7
GALT:NM_001258332,13
SIGMAR1:NM_001282208,3
ARID3C:NM_001017363,5
DCTN3:NM_024348,13
RPP25L:NM_148179,9
CNTFR:NM_001207011,14
ENHO:NM_198573,0
DNAI1:NM_012144,13
FAM219A:NM_001184940,24
C9orf24:NM_032596,6
MYORG:NM_020702,4
NUDT2:NM_001244390,14
KIF24:NM_194313,36
UBAP1:NM_001171201,38
DCAF12:NM_015397,45
UBAP2:NM_001370059,70
UBE2R2:NM_017811,47
PRSS3:NM_007343,7
ANKRD18B:NM_001353432,3
NOL6:NM_022917,25
AQP3:NM_004925,6
AQP7:NM_001376191,3
NFX1:NM_002504,91
CHMP5:NM_001195536,21
BAG1:NM_001172415,20
SPINK4:NM_014471,7
B4GALT1:NM_001378497,46
SMU1:NM_018225,29
DNAJA1:NM_001314039,13
APTX:NM_001368999,45
TMEM215:NM_212558,1
TAF1L:NM_153809,0
NDUFB6:NM_002493,9
TOPORS:NM_005802,10
DDX58:NM_001385910,16
ACO1:NM_002197,29
LINGO2:NM_001258282,42
C9orf72:NM_001256054,6
IFNK:NM_020124,3
MOB3B:NM_024761,98
EQTN:NM_020641,0
TEK:NM_001290078,14
LRRC19:NM_022901,2
IFT74:NM_001099223,21
PLAA:NM_001031689,15
CAAP1:NM_001167575,12
TUSC1:NM_001004125,0
IZUMO3:NM_001365008,0
ELAVL2:NM_001351456,0
DMRTA1:NM_022160,0
CDKN2B:NM_078487,0
CDKN2A:NM_001363763,0
MTAP:NM_001396042,0
IFNE:NM_176891,0
IFNA1:NM_024013,0
IFNA8:NM_002170,0
IFNA2:NM_000605,0
IFNA13:NM_006900,0
IFNA6:NM_021002,0
KLHL9:NM_018847,0
IFNA5:NM_002169,0
IFNA14:NM_002172,0
IFNA17:NM_021268,0
IFNA16:NM_002173,0
IFNA10:NM_002171,0
IFNA7:NM_021057,0
IFNA4:NM_021068,0
IFNA21:NM_002175,0
IFNW1:NM_002177,0
IFNB1:NM_002176,0
HACD4:NM_001321883,0
FOCAD:NM_017794,15
MLLT3:NM_004529,23
SLC24A2:NM_001375850,35
ACER2:NM_001010887,10
RPS6:NM_001010,6
DENND4C:NR_169842,42
PLIN2:NM_001122,12
HAUS6:NM_017645,15
RRAGA:NM_006570,1
SAXO1:NM_001287049,16
ADAMTSL1:NM_001040272,47
SH3GL2:NM_003026,21
CNTLN:NM_001365029,22
BNC2:NM_001317940,37
CCDC171:NM_173550,27
PSIP1:NM_033222,16
SNAPC3:NM_001369651,19
TTC39B:NM_001168340,17
FREM1:NM_144966,14
CER1:NM_005454,1
ZDHHC21:NM_001354118,11
NFIB:NM_001369458,70
MPDZ:NM_001375421,21
LURAP1L:NM_203403,1
TYRP1:NM_000550,2
PTPRD:NM_002839,191
DMAC1:NM_001318058,1
KDM4C:NM_001304340,100
GLDC:NM_000170,9
UHRF2:NM_152896,22
TPD52L3:NM_001001874,2
IL33:NM_001314047,7
RANBP6:NM_012416,4
MLANA:NM_005511,4
KIAA2026:NM_001017969,15
ERMP1:NM_024896,21
RIC1:NM_001206557,36
PDCD1LG2:NM_025239,11
CD274:NM_001267706,3
PLGRKT:NM_018465,9
RLN1:NM_006911,0
RLN2:NM_005059,0
INSL4:NM_002195,0
INSL6:NM_007179,2
JAK2:NR_169764,49
RCL1:NM_001286699,49
AK3:NM_001199853,10
CDC37L1:NM_017913,8
PLPP6:NM_203453,0
SPATA6L:NR_148445,6
SLC1A1:NM_004170,14
GLIS3:NM_001042413,44
RFX3:NM_134428,27
PUM3:NM_014878,28
KCNV2:NM_133497,3
VLDLR:NM_001322226,4
SMARCA2:NM_001289397,99
DMRT2:NM_001387558,3
DMRT3:NM_021240,1
DMRT1:NM_021951,17
KANK1:NM_001256876,47
DOCK8:NM_203447,152
CBWD1:NM_001145355,0
FOXD4:NM_207305,0
WASHC1:NM_182905,0
C8orf33:NM_023080.3_2,14
ZNF16:NM_001029976,14
ZNF250:NM_001363099,14
COMMD5:NM_001081003,5
ZNF7:NM_001282796,40
ZNF517:NM_001384906,10
RPL8:NM_001317782,15
ZNF34:NM_001378028,16
ZNF251:NM_138367.2_2,8
ARHGAP39:NM_025251,74
C8orf82:NM_001001795,5
LRRC24:NM_001024678,9
LRRC14:NM_014665,15
RECQL4:NM_004260,14
MFSD3:NM_138431,6
GPT:NM_001382664,2
PPP1R16A:NM_001329443,19
FOXH1:NM_003923,4
KIFC2:NM_001369769,4
CYHR1:NM_001330618,14
TONSL:NM_013432.5_2,30
VPS28:NM_183057.3_2,16
SLC39A4:NM_130849.4_2,6
CPSF1:NM_013291.3_2,33
ADCK5:NM_174922.5_2,24
SLC52A2:NM_001253816.2_2,7
FBXL6:NM_012162.4_2,7
TMEM249:NM_001252402.3_2,4
SCRT1:NM_031309.6_2,3
DGAT1:NM_012079.6_2,10
HSF1:NM_005526.4_2,27
SCX:NM_001080514,7
BOP1:NM_015201.5_2,29
MROH1:NM_032450,51
HGH1:NM_016458,5
WDR97:NM_001316309,6
MAF1:NM_032272,7
SHARPIN:NM_030974,13
CYC1:NM_001916,9
GPAA1:NM_003801,15
EXOSC4:NM_019037,9
OPLAH:NM_017570,21
SPATC1:NM_001134374,9
GRINA:NM_001009184,10
PARP10:NM_001317895,4
PLEC:NM_000445,57
EPPK1:NM_031308,7
NRBP2:NM_178564,6
PUF60:NM_078480.3_2,18
SCRIB:NM_182706.5_2,42
IQANK1:NM_001381874.1_2,20
FAM83H:NM_198488.5_2,11
MAPK15:NM_139021.3_2,5
CCDC166:NM_001162914.1_2,0
ZNF707:NM_001288808.2_2,10
ZNF623:NM_001261843.2_2,15
GFUS:NM_001317783.2_2,12
PYCR3:NM_023078.6_2,12
TIGD5:NM_032862.5_2,20
EEF1D:NM_001130057.4_2,32
NAPRT:NM_145201.6_2,8
MROH6:NM_001100878.2_2,4
GSDMD:NM_001166237.1_2,5
ZC3H3:NM_015117.3_2,77
MAFA:NM_201589,0
RHPN1:NM_052924,8
TOP1MT:NM_001258446,37
ZNF696:NM_030895,7
GLI4:NM_138465,8
ZFP41:NM_173832,16
GPIHBP1:NM_001301772,2
LY6H:NM_001130478.2_2,1
LY6L:NM_001368160.2_2,3
LY6E:NM_001127213.2_2,9
CYP11B2:NM_000498,2
CYP11B1:NM_000497,4
GML:NM_002066,6
LY6D:NM_003695,2
LYNX1:NM_177457,2
SLURP2:NM_177458,1
LYNX1-SLURP2:NM_023946,3
LYPD2:NM_205545,0
SLURP1:NM_020427,2
THEM6:NM_001363000,6
LY6K:NM_017527,2
PSCA:NR_033343,6
JRK:NM_003724,16
ARC:NM_015193,0
ADGRB1:NM_001391985,21
TSNARE1:NM_001363740,64
PTP4A3:NM_032611.3_3,22
GPR20:NM_005293.3_3,2
SLC45A4:NM_001286646,61
DENND3:NM_014957,22
PTK2:NM_001352699,183
AGO2:NM_012154,103
CHRAC1:NM_017444,3
TRAPPC9:NM_031466,230
KCNK9:NR_104210,37
COL22A1:NM_152888,78
FAM135B:NM_001362965,60
KHDRBS3:NM_006558,25
ZFAT:NM_001289394,54
ST3GAL1:NM_003033,38
NDRG1:NM_001135242,14
CCN4:NM_001204870,7
SLA:NM_001045556,15
TG:NM_003235,55
PHF20L1:NM_001362971,33
TMEM71:NM_001382397,14
DNAAF11:NM_001321965,20
KCNQ3:NM_004519,76
HHLA1:NM_001145095,10
OC90:NM_001080399,14
EFR3A:NM_015137,34
ADCY8:NM_001115,53
ASAP1:NM_001247996,159
CYRIB:NM_001353245,74
GSDMC:NM_031415.3_2,9
MYC:NM_001354870,13
POU5F1B:NM_001395745,0
LRATD2:NM_174911,1
TRIB1:NM_025195,8
NSMCE2:NM_001349485,105
WASHC5:NM_014846,44
SQLE:NM_003129,19
ZNF572:NM_152412,4
MTSS1:NM_001363296.2_2,47
NDUFB9:NM_001278645.2_2,19
TATDN1:NM_001317890.1_2,25
RNF139:NM_007218.4_2,7
TRMT12:NM_017956,4
TMEM65:NM_194291,15
FER1L6:NM_001039112,58
FAM91A1:NM_144963,19
ANXA13:NM_001003954,10
KLHL38:NM_001081675,4
FBXO32:NM_058229,9
NTAQ1:NR_133926,21
ATAD2:NM_014109,46
ZHX1:NR_037873,14
ZHX1-C8orf76:NM_001204180,30
C8orf76:NM_032847,18
FAM83A:NM_207006,38
TBC1D31:NM_001363151,41
DERL1:NM_024295,16
ZHX2:NM_014943,50
HAS2:NM_005328,6
SNTB1:NM_021021,41
MTBP:NM_022045,12
MRPL13:NM_014078,26
COL14A1:NM_021110,28
DEPTOR:NM_001283012,25
DSCC1:NM_024094,13
TAF2:NM_003184,37
ENPP2:NM_001330600,17
CCN3:NM_002514,0
MAL2:NM_052886,7
COLEC10:NM_001324095,30
TNFRSF11B:NM_002546,8
EXT1:NM_000127,46
MED30:NM_001282986,6
SLC30A8:NM_001172811,45
AARD:NM_001025357,0
RAD21:NM_006265,17
UTP23:NM_032334,9
EIF3H:NM_003756,56
TRPS1:NM_014112,72
CSMD3:NM_198123,102
KCNV1:NM_014379,4
SYBU:NM_001099744,26
EBAG9:NM_198120,9
PKHD1L1:NM_177531,24
ENY2:NM_001193557,4
NUDCD1:NM_032869,34
TRHR:NM_003301,5
TMEM74:NR_136411,24
EMC2:NM_014673,10
EIF3E:NM_001568,34
RSPO2:NM_001282863,29
ANGPT1:NM_001146,80
ABRA:NM_139166,1
OXR1:NM_018002,77
ZFPM2:NM_001362836,190
LRP12:NM_013437,29
DPYS:NM_001385,20
DCSTAMP:NM_001257317,3
RIMS2:NM_001348497,83
DCAF13:NM_015420,14
SLC25A32:NM_030780,3
CTHRC1:NM_138455,1
FZD6:NM_001164615,6
BAALC:NM_001024372,26
ATP6V1C1:NM_001695,23
AZIN1:NM_001363083,34
KLF10:NM_005655,8
ODF1:NM_024410,5
UBR5:NM_015902,83
RRM2B:NM_015713,10
NCALD:NM_001040630,108
GRHL2:NM_024915,31
ZNF706:NM_001267709,7
YWHAZ:NM_003406,23
PABPC1:NM_002568,14
SNX31:NM_152628,22
ANKRD46:NM_001270379,23
RNF19A:NM_001280539,21
SPAG1:NM_172218,16
POLR2K:NM_005034,2
FBXO43:NM_001029860,2
RGS22:NM_015668,18
COX6C:NM_004374,12
VPS13B:NM_017890,219
OSR2:NM_001394683,4
KCNS2:NM_020697,1
STK3:NM_001256312,102
NIPAL2:NM_024759,12
POP1:NM_001145861,27
RIDA:NM_005836,2
ERICH5:NM_001170806,5
RPL30:NM_000989,5
MATN2:NM_001317748,42
LAPTM4B:NM_018407,42
MTDH:NM_001363139,41
TSPYL5:NM_033512,3
CPQ:NM_016134,127
SDC2:NM_002998,19
PTDSS1:NM_001290225,69
MTERF3:NM_001286643,17
UQCRB:NM_001199975,2
GDF6:NM_001001557,5
CFAP418:NM_177965,11
PLEKHF2:NM_024613,14
TP53INP1:NM_001135733,9
NDUFAF6:NM_001354534,70
CCNE2:NM_057749,5
INTS8:NM_017864,29
DPY19L4:NM_181787,24
ESRP1:NM_001122827,9
VIRMA:NM_015496,43
FSBP:NM_001256141,1
RAD54B:NM_012415,34
GEM:NM_005261,5
CDH17:NM_001144663,19
PDP1:NM_018444,4
TMEM67:NR_024522,7
RBM12B:NM_001377961,6
CIBAR1:NM_001283034,10
TRIQK:NM_001191035,8
RUNX1T1:NM_001395209,23
SLC26A7:NM_001282357,22
LRRC69:NM_001354470,24
OTUD6B:NM_016023,5
PIP4P2:NM_018710,20
C8orf88:NM_001363275,8
NECAB1:NM_022351,24
TMEM64:NM_001008495,10
CALB1:NM_004929,7
DECR1:NM_001359,24
NBN:NM_001024688,26
OSGIN2:NM_004337,13
RIPK2:NM_001375360,13
MMP16:NM_005941,35
DCAF4L2:NM_152418,0
CNBD1:NM_173538,42
CNGB3:NM_019098,30
CPNE3:NM_003909,18
RMDN1:NM_001317807,13
WWP1:NM_007013,53
SLC7A13:NM_138817,0
ATP6V0D2:NM_152565,8
PSKH2:NM_033126,3
CA2:NM_001293675,2
CA3:NM_005181,0
CA1:NM_001738,12
CA13:NM_198584,9
RBIS:NM_001099670,6
E2F5:NM_001083588,13
LRRCC1:NM_001349639,10
RALYL:NM_001354325,84
SNX16:NM_022133,10
CHMP4C:NM_152284,10
ZFAND1:NM_001170796,4
SLC10A5:NM_001010893,0
IMPA1:NM_001144878,21
FABP12:NM_001105281,1
FABP4:NM_001442,0
FABP9:NM_001080526,0
PMP2:NM_002677,2
FABP5:NM_001444,1
PAG1:NM_018440,16
ZNF704:NM_001033723,35
ZBTB10:NM_001277145,14
TPD52:NM_001387780,30
MRPS28:NM_014018,45
TPD52-MRPS28:NM_001387778,71
HEY1:NM_001040708,7
STMN2:NM_007029,15
IL7:NM_000880,6
ZC2HC1A:NM_016010,9
PKIA:NM_181839,10
PEX2:NM_001172086,3
ZFHX4:NM_024721,28
HNF4G:NM_001330561,24
CRISPLD1:NM_031461,5
PI15:NM_015886,3
GDAP1:NM_001362931,20
JPH1:NM_020647,15
LY96:NM_001195797,6
TMEM70:NM_017866,7
ELOC:NM_001204860,19
UBE2W:NM_001271015,35
STAU2:NM_001164380,94
RDH10:NM_172037,19
RPL7:NM_001363737,3
C8orf89:NM_001391993,9
SBSPON:NM_153225,7
TERF1:NM_003218,19
KCNB2:NM_004770,66
TRPA1:NM_007332,5
MSC:NM_005098,2
EYA1:NM_001370335,39
XKR9:NM_001287260,4
LACTB2:NM_016027,14
TRAM1:NM_014294,24
NCOA2:NM_001321703,81
PRDM14:NM_024504,3
SLCO5A1:NM_030958,23
SULF1:NM_001128204,22
C8orf34:NM_001349479,49
PREX2:NM_024870,52
CPA6:NM_020361,61
ARFGEF1:NM_006421,57
CSPP1:NM_024790,59
COPS5:NM_006837,18
PPP1R42:NM_001364910,10
TCF24:NM_001193502,6
MCMDC2:NM_173518,10
SGK3:NM_001033578,40
C8orf44-SGK3:NM_001204173,56
VCPIP1:NM_025054,8
MYBL1:NM_001080416,7
VXN:NM_152765,6
ADHFE1:NM_144650,16
RRS1:NM_015169,5
CRH:NM_000756,0
TRIM55:NM_184087,11
DNAJC5B:NM_001349432,17
PDE7A:NM_001242318,44
MTFR1:NM_014637,30
ARMC1:NM_018120,27
CYP7B1:NM_001324112,29
BHLHE22:NM_152414,0
YTHDF3:NR_102434,15
TTPA:NM_000370,4
GGH:NM_003878,9
NKAIN3:NR_130764,87
ASPH:NM_004318,47
CLVS1:NM_173519,29
CHD7:NM_017780,66
RAB2A:NM_001242644,43
CA8:NM_004056,60
TOX:NM_014729,38
NSMAF:NM_003580,41
SDCBP:NM_001007070,16
CYP7A1:NM_000780,2
UBXN2B:NM_001363181,24
FAM110B:NM_001377989,28
BPNT2:NM_017813,19
PENK:NM_001135690,1
SDR16C5:NM_001318049,2
CHCHD7:NM_001317859,6
PLAG1:NM_002655,10
MOS:NM_005372,3
RPS20:NM_001146227,8
LYN:NM_001111097,91
TGS1:NM_001317902,38
TMEM68:NM_001363176,17
XKR4:NM_052898,73
RP1:NM_001375654,34
SOX17:NM_022454,2
MRPL15:NM_014175,14
LYPLA1:NM_006330,16
TCEA1:NM_006756,27
RGS20:NM_001286674,28
ATP6V1H:NM_213620,70
OPRK1:NM_001282904,7
NPBWR1:NM_005285,2
RB1CC1:NM_014781,43
ALKAL1:NM_207413,7
ST18:NM_001352828,58
PCMTD1:NM_001286782,20
PXDNL:NM_144651,71
SNTG1:NM_001287813,100
PPDPFL:NM_001256596,2
SNAI2:NM_003068,0
CLXN:NR_157027,4
UBE2V2:NM_003350,22
MCM4:NM_182746,22
PRKDC:NM_006904,192
CEBPD:NM_005195,1
SPIDR:NM_001080394,145
NMTRL-TAA6-1:NMTRL-TAA6-1,1
POTEA:NM_001002920,7
HGSNAT:NM_001363228,12
POMK:NM_001277971,25
FNTA:NM_002027,18
HOOK3:NM_032410,60
RNF170:NM_001160224,16
THAP1:NM_018105,4
CHRNA6:NM_004198,3
CHRNB3:NM_000749,8
SMIM19:NM_001135676,4
SLC20A2:NM_006749,54
VDAC3:NM_001135694,14
DKK4:NM_014420,1
POLB:NM_002690,21
IKBKB:NM_001242778,54
PLAT:NM_000930,11
AP3M2:NM_006803,9
KAT6A:NM_006766,63
ANK1:NM_001142446,227
NKX6-3:NM_001364841,3
GPAT4:NM_178819,47
GINS4:NM_032336,11
GOLGA7:NM_001362979,12
SFRP1:NM_003012,19
ZMAT4:NM_024645,57
TCIM:NM_020130,0
IDO2:NM_194294,12
IDO1:NM_002164,1
ADAM2:NM_001464.5_2,12
ADAM18:NM_001320313.2_2,17
ADAM32:NM_001313994.1_2,17
ADAM9:NM_003816.3_2,39
TM2D2:NM_031940,8
HTRA4:NM_153692,3
PLEKHA2:NM_021623,36
TACC1:NM_001352795,40
FGFR1:NM_001174064,17
LETM2:NM_144652,11
NSD3:NM_023034,63
PLPP5:NM_001354459,6
DDHD2:NM_001362913,23
BAG4:NM_001204878,22
LSM1:NR_045493,18
STAR:NM_000349,9
ASH2L:NM_001282272,24
EIF4EBP1:NM_004095,17
ADRB3:NM_000025,1
GOT1L1:NM_152413,1
RAB11FIP1:NM_001002814,39
BRF2:NM_018310,10
ADGRA2:NM_032777,22
PLPBP:NM_001349348,9
ERLIN2:NM_007175,29
ZNF703:NM_025069,4
KCNU1:NM_001031836,21
UNC5D:NM_080872,74
DUSP26:NM_024025,1
RNF122:NM_024787,13
TTI2:NM_025115,11
MAK16:NM_032509,5
FUT10:NM_032664,39
NMTRQ-TTG11-1:NMTRQ-TTG11-1,1
NRG1:NM_001322202,159
WRN:NM_000553,63
PURG:NM_001015508,2
TEX15:NM_001350162,33
PPP2CB:NM_001009552,17
UBXN8:NM_001282189,21
GSR:NM_000637,36
SMIM18:NM_001206847,3
GTF2E2:NM_002095,27
RBPMS:NM_001008710,39
DCTN6:NM_006571,16
MBOAT4:NM_001100916,5
LEPROTL1:NM_001128208,14
SARAF:NM_001284239,20
DUSP4:NM_001394,5
KIF13B:NM_015254,81
HMBOX1:NM_001324387,71
INTS9:NM_001172562,76
EXTL3:NM_001440,42
FZD3:NM_145866,6
FBXO16:NM_172366,7
ZNF395:NM_018660,16
PNOC:NM_006228,10
ELP3:NM_001284222,64
NUGGC:NM_001010906,15
SCARA5:NM_173833,31
PBK:NM_018492,18
ESCO2:NM_001017420,19
CCDC25:NM_018246,15
SCARA3:NM_182826,12
CLU:NM_001831,2
EPHX2:NM_001256483,40
CHRNA2:NM_001347707,4
PTK2B:NM_173174,99
TRIM35:NM_171982,24
STMN4:NM_001394387,6
ADRA1A:NM_033303,23
DPYSL2:NM_001197293,50
PNMA2:NM_007257,2
BNIP3L:NM_004331,17
PPP2R2A:NM_002717,41
EBF2:NM_022659,35
CDCA2:NM_001317907,30
KCTD9:NM_017634,14
GNRH1:NM_000825,4
DOCK5:NM_024940,45
NEFL:NM_006158,4
NEFM:NM_005382,0
ADAM7:NM_003817,8
ADAMDEC1:NM_014479,3
ADAM28:NM_001304351,14
STC1:NM_003155,1
NKX2-6:NM_001136271,0
NKX3-1:NM_006167,5
SLC25A37:NM_016612,60
ENTPD4:NM_004901,19
LOXL2:NM_002318,34
R3HCC1:NR_125897,12
CHMP7:NM_152272,18
TNFRSF10A:NM_003844,36
TNFRSF10D:NM_003840,11
TNFRSF10C:NM_003841,5
TNFRSF10B:NM_003842,32
RHOBTB2:NM_001160036,13
PEBP4:NM_001363233,59
EGR3:NM_004430,2
BIN3:NM_018688,50
CCAR2:NM_001363069,23
C8orf58:NM_001198827,8
PDLIM2:NM_176871,5
SORBS3:NM_005775,9
PPP3CC:NM_001243975,40
SLC39A14:NM_001135154,50
PIWIL2:NM_001330480,11
POLR3D:NM_001722,22
PHYHIP:NM_001099335,4
BMP1:NM_006129,28
SFTPC:NM_001385660,5
LGI3:NM_139278,5
REEP4:NM_025232,9
HRURF:NM_001394132,2
HR:NM_018411,4
NUDT18:NM_024815,2
FHIP2B:NM_001354250,17
DMTN:NM_001387723,17
FGF17:NM_001304478,4
NPM2:NM_001286680,3
XPO7:NM_001362802,71
DOK2:NM_003974,3
GFRA2:NM_001495,28
LZTS1:NM_021020,14
ATP6V1B2:NM_001693,15
SLC18A1:NM_001135691,9
LPL:NM_000237,6
INTS10:NM_001353520,25
CSGALNACT1:NM_001354475,74
SH2D4A:NM_001174160,15
PSD3:NM_015310,78
NAT2:NM_000015,3
NAT1:NM_001160179,10
ASAH1:NM_001127505,10
PCM1:NM_001352647,66
FGL1:NM_201552,7
MTUS1:NM_001363061,28
PDGFRL:NM_006207,11
SLC7A2:NM_001008539,9
MTMR7:NM_004686,19
VPS37A:NM_001363173,34
CNOT7:NM_001322090,16
ZDHHC2:NM_016353,21
MICU3:NM_001349810,7
FGF20:NM_019851,0
MSR1:NM_138715,17
TUSC3:NM_178234,67
SGCZ:NM_139167,122
C8orf48:NM_001007090,2
DLC1:NM_001348081.2_2,90
TRMT9B:NM_020844.3_2,10
LONRF1:NM_152271.5_2,16
FAM86B2:NM_001137610,0
DEFB130A:NM_001037804.1_2,0
FAM86B1:NR_003494,0
USP17L2:NM_201402,1
USP17L7:NM_001256869.2_2,0
ZNF705D:NM_001039615,0
DEFB130B:NM_001195257,0
DEFB134:NM_001302695.2_2,1
DEFB135:NM_001033017.3_2,1
DEFB136:NM_001033018.2_2,2
CTSB:NM_001384714.1_2,17
FDFT1:NM_001287744.2_2,35
NEIL2:NM_001135747.3_2,3
GATA4:NM_001308094.2_2,6
BLK:NM_001330465.2_2,11
FAM167A:NM_053279.3_2,13
SLC35G5:NM_054028.2_2,1
MTMR9:NM_015458.4_2,19
XKR6:NM_173683.4_2,39
PINX1:NM_017884.6_2,44
SOX7:NM_031439.4_2,1
C8orf74:NM_001040032.2_2,3
RP1L1:NM_178857.6_2,14
PRSS55:NM_001197020.2_2,10
MSRA:NM_001135670.3_2,56
TNKS:NM_003747.3_2,45
PPP1R3B:NM_001201329.2_2,9
ERI1:NM_001354638.2_2,16
MFHAS1:NM_004225.3_2,34
CLDN23:NM_194284.3_2,3
PRAG1:NM_001080826.3_2,14
USP17L3:NM_001256871.1_2,0
USP17L8:NM_001256872.1_2,0
ZNF705B:NM_001193630.1_2,0
DEFB4A:NM_004942.4_2,0
DEFB103A:NM_001081551.4_2,0
SPAG11A:NM_001081552.3_2,0
DEFB104A:NM_080389.3_2,0
DEFB106A:NM_152251.4_2,0
DEFB105A:NM_152250.3_2,0
DEFB107A:NM_001037668.1_2,0
PRR23D2:NM_001282478.1_2,0
FAM90A10:NM_001164447.1_2,0
FAM90A9:NM_001164448.1_2,0
FAM90A19:NM_001164449.1_2,0
FAM90A17:NM_001397391,0
FAM90A8:NM_001164450,0
FAM90A16:NM_001397396.1_2,0
FAM90A18:NM_001164451,0
FAM90A14:NM_001164452.1_2,0
FAM90A23:NM_001397380.1_2,0
FAM90A22:NM_001397382.1_2,0
FAM90A7:NM_001397387.1_3,0
PRR23D1:NM_001282479.1_3,0
DEFB107B:NM_001040705.2_3,0
DEFB105B:NM_001040703.3_3,0
DEFB106B:NM_001040704.2_3,0
DEFB104B:NM_001040702.1_3,0
SPAG11B:NM_058200.4_3,0
DEFB103B:NM_018661.4_3,0
DEFB4B:NM_001205266.2_3,0
ZNF705G:NM_001164457.3_3,1
USP17L4:NM_001256874,0
USP17L1:NM_001256873.1_2,0
DEFA5:NM_021010.3_2,0
DEFA3:NM_005217.4_2,0
DEFA1B:NM_001302265.2_2,0
DEFA1:NM_004084.4_2,0
DEFA4:NM_001925.3_2,0
DEFA6:NM_001926.4_2,0
DEFB1:NM_005218.4_2,3
XKR5:NM_001289973.2_2,5
AGPAT5:NM_018361.5_2,21
ANGPT2:NM_001147,11
MCPH1:NM_001363980.2_3,62
CSMD1:NM_033225,212
MYOM2:NM_003970.4_2,21
KBTBD11:NM_014867.3_2,11
ARHGEF10:NM_014629.4_2,64
CLN8:NM_018941.4_2,16
DLGAP2:NM_001346810.2_4,147
ERICH1:NM_001303100,46
TDRP:NM_175075,6
FBXO25:NM_012173,9
ZNF596:NM_001287256,1
OR4F21:NM_001005504,0
VIPR2:NM_003382,19
DYNC2I1:NM_001350914,54
ESYT2:NM_001367773,44
NCAPG2:NM_001281932,50
PTPRN2:NM_002847,374
DNAJB6:NM_001363676,124
UBE3C:NM_014671,206
MNX1:NM_005515,3
NOM1:NM_138400,57
LMBR1:NR_146959,136
RNF32:NM_030936,30
SHH:NM_000193,7
RBM33:NM_053043,178
CNPY1:NM_001393663,16
EN2:NM_001427,7
INSIG1:NM_198336,25
HTR5A:NM_024012,7
PAXIP1:NM_007349,89
DPP6:NM_001364498.2_2,301
ACTR3B:NM_001350943,33
XRCC2:NM_005431,39
KMT2C:NM_170606,209
GALNT11:NM_001304514,60
GALNTL5:NM_145292,23
PRKAG2:NM_016203,144
RHEB:NM_005614,73
CRYGN:NR_131779,1
WDR86:NM_001284262,22
NUB1:NM_001385354,51
SMARCD3:NM_003078,31
CHPF2:NM_001389653,15
ABCF2:NM_007189,42
H2BK1:NM_001369125,9
ABCF2-H2BK1:NM_005692,44
IQCA1L:NM_001304419,11
ASB10:NM_080871,7
GBX1:NM_001098834,15
AGAP3:NM_001281300,125
TMUB1:NM_001136044,9
FASTK:NM_006712,20
SLC4A2:NM_001199692,43
CDK5:NM_004935,8
ASIC3:NM_020322,11
ABCB8:NM_001282293,31
ATG9B:NR_133652,7
NOS3:NM_000603,19
KCNH2:NM_000238,71
AOC1:NM_001091,8
TMEM176A:NM_018487,1
TMEM176B:NM_014020,4
GIMAP5:NM_018384,7
GIMAP1:NM_130759,3
GIMAP1-GIMAP5:NM_001303630,13
GIMAP2:NM_015660,4
GIMAP6:NM_001244072,3
GIMAP4:NM_018326,6
GIMAP7:NM_153236,2
GIMAP8:NM_175571,13
ZNF775:NM_173680,33
REPIN1:NM_001388050,27
RARRES2:NM_002889,8
LRRC61:NM_001363434,36
ACTR3C:NM_001351028,48
ATP6V0E2:NR_110612,3
ZNF862:NM_001099220,23
ZNF467:NM_207336,9
KRBA1:NM_001394490,33
ZNF746:NM_001363517,38
ZNF777:NM_015694,54
ZNF783:NM_001195220,16
ZNF212:NM_012256,17
ZNF282:NM_001303481,68
ZNF398:NM_020781,58
ZNF425:NM_001001661,8
ZNF786:NM_152411,23
PDIA4:NM_001371245,78
EZH2:NM_004456,87
CUL1:NM_001370660,108
C7orf33:NM_145304,12
CNTNAP2:NM_014141.6_2,531
TPK1:NM_001350882.1_2,81
NOBOX:NM_001080413.3_2,9
ARHGEF5:NM_005435.4_2,2
OR2A1:NM_001005287.2_2,0
CTAGE8:NM_001278507.2_2,0
OR2A7:NM_001005328.2_2,0
OR2A42:NM_001001802.3_2,0
ARHGEF35:NM_001368318.1_2,0
CTAGE4:NM_198495.3_2,0
OR2A14:NM_001001659.3_2,6
OR2A2:NM_001005480.2_2,0
OR2A12:NM_001004135.2_2,8
OR2A25:NM_001386096.1_2,6
OR2A5:NM_012365.2_2,10
OR6B1:NM_001005281.3_2,9
OR2F1:NM_012369.3_2,5
OR2F2:NM_001004685.1_2,3
TCAF1:NM_014719.3_2,29
CTAGE6:NM_178561.5_2,0
TCAF2:NM_001363538.2_2,7
CTAGE15:NM_001008747.2_2,0
TAS2R41:NM_176883.2_2,1
TAS2R60:NM_177437.1_2,2
EPHA1:NM_005232.5_2,24
ZYX:NM_001010972.2_2,29
FAM131B:NM_001371250.1_2,26
CLCN1:NM_000083,26
CASP2:NM_032983,62
TMEM139:NM_153345,9
GSTK1:NM_001143681,19
TAS2R40:NM_176882,3
TAS2R39:NM_176881,3
PIP:NM_002652,10
OR6V1:NM_001001667.1_2,1
OR9A2:NM_001001658.1_2,0
KEL:NM_000420.3_2,45
LLCFC1:NM_001382496.1_2,10
TRPV5:NM_019841.7_2,16
TRPV6:NM_018646.6_2,14
EPHB6:NM_001280794.3_2,14
PRSS2:NM_002770.4_2,2
PRSS1:NM_002769.5_2,2
PRSS58:NM_001001317.5_2,6
MGAM2:NM_001293626.2_2,43
MGAM:NM_004668.3_2,39
TAS2R38:NM_176817,2
CLEC5A:NM_013252,11
OR9A4:NM_001001656,3
PRSS37:NM_001370403,5
NMTRQ-TTG2-1:NMTRQ-TTG2-1,1
TAS2R5:NM_018980,8
TAS2R4:NM_016944,21
TAS2R3:NM_016943,8
SSBP1:NM_001256513.1_2,32
WEE2:NM_001105558.1_2,10
DENND11:NM_001080392.2_2,29
AGK:NM_018238.4_2,98
TMEM178B:NM_001195278,221
MRPS33:NM_053035,17
BRAF:NM_001378474,155
NDUFB2:NM_004546,14
ADCK2:NM_052853,29
DENND2A:NM_015689,54
MKRN1:NR_117084,32
RAB19:NM_001008749,9
SLC37A3:NM_207113,77
KDM7A:NM_030647,71
PARP12:NM_022750,56
TBXAS1:NM_001166254,191
HIPK2:NM_022740,257
CLEC2L:NM_001353368,19
KLRG2:NM_198508,16
FMC1-LUC7L2:NM_001244584,145
LUC7L2:NM_001244585,146
UBN2:NM_173569,93
TTC26:NM_001287513,31
ZC3HAV1:NM_001363491,116
ZC3HAV1L:NM_080660,9
KIAA1549:NM_001164665,83
TMEM213:NM_001085429,7
ATP6V0A4:NM_020632,48
SVOPL:NM_001139456,38
TRIM24:NM_003852,160
AKR1D1:NM_001190906,14
CREB3L2:NM_194071,182
DGKI:NM_001388092,192
PTN:NM_002825,33
CHRM2:NM_001006627,53
MTPN:NM_145808,72
FAM180A:NM_001369697,6
SLC13A4:NM_001318192,42
STMP1:NM_001130929,20
NUP205:NM_015135,147
CNOT4:NM_001393370,111
STRA8:NM_182489,18
WDR91:NM_001362738,42
TMEM140:NM_018295,34
CYREN:NM_001305630,64
AGBL3:NM_001367814,47
CALD1:NM_004342,101
BPGM:NM_001724,20
AKR1B15:NM_001367820,15
AKR1B10:NM_020299,11
AKR1B1:NM_001346142,19
SLC35B4:NM_032826,34
LRGUK:NM_144648,67
EXOC4:NM_021807,582
CHCHD3:NM_001317177,381
PLXNA4:NM_020911,355
PODXL:NM_001018111,43
MKLN1:NM_001145354,303
KLF14:NM_138693,7
TSGA13:NM_001304968,11
COPG2:NM_012133,184
MEST:NM_001253901,28
CEP41:NM_018718,28
CPA1:NM_001868,7
CPA5:NM_001127442,29
CPA4:NM_001163446,37
CPA2:NM_001869,20
SSMEM1:NM_145268,12
TMEM209:NM_001363478,79
KLHDC10:NM_014997,124
ZC3HC1:NM_001282191,102
UBE2H:NM_003344,108
NRF1:NM_005011,151
SMKR1:NM_001195243,8
STRIP2:NM_020704,187
AHCYL2:NM_001130720,147
SMO:NM_005631,27
TSPAN33:NM_178562,27
TNPO3:NM_001382217,66
IRF5:NM_001347928,4
KCP:NM_001366122,11
ATP6V1FNB:NM_001195150,8
ATP6V1F:NM_004231,5
FLNC:NM_001127487,48
CCDC136:NM_001201372,25
OPN1SW:NM_001385125,4
CALU:NM_001130674,29
GARIN1B:NM_001282789,4
GARIN1A:NM_001128926,4
METTL2B:NM_018396,11
HILPDA:NM_001098786,6
IMPDH1:NM_000883,24
PRRT4:NM_001174164,2
RBM28:NM_018077,52
LEP:NM_000230,7
LRRC4:NM_022143,4
SND1:NM_014390,322
PAX4:NM_001366110,5
FSCN3:NM_020369,1
ARF5:NM_001662,5
GCC1:NM_024523,13
ZNF800:NM_176814,13
GRM8:NM_001371083,107
POT1:NM_015450,18
GPR37:NM_005302,4
TMEM229A:NM_001136002,0
SPAM1:NM_003117,9
HYAL4:NM_012269,2
WASL:NM_003941,26
LMOD2:NM_207163,3
ASB15:NM_001290258,11
IQUB:NM_178827,6
SLC13A1:NM_022444,5
TAS2R16:NM_016945,1
RNF148:NM_198085,2
RNF133:NM_139175,0
CADPS2:NM_001363399,78
FEZF1:NM_001024613,2
AASS:NM_005763,10
PTPRZ1:NM_001206839,37
FAM3C:NM_014888,17
WNT16:NM_016087,2
CPED1:NM_024913,211
ING3:NM_019071,15
TSPAN12:NM_012338,12
KCND2:NM_012281,65
ANKRD7:NM_019644,1
LSM8:NM_016200,6
CTTNBP2:NM_033427,18
CFTR:NM_000492,19
ASZ1:NM_130768,7
WNT2:NM_003391,8
ST7-OT3:NR_002332,23
ST7:NM_018412,118
CAPZA2:NM_006136,28
MET:NM_001324402,26
CAV1:NM_001172895,9
CAV2:NM_198212,4
TES:NM_015641,11
TFEC:NM_012252,9
MDFIC:NM_199072,15
FOXP2:NR_033766,77
PPP1R3A:NM_002711,9
SMIM30:NM_001352687,1
GPR85:NM_001146265,2
BMT2:NM_152556,30
TMEM168:NM_001287497,7
LSMEM1:NM_001134468,2
IFRD1:NM_001197080,19
ZNF277:NM_021994,32
DOCK4:NM_001363540,63
LRRN3:NM_018334,7
IMMP2L:NM_032549,180
DNAJB9:NM_012328,2
THAP5:NM_001287599,2
PNPLA8:NM_001256011,10
NRCAM:NM_001371123,74
LAMB4:NM_007356,25
LAMB1:NM_002291,28
DLD:NM_001289750,15
SLC26A3:NM_000111,11
CBLL1:NM_001284291,18
SLC26A4:NM_000441,14
BCAP29:NM_001371355.1_2,23
DUS4L:NM_001270419.2_2,8
DUS4L-BCAP29:NM_001371367.2_2,28
GPR22:NM_005295.3_2,1
COG5:NM_006348.5_2,122
HBP1:NM_001244262.2_2,16
PRKAR2B:NM_002736.3_2,73
PIK3CG:NM_001282427,25
CCDC71L:NM_175884,4
NAMPT:NM_005746,19
SYPL1:NM_001381910,12
CDHR3:NM_001301161,17
ATXN7L1:NM_001385596,73
EFCAB10:NM_001355530,6
RINT1:NM_001346599,14
PUS7:NM_019042,36
SRPK2:NM_001350742,78
KMT2E:NM_018682,48
LHFPL3:NM_199000,116
ORC5:NM_002553,51
RELN:NM_005045,172
SLC26A5:NM_206883,28
PSMC2:NM_002803,16
DNAJC2:NM_001362668,13
PMPCB:NM_004279,10
NAPEPLD:NM_001386176.1_2,22
ARMC10:NM_001161013.3_2,12
LRRC17:NM_001031692,9
FBXL13:NM_001394494,87
POLR2J2:NM_032959,0
SPDYE2B:NM_001166339,0
UPK3BL1:NM_001114403,0
POLR2J2-UPK3BL1:NR_173352,0
RASA4:NM_001079877,0
POLR2J3:NM_001097615,0
SPDYE2:NM_001396242,0
UPK3BL2:NM_001363506,0
POLR2J3-UPK3BL2:NR_173351,0
RASA4B:NM_001367767,0
POLR2J:NM_001393919,3
LRWD1:NM_152892,15
ALKBH4:NM_017621,15
ORAI2:NM_032831,13
PRKRIP1:NM_024653,21
SPDYE6:NM_001146210,0
SH2B2:NM_001393995,12
CUX1:NM_001202546,222
MYL10:NM_138403,4
COL26A1:NM_133457,31
IFT22:NM_001287525,1
FIS1:NM_016068,8
CLDN15:NM_001185080,7
ZNHIT1:NM_006349,5
PLOD3:NM_001084,5
MOGAT3:NM_178176,3
NAT16:NM_001369694,3
VGF:NM_003378,5
AP1S1:NM_001283,6
SERPINE1:NM_001386456,7
TRIM56:NM_030961,6
MUC17:NM_001040105,6
MUC12:NM_001164462,7
MUC3A:NM_005960,5
ACHE:NM_001367918,6
UFSP1:NM_001015072,6
SRRT:NM_001128854,29
TRIP6:NM_003302,5
SLC12A9:NM_001363494,16
EPHB4:NM_004444,20
ZAN:NM_003386,11
EPO:NM_000799,3
POP7:NM_005837,1
GIGYF1:NM_001375759,18
GNB2:NM_005273,2
ACTL6B:NM_016188,4
TFR2:NM_003227,17
MOSPD3:NM_001040097,1
PCOLCE:NM_002593,4
FBXO24:NM_033506,3
LRCH4:NM_002319,14
SAP25:NM_001348677,3
AGFG2:NM_006076,14
NYAP1:NM_173564,1
TSC22D4:NM_030935,16
SPACDR:NM_001004323,5
TSC22D4-C7ORF61:NM_001395846,19
PPP1R35:NM_145030,5
MEPCE:NM_001194992,16
ZCWPW1:NM_001386013,11
PILRA:NM_178273,9
PILRB:NM_178238,17
SPDYE3:NM_001004351,2
PVRIG:NM_024070,2
STAG3:NM_001282716,13
GPC2:NM_152742,4
GAL3ST4:NM_024637,2
TRAPPC14:NM_018275,6
LAMTOR4:NM_001318237,4
MBLAC1:NM_203397,1
CNPY4:NM_152755,6
TAF6:NM_001190415,14
AP4M1:NM_004722,12
MCM7:NM_001278595,28
COPS6:NM_006833,14
ZNF3:NM_017715,31
ZSCAN21:NM_001362781,10
ZKSCAN1:NM_001346579,25
AZGP1:NM_001185,3
GJC3:NM_181538,0
TRIM4:NM_033017,17
OR2AE1:NM_001005276,0
CYP3A43:NM_057096,9
CYP3A4:NM_017460,3
CYP3A7:NM_000765,9
CYP3A7-CYP3A51P:NM_001256497,12
CYP3A5:NM_001291829,18
ZSCAN25:NM_001350984,37
TMEM225B:NM_001195543,8
ZNF655:NM_138494,15
FAM200A:NM_145111,4
ZKSCAN5:NM_001318083,26
ZNF394:NM_001345968,12
ZNF789:NM_001350999,12
ATP5MF:NM_004889,19
CPSF4:NM_001318161,31
PTCD1:NM_015545,20
ATP5MF-PTCD1:NM_001198879,62
BUD31:NM_001370410,16
PDAP1:NM_014891,26
ARPC1B:NM_005720,30
ARPC1A:NM_001190996,35
KPNA7:NM_001145715.3_2,2
SMURF1:NM_020429.3_2,60
TRRAP:NM_003496,155
TMEM130:NM_001134450,6
NPTX2:NM_002523,4
BAIAP2L1:NM_018842,28
BRI3:NM_001159491,8
TECPR1:NM_015395,15
BHLHA15:NM_177455,2
LMTK2:NM_014916,56
OCM2:NM_006188,2
ASNS:NM_001352496,9
TAC1:NM_013998,2
SDHAF3:NM_020186,20
DLX5:NM_005221,4
DLX6:NM_005222,2
SEM1:NR_163952,37
SLC25A13:NM_001160210,85
DYNC1I1:NM_001278422,54
PDK4:NM_002612,2
ASB4:NM_016116,10
PON2:NM_000305,6
PON3:NM_000940,2
PON1:NM_000446,9
PPP1R9A:NM_017650,44
PEG10:NM_015068,4
SGCE:NM_001346719,9
CASD1:NM_022900,9
COL1A2:NM_000089,8
BET1:NR_133908,6
GNG11:NM_004126,1
GNGT1:NM_001329426,2
TFPI2:NM_006528,2
CALCR:NM_001164737,17
VPS50:NM_017667,27
HEPACAM2:NM_001346642,13
SAMD9L:NM_152703,6
SAMD9:NM_017654,1
CDK6:NM_001145306,93
FAM133B:NM_001040057,26
RBM48:NM_032120,9
PEX1:NM_001282678,16
ERVW-1:NM_001130925,1
GATAD1:NM_021167,14
ANKIB1:NM_019004,46
KRIT1:NM_004912,22
LRRD1:NM_001384934,2
CYP51A1:NM_001146152,13
AKAP9:NM_147185,57
MTERF1:NM_001301135,1
FZD1:NM_003505,3
CDK14:NM_001287135,81
PTTG1IP2:NM_001365443,12
CLDN12:NM_012129,7
GTPBP10:NM_001042717,20
FAM237B:NM_001384237,2
CFAP69:NM_001160138,13
STEAP2:NM_001244946,1
STEAP1:NM_012449,1
TEX47:NM_152706,1
ZNF804B:NM_181646,63
STEAP4:NM_001205315,5
SRI:NM_198901,15
ADAM22:NM_001391981,40
DBF4:NM_001318061,22
SLC25A40:NM_018843,17
RUNDC3B:NM_001394225,19
ABCB1:NM_001348945,22
ABCB4:NM_018849,7
CROT:NM_021151,6
TMEM243:NM_001329472,14
DMTF1:NM_001142326,36
ELAPOR2:NM_001142749,53
GRM3:NM_001363522,41
SEMA3D:NM_001384901,24
SEMA3A:NM_006080,23
SEMA3E:NM_012431,35
PCLO:NM_033026,35
CACNA2D1:NM_001366867,35
HGF:NM_000601,6
SEMA3C:NM_001350120,24
CD36:NM_001371075,4
GNAT3:NM_001102386,4
GNAI1:NM_002069,13
MAGI2:NM_012301,177
PHTF2:NM_001366084,46
TMEM60:NM_032936,3
RSBN1L:NM_198467,42
PTPN12:NM_002835,41
GSAP:NM_001350896,23
FGL2:NM_006682,1
CCDC146:NM_020879,24
SPDYE18:NM_001394953,0
SPDYE17:NM_001351351,0
POMZP3:NM_012230.5_2,0
SPDYE16:NM_001394943.1_2,0
UPK3B:NM_001347684,0
DTX2:NM_001102595.3_2,4
ZP3:NM_007155,10
SSC4D:NM_080744,9
YWHAG:NM_012479,41
HSPB1:NM_001540,5
SRRM3:NM_001110199,15
MDH2:NM_001282404,36
STYXL1:NM_001317785,28
TMEM120A:NM_001363462,9
POR:NM_001395413,60
RHBDD2:NM_001346189,11
CCL24:NM_001371193,3
CCL26:NM_001371936,4
HIP1:NM_005338,73
SPDYE5:NM_001306141,0
POM121C:NM_001099415,8
TRIM73:NM_198924,0
SPDYE15:NM_001382547,0
SPDYE13:NM_001382563,0
SPDYE14:NM_001382495,0
GTF2IRD2B:NM_001003795,0
RCC1L:NM_148842,30
CASTOR2:NM_001145064,10
SPDYE12:NM_001382555,0
GTF2IRD2:NM_001368300,1
NCF1:NM_000265,0
GTF2I:NM_001518,36
GTF2IRD1:NM_005685,58
CLIP2:NM_032421,35
RFC2:NM_001278791,25
LAT2:NM_014146,13
EIF4H:NM_031992,18
LIMK1:NM_002314,26
ELN:NM_001278918,15
TMEM270:NM_182504,1
METTL27:NM_152559,3
CLDN4:NM_001305,2
CLDN3:NM_001306,1
ABHD11:NM_148912,5
STX1A:NM_004603,10
BUD23:NM_017528,18
DNAJC30:NM_032317,5
VPS37D:NM_001077621,6
MLXIPL:NM_032951,16
TBL2:NM_001362660,21
BCL7B:NM_001301061,16
BAZ1B:NM_001370402,89
FZD9:NM_003508,1
FKBP6:NM_001362789,9
TRIM50:NM_178125,5
NSUN5:NM_018044,3
SPDYE10:NM_001382504,0
SPDYE9:NM_001382554,0
SPDYE11:NM_001351349,0
SPDYE8:NM_001382525,0
TRIM74:NM_198853,0
POM121:NM_001257190,20
TYW1B:NM_001145440,33
CALN1:NM_001363460,123
GALNT17:NM_022479,79
AUTS2:NM_001127231,185
SPDYE21:NM_001382715,1
TYW1:NM_018264,34
SBDS:NM_016038,2
TMEM248:NM_017994,32
RABGEF1:NM_001367722,53
KCTD7:NM_001167961,13
TPST1:NM_003596,22
CRCP:NM_001142414,26
ASL:NM_000048,19
GUSB:NM_000181,24
VKORC1L1:NM_001284342,36
ZNF92:NM_001287534,8
ERV3-1:NM_001007253,15
ZNF117:NM_015852,8
ERV3-1-ZNF117:NM_001348050,21
ZNF273:NM_001385649,21
ZNF107:NM_001282360,13
ZNF680:NM_178558,16
ZNF736:NM_001170905,11
ZNF679:NM_153363,5
ZNF735:NM_001159524,1
ZNF727:NM_001159522,2
ZNF722:NM_001396012,2
NMD3P1:NMD3P1,0
ZNF716:NM_001159279,6
NMTRQ-TTG13-1:NMTRQ-TTG13-1,0
ZNF479:NM_033273,4
NMD3P2:NMD3P2,2
NUPR2:NM_001145712,2
CHCHD2:NM_001320327,8
PHKG1:NM_001258459,7
SUMF2:NM_001146333,14
CCT6A:NM_001009186,11
PSPH:NM_001370518,17
NIPSNAP2:NM_001202469,18
MRPS17:NM_015969,3
ZNF713:NM_001366796,12
SEPTIN14:NM_207366,9
VOPP1:NM_001321244,57
LANCL2:NM_018697,27
EGFR:NM_001346941,37
SEC61G:NM_014302,6
VSTM2A:NM_001301009,7
POM121L12:NM_182595,0
COBL:NM_001287436,75
GRB10:NM_001001555,167
DDC:NM_001082971,22
FIGNL1:NM_001346565,5
IKZF1:NM_001291839,91
SPATA48:NM_001161834,15
ZPBP:NM_007009,21
VWC2:NM_198570,23
CDC14C:NM_152627,1
ABCA13:NM_152701,64
UPP1:NM_001287428,12
C7orf57:NM_001267866,13
SUN3:NM_001284350,1
HUS1:NM_001363683,19
PKD1L1:NM_138295,27
TNS3:NM_022748,78
IGFBP3:NM_001013398,1
IGFBP1:NM_000596,3
CCDC201:NM_001395235,1
ADCY1:NM_021116,36
RAMP3:NM_005856,15
TBRG4:NM_004749,17
NACAD:NM_001146334,3
CCM2:NR_030770,59
MYO1G:NM_033054,9
PURB:NM_033224,8
H2AZ2:NM_138635,19
PPIA:NM_021130,8
ZMIZ2:NM_001300959,25
OGDH:NM_002541,82
TMED4:NM_001303062,5
DDX56:NM_019082,27
NPC1L1:NM_013389,10
NUDCD3:NM_015332,96
CAMK2B:NM_001220,25
YKT6:NM_001363678,15
GCK:NM_001354800,7
MYL7:NM_021223,1
POLD2:NM_001256879,18
AEBP1:NM_001129,8
POLM:NM_001362683,11
PGAM2:NM_000290,5
DBNL:NM_001284313,21
SPDYE1:NM_001378423,0
UBE2D4:NM_015983,7
URGCP:NM_001290076,18
MRPS24:NM_032014,4
URGCP-MRPS24:NM_001204871,19
BLVRA:NM_000712,25
COA1:NR_146941,78
STK17A:NM_004760,27
HECW1:NM_001287059,77
MRPL32:NM_031903,6
PSMA2:NM_002787,18
C7orf25:NM_001099858,2
GLI3:NM_000168,54
INHBA:NM_002192,3
SUGCT:NM_024728,125
MPLKIP:NM_138701,5
CDK13:NM_003718,40
RALA:NM_005402,36
YAE1:NM_001282446,14
POU6F2:NM_001370959,74
VPS41:NM_014396,58
FAM183BP:NR_028347,2
AMPH:NM_001635,40
TARP:NM_001003799,0
STARD3NL:NM_001363345,32
EPDR1:NM_001242946,2
SFRP4:NM_003014,2
NME8:NM_016616,9
GPR141:NM_001381946,13
ELMO1:NM_001206480,99
AOAH:NM_001177506,43
ANLN:NM_001284302,53
KIAA0895:NM_001100425,11
EEPD1:NM_030636,30
SEPTIN7:NM_001242956,26
HERPUD2:NM_022373,11
TBX20:NM_001077653,2
DPY19L1:NM_015283,14
NPSR1:NM_001300933,33
BMPER:NM_133468,37
BBS9:NM_001362679,69
RP9:NM_203288,12
NT5C3A:NM_001374336,25
FKBP9:NM_007270,2
KBTBD2:NM_015483,12
AVL9:NM_015060,48
LSM5:NM_001139499,8
PPP1R17:NM_001145123,4
PDE1C:NM_001322059,114
ITPRID1:NM_001257967,13
NEUROD6:NM_022728,1
ADCYAP1R1:NM_001199637,19
GHRHR:NM_000823,11
AQP1:NM_001329872,8
MINDY4:NM_032222,99
INMT:NM_001199219,6
INMT-MINDY4:NR_037598,108
CRHR2:NM_001202481,9
GARS1:NM_001316772,40
GGCT:NM_024051,9
NOD1:NM_006092,28
ZNRF2:NM_147128,18
MTURN:NM_152793,16
PLEKHA8:NM_001350974,40
FKBP14:NM_017946,12
SCRN1:NM_001145514,17
WIPF3:NM_001080529,37
PRR15:NM_001329996,1
CHN2:NM_001398427,106
CPVL:NM_001371257,99
TRIL:NM_014817,3
CREB5:NM_182899,108
JAZF1:NM_175061,72
TAX1BP1:NM_001206901,34
HIBADH:NM_152740,39
EVX1:NM_001304519,2
HOXA13:NM_000522,0
HOXA11:NM_005523,2
HOXA9:NM_152739,2
HOXA7:NM_006896,2
HOXA6:NM_024014,3
HOXA5:NM_019102,3
HOXA4:NM_002141,1
HOXA3:NM_001384335,12
HOXA2:NM_006735,1
HOXA1:NM_005522,4
SKAP2:NM_003930,41
SNX10:NM_013322,20
CBX3:NM_007276,9
HNRNPA2B1:NM_031243,14
NFE2L3:NM_004289,16
NPVF:NM_022150,0
C7orf31:NM_138811,17
CYCS:NM_018947,3
OSBPL3:NM_015550,75
GSDME:NM_004403,24
PALS2:NM_001303037,30
NPY:NM_000905,3
STK31:NM_001260505,17
FAM221A:NM_001127365,2
CCDC126:NM_138771,8
TRA2A:NM_001282759,22
IGF2BP3:NM_006547,96
MALSU1:NM_138446,10
GPNMB:NM_002510,3
NUP42:NM_001370444,17
KLHL7:NM_001031710,18
FAM126A:NM_001363466,23
TOMM7:NM_019059,3
IL6:NM_001318095,6
STEAP1B:NM_001382447,54
RAPGEF5:NM_012294,63
CDCA7L:NM_001127370,19
DNAH11:NM_001277115,53
SP4:NM_001326542,26
SP8:NM_198956,3
ABCB5:NM_001163941,18
ITGB8:NM_002214,19
MACC1:NM_182762,19
TMEM196:NM_001366625,4
POLR1F:NM_001002926,3
FERD3L:NM_152898,0
TWIST1:NR_149001,0
HDAC9:NM_001321868,105
PRPS1L1:NM_175886,0
SNX13:NM_001350866,40
AHR:NM_001621,6
AGR3:NM_176813,5
AGR2:NM_006408,3
TSPAN13:NM_014399,8
BZW2:NM_014038,32
ANKMY2:NM_020319,31
LRRC72:NM_001195280,10
SOSTDC1:NM_015464,3
CRPPA:NM_001101426,138
MEOX2:NM_005924,12
AGMO:NM_001004320,41
DGKB:NM_001350707,88
ETV1:NM_001163148,29
ARL4A:NM_212460,2
SCIN:NM_001112706,22
VWDE:NM_001135924,45
TMEM106B:NM_001134232,10
THSD7A:NM_015204,52
PHF14:NM_001007157,55
NDUFA4:NM_002489,8
NXPH1:NM_152745,50
ICA1:NM_001350835,32
GLCCI1:NM_138426,33
UMAD1:NM_001302349,47
RPA3:NM_002947,21
MIOS:NM_001370080,19
COL28A1:NM_001037763,28
C1GALT1:NM_020156,21
CCZ1B:NM_198097,2
RSPH10B2:NM_001099697,0
ZNF12:NM_016265,24
ZNF316:NM_001278559,27
ZNF853:NM_017560,3
INTS15:NM_001303039,13
ZDHHC4:NM_001134389,12
GRID2IP:NM_001145118,11
KDELR2:NM_006854,18
DAGLB:NM_139179,24
RAC1:NM_006908,22
FAM220A:NM_001037163,3
SAGSIN1:NM_001395995,3
CYTH3:NM_001367581,40
USP42:NM_001389650,55
ANKRD61:NM_001271700,11
EIF2AK1:NM_014413,40
AIMP2:NM_001326606,18
PMS2:NR_136154,7
RSPH10B:NM_173565,1
CCZ1:NM_015622,2
OCM:NM_001391991,3
RNF216:NM_001377156,131
FSCN1:NM_003088,13
ACTB:NM_001101,10
FBXL18:NM_001363441,44
TNRC18:NM_001080495,69
SLC29A4:NM_001300847,7
WIPI2:NM_001033519,46
RBAKDN:NR_015343,1
RBAK:NM_001204456,15
RBAK-RBAKDN:NM_001204513,15
PAPOLB:NM_020144,1
RADIL:NM_018059,35
AP5Z1:NM_001364858,16
FOXK1:NM_001037165,61
SDK1:NM_152744,148
CARD11:NM_001324281,67
GNA12:NM_007353,65
AMZ1:NM_001321766,23
TTYH3:NM_025250,9
IQCE:NM_001287501,18
BRAT1:NM_001350626,18
LFNG:NM_001166355,4
GRIFIN:NM_001394787,1
CHST12:NM_001243794,34
EIF3B:NM_001362793,54
SNX8:NM_013321,43
NUDT1:NM_002452,6
MRM2:NM_013393,18
MAD1L1:NM_003550,294
ELFN1:NM_001394188,22
PSMG3:NM_032302,4
TMEM184A:NM_001097620,8
MAFK:NM_002360,10
INTS1:NM_001080453,37
MICALL2:NM_182924,22
UNCX:NM_001080461,0
ZFAND2A:NM_001365383,10
GPER1:NM_001505,8
GPR146:NM_001303473,12
CYP2W1:NM_017781,5
C7orf50:NM_032350,73
COX19:NM_001031617,13
ADAP1:NM_001284308,13
GET4:NM_015949,23
SUN1:NM_001367639,49
DNAAF5:NM_017802,65
PRKAR1B:NM_001164759,100
PDGFA:NM_001395363,16
FOXL3-OT1:NR_164665,1
FOXL3:NM_001374838,0
FAM20C:NM_020223.4_4,14
PDCD2:NM_002598,16
TBP:NM_001172085,12
PSMB1:NM_002793,23
FAM120B:NM_001286379.2_2,92
DLL1:NM_005618.4_2,6
ERMARD:NM_001278532.2_2,24
DYNLT2:NM_174910.3_2,1
PHF10:NM_018288,12
C6orf120:NM_001317342,3
WDR27:NM_182552,101
THBS2:NM_001381942,13
SMOC2:NM_001166412,79
DACT2:NM_001286351,6
FRMD1:NR_110312,16
KIF25:NM_005355,14
AFDN:NM_001366319,107
TTLL2:NM_031949,9
UNC93A:NM_001143947,8
GPR31:NM_005299,3
CCR6:NM_004367,8
CEP43:NM_194429,68
RNASET2:NM_003730,52
RAMACL:NM_001395999,3
RPS6KA2:NM_001318936,149
MPC1:NM_001270879,8
SFT2D1:NM_145169,15
PRR18:NM_175922,2
TBXT:NM_003181,3
PDE10A:NM_001385079,61
C6orf118:NM_144980,5
QKI:NM_001301085,84
PACRG:NM_001080378,108
PRKN:NM_004562,300
AGPAT4:NM_020133,141
MAP3K4:NM_001363582,123
PLG:NM_000301,8
LPA:NM_005577,18
SLC22A3:NM_021977,23
SLC22A2:NM_003058,12
SLC22A1:NM_153187,8
IGF2R:NM_000876,202
MAS1:NM_002377,12
PNLDC1:NM_001271862,15
MRPL18:NR_134864,9
TCP1:NM_030752,17
ACAT2:NM_005891,31
WTAP:NM_004906,29
SOD2:NM_001322817,68
FNDC1:NM_032532,37
TAGAP:NM_054114,6
RSPH3:NM_031924,5
EZR:NM_001111077,96
SYTL3:NM_001009991,38
DYNLT1:NM_006519,16
TMEM181:NM_001376856,112
TULP4:NM_001007466,110
GTF2H5:NM_207118,8
SERAC1:NM_032861,12
SYNJ2:NM_003898,108
SNX9:NM_016224,129
ZDHHC14:NM_024630,158
TMEM242:NM_018452,27
ARID1B:NM_001371656,228
NMTRV-TAC1-1:NMTRV-TAC1-1,1
NOX3:NM_015718,13
CLDN20:NM_001001346,13
TIAM2:NM_012454,82
SCAF8:NM_001286194,63
CNKSR3:NM_173515,107
IPCEF1:NM_001394799,38
OPRM1:NM_001008503,48
RGS17:NM_012419,14
MTRF1L:NM_019041,7
FBXO5:NM_001142522,21
VIP:NM_194435,1
MYCT1:NM_001371624,4
SYNE1:NM_182961,105
ESR1:NM_001385568,88
CCDC170:NM_025059,29
ARMT1:NM_001286562,15
RMND1:NM_017909,29
ZBTB2:NM_020861,11
AKAP12:NM_005100,22
MTHFD1L:NM_015440,129
PLEKHG1:NM_001329799,49
IYD:NM_001318495,15
PPP1R14C:NM_030949,65
ULBP3:NM_024518,3
RAET1L:NM_130900,1
ULBP1:NM_001317089,6
ULBP2:NM_025217,2
RAET1G:NM_001001788,5
RAET1E:NM_001394057,7
LRP11:NM_032832,22
PCMT1:NM_001252051,41
NUP43:NM_198887,20
LATS1:NM_001350339,49
KATNA1:NM_007044,30
GINM1:NM_138785,13
PPIL4:NM_139126,24
ZC3H12D:NM_207360,11
SUMO4:NM_001002255,2
TAB2:NM_001292035,60
UST:NM_005715,87
SASH1:NM_001346505,64
SAMD5:NM_001030060,15
STXBP5:NM_139244,132
ADGB:NM_024694,35
RAB32:NM_006834,1
GRM1:NM_001278065,64
SHPRH:NM_173082,47
FBXO30:NM_032145,13
EPM2A:NM_001360064,29
UTRN:NM_007124,228
STX11:NM_003764,16
SF3B5:NM_031287,1
PLAGL1:NM_001080951,41
ZC2HC1B:NM_001013623,16
LTV1:NM_032860,15
PHACTR2:NM_001394736,122
FUCA2:NM_032020,21
PEX3:NM_003630,26
ADAT2:NM_182503,19
AIG1:NM_001366346,152
HIVEP2:NM_006734,44
ADGRG6:NM_001032395,22
VTA1:NM_001286372,37
GJE1:NM_001358410,0
NMBR:NM_001324307,15
CITED2:NM_006079,8
TXLNB:NM_153235,10
HECA:NM_016217,14
ABRACL:NM_021243,3
REPS1:NM_001286611,27
ECT2L:NM_001077706,32
CCDC28A:NM_015439,12
NHSL1:NM_020464,36
HEBP2:NM_001326380,17
SMIM28:NM_001368163,1
PBOV1:NM_021635,3
ARFGEF3:NM_020340,47
PERP:NM_022121,3
TNFAIP3:NM_006290,22
OLIG3:NM_175747,2
IFNGR1:NM_000416,14
IL22RA2:NM_052962,11
IL20RA:NM_014432,15
SLC35D3:NM_001008783,2
PEX7:NM_000288,33
MAP3K5:NM_005923,124
MAP7:NM_001388335,77
BCLAF1:NM_014739,24
MTFR2:NM_001099286,21
PDE7B:NM_018945,47
AHI1:NM_001134831,92
MYB:NM_001161660,40
HBS1L:NM_001363686,42
ALDH8A1:NM_022568,8
SGK1:NM_001143676,33
SLC2A12:NM_145176,27
TBPL1:NM_001253676,20
TCF21:NM_198392,2
EYA4:NM_001301012,34
RPS12:NM_001016,9
SLC18B1:NM_052831,16
VNN2:NM_078488,6
VNN1:NM_004666,5
TAAR1:NM_138327,3
TAAR2:NM_001033080,2
TAAR5:NM_001389527,4
TAAR6:NM_175067,0
TAAR8:NM_053278,1
TAAR9:NM_175057,0
STX7:NM_001326579,22
MOXD1:NM_015529,17
CCN2:NM_001901,2
ENPP1:NM_006208,20
CTAGE9:NM_001145659,0
OR2A4:NM_030908,0
ENPP3:NM_005021,47
MED23:NM_015979,30
ARG1:NM_001369020,9
AKAP7:NM_001387860,42
EPB41L2:NM_001350305,86
SMLR1:NM_001195597,2
TMEM200A:NM_001258276,13
SAMD3:NM_001258275,31
L3MBTL3:NM_001007102,27
TMEM244:NM_001010876,5
ARHGAP18:NM_033515,64
LAMA2:NM_001079823,81
PTPRK:NM_001291981.2_2,64
THEMIS:NM_001394520.1_2,20
C6orf58:NM_001010905,4
SOGA3:NM_001400265,4
KIAA0408:NM_014702,3
SOGA3-KIAA0408:NR_174482,8
ECHDC1:NM_001002030,23
RNF146:NM_001242851,6
RSPO3:NM_032784,8
HINT3:NM_138571,12
NCOA7:NM_001199619,66
HEY2:NM_012259,5
HDDC2:NM_016063,20
TPD52L1:NM_001003397,35
RNF217:NM_001286398,73
NKAIN2:NM_153355,131
TRDN:NM_006073,41
CLVS2:NM_001010852,15
SMPDL3A:NM_001286138,4
FABP7:NM_001319042,8
PKIB:NM_181794,55
SERINC1:NM_020755,7
HSF2:NM_001135564,13
GJA1:NM_000165,3
TBC1D32:NM_001367759,22
MAN1A1:NM_005907,102
FAM184A:NM_001100411,57
ASF1A:NM_014034,10
MCM9:NM_001378357,39
PLN:NM_002667,4
CEP85L:NM_001178035,63
SLC35F1:NM_001029858,66
NUS1:NM_138459,25
GOPC:NM_020399,22
DCBLD1:NM_173674,43
ROS1:NM_001378891,17
VGLL2:NM_153453,4
RFX6:NM_173560,11
GPRC6A:NM_148963,2
FAM162B:NM_001085480,4
KPNA5:NM_001366308,19
ZUP1:NM_001361189,17
RSPH4A:NM_001161664,12
RWDD1:NM_015952,19
CALHM4:NM_001256889,3
CALHM5:NM_153711,4
TRAPPC3L:NM_001139444,9
CALHM6:NM_001276460,0
TSPYL1:NM_003309,1
DSE:NM_001322938,39
TSPYL4:NM_021648,2
COL10A1:NM_000493,2
NT5DC1:NM_152729,35
FRK:NM_002031,23
HS3ST5:NM_001387047,41
HDAC2:NM_001527,15
MARCKS:NM_002356,4
RFPL4B:NM_001013734,1
LAMA4:NM_001105207,28
FAM229B:NM_001033564,3
TUBE1:NM_016262,6
CCN6:NM_003880,2
FYN:NM_002037,74
TRAF3IP2:NM_147200,30
REV3L:NM_001286431,67
MFSD4B:NM_153369,17
SLC16A10:NM_018593,24
RPF2:NM_001289111,22
GTF3C6:NM_138408,11
AMD1:NM_001287215,25
CDK19:NM_001300964,50
SLC22A16:NM_033125,10
DDO:NM_001368172,6
METTL24:NM_001123364,18
CDC40:NM_015891,14
WASF1:NM_003931,17
GPR6:NM_005284,1
FIG4:NM_014845,22
AK9:NM_001145128,30
ZBTB24:NM_014797,28
MICAL1:NM_001286613,24
SMPD2:NM_003080,13
PPIL6:NM_001111298,28
CD164:NM_006016,17
CEP57L1:NM_001350662,33
SESN1:NM_014454,29
ARMC2:NM_001286609,25
FOXO3:NM_201559,57
AFG1L:NM_001323005,77
SNX3:NM_003795,30
NR2E1:NM_003269,9
OSTM1:NM_014028,13
SEC63:NM_007214,41
SCML4:NM_198081,18
SOBP:NM_018013,41
PDSS2:NM_020381,60
BEND3:NM_001367314,22
MTRES1:NM_016487,8
CD24:NM_001291738,1
QRSL1:NM_018292,20
RTN4IP1:NM_001318746,32
CRYBG1:NM_001371242,35
ATG5:NM_004849,54
PRDM1:NM_001198,10
PREP:NM_002726,81
POPDC3:NM_022361,6
BVES:NM_001199563,8
LIN28B:NM_001004317,23
HACE1:NM_001350554,22
GRIK2:NM_021956,70
ASCC3:NM_006828,100
SIM1:NM_005068,20
MCHR2:NM_001040179,7
PRDM13:NM_021620,3
CCNC:NM_001013399,19
USP45:NM_001346021,28
TSTD3:NM_001195131,6
PNISR:NM_001322406,13
COQ3:NM_017421,10
FAXC:NM_001346531,10
FBXL4:NM_001278716,19
POU3F2:NM_005604,4
MMS22L:NM_198468,64
KLHL32:NM_001323258,33
NDUFAF4:NM_014165,7
GPR63:NM_001143957,13
FHL5:NM_001170807,10
UFL1:NM_015323,16
FUT9:NM_006581,24
MANEA:NM_024641,8
EPHA7:NM_004440,19
MAP3K7:NM_145331,35
BACH2:NM_021813.4_2,101
GJA10:NM_032602.2_2,2
CASP8AP2:NM_001137668.2_2,26
MDN1:NM_014611.3_2,170
LYRM2:NM_020466,1
ANKRD6:NM_001242809,35
RRAGD:NM_021244,10
UBE2J1:NM_016021,11
GABRR2:NM_002043,14
GABRR1:NM_001267582,15
SRSF12:NM_080743,5
PM20D2:NM_001010853,7
PNRC1:NM_006813,4
RNGTT:NM_003800,107
CNR1:NM_001370547,3
SPACA1:NM_030960,3
AKIRIN2:NM_018064,11
ORC3:NM_001197259,32
RARS2:NM_001350507,42
SLC35A1:NM_001168398,17
CFAP206:NM_001031743,14
LINC01590:NR_026784,2
C6orf163:NM_001010868,7
SMIM8:NM_001287445,2
GJB7:NM_198568,9
ZNF292:NM_015021,53
CGA:NM_001252383,2
HTR1E:NM_000865,15
SYNCRIP:NM_001159677,39
SNX14:NM_001350532,29
NT5E:NM_001204813,12
TBX18:NM_001080508,15
CEP162:NM_014895,33
MRAP2:NM_001346541,23
CYB5R4:NM_016230,41
RIPPLY2-CYB5R4:NR_174604,44
RIPPLY2:NM_001400900,6
SNAP91:NM_014841,22
PRSS35:NM_153362,4
ME1:NM_002395,33
RWDD2A:NM_001322335,2
PGM3:NR_159812,17
DOP1A:NR_169791,25
UBE3D:NM_001350602,67
TPBG:NM_006670.5_2,2
IBTK:NM_015525.4_2,34
TENT5A:NM_017633,7
BCKDHB:NM_001318975,38
TTK:NM_003318,16
ELOVL4:NM_022726,4
SH3BGRL2:NR_171675,32
LCA5:NM_181714,10
HMGN3:NM_001201362,12
PHIP:NM_017934,61
IRAK1BP1:NM_001010844,12
MEI4:NM_001282136,25
HTR1B:NM_000863,1
IMPG1:NM_001563,24
MYO6:NM_001368138,31
SENP6:NM_001100409,35
FILIP1:NM_001300866,32
TMEM30A:NM_018247,18
COX7A2:NM_001366292,7
COL12A1:NM_004370,16
CD109:NM_001159588,28
SLC17A5:NM_001382631,14
EEF1A1:NM_001402,6
MTO1:NM_012123,26
CGAS:NM_138441,3
DDX43:NM_018665,2
OOEP:NM_001080507,1
KHDC3L:NM_001017361,2
DPPA5:NM_001025290,1
KHDC1:NM_001395215,32
KHDC1L:NM_001126063,0
KCNQ5-IT1:NR_120503,12
KCNQ5:NM_001160130,105
RIMS1:NM_014989,71
OGFRL1:NM_024576,3
B3GAT2:NM_080742,16
SMAP1:NM_021940,40
SDHAF4:NM_145267,10
FAM135A:NM_020819,38
COL9A1:NM_001851,14
COL19A1:NM_001858,40
LMBRD1:NM_018368,21
ADGRB3:NM_001704,105
EYS:NM_001292009,195
PHF3:NM_001370349,41
PTP4A1:NM_001385254,7
LGSN:NM_016571,8
FKBP1C:NM_001395980,1
KHDRBS2:NR_146870,90
PRIM2:NM_000947,20
RAB23:NM_016277,20
BAG2:NM_004282,15
ZNF451:NM_015555,40
KIAA1586:NM_001286275,9
BEND6:NM_152731,12
DST:NM_001374734,88
COL21A1:NM_001318752,39
BMP5:NM_021073,20
HMGCLL1:NM_019036,7
GFRAL:NM_207410,7
HCRTR2:NM_001526,13
FAM83B:NM_001010872,9
TINAG:NM_014464,4
MLIP:NM_138569,29
MLIP-IT1:NR_046832,1
LRRC1:NM_018214,24
KLHL31:NM_001003760,5
GCLC:NM_001498,24
ELOVL5:NM_001301856,62
GCM1:NM_003643,2
FBXO9:NM_033481,24
CILK1:NM_001375398,27
GSTA4:NM_001512,10
GSTA3:NM_000847,2
GSTA5:NM_153699,1
GSTA1:NM_145740,0
GSTA2:NM_000846,2
TMEM14A:NM_014051,6
TRAM2:NM_012288,47
EFHC1:NM_018100,25
PAQR8:NM_133367,18
MCM3:NM_001366373,28
IL17F:NM_052872,3
IL17A:NM_002190,3
PKHD1:NM_138694,100
TFAP2B:NM_003221,14
TFAP2D:NM_172238,15
DEFB112:NM_001369057,2
DEFB110:NM_001037728,6
DEFB113:NM_001037729,0
DEFB114:NM_001037499,3
CRISP1:NM_001205220,19
PGK2:NM_138733,5
CRISP3:NM_001368123,8
CRISP2:NM_003296,9
RHAG:NM_000324,34
GLYATL3:NM_001010904,10
CENPQ:NM_018132,18
MMUT:NM_000255,13
PTCHD4:NM_001384253,52
OPN5:NM_181744,13
ADGRF4:NM_001347855,11
ADGRF2:NM_153839,17
CD2AP:NM_012120,103
TNFRSF21:NM_014452,39
ADGRF1:NM_153840,14
ADGRF5:NM_015234,28
MEP1A:NM_005588,9
ANKRD66:NM_001162435,4
PLA2G7:NM_001168357,8
SLC25A27:NM_001204052,10
CYP39A1:NM_016593,21
RCAN2:NM_001251973,60
ENPP5:NM_001290072,2
ENPP4:NM_014936,5
CLIC5:NM_001370650,66
RUNX2:NM_001015051,66
SUPT3H:NR_146632,174
CDC5L:NM_001253,73
SPATS1:NM_145026,16
AARS2:NM_020745,49
TCTE1:NM_182539,17
TMEM151B:NM_001137560,8
NFKBIE:NM_004556,17
SLC35B2:NM_001286511,20
HSP90AB1:NM_001271970,33
SLC29A1:NM_001304466,27
MYMX:NM_001315494,3
CAPN11:NM_007058,23
TMEM63B:NM_001318792,62
MRPL14:NM_032111,29
C6orf223:NR_160956,10
VEGFA:NM_001317010,67
MRPS18A:NM_018135,40
RSPH9:NM_001193341,22
MAD2L1BP:NM_001003690,18
GTPBP2:NM_019096,24
POLH:NM_001291969,44
XPO5:NM_020750,118
POLR1C:NM_001318876,995
YIPF3:NM_015388,21
LRRC73:NM_001012974,12
TJAP1:NM_001146020,43
DLK2:NM_206539,4
ABCC10:NM_001350518,29
ZNF318:NM_014345,50
CRIP3:NM_206922,6
SLC22A7:NM_006672,8
TTBK1:NM_032538,18
DNPH1:NM_199184,5
CUL9:NM_015089,50
SRF:NM_003131,17
PTK7:NM_152881,62
KLC4:NM_001289035,16
MRPL2:NM_015950,8
CUL7:NM_001374872,37
RRP36:NM_001329704,21
KLHDC3:NM_057161,22
MEA1:NM_001318943,21
PPP2R5D:NM_180977,39
PEX6:NM_000287,41
GNMT:NM_001318865,12
CNPY3-GNMT:NM_001318858,35
PTCRA:NM_001243170,1
C6orf226:NM_001008739,4
RPL7L1:NM_198486,19
BICRAL:NM_001318819,78
TBCC:NM_003192,3
PRPH2:NM_000322,7
UBR2:NM_001363705,105
TRERF1:NM_001297573,102
MRPS10:NM_018141,19
GUCA1B:NM_002098,13
GUCA1A:NM_001384910,2
GUCA1ANB:NM_001384994,5
C6orf132:NM_001164446,25
TAF8:NM_138572,43
CCND3:NM_001136017,79
BYSL:NM_004053,42
MED20:NM_004275,31
USP49:NM_001286554,60
TOMM6:NM_001382294,11
PRICKLE4:NM_013397,9
FRS3:NM_006653,10
PGC:NM_002630,10
TFEB:NM_001167827,27
MDFI:NM_001300804,15
FOXP4:NM_001012427,76
NCR2:NM_004828,5
TREM1:NR_136332,10
TREML4:NM_198153,5
TREML2:NM_024807,1
TREM2:NM_018965,3
TREML1:NM_001271807,1
NFYA:NM_021705,44
OARD1:NM_001329684,53
APOBEC2:NM_006789,11
TSPO2:NM_001010873,1
UNC5CL:NM_173561,7
LRFN2:NM_020737,73
MOCS1:NM_001075098,26
DAAM2:NM_001201427,35
KIF6:NM_001289021,103
KCNK16:NM_001363784,6
KCNK17:NM_001135111,17
KCNK5:NM_003740,121
SAYSD1:NM_001304793,10
GLP1R:NM_002062,13
DNAH8:NM_001371,124
GLO1:NM_006708,28
BTBD9:NM_052893,146
ZFAND3:NM_021943,123
MDGA1:NM_153487,26
CCDC167:NM_138493,10
CMTR1:NM_015050,74
RNF8:NM_183078,55
TBC1D22B:NM_017772,74
TMEM217:NM_001395238,15
TMEM217B:NM_001395938,15
PIM1:NM_001243186,16
FGD2:NM_173558,8
MTCH1:NM_014341,43
PI16:NM_001199159,5
C6orf89:NM_001286636,49
PPIL1:NM_016059,36
CPNE5:NM_001376889,48
RAB44:NM_001257357,17
CDKN1A:NM_001220777,14
SRSF3:NM_003017,22
STK38:NM_007271,49
KCTD20:NM_001286579,26
PXT1:NM_152990,14
ETV7:NM_001207035,14
BNIP5:NM_001010903,5
PNPLA1:NM_173676,27
BRPF3:NM_015695,39
MAPK13:NM_002754,6
MAPK14:NM_001315,55
SLC26A8:NM_138718,21
SRPK1:NM_003137,77
LHFPL5:NM_182548,7
CLPS:NM_001252597,5
CLPSL1:NM_001348773,11
CLPSL2:NM_207409,1
ARMC12:NM_001286574,6
FKBP5:NM_001145775,92
TULP1:NM_003322,7
TEAD3:NM_003214,15
RPL10A:NM_007104,15
FANCE:NM_021922,20
PPARD:NM_001171819,83
DEF6:NM_022047,23
ZNF76:NM_001292032,25
SCUBE3:NM_001303136,20
TCP11:NM_001261820,11
ANKS1A:NM_015245,97
TAF11:NM_005643,10
UHRF1BP1:NM_017754,61
SNRPC:NM_003093,10
ILRUN:NM_024294,61
SPDEF:NM_012391,10
PACSIN1:NM_020804,18
RPS10:NM_001203245,13
RPS10-NUDT3:NM_001202470,59
NUDT3:NM_006703,45
SMIM29:NM_178508,6
HMGA1:NM_001319081,12
GRM4:NM_001256809,36
MLN:NM_002418,4
LEMD2:NM_181336,20
IP6K3:NM_001142883,11
UQCC2:NM_032340,17
ITPR3:NM_002224,74
BAK1:NM_001188,13
ZBTB9:NM_152735.4_2,5
SYNGAP1:NM_001130066.2_2,33
CUTA:NM_015921.3_2,5
PHF1:NM_002636.5_2,11
KIFC1:NM_002263.4_3,19
SMIM40:NM_001369203.1_6,3
DAXX:NM_001141969.2_5,5
ZBTB22:NM_001145338.2_5,7
TAPBP:NM_003190.5_5,8
RGL2:NM_004761.5_5,13
PFDN6:NM_001265596.1_5,7
WDR46:NM_005452.6_5,21
B3GALT4:NM_003782.4_5,12
RPS18:NM_022551.3_6,11
VPS52:NM_001289175.1_7,19
RING1:NM_002931.4_6,7
HSD17B8:NM_014234.5_6,10
SLC39A7:NM_001288777.2_6,13
RXRB:NM_001291989.2_6,13
COL11A2:NM_080680.3_7,14
HLA-DPB1:NM_002121.6_8,6
HLA-DPA1:NM_001242524.2_8,6
HLA-DOA:NM_002119.4_7,1
BRD2:NM_005104.4_7,26
HLA-DMA:NM_006120.4_8,3
HLA-DMB:NM_002118.5_8,1
PSMB9:NM_002800.5_8,2
TAP1:NM_000593.6_8,8
PSMB8:NM_004159.5_8,3
TAP2:NM_018833.3_8,10
HLA-DOB:NM_002120.4_6,2
HLA-DQB2:NM_001300790.2_8,5
HLA-DQA2:NM_020056.5_8,2
HLA-DQB1:NM_001243961,1
HLA-DQA1:NM_002122.5_7,0
HLA-DRB1:NM_002124,0
HLA-DRB5:NM_002125,0
HLA-DRA:NM_019111.5_8,2
BTNL2:NM_001304561.2_9,3
TSBP1:NM_006781.5_8,9
NOTCH4:NM_004557.4_7,7
GPSM3:NM_022107.3_7,3
PBX2:NM_002586.5_7,6
AGER:NM_001206934.2_7,5
RNF5:NM_006913.4_7,4
AGPAT1:NM_032741.5_7,16
EGFL8:NM_030652.4_7,11
PPT2:NM_138717.3_8,17
PRRT1:NM_001363780.2_8,7
FKBPL:NM_022110.4_4,6
ATF6B:NM_004381.5_4,20
TNXB:NM_001365276.2_8,8
CYP21A2:NM_000500.9_5,0
C4B:NM_001002029.4_4,0
C4A:NM_001252204.2_3,1
DXO:NM_001371205.1_6,9
SKIV2L:NM_006929.5_6,20
NELFE:NM_002904.6_6,14
CFB:NM_001710.6_7,4
ZBTB12:NM_181842.3_5,4
C2:NM_001282457.2_7,15
EHMT2:NM_001363689.2_7,18
SLC44A4:NM_025257.3_7,8
NEU1:NM_000434.4_8,13
HSPA1B:NM_005346.6_5,3
HSPA1A:NM_005345.6_5,2
HSPA1L:NM_005527.4_5,3
LSM2:NM_021177.5_6,14
VARS1:NM_006295.3_7,43
VWA7:NM_025258.3_6,19
SAPCD1:NM_001039651.2_6,11
MSH5:NM_172166.4_8,40
CLIC1:NM_001287593.1_7,17
DDAH2:NM_013974.3_7,13
MPIG6B:NM_138275.3_7,13
LY6G6C:NM_025261.3_7,5
LY6G6D:NM_021246.4_7,3
LY6G6F:NM_001003693.3_7,3
LY6G6F-LY6G6D:NM_001353334.2_7,6
ABHD16A:NM_021160.3_7,36
LY6G5C:NM_025262.4_7,7
LY6G5B:NM_021221.3_7,23
CSNK2B:NM_001282385.2_7,24
GPANK1:NM_001199237.1_7,12
C6orf47:NM_021184.4_7,6
APOM:NM_001256169.2_7,10
BAG6:NM_001387996.1_7,22
PRRC2A:NM_080686.3_7,41
AIF1:NM_001318970.2_6,4
NCR3:NM_001145466.2_8,3
LST1:NM_205838.3_8,2
LTB:NM_009588.1_8,1
TNF:NM_000594.4_8,4
LTA:NM_001159740.2_7,3
NFKBIL1:NM_001144963.2_7,13
ATP6V1G2:NM_138282.3_7,3
DDX39B:NM_004640.7_8,31
MCCD1:NM_001011700.3_8,10
MICB:NM_001289160.2_8,4
MICA:NM_001289154.2_4,11
HLA-B:NM_005514.8_6,2
HLA-C:NM_002117.6_6,0
POU5F1:NM_002701.6_7,3
TCF19:NM_001077511.2_7,2
CCHCR1:NM_001394643.1_6,12
PSORS1C2:NM_014069.3_6,0
CDSN:NM_001264.5_6,0
PSORS1C1:NM_014068.3_6,3
C6orf15:NM_014070.3_6,2
MUC22:NM_001318484.1_6,10
MUC21:NM_001010909.5_5,2
MUCL3:NM_080870.4_5,5
SFTA2:NM_205854.3_6,2
VARS2:NM_001167733.3_6,27
GTF2H4:NM_001517.5_6,9
DDR1:NM_001387908.1_7,17
IER3:NM_003897.4_6,4
FLOT1:NM_005803.4_8,20
TUBB:NM_001293214.2_8,7
MDC1:NM_014641.3_8,26
NRM:NM_007243.3_7,5
PPP1R18:NM_001134870.2_7,16
DHX16:NM_001363515.2_8,35
C6orf136:NM_145029.4_7,9
ATAT1:NM_001031722.4_7,12
MRPS18B:NM_014046.4_7,16
PPP1R10:NM_001376195.1_7,26
ABCF1:NM_001090.3_7,32
PRR3:NM_001077497.3_7,8
GNL1:NM_005275.5_8,13
HLA-E:NM_005516.6_7,7
RPP21:NM_024839.4_7,4
TRIM39-RPP21:NM_001199119.1_7,21
TRIM39:NM_001369522.1_7,20
TRIM26:NM_003449.5_8,11
TRIM15:NM_033229.3_8,3
TRIM10:NM_006778.4_8,1
TRIM40:NM_001286633.2_8,2
TRIM31:NM_007028.5_8,1
RNF39:NM_025236.4_8,2
PPP1R11:NM_021959.3_8,1
POLR1H:NM_001278785.2_8,2
HLA-A:NM_002116.8_4,0
HLA-G:NM_001384280.1_8,2
HLA-F:NM_001098479.2_7,3
ZFP57:NM_001366333.2_8,1
MOG:NM_206814.6_8,5
GABBR1:NM_001470.4_8,40
OR2H2:NM_007160.4_7,1
UBD:NM_006398.4_7,1
OR2I1P:NM_001396058.1_8,4
MAS1L:NM_052967.2_8,0
OR2H1:NM_001318022.2_8,2
OR10C1:NM_013941.4_8,2
OR11A1:NM_001394828.1_8,7
OR12D2:NM_013936.4_6,1
OR12D3:NM_030959.3_6,1
OR5V1:NM_030876.6_5,0
OR14J1:NM_030946.2_7,3
OR2J2:NM_030905.3_8,0
OR2J3:NM_001005216.4_8,2
OR2J1:NM_001348294.2_8,0
OR2B3:NM_001005226.2_8,1
OR2W1:NM_030903.3_8,0
ZNF311:NM_001350637.4_7,8
TRIM27:NM_006510.5_7,22
ZBED9:NM_001329616.2_2,9
GPX5:NM_001509.3_2,0
GPX6:NM_182701.1_2,3
ZSCAN23:NM_001012455,3
ZSCAN12:NR_136510,21
ZKSCAN3:NM_001242895,11
ZSCAN31:NM_001135215,17
PGBD1:NM_001386059,13
ZSCAN26:NM_001287422,5
NKAPL:NM_001007531,1
ZKSCAN4:NM_001304506,9
ZSCAN9:NM_001199480,12
ZKSCAN8P1:NR_103448,2
ZKSCAN8:NM_006298,17
ZSCAN16:NM_001320556,11
ZNF165:NM_001376494,6
OR2B8P:NR_174096,0
OR2B6:NM_012367,3
OR2B2:NM_033057,3
H2BC17:NM_003527,1
H2AC17:NM_003514,1
H3C12:NM_003535,4
H4C13:NM_003546,1
H3C11:NM_003533,1
H1-5:NM_005322,0
H2AC16:NM_003511,1
H2BC15:NM_003520,2
H2AC15:NM_003510,2
H4C12:NM_003541,4
H4C11:NM_021968,1
H2BC14:NM_003521,1
H2AC14:NM_021066,1
H3C10:NM_003536,3
H2AC13:NM_003509,3
H2BC13:NM_003519,1
ZNF391:NM_001322288,8
POM121L2:NM_033482,1
PRSS16:NM_005865,1
H2AC12:NM_080596,3
H4C9:NM_003495,4
H2BC12:NM_080593,7
H2AC11:NM_021064,0
H2BC11:NM_021058,0
ZNF322:NM_001242797.2_2,7
ABT1:NM_013375.4_2,5
HMGN4:NM_006353.3_2,2
BTN1A1:NM_001732.3_2,3
BTN2A1:NM_001197234.3_2,16
BTN3A3:NM_001242803,6
BTN3A1:NM_194441,14
BTN2A2:NM_001197239,4
BTN3A2:NM_001197248,2
H4C8:NM_003543,2
H2BC10:NM_003525,0
H3C8:NM_003534,1
H2BC9:NM_003524,1
H3C7:NM_021018,2
H4C7:NM_003547,1
H4C6:NM_003540,2
H1-3:NM_005320,1
H3C6:NM_001381999,3
H2AC8:NM_021052,0
H2BC8:NM_003518,0
H4C5:NM_003545,0
H2BC7:NM_003522,2
H2AC7:NM_021065,3
H3C4:NM_003530,3
H4C4:NM_003539,2
H2BC6:NM_003523,3
H2BC5:NM_138720,12
H1-4:NM_005321,0
H2AC6:NM_003512,6
H2BC4:NM_001381989,5
H1-6:NM_005323,2
H4C3:NM_003542,1
HFE:NM_139011,3
H1-2:NM_005319,1
H3C3:NM_003531,0
H2BC3:NM_021062,0
H2AC4:NM_003513,0
H3C2:NM_003537,1
H4C2:NM_003544,1
H4C1:NM_003538,1
H3C1:NM_003529,1
H1-1:NM_005325,1
TRIM38:NM_006355,10
SLC17A2:NM_001286123,3
SLC17A3:NM_001098486,7
SLC17A4:NM_001286121,5
H2BC1:NM_170610,2
H2AC1:NM_170745,1
SLC17A1:NM_005074,8
SCGN:NM_006998,10
CARMIL1:NM_001173977,53
RIPOR2:NM_001286446,46
ARMH2:NM_001282492,2
GMNN:NM_001251990,8
C6orf62:NM_030939,11
ACOT13:NM_018473,16
TDP2:NM_016614,10
KIAA0319:NM_001168375,12
ALDH5A1:NM_001368954,8
GPLD1:NM_001503,25
MRS2:NM_001286266,14
DCDC2:NM_001195610,32
NRSN1:NM_080723,9
HDGFL1:NM_138574,2
PRL:NM_001163558,3
SOX4:NM_003107,1
CDKAL1:NM_017774,200
E2F3:NM_001949,70
MBOAT1:NM_001080480,35
ID4:NM_001546,1
RNF144B:NM_182757,15
DEK:NM_003472,36
KDM1B:NM_153042,26
TPMT:NM_001346817,22
NHLRC1:NM_198586,2
KIF13A:NM_001105568,110
NUP153:NM_001278209,54
FAM8A1:NM_016255,7
CAP2:NM_001363534,21
RBM24:NM_001143942,0
STMND1:NM_001190766,2
ATXN1:NM_000332,113
GMPR:NM_006877,66
MYLIP:NM_013262,29
DTNBP1:NM_001271667,71
JARID2:NM_004973,209
CD83:NM_001251901,18
RNF182:NM_001165034,38
MCUR1:NM_001031713,24
RANBP9:NM_005493,69
NOL7:NM_001317724,25
SIRT5:NM_001242827,25
GFOD1:NM_018988,48
TBC1D7:NM_016495,24
TBC1D7-LOC100130357:NM_001318809,55
PHACTR1:NM_001322308,136
EDN1:NM_001168319,2
HIVEP1:NM_002114,131
ADTRP:NM_001143948,27
TMEM170B:NM_001100829,7
NEDD9:NR_073131,63
ERVFRD-1:NM_207582,10
SMIM13:NM_001135575,19
ELOVL2:NM_017770,15
SYCP2L:NM_001040274,56
GCM2:NM_004752,8
MAK:NM_001242385,29
TMEM14B:NM_001286489,12
TMEM14C:NM_016462.4_2,9
PAK1IP1:NM_017906.3_2,16
C6orf52:NM_001354357.2_2,6
GCNT2:NM_145649.5_2,32
TFAP2A:NM_001042425,10
SLC35B3:NM_015948,19
EEF1E1:NM_001135650,26
BLOC1S5:NM_001199322,24
EEF1E1-BLOC1S5:NR_037618,50
TXNDC5:NM_030810,57
BLOC1S5-TXNDC5:NR_037616,105
BMP6:NM_001718,53
SNRNP48:NM_152551,26
DSP:NM_001008844,8
RIOK1:NM_031480,39
CAGE1:NM_001170692,14
SSR1:NM_003144,31
RREB1:NM_001168344,178
LY86:NM_004271,18
F13A1:NM_000129,34
NRN1:NM_001278710,5
FARS2:NM_001318872,190
PPP1R3G:NM_001145115,3
LYRM4:NM_001318783,112
RPP40:NM_006638,11
CDYL:NM_001368125,109
ECI2:NM_206836,20
FAM217A:NM_173563,1
PRPF4B:NM_003913,36
FAM50B:NM_012135,2
PXDC1:NM_183373,11
SLC22A23:NM_015482,117
PSMG4:NM_001128591,24
TUBB2B:NM_178012,4
TUBB2A:NM_001310315,4
BPHL:NM_004332,23
RIPK1:NM_001354931,58
NQO2:NM_001290222,29
SERPINB6:NM_001297700,31
SERPINB9:NM_004155,10
SERPINB1:NM_030666,17
WRNIP1:NM_130395,36
MYLK4:NM_001347872,36
GMDS:NM_001500,182
FOXC1:NM_001453,1
FOXF2:NM_001452,3
FOXQ1:NM_033260,0
HUS1B:NM_148959,4
EXOC2:NM_018303,90
IRF4:NM_001195286,7
DUSP22:NM_020185,35
OR4F3:NM_001005224,0
TRIM52:NM_032765,7
RACK1:NM_006098,29
TRIM41:NM_201627,15
TRIM7:NM_203293,3
OR2V2:NM_206880,3
OR2V1:NM_001258283,2
BTNL9:NM_152547,6
BTNL3:NM_197975,1
BTNL8:NM_001159707,12
ZFP62:NM_001377941,13
MGAT1:NM_001364379,24
OR2Y1:NM_001001657,5
FLT4:NM_182925,9
SCGB3A1:NM_052863,1
CNOT6:NM_001370473,36
GFPT2:NM_005110,13
MAPK9:NM_001364611,41
RASGEF1C:NM_175062,26
RNF130:NM_018434,57
TBC1D9B:NM_198868.3_2,61
MRNIP:NM_016175.4_2,19
SQSTM1:NM_001142298.2_2,35
MGAT4B:NM_014275.5_2,12
LTC4S:NM_145867.2_2,4
MAML1:NM_014757.5_2,41
CANX:NM_001363994.1_2,36
CBY3:NM_001164444.2_2,4
HNRNPH1:NM_001364226.2_2,16
RUFY1:NM_025158.5_2,44
ADAMTS2:NM_014244.5_2,56
ZNF354C:NM_014594,8
ZNF879:NM_001136116,1
GRM6:NM_000843,4
ZNF454:NM_001178090,7
ZFP2:NM_030613,8
ZNF354B:NM_058230,24
ZNF354A:NM_005649,4
MSANTD5:NM_001395436,1
CLK4:NM_020666,19
COL23A1:NM_173465,82
PHYKPL:NM_001278346,48
HNRNPAB:NM_004499,18
GMCL2:NM_001358008,1
NHP2:NM_001396110,7
RMND5B:NM_022762,22
N4BP3:NM_015111,11
FAM153CP:NR_149722,5
PROP1:NM_006261.5_3,1
FAM153A:NR_146226,2
B4GALT7:NM_007255,5
TMED9:NM_017510,4
FAM193B:NM_001190946,45
DDX41:NM_001321732,9
DOK3:NM_001375799,9
PDLIM7:NM_005451,16
DBN1:NM_001363541,16
PRR7:NM_001375593,9
GRK6:NM_001364164,31
F12:NM_000505,4
PFN3:NM_001029886,1
SLC34A1:NM_003052,6
RGS14:NM_006480,8
LMAN2:NM_006816,23
MXD3:NM_001142935,7
PRELID1:NM_001271828,12
RAB24:NM_001031677,14
NSD1:NM_172349,95
FGFR4:NM_001354984,8
ZNF346:NM_001308223,32
UIMC1:NM_001199297,69
HK3:NM_002115,6
UNC5A:NM_133369,17
TSPAN17:NM_001366492,8
EIF4E1B:NM_001099408,3
SNCB:NM_001001502,1
GPRIN1:NM_052899,7
CDHR2:NM_001171976,20
RNF44:NM_014901,13
FAF2:NM_014613,52
CLTB:NR_045724,20
HIGD2A:NM_138820,4
NOP16:NM_001317975,10
ARL10:NM_173664,16
KIAA1191:NR_109799,22
SIMC1:NM_198567,37
FAM153B:NR_169299,1
THOC3:NM_032361,0
CPLX2:NM_006650,26
HRH2:NM_001367711,25
SFXN1:NM_001322978,38
DRD1:NM_000794,1
MSX2:NM_002449,5
NSG2:NM_015980,21
C5orf47:NM_001144954,2
CPEB4:NM_001308191,18
BOD1:NM_138369,11
STC2:NM_003714,13
NKX2-5:NM_001166175,2
BNIP1:NM_013978,19
CREBRF:NM_153607,26
ATP6V0E1:NM_003945,28
RPL26L1:NM_001317981,8
ERGIC1:NM_001031711,65
DUSP1:NM_004417,4
NEURL1B:NM_001308177,10
SH3PXD2B:NM_001308175,32
UBTD2:NM_152277,13
EFCAB9:NM_001171183,4
STK10:NM_005990,29
FBXW11:NM_001378978,51
SMIM23:NM_001289970,1
FGF18:NM_003862,12
NPM1:NM_001355006,25
TLX3:NM_021025,1
RANBP17:NM_022897,46
GABRP:NM_001291985,5
KCNMB1:NM_004137,3
KCNIP1:NM_001034838,75
LCP2:NM_005565,14
FOXI1:NM_144769,1
INSYN2B:NM_001129891,37
DOCK2:NM_004946,131
SPDL1:NM_017785,20
SLIT3:NM_001271946,133
PANK3:NM_024594,22
FBLL1:NM_001355274,0
RARS1:NM_002887,36
WWC1:NM_015238,47
TENM2:NM_001395460,208
MAT2B:NM_182796,7
HMMR:NM_001142557,14
NUDCD2:NM_001329991,5
CCNG1:NR_157051,9
GABRG2:NM_001375347,11
GABRA1:NM_000806,5
GABRA6:NM_000811,2
GABRB2:NM_021911,36
ATP10B:NM_025153,35
PTTG1:NM_004219,9
SLU7:NM_001364522,11
ZBED8:NM_001303251,6
C1QTNF2:NM_031908,5
CCNJL:NR_131769,18
FABP6:NM_001130958,9
PWWP2A:NM_001349734,17
TTC1:NM_001282500,27
ADRA1B:NM_000679,14
IL12B:NM_002187,4
UBLCP1:NM_145049,10
RNF145:NM_001199380,25
EBF1:NM_001324111,89
CLINT1:NM_001195555,33
LSM11:NM_173491,7
THG1L:NM_001317824,6
C5orf52:NM_001145132,7
SOX30:NM_001308165,7
ADAM19:NM_033274,24
NIPAL4:NM_001172292,2
FNDC9:NM_001001343,2
CYFIP2:NM_001291721,32
ITK:NM_005546,12
GARIN3:NM_130899,1
MED7:NM_004270,5
HAVCR2:NM_032782,4
HAVCR1:NM_001308156,2
TIMD4:NM_138379,6
PPP1R2B:NM_206858,1
SGCD:NM_001128209,66
KIF4B:NM_001099293,4
MRPL22:NM_001014990,14
GEMIN5:NM_015465,55
CNOT8:NM_001301083,14
FAXDC2:NM_032385,26
LARP1:NM_001367715,87
HAND1:NM_004821,1
SAP30L:NM_001131063,15
GALNT10:NM_198321,92
MFAP3:NM_001135037,17
FAM114A2:NM_001317994,21
GRIA1:NM_001258019,65
NMUR2:NM_020167,5
GLRA1:NM_001146040,23
G3BP1:NM_198395,27
ATOX1:NM_004045,11
SPARC:NM_003118,8
FAT2:NM_001447,23
SLC36A1:NM_078483,30
SLC36A2:NM_181776,14
SLC36A3:NM_001145017,14
GM2A:NM_000405,6
CCDC69:NM_015621,24
ANXA6:NM_001155,32
TNIP1:NM_001252390,61
GPX3:NM_002084,9
ZNF300:NM_001172831,6
IRGM:NM_001346557,15
SMIM3:NM_032947,5
DCTN4:NM_001135643,50
RBM22:NM_018047,11
MYOZ3:NM_133371,3
SYNPO:NM_001166208,16
NDST1:NM_001301063,55
RPS14:NM_001025071,14
CD74:NM_001025159,13
TCOF1:NM_000356,87
ARSI:NM_001012301,3
CAMK2A:NM_001363989,16
SLC6A7:NM_014228,4
CDX1:NM_001804,5
PDGFRB:NM_001355017,14
CSF1R:NM_001375320,31
HMGXB3:NM_001366501,74
TIGD6:NM_001243253,7
SLC26A2:NM_000112,12
PDE6A:NM_000440,19
PPARGC1B:NM_001172698,117
ARHGEF37:NM_001001669,10
CSNK1A1:NM_001025105,32
IL17B:NM_001317987,10
PCYOX1L:NM_024028,9
GRPEL2:NM_152407,10
AFAP1L1:NM_001323062,21
ABLIM3:NM_001345860,19
SH3TC2:NM_024577,20
ADRB2:NM_000024,1
HTR4:NM_199453,28
FBXO38:NM_001271723,30
SPINK9:NM_001040433,1
SPINK7:NM_032566,2
SPINK13:NM_001040129,5
MARCOL:NM_001363511,0
SPINK6:NM_001195290,2
SPINK14:NM_001001325,0
SPINK5:NM_006846,8
C5orf46:NM_206966,4
SCGB3A2:NM_054023,1
SPINK1:NM_001354966,0
JAKMIP2:NM_001270941,23
DPYSL3:NM_001197294,17
STK32A:NM_001287740,18
PPP2R2B:NM_001271900,85
GPR151:NM_194251,2
TCERG1:NR_174406,57
POU4F3:NM_002700,1
RBM27:NM_018989,52
LARS1:NM_020117,66
PLAC8L1:NM_001029869,8
SH3RF2:NM_152550,28
GRXCR2:NM_001080516,4
PRELID2:NM_138492,37
KCTD16:NM_020768,44
YIPF5:NM_001024947,6
HMHB1:NM_021182,1
NR3C1:NM_001018077,55
ARHGAP26:NM_015071,109
FGF1:NM_001257205,22
SPRY4:NM_030964,20
NDFIP1:NM_030571,22
GNPDA1:NM_005471,16
RNF14:NM_183399,24
PCDH12:NM_016580,5
DELE1:NM_001142603,24
PCDH1:NM_032420,9
ARAP3:NM_022481,12
FCHSD1:NM_033449,10
RELL2:NM_001130029,11
HDAC3:NM_003883,23
DIAPH1:NM_001314007,90
PCDHGC5:NM_018929,10
PCDHGC4:NM_001386884,11
PCDHGC3:NM_032403,12
PCDHGA12:NM_003735,18
PCDHGA11:NM_032092,22
PCDHGB7:NM_018927,22
PCDHGA10:NM_018913,23
PCDHGB6:NM_018926,24
PCDHGA9:NM_018921,24
PCDHGB5:NM_018925,24
PCDHGA8:NM_032088,25
PCDHGB4:NM_003736,26
PCDHGA7:NM_018920,27
PCDHGA6:NM_018919,27
PCDHGB3:NM_018924,27
PCDHGA5:NM_018918,27
PCDHGB2:NM_018923,27
PCDHGA4:NM_018917,27
PCDHGB1:NM_018922,28
PCDHGA3:NM_018916,28
PCDHGA2:NM_018915,28
PCDHGA1:NM_018912,29
TAF7:NM_005642,6
SLC25A2:NM_031947,1
PCDHB15:NM_018935.4_2,3
PCDHB14:NM_018934.4_2,1
PCDHB13:NM_018933.4_2,0
PCDHB12:NM_018932.4_2,0
PCDHB11:NM_018931.3_2,0
PCDHB10:NM_018930.4_2,0
PCDHB9:NM_019119.5_2,0
PCDHB16:NM_020957.4_2,0
PCDHB8:NM_019120.5_2,0
PCDHB7:NM_018940.4_2,0
PCDHB6:NM_001303145.2_2,1
PCDHB5:NM_015669.5_2,0
PCDHB4:NM_018938.4_2,0
PCDHB3:NM_018937.5_2,1
PCDHB2:NM_018936.4_2,1
PCDHB1:NM_013340.4_2,1
PCDHAC2:NM_018899.6_2,17
PCDHAC1:NM_018898.5_2,21
PCDHA13:NM_018904.3_2,27
PCDHA12:NM_018903.4_2,27
PCDHA11:NM_018902.5_2,28
PCDHA10:NM_031860.3_2,29
PCDHA9:NM_031857.2_2,30
PCDHA8:NM_018911.3_2,30
PCDHA7:NM_018910.3_2,32
PCDHA6:NM_031849.3_2,33
PCDHA5:NM_018908.3_2,33
PCDHA4:NM_018907.4_2,36
PCDHA3:NM_018906.3_2,36
PCDHA2:NM_018905.3_2,36
PCDHA1:NM_031411.3_2,37
ZMAT2:NM_144723,12
HARS2:NM_001363536,8
HARS1:NM_002109,14
DND1:NM_194249,5
WDR55:NM_017706,10
IK:NM_006083,25
NDUFA2:NM_002488,12
CD14:NM_001174104,1
TMCO6:NM_001300982,21
SLC35A4:NM_080670,6
APBB3:NM_006051,5
SRA1:NR_045586,10
EIF4EBP3:NM_003732,6
ANKHD1:NM_017747,73
ANKHD1-EIF4EBP3:NM_020690,82
SLC4A9:NM_001258426,3
HBEGF:NM_001945,6
PFDN1:NM_002622,29
CYSTM1:NM_032412,43
IGIP:NM_001007189,0
PURA:NM_005859,5
NRG2:NM_013982,45
PSD2:NM_032289,12
CXXC5:NM_001317201,36
UBE2D2:NM_003339,36
STING1:NM_198282.4_2,11
SMIM33:NM_001365197.1_2,2
ECSCR:NM_001077693.4_2,5
DNAJC18:NM_152686.4_2,17
SPATA24:NM_194296,2
PROB1:NM_001161546,4
MZB1:NM_016459,3
SLC23A1:NM_152685,13
PAIP2:NM_016480,18
MATR3:NM_001400461,45
SIL1:NM_001037633,90
LRRTM2:NM_015564,5
CTNNA1:NM_001290309,77
HSPA9:NM_004134,32
ETF1:NM_001256302,24
EGR1:NM_001964,4
REEP2:NM_016606,6
KDM3B:NM_016604,54
FAM53C:NM_001135647,14
CDC25C:NM_001364026,27
GFRA3:NM_001496,6
CDC23:NM_004661,22
KIF20A:NM_005733,15
BRD8:NM_139199,21
NME5:NM_003551,3
WNT8A:NR_125351,2
FAM13B:NM_001385868,56
PKD2L2:NM_001300921,18
MYOT:NM_001135940,6
HNRNPA0:NM_006805,6
KLHL3:NM_017415,19
SPOCK1:NM_004598,125
TRPC7:NM_020389,28
SMIM32:NM_001350994,2
SMAD5:NM_001001420,19
TGFBI:NM_000358,7
LECT2:NM_002302,2
IL9:NM_000590,2
SLC25A48:NM_001349335,80
CXCL14:NM_004887,6
NEUROG1:NM_006161,4
TIFAB:NM_001099221,4
DCANP1:NM_130848,1
MACROH2A1:NM_001400402,79
PITX1:NM_002653,10
CATSPER3:NM_178019,12
PCBD2:NM_032151,39
TXNDC15:NM_001350735,7
C5orf24:NM_152409,15
DDX46:NM_014829,59
CAMLG:NM_001745,4
SEC24A:NM_021982,39
SAR1B:NM_001033503,16
JADE2:NM_001388188,65
CDKN2AIPNL:NM_080656,5
UBE2B:NM_003337,3
CDKL3:NM_001300853,18
PPP2CA:NM_002715,20
SKP1:NM_170679,25
TCF7:NM_003202,46
VDAC1:NM_001401008,59
C5orf15:NM_020199,8
FSTL4:NM_015082,120
HSPA4:NM_002154,40
ZCCHC10:NM_001308127,5
AFF4:NM_014423,49
LEAP2:NM_052971,5
UQCRQ:NM_014402,6
GDF9:NM_001288825,2
SHROOM1:NM_001172700,7
SOWAHA:NM_175873,3
SEPTIN8:NM_001098811,45
CCNI2:NM_001039780,6
KIF3A:NM_001300791,17
IL4:NM_172348,5
IL13:NM_001354991,3
RAD50:NM_005732,60
IL5:NM_000879,0
IRF1:NM_002198,12
SLC22A5:NM_003060,24
SLC22A4:NM_003059,43
PDLIM4:NM_001131027,16
P4HA2:NM_001365679,26
CSF2:NM_000758,2
IL3:NM_000588,4
ACSL6:NM_001205250,26
MEIKIN:NM_001303622,16
FNIP1:NM_133372,84
RAPGEF6:NM_001164387,91
CDC42SE2:NM_001038702,44
LYRM7:NM_001293735,7
HINT1:NM_005340,9
CHSY3:NM_175856,39
MINAR2:NM_001257308,2
ADAMTS19:NM_133638,41
ISOC1:NM_016048,11
SLC27A6:NM_001317984,13
FBN2:NM_001999,35
SLC12A2:NM_001256461,22
CCDC192:NM_001317938,29
CTXN3:NM_001048252,3
PRRC1:NM_001286808,16
MEGF10:NM_001256545,23
C5orf63:NM_001164479,12
MARCHF3:NM_178450,88
LMNB1:NR_134488,50
TEX43:NM_207408,2
PHAX:NM_032177,16
ALDH7A1:NM_001201377,11
GRAMD2B:NM_001146319,20
ZNF608:NM_001385619,27
CSNK1G3:NM_001364148,26
CEP120:NM_001375408,45
PRDM6:NM_001136239,12
PPIC:NM_000943,7
SNX24:NM_014035,38
SNX2:NM_001278199,17
SNCAIP:NR_131762,33
ZNF474:NM_207317,4
LOX:NM_002317,5
SRFBP1:NM_152546,26
FTMT:NM_177478,1
PRR16:NM_016644,27
FAM170A:NM_001163991,1
HSD17B4:NM_001199292,24
TNFAIP8:NM_001077654,69
DMXL1:NM_001349240,62
DTWD2:NM_173666,13
SEMA6A:NM_001300780,26
COMMD10:NM_016144,36
ARL14EPL:NM_001385024,8
LVRN:NM_173800,5
AP3S1:NM_001318090,15
ATG12:NM_004707,10
CDO1:NM_001323565,2
TMED7:NM_181836,10
TICAM2:NM_021649,12
TMED7-TICAM2:NM_001164469,22
FEM1C:NM_020177,10
CCDC112:NM_001040440,9
PGGT1B:NM_005023,13
TRIM36:NM_018700,3
KCNN2:NM_001372233,59
YTHDC2:NM_001345976,24
TSSK1B:NM_032028,1
MCC:NM_001085377,89
DCP2:NM_001242377,28
REEP5:NM_005669,30
SRP19:NM_001204199,21
APC:NM_001127511,55
EPB41L4A:NM_001347887,46
NREP:NM_001142475,44
STARD4:NM_001308059,9
CAMK4:NM_001323375,34
WDR36:NM_139281,19
TSLP:NR_045089,2
SLC25A46:NM_001303250,8
TMEM232:NM_001039763,35
MAN2A1:NM_002372,72
PJA2:NM_014819,31
FER:NM_005246,98
FBXL17:NM_001163315,64
EFNA5:NM_001962,43
NUDT12:NM_031438,5
MACIR:NM_001377283,4
PPIP5K2:NM_001345877,25
GIN1:NM_017676,10
PAM:NM_001319943,26
SLCO6A1:NM_173488,13
SLCO4C1:NM_180991,6
ST8SIA4:NM_005668,8
FAM174A:NM_198507,7
CHD1:NM_001364113,43
RGMB:NM_001366510,6
RIOK2:NM_018343,24
LIX1:NM_153234,20
LNPEP:NM_005575,36
ERAP2:NM_001130140,10
ERAP1:NM_016442,23
CAST:NM_001190442,59
PCSK1:NM_000439,13
ELL2:NM_012081,41
GLRX:NM_001243659,4
RHOBTB3:NM_014899,77
SPATA9:NM_001349303,19
RFESD:NM_001375394,10
GPR150:NM_199243,1
ARSK:NM_198150,15
TTC37:NM_014639,64
FAM81B:NM_152548,25
MCTP1:NM_024717,89
SLF1:NM_032290,28
KIAA0825:NM_001385712,51
POU5F2:NM_153216,4
FAM172A:NM_001163417,52
NR2F1:NM_005654,1
ARRDC3:NM_020801,13
ADGRV1:NM_032119,296
LYSMD3:NM_198273,12
POLR3G:NM_001370354,25
MBLAC2:NM_203406,5
CETN3:NM_001297765,15
MEF2C:NM_001193347,90
TMEM161B:NM_001349407,25
CCNH:NM_001364075,56
RASA1:NM_002890,51
COX7C:NM_001867,2
EDIL3:NM_005711,41
HAPLN1:NM_001884,9
VCAN:NM_001126336,12
XRCC4:NM_003401,35
TMEM167A:NM_174909,12
RPS23:NM_001025,7
ATG10:NM_031482,78
SSBP2:NR_174563,53
ACOT12:NM_130767,8
ZCCHC9:NM_001131036,7
CKMT2:NM_001099735,17
RASGRF2:NM_006909,61
MSH3:NM_002439,83
DHFR:NM_000791,13
ANKRD34B:NM_001004441,8
FAM151B:NM_205548,6
ZFYVE16:NM_014733,19
SPZ1:NM_032567,0
SERINC5:NM_178276,41
THBS4:NM_001306212,21
MTX3:NM_001363818,1
CMYA5:NM_153610,30
TENT2:NM_001388124,46
HOMER1:NM_004272,47
JMY:NM_152405,37
BHMT:NM_001713,8
BHMT2:NM_001178005,5
DMGDH:NM_013391,9
ARSB:NM_000046,35
LHFPL2:NM_005779,64
SCAMP1:NM_001290229,27
AP3B1:NM_001271769,91
TBCA:NM_001297738,33
OTP:NM_032109,6
WDR41:NM_018268,25
PDE8B:NM_001376074,49
ZBED3:NM_032367,7
AGGF1:NM_018046,16
CRHBP:NM_001882,7
S100Z:NM_130772,8
F2RL1:NM_005242,3
F2R:NM_001992,9
F2RL2:NM_004101,2
IQGAP2:NM_006633,83
SV2C:NM_001297716,49
POC5:NM_001099271,22
ANKDD1B:NM_001276713,11
POLK:NM_001395900,31
CERT1:NM_005713,51
HMGCR:NM_001364187,21
ANKRD31:NM_001372053,19
GCNT4:NM_001366737,3
FAM169A:NM_015566,10
NSA2:NM_001271665,6
GFM2:NM_001281302,26
HEXB:NM_001292004,28
ENC1:NM_001256574,7
ARHGEF28:NM_001388076,59
UTP15:NM_032175,9
ANKRA2:NM_023039,8
BTF3:NM_001393653,5
FOXD1:NM_004472,2
TMEM174:NM_153217,3
TMEM171:NM_001161342,3
FCHO2:NM_001146032,29
TNPO1:NM_001364295,55
ZNF366:NM_152625,15
PTCD2:NM_001284403,38
MRPS27:NM_001286748,69
MAP1B:NM_005909,61
CARTPT:NM_004291,2
MCCC2:NM_001363147.1_3,47
BDP1:NM_018429.3_3,47
GTF2H2:NM_001395392.1_2,1
NAIP:NM_004536.3_3,2
SMN1:NM_022874.2_3,0
SERF1A:NM_021967.4_3,0
SMN2:NM_022877.2_3,0
SERF1B:NM_022978.3_3,0
GTF2H2C:NM_001376000.2_3,0
OCLN:NM_002538.4_3,6
MARVELD2:NM_001244734.2_3,13
RAD17:NM_133343.2_3,28
TAF9:NM_001015892.2_3,6
AK6:NM_001015891.2_3,11
CCDC125:NM_176816.5_2,15
CDK7:NM_001324072.1_2,16
MRPS36:NM_033281.6_2,6
CENPH:NM_022909,22
CCNB1:NM_001354845,12
SLC30A5:NM_022902,20
PIK3R1:NM_181523,32
CD180:NM_005582,2
MAST4:NM_001393525,118
SREK1:NM_001323535,25
ERBIN:NM_001253701,61
NLN:NM_020726,49
SGTB:NM_019072,24
SHLD3:NM_001365341,6
TRAPPC13:NM_001365343,23
TRIM23:NM_001656,13
PPWD1:NM_001278929,14
CENPK:NM_001349369,22
ADAMTS6:NM_197941,47
CWC27:NM_001297644,67
SREK1IP1:NM_173829,16
SHISAL2B:NM_001164442,2
RGS7BP:NM_001029875,13
RNF180:NM_001113561,12
HTR1A:NM_000524,1
LRRC70:NM_181506,4
IPO11-LRRC70:NR_073584,30
IPO11:NM_016338,107
DIMT1:NM_001348077,15
KIF2A:NM_001243953,41
ZSWIM6:NM_020928,41
SMIM15:NM_001048249,2
NDUFAF2:NM_174889,44
ERCC8:NM_001007233,26
ELOVL7:NM_001297617,17
DEPDC1B:NM_018369,34
PDE4D:NM_001364599,203
RAB3C:NM_001317915,47
GAPT:NM_001304431,0
PLK2:NM_006622,0
ACTBL2:NM_001017992,1
GPBP1:NM_001203246,34
MIER3:NM_001297598,22
SETD9:NM_001171990,7
MAP3K1:NM_005921,34
ANKRD55:NM_024669,19
IL6ST:NM_002184,17
IL31RA:NM_001242637,15
DDX4:NM_001166533,7
SLC38A9:NM_001349382,21
PLPP1:NM_176895,21
MTREX:NM_015360,69
DHX29:NM_001345965,25
CCNO:NM_021147,4
MCIDAS:NM_001190787,9
GPX8:NM_001306201,2
CDC20B:NM_001170402,13
GZMA:NM_006144,2
GZMK:NM_002104,2
ESM1:NM_007036,4
SNX18:NM_001102575,11
HSPB3:NM_006308,5
ARL15:NM_019087,159
NDUFS4:NM_001318051,23
FST:NM_013409,1
MOCS2:NM_004531,12
ITGA2:NM_002203,18
PELO:NM_015946,3
ITGA1:NM_181501,20
ISL1:NM_002202,2
PARP8:NM_001178055,15
EMB:NM_198449,2
HCN1:NM_021072,62
MRPS30:NM_016640,3
FGF10:NM_004465,15
NNT:NM_012343,56
PAIP1:NM_183323,41
C5orf34:NM_198566,19
TMEM267:NM_001377396,29
CCL28:NM_001301873,7
HMGCS1:NM_001324220,22
NIM1K:NM_153361,20
ZNF131:NM_001330708,47
ANXA2R:NM_001382352,2
SELENOP:NM_001093726,2
CCDC152:NM_001134848,9
GHR:NM_000163,67
FBXO4:NM_001297437,12
RIMOC1:NM_175921,9
OXCT1:NM_001364300,51
PLCXD3:NM_001005473,45
C6:NM_001115131,19
MROH2B:NM_173489,18
C7:NM_000587,25
CARD6:NM_032587,2
RPL37:NM_000997,15
PRKAA1:NM_206907,14
TTC33:NM_012382,17
PTGER4:NM_000958,7
DAB2:NM_001343,10
C9:NM_001737,21
FYB1:NM_001243093,41
RICTOR:NM_001285439,54
OSMR:NM_001323505,23
LIFR:NM_002310,22
EGFLAM:NM_152403,38
GDNF:NM_000514,8
WDR70:NM_001345999,111
NUP155:NM_004298,67
CPLANE1:NM_001384732,29
NIPBL:NM_133433,63
SLC1A3:NM_001289939,26
RANBP3L:NM_001161429,7
NADK2:NM_001287341,30
SKP2:NM_001243120,31
LMBRD2:NM_001007527,16
UGT3A2:NM_174914,6
UGT3A1:NM_152404,7
CAPSL:NM_144647,10
IL7R:NM_002185,6
SPEF2:NM_024867,28
PRLR:NM_000949,54
AGXT2:NM_031900,14
DNAJC21:NM_001012339,28
BRIX1:NM_018321,13
RAD1:NM_002853,7
RAI14:NM_001145522,77
C1QTNF3-AMACR:NR_037951,29
AMACR:NM_014324,7
SLC45A2:NM_016180.5_2,17
RXFP3:NM_016568.3_2,1
ADAMTS12:NM_030955.4_2,65
TARS1:NM_001258437,29
NPR3:NM_001364458,22
SUB1:NM_006713,19
ZFR:NM_016107,50
MTMR12:NM_001040446,53
GOLPH3:NM_022130,34
PDZD2:NM_178140,152
C5orf22:NM_018356,20
DROSHA:NM_001382508,125
CDH6:NM_004932,33
CDH9:NM_016279,19
CDH10:NM_006727,13
PRDM9:NM_001376900.1_2,2
CDH12:NM_001364105,130
CDH18:NM_001349558,139
H3Y1:NM_001355258,1
TAF11L14:NM_001401687,0
TAF11L13:NM_001401695,0
TAF11L12:NM_001401686,0
TAF11L11:NM_001401690,0
TAF11L10:NM_001401685,0
TAF11L9:NM_001401693,0
TAF11L8:NM_001401681,0
TAF11L7:NM_001401679,0
TAF11L6:NM_001401698,0
TAF11L5:NM_001401699,0
TAF11L4:NM_001401697,0
TAF11L3:NM_001401700,0
TAF11L2:NM_001401696,1
H3Y2:NM_001371919,0
LINC02218:NR_134270,9
BASP1:NM_001271606,7
MYO10:NM_012334,60
RETREG1:NM_001034850,27
ZNF622:NM_033414,11
MARCHF11:NM_001102562,24
FBXL7:NM_012304,79
ANKH:NM_054027,83
OTULIN:NM_138348,44
OTULINL:NM_019018,10
TRIO:NM_007118,159
DNAH5:NM_001369,52
CTNND2:NM_001332,209
DAP:NM_004394,123
ANKRD33B:NM_001164440,27
ROPN1L:NM_001201466,12
MARCHF6:NM_001270661,108
CMBL:NM_138809,47
CCT5:NM_001306153,47
ATPSCKMT:NM_199133,14
TAS2R1:NM_001386348,57
SEMA5A:NM_003966,114
FASTKD3:NM_024091,10
MTRR:NM_024010,52
C5orf49:NM_001089584,6
ADCY2:NM_020546,91
TENT4A:NM_001171805,45
SRD5A1:NM_001324322,30
NSUN2:NM_017755,68
UBE2QL1:NM_001145161.3_2,8
MED10:NM_032286.3_2,9
ICE1:NM_015325,46
ADAMTS16:NM_139056,36
IRX1:NM_024337,3
IRX2:NM_001134222,0
IRX4:NM_001278633,2
NDUFS6:NM_004553,26
MRPL36:NM_032479,4
LPCAT1:NM_024830.5_2,74
SLC6A3:NM_001044.5_2,15
CLPTM1L:NM_030782.5_2,42
TERT:NM_198253,25
SLC6A18:NM_182632,5
SLC6A19:NM_001003841,9
SLC12A7:NM_006598.3_2,62
NKD2:NM_033120.4_2,9
TRIP13:NM_004237,48
BRD9:NM_001375863,76
ZDHHC11:NM_001393492,2
ZDHHC11B:NM_001351303,10
TPPP:NM_007030,12
SLC9A3:NM_004174.4_2,15
EXOC3:NM_007277,29
AHRR:NM_001377236,30
PDCD6:NM_001267558,32
PDCD6-AHRR:NR_165163,62
SDHA:NM_001294332,26
CCDC127:NM_145265,13
LRRC14B:NM_001080478,4
PLEKHG4B:NM_052909,23
FRG2:NM_001286820.2_4,0
FRG1:NM_004477.3_4,8
TRIML1:NM_178556,3
TRIML2:NM_173553,6
ZFP42:NM_001304358,2
FAT1:NM_005245,80
MTNR1A:NM_005958,5
F11:NM_000128,7
KLKB1:NM_001318394,5
CYP4V2:NM_207352,6
FAM149A:NM_001367768,14
TLR3:NM_003265,5
SORBS2:NM_001270771,79
PDLIM3:NM_001114107,6
CCDC110:NM_152775,2
C4orf47:NM_001346007,3
UFSP2:NM_018359,14
ANKRD37:NM_181726,3
LRP2BP:NM_001385605,7
SNX25:NM_001317781,52
CFAP97:NM_020827,27
SLC25A4:NM_001151,4
HELT:NM_001300782,2
ACSL1:NM_001381878,34
CENPU:NM_024629,30
PRIMPOL:NM_001345901,31
CASP3:NM_001354783,15
IRF2:NM_002199,34
ENPP6:NM_153343,29
TRAPPC11:NM_199053,43
RWDD4:NM_152682,7
ING2:NM_001564,6
CDKN2AIP:NM_001317343,9
CLDN24:NM_001185149,1
CLDN22:NM_001111319,0
WWC2:NM_024949,83
DCTD:NM_001351743,29
TENM3:NM_001080477,78
AGA:NM_000027,1
NEIL3:NM_018248,15
VEGFC:NM_005429,15
SPCS3:NM_021928,3
ASB5:NM_080874,5
SPATA4:NM_144644,0
WDR17:NM_001378106,12
GPM6A:NM_001261447,42
ADAM29:NM_001278127,11
GLRA3:NM_006529,31
HPGD:NM_001256301,6
CEP44:NM_001145314,24
FBXO8:NM_012180,11
HAND2:NM_021973,2
SCRG1:NM_001329597,23
SAP30:NM_003864,4
HMGB2:NM_001130688,2
GALNT7:NM_001375601,54
GALNTL6:NM_001034845,148
AADAT:NM_001286683,5
MFAP3L:NM_021647,10
HPF1:NM_017867,6
CLCN3:NM_001243372,31
NEK1:NM_001374418,56
SH3RF1:NM_020870,27
CBR4:NM_032783,17
PALLD:NM_016081,61
DDX60L:NM_001378072,17
DDX60:NM_017631,9
ANXA10:NM_007193,9
SPOCK3:NM_001204352,47
TLL1:NM_012464,24
CPE:NM_001873,10
MSMO1:NM_001017369,14
GK3P:NM_001395953,0
KLHL2:NM_001331023,16
TMEM192:NM_001100389,15
TRIM75:NM_001396070,0
TRIM60:NM_152620,4
TRIM61:NM_001012414,7
APELA:NM_001297550,3
SMIM31:NM_001352885,7
MARCHF1:NM_001394959,107
TMA16:NM_018352,17
TKTL2:NM_032136,1
NPY5R:NM_006174,1
NPY1R:NM_000909,2
NAF1:NM_001128931,19
FSTL5:NM_020116,24
RAPGEF2:NM_001394067,57
C4orf45:NM_152543,30
FNIP2:NM_001346043,49
PPID:NM_005038,8
ETFDH:NM_001281737,14
RXFP1:NM_001363776,26
TMEM144:NM_018342,11
GASK1B:NM_001031700,5
GRIA2:NM_001379000,13
GLRB:NM_001166061,13
PDGFC:NM_016205,27
CTSO:NM_001334.3_2,4
TDO2:NM_005651.4_2,2
ASIC5:NM_017419.3_2,6
GUCY1B1:NM_001291955,4
GUCY1A1:NM_001379666,8
NMTRQ-TTG15-1:NMTRQ-TTG15-1,0
MAP9:NM_001039580,5
NPY2R:NM_001375470,8
RBM46:NM_144979,4
LRAT:NM_001301645,8
FGG:NM_000509,0
FGA:NM_000508,2
FGB:NM_001382759,1
PLRG1:NM_002669,11
DCHS2:NM_001358235.2_2,50
SFRP2:NM_003013,0
RNF175:NM_173662,12
TLR2:NM_001318793,2
TMEM131L:NM_015196,96
MND1:NM_001253861,34
TRIM2:NM_001375517,41
FHDC1:NM_001371116,16
ARFIP1:NM_014447,38
TIGD4:NM_145720,1
TMEM154:NM_152680,10
FBXW7:NM_001349798,50
GATB:NM_004564,43
FHIP1A:NM_001348694,45
PRSS48:NM_183375,2
SH3D19:NM_001378121.1_2,29
RPS3A:NM_001006.5_2,8
MAB21L2:NM_006439,7
LRBA:NM_001367550,236
DCLK2:NM_001040260,28
IQCM:NM_001363507,39
NR3C2:NM_001354819,36
ARHGAP10:NM_024605,55
PRMT9:NM_001350142,23
TMEM184C:NM_018241,7
EDNRA:NM_001166055,10
TTC29:NM_001300761,29
POU4F2:NM_004575,1
SLC10A7:NM_001300842,63
REELD1:NM_001371071,5
LSM6:NM_007080,10
ZNF827:NM_178835,33
C4orf51:NM_001080531,9
MMAA:NM_172250,5
SMAD1:NM_001354812,22
NMNAT1P4:NMNAT1P4,0
OTUD4:NM_001366057,20
ABCE1:NM_001040876,19
ANAPC10:NM_001256708,33
HHIP:NM_022475,17
GYPA:NM_002099,10
GYPB:NM_002100,0
GYPE:NM_198682,3
FREM3:NM_001168235,19
SMARCA5:NM_003601,19
GAB1:NM_002039,38
USP38:NM_032557,15
INPP4B:NM_003866,92
IL15:NM_000585,12
ZNF330:NM_001292002,10
RNF150:NM_020724,34
TBC1D9:NM_015130,28
UCP1:NM_021833,4
ELMOD2:NM_153702,8
MGAT4D:NM_001277353,4
CLGN:NM_001130675,2
SCOC:NM_032547,29
MAML3:NM_018717,95
MGST2:NM_001204367,40
SETD7:NM_001306199,13
RAB33B:NM_031296,9
NAA15:NM_057175,46
NDUFC1:NM_001184988,6
MGARP:NM_032623,4
ELF2:NM_201999,37
NOCT:NM_012118,20
SLC7A11:NM_014331,33
PCDH18:NM_019035,2
PABPC4L:NM_001363585,0
PCDH10:NM_032961,3
C4orf33:NM_173487,6
SCLT1:NM_144643,52
JADE1:NM_001287437,65
PGRMC2:NM_006320,9
LARP1B:NR_146772,45
ABHD18:NM_001366041,25
MFSD8:NM_001371590,23
PLK4:NM_001190799,10
HSPA4L:NM_001317381,27
SLC25A31:NM_031291,8
INTU:NM_015693,18
FAT4:NM_024582,23
ANKRD50:NM_020337,17
SPRY1:NM_199327,6
SPATA5:NM_001345856,156
NUDT6:NM_198041,12
FGF2:NM_002006,28
BBS12:NM_152618,6
IL21:NM_021803,2
IL2:NM_000586,2
ADAD1:NM_139243,8
KIAA1109:NM_001384125,67
TRPC3:NM_001130698,17
BBS7:NM_176824,15
CCNA2:NM_001237,7
EXOSC9:NM_005033,10
SMIM43:NR_169196,2
ANXA5:NM_001154,20
QRFPR:NM_198179,6
TNIP3:NM_001244764,13
NDNF:NM_024574,5
PRDM5:NM_001379104,30
MAD2L1:NM_002358,11
PDE5A:NM_001083,30
FABP2:NM_000134,0
C4orf3:NM_001170330,3
USP53:NM_001389659,20
MYOZ2:NM_016599,8
SYNPO2:NM_001286754,50
SEC24D:NM_001318066,51
METTL14:NM_020961,15
PRSS12:NM_003619,15
NDST3:NR_146513,27
TRAM1L1:NM_152402,1
NDST4:NM_022569,21
UGT8:NM_001322112,12
ARSJ:NM_001354211,10
CAMK2D:NM_001321585,37
ANK2:NM_001386187,99
LARP7:NM_001370982,9
ZGRF1:NM_018392,30
NEUROG2:NM_024019,2
ALPK1:NM_001253884,26
TIFA:NM_052864,4
AP1AR:NM_001128426,12
FAM241A:NM_152400,14
PITX2:NM_001204398,9
ENPEP:NM_001379613,11
ELOVL6:NM_024090,70
EGF:NM_001357021,33
LRIT3:NM_198506,11
RRH:NM_006583,5
GAR1:NM_032993,4
CFI:NM_001375278,14
PLA2G12A:NM_030821,21
CASP6:NM_001226,13
MCUB:NM_017918,29
SEC24B:NM_001318086,54
COL25A1:NM_198721,68
ETNPPL:NM_001331031,4
OSTC:NM_001267817,8
RPL34:NM_000995,11
LEF1:NM_016269,47
HADH:NM_005327,24
CYP2U1:NM_183075,1
SGMS2:NM_001136258,8
PAPSS1:NM_005443,32
DKK2:NM_014421,14
GIMD1:NM_001195138,2
AIMP1:NM_001142415,14
TBCK:NM_001163436,53
NPNT:NM_001184692,7
GSTCD:NM_024751,36
INTS12:NM_020395,14
ARHGEF38:NM_001242729,22
PPA2:NM_006903,36
TET2:NM_001127208,29
CXXC4:NM_025212,1
TACR3:NM_001059,12
CENPE:NM_001813,40
BDH2:NM_020139,8
SLC9B2:NM_001370201,19
SLC9B1:NM_001100874,11
CISD2:NM_001008388,11
UBE2D3:NM_181890,32
MANBA:NM_005908,45
NFKB1:NM_001382628,39
SLC39A8:NM_001135147,25
BANK1:NM_001127507,33
PPP3CA:NM_000944,40
EMCN:NM_016242,9
DDIT4L:NM_145244,0
H2AZ1:NM_002106,4
DNAJB14:NM_001031723,16
LAMTOR3:NM_001243736,7
DAPP1:NM_014395,20
C4orf54:NM_001354435,5
MTTP:NM_001300785,9
TRMT10A:NM_001134665,4
C4orf17:NM_032149,4
ADH7:NM_000673,7
ADH1C:NM_000669,3
ADH1B:NM_001286650,3
ADH1A:NM_000667,2
ADH6:NM_000672,4
ADH4:NM_001306171,5
ADH5:NM_000671,10
METAP1:NM_015143,40
EIF4E:NM_001130678,24
TSPAN5:NM_005723,40
RAP1GDS1:NM_001100429,39
STPG2:NM_174952,48
PDHA2:NM_005390,1
UNC5C:NM_003728,64
BMPR1B:NM_001203,58
PDLIM5:NM_001256428,66
HPGDS:NM_014485,9
SMARCAD1:NM_001375858,30
ATOH1:NM_005172,1
GRID2:NM_001510,137
CCSER1:NM_001145065,125
MMRN1:NM_001371403,9
SNCA:NM_001375285,19
GPRIN3:NM_198281,15
TIGD2:NM_001382380,4
FAM13A:NM_014883,105
NAP1L5:NM_153757,5
HERC3:NM_001375482,52
PYURF:NM_032906,6
PIGY:NM_001042616,6
HERC5:NM_016323,11
HERC6:NM_001165136,11
PPM1K:NM_152542,11
ABCG2:NM_001348985,12
PKD2:NM_000297,7
SPP1:NM_001251829,2
MEPE:NM_001184694,5
IBSP:NM_004967,2
DMP1:NM_001079911,1
DSPP:NM_014208,1
SPARCL1:NM_001291977,5
NUDT9:NM_198038,15
HSD17B11:NM_016245,26
HSD17B13:NM_178135,5
KLHL8:NM_020803,22
AFF1:NM_001166693,134
C4orf36:NM_144645,3
SLC10A6:NM_197965,4
PTPN13:NM_080684,29
MAPK10:NM_002753,46
ARHGAP24:NM_001025616,79
WDFY3:NM_014991,64
CDS1:NM_001263,4
NKX6-1:NM_006168,0
GPAT3:NM_001256422,27
ABRAXAS1:NM_139076,12
MRPS18C:NM_001297770,7
HELQ:NM_001297756,26
HPSE:NM_006665,4
COQ2:NM_015697,9
PLAC8:NM_016619,3
COPS4:NM_001258006,22
LIN54:NM_001115007,35
THAP9:NM_024672,9
SEC31A:NM_001318120,48
SCD5:NM_001037582,32
TMEM150C:NM_001353454,17
ENOPH1:NM_001292017,26
HNRNPDL:NM_031372,17
HNRNPD:NM_031370,16
RASGEF1B:NM_152545,6
PRKG2:NM_001363401,27
BMP3:NM_001201,8
CFAP299:NM_152770,74
FGF5:NM_033143,2
PRDM8:NM_020226,11
ANTXR2:NM_001286780,91
GK2:NM_033214,1
NAA11:NM_032693,7
PAQR3:NM_001350106,18
BMP2K:NM_198892,94
ANXA3:NM_005139,23
FRAS1:NM_025074,79
MRPL1:NM_020236,30
CNOT6L:NM_001365006,36
CXCL13:NM_006419,19
CCNG2:NM_004354,3
CCNI:NM_006835,18
SEPTIN11:NM_018243,47
SOWAHB:NM_001029870,2
SHROOM3:NM_020859,55
CCDC158:NM_001394954,8
STBD1:NM_003943,2
FAM47E-STBD1:NM_001242939,11
FAM47E:NM_001242936,16
SCARB2:NM_005506,26
NUP54:NM_017426,22
CXCL11:NM_005409,2
CXCL10:NM_001565,0
ART3:NM_001377183,17
CXCL9:NM_002416,0
SDAD1:NM_001288984,31
NAAA:NM_001042402,3
PPEF2:NM_006239,7
USO1:NM_003715,31
G3BP2:NM_001400006,33
CDKL2:NM_001330724,3
ODAPH:NM_001257072,2
RCHY1:NM_001387136,15
PARM1:NM_015393,15
BTC:NM_001729,17
AREG:NM_001657,4
EREG:NM_001432,12
EPGN:NM_001270993,11
MTHFD2L:NM_001144978,62
CXCL2:NM_002089,4
CXCL3:NM_002090,1
CXCL5:NM_002994,0
PPBP:NM_002704,2
PF4:NM_001363352,0
CXCL1:NM_001511,0
PF4V1:NM_002620,3
CXCL6:NM_002993,2
CXCL8:NM_000584,0
RASSF6:NM_001270392,10
AFM:NM_001133,6
AFP:NM_001354717,1
ALB:NM_000477,1
ANKRD17:NM_032217,76
COX18:NM_001297733,9
ADAMTS3:NM_014243,92
NPFFR2:NM_004885,16
GC:NM_001204306,12
SLC4A4:NM_001134742,55
DCK:NM_000788,10
MOB1B:NM_173468,41
GRSF1:NM_002092,10
RUFY3:NM_001037442,29
UTP3:NM_020368,2
JCHAIN:NM_144646,0
ENAM:NM_031889,4
AMBN:NM_016519,2
AMTN:NM_001286731,1
MUC7:NM_001145006,5
OPRPN:NM_021225,4
SMR3B:NM_006685,2
SMR3A:NM_012390,1
CABS1:NM_033122,0
CSN3:NM_005212,2
FDCSP:NM_152997,2
ODAM:NM_001385579,2
PRR27:NM_214711.4_2,2
HTN1:NM_001368990.1_2,1
HTN3:NM_000200.3_2,0
STATH:NM_001009181.2_2,3
CSN2:NM_001891,0
CSN1S1:NM_001025104,1
SULT1E1:NM_005420,3
SULT1B1:NM_014465,8
UGT2A2:NM_001105677,3
UGT2A1:NM_001389565,5
UGT2B4:NM_001297616,12
UGT2B28:NM_001207004,0
UGT2B11:NM_001073,0
UGT2B7:NM_001349568,5
UGT2A3:NM_024743.4_2,1
UGT2B10:NM_001290091.2_2,2
UGT2B15:NM_001076.4_2,4
UGT2B17:NM_001077,2
TMPRSS11E:NM_014058.4_2,9
YTHDC1:NM_001330698.2_2,11
TMPRSS11B:NM_182502,2
TMPRSS11F:NM_207407,9
TMPRSS11A:NM_182606,9
TMPRSS11D:NM_004262,12
GNRHR:NM_000406,9
UBA6:NM_018227,44
STAP1:NM_001317769,7
CENPC:NM_001812,37
EPHA5:NM_001281765,36
TECRL:NM_001363796,14
ADGRL3:NM_001387542,75
IGFBP7:NM_001553,19
POLR2B:NM_001303268,35
NOA1:NM_032313,16
REST:NM_005612,14
HOPX:NM_001145460,8
THEGL:NM_001256475,14
ARL9:NM_206919,12
SRP72:NM_001267722,22
PAICS:NM_001392012,41
PPAT:NM_002703,35
AASDH:NM_001323890,22
CRACD:NM_001393383,58
CEP135:NM_025009,41
EXOC1:NM_178237,19
EXOC1L:NM_001351575,3
NMU:NR_120489,15
PDCL2:NM_152401,13
CLOCK:NM_004898,38
TMEM165:NM_018475,26
SRD5A3:NM_024592,15
KDR:NM_002253,10
KIT:NM_001385286,28
PDGFRA:NM_006206,9
GSX2:NM_133267,1
CHIC2:NM_012110,9
LNX1:NM_001126328,42
FIP1L1:NM_001376782,37
SCFD2:NM_152540,122
RASL11B:NM_023940,6
ERVMER34-1:NM_024534,2
USP46:NM_001286768,29
SPATA18:NM_001346103,7
SGCB:NM_000232,3
LRRC66:NM_001024611,5
DCUN1D4:NM_015115,40
CWH43:NM_025087,9
OCIAD2:NM_001286773,3
OCIAD1:NM_001079840,23
FRYL:NM_015030,79
ZAR1:NM_175619,5
SLC10A4:NM_152679,3
SLAIN2:NM_020846,33
TEC:NM_003215,80
TXK:NM_003328,20
NIPAL1:NM_207330,4
CNGA1:NM_001379270,9
NFXL1:NM_001278623,32
CORIN:NM_006587,40
ATP10D:NM_020453,15
COMMD8:NM_017845,4
GABRB1:NM_000812,60
GABRA4:NM_000809,9
COX7B2:NM_130902,21
GABRA2:NM_001377145,14
GABRG1:NM_173536,5
GNPDA2:NM_138335,6
GUF1:NM_001345869,9
YIPF7:NM_182592,2
KCTD8:NM_198353,23
GRXCR1:NM_001080476,15
ATP8A1:NM_001400024,41
SHISA3:NM_001080505,3
BEND4:NM_207406,7
SLC30A9:NM_006345,30
DCAF4L1:NM_001029955,2
TMEM33:NM_018126,11
PHOX2B:NM_003924,2
LIMCH1:NM_001289124,57
UCHL1:NM_004181,4
APBB2:NM_004307,63
NSUN7:NM_001330648,6
RBM47:NM_001371114,42
CHRNA9:NM_017581,4
RHOH:NM_001278368,28
N4BP2:NM_018177,27
PDS5A:NM_001100399,75
UBE2K:NM_001312647,41
SMIM14:NM_001317896,16
UGDH:NM_003359,13
LIAS:NM_001363700,12
RPL9:NM_001024921,12
KLB:NM_175737,8
RFC1:NM_001204747,45
WDR19:NM_001317924,34
KLHL5:NM_001171654,24
TMEM156:NM_024943,8
FAM114A1:NM_001350633,25
TLR6:NM_001394553,9
TLR1:NM_003263,3
TLR10:NM_030956,2
KLF3:NM_016531,28
PTTG2:NM_006607,2
TBC1D1:NM_015173,92
PGM2:NM_018290,23
RELL1:NM_001085399,24
C4orf19:NM_001104629,31
NWD2:NM_001144990,25
DTHD1:NM_001378435,9
ARAP2:NR_146893,39
PCDH7:NM_032457,43
STIM2:NM_020860,26
TBC1D19:NM_001292054,33
CCKAR:NM_000730,5
RBPJ:NM_001374401,64
SMIM20:NM_001394130,7
SEL1L3:NM_001297594,43
SLC34A2:NM_001177998,5
ANAPC4:NM_013367,27
ZCCHC4:NM_024936,25
PI4K2B:NM_018323,6
SEPSECS:NM_016955,11
LGI2:NM_018176,12
CCDC149:NM_173463,38
SOD3:NM_003102,4
DHX15:NM_001358,41
PPARGC1A:NM_001330751,104
GBA3:NR_102356,16
ADGRA3:NM_145290,15
KCNIP4:NM_147182,160
PACRGL:NR_133933,25
SLIT2:NM_001289136,67
LCORL:NM_001365660,50
NCAPG:NM_022346,16
FAM184B:NM_015688,37
MED28:NM_025205,23
LAP3:NM_015907,30
CLRN2:NM_001079827,4
QDPR:NM_000320,34
LDB2:NM_001130834,71
TAPT1:NM_153365,23
PROM1:NM_006017,14
FGFBP2:NM_031950,0
FGFBP1:NM_005130,3
CD38:NM_001775,5
BST1:NM_004334,11
FAM200B:NM_001145191,3
FBXL5:NM_012161,11
CC2D2A:NM_001080522,28
C1QTNF7:NM_001135170,21
CPEB2:NM_182646.3_2,8
BOD1L1:NM_148894,36
NKX3-2:NM_001189,2
RAB28:NM_001159601,30
HS3ST1:NM_005114,14
CLNK:NM_052964,38
ZNF518B:NM_001375816,15
WDR1:NM_017491,73
DRD5:NM_000798,2
SLC2A9:NM_001001290,48
DEFB131A:NM_001040448,0
USP17L30:NM_001256867,0
USP17L29:NM_001242332,0
USP17L28:NM_001242331,0
USP17L27:NM_001242330,0
USP17L5:NM_001242329,0
USP17L26:NM_001242328,0
USP17L25:NM_001242326,0
USP17L24:NM_001242327,0
USP17L22:NM_001256863,0
USP17L21:NM_001256862,0
USP17L20:NM_001256861,0
USP17L19:NM_001256860,0
USP17L18:NM_001256859,1
USP17L17:NM_001256857,0
USP17L15:NM_001256894,0
USP17L13:NM_001256855,0
USP17L12:NM_001256853,0
USP17L11:NM_001256854,0
USP17L10:NM_001256852,0
FAM90A26:NM_001358418,0
HMX1:NM_001306142.2_2,5
CPZ:NM_003652,5
GPR78:NM_080819,2
TRMT44:NM_001350233,41
ACOX3:NM_003501,28
HTRA3:NM_053044,13
SH3TC1:NM_018986,11
ABLIM2:NM_001130087,46
AFAP1:NM_001371091,44
PSAPL1:NM_001085382,2
SORCS2:NM_020777,117
GRPEL1:NM_025196,18
TADA2B:NM_152293,9
CCDC96:NM_153376,2
TBC1D14:NM_001113361,132
KIAA0232:NM_001100590,74
BLOC1S4:NM_018366,0
MRFAP1L1:NM_203462,1
S100P:NM_005980,5
MRFAP1:NM_001272053,6
MAN2B2:NM_001292038,26
PPP2R2C:NM_001206994,72
WFS1:NM_001145853,10
JAKMIP1:NM_001099433,38
C4orf50:NM_001364689,19
CRMP1:NM_001014809,18
EVC:NM_001306090,52
EVC2:NM_001166136,53
STK32B:NM_001345969,88
CYTL1:NM_018659,3
MSX1:NM_002448,4
STX18:NM_001346282,64
NSG1:NM_001287764,15
ZBTB49:NM_001330625,20
LYAR:NM_017816,26
TMEM128:NM_032927,6
OTOP1:NM_177998,9
ADRA2C:NM_000683,1
LRPAP1:NM_002337,21
DOK7:NM_001363811,7
HGFAC:NM_001528,1
RGS12:NM_001394155,35
MSANTD1:NM_001330620,7
HTT:NM_002111,91
GRK4:NM_001350173,23
NOP14:NM_001291978,32
MFSD10:NM_001146069,10
ADD1:NM_001119,50
SH3BP2:NM_001122681,25
TNIP2:NM_001161527,15
FAM193A:NM_001366316,121
RNF4:NM_001185010,53
CFAP99:NM_001193282,15
ZFYVE28:NM_020972,86
MXD4:NM_006454,9
HAUS3:NM_001303143,8
POLN:NM_181808,40
NAT8L:NM_178557,5
C4orf48:NM_001168243,2
NELFA:NM_005663,20
NSD2:NM_001042424,118
LETM1:NM_012318,65
FGFR3:NM_022965,11
TACC3:NM_006342,45
TMEM129:NM_001127266,9
SLBP:NM_006527,31
FAM53A:NM_001174070.3_2,15
NKX1-1:NM_001290079,0
UVSSA:NM_001317934,30
MAEA:NM_001297430,52
CTBP1:NM_001377189,33
SPON2:NM_001199021,8
RNF212:NM_001366919,10
FGFRL1:NM_001004356,15
IDUA:NR_110313,8
SLC26A1:NM_134425,7
DGKQ:NM_001347,10
TMEM175:NM_001297425,17
GAK:NM_005255,72
CPLX1:NM_006651,11
PCGF3:NM_006315,50
SLC49A3:NM_001294341,1
MYL5:NM_001395449,2
ATP5ME:NM_007100,2
PDE6B:NM_001145291,8
TMEM271:NM_001362796,1
PIGG:NM_001289051,41
ZNF721:NM_133474,26
ZNF141:NM_001348277,5
ZNF732:NM_001137608,6
ZNF595:NM_001286053,5
LMLN:NM_033029,25
RPL35A:NM_000996,9
IQCG:NM_001323029,21
LRCH3:NM_001363887,41
FYTTD1:NM_001011537,20
RUBCN:NM_001145642,40
BDH1:NM_203315.3_2,6
DLG1:NM_001290983,97
MELTF:NM_005929,11
PIGZ:NM_025163,11
NCBP2AS2:NM_001355243,1
NCBP2:NM_001308036,13
SENP5:NM_001308045,58
PAK2:NM_002577,64
PIGX:NM_017861,8
CEP19:NM_032898,2
NRROS:NM_198565,22
FBXO45:NM_001105573,14
WDR53:NM_001345906,7
SMCO1:NM_001320473,2
RNF168:NM_152617,21
UBXN7:NM_015562,46
TM4SF19:NM_138461,12
TM4SF19-DYNLT2B:NR_037950,13
DYNLT2B:NM_152773,4
PCYT1A:NM_005017,24
SLC51A:NM_152672,10
ZDHHC19:NM_001039617,8
TFRC:NM_003234,44
TNK2:NM_001382273,26
MUC4:NM_018406.7_7,15
MUC20:NM_001282506.2_4,5
APOD:NM_001647,4
PPP1R2:NM_001316325,15
ACAP2:NM_012287,59
XXYLT1:NM_152531,97
FAM43A:NM_153690,3
LSG1:NM_018385,31
TMEM44:NM_001166305,18
ATP13A3:NM_001367549,55
GP5:NM_004488,3
LRRC15:NM_001135057,3
CPN2:NM_001080513,3
HES1:NM_005524,2
OPA1:NM_130831,56
ATP13A4:NM_032279,20
ATP13A5:NM_198505,21
PLAAT1:NM_020386,8
MB21D2:NM_178496,20
FGF12:NM_004113,74
PYDC2:NM_001083308,0
CCDC50:NM_174908,21
UTS2B:NM_198152,4
OSTN:NM_198184,7
GMNC:NM_001146686,1
IL1RAP:NM_001364879,22
TMEM207:NM_207316,5
CLDN1:NM_021101,2
CLDN16:NM_001378493,13
NMNAT1P3:NMNAT1P3,0
P3H2:NM_001134418,25
TP63:NM_001329964,33
TPRG1:NM_198485,21
LPP:NM_001387672,99
BCL6:NM_001706,11
RTP2:NM_001004312,4
SST:NM_001048,2
RTP4:NM_022147.3_2,4
MASP1:NM_001879.6_2,23
RTP1:NM_153708.3_2,2
RPL39L:NM_052969,14
ST6GAL1:NM_173217,151
ADIPOQ:NM_004797,8
RFC4:NM_002916,18
EIF4A2:NM_001967,11
KNG1:NM_001166451,5
HRG:NM_000412,1
FETUB:NM_001375589,5
AHSG:NM_001354572,3
DNAJB11:NM_001378451,16
TBCCD1:NM_001134415,16
CRYGS:NM_017541,2
DGKG:NM_001346,41
ETV5:NM_004454,31
TRA2B:NM_004593,26
IGF2BP2:NM_001291869,80
SENP2:NM_021627,16
LIPH:NM_139248,7
TMEM41A:NM_080652,22
MAP3K13:NM_001242314,42
EHHADH:NM_001166415,18
C3orf70:NM_001025266,11
VPS8:NM_001349293,98
MAGEF1:NM_022149,2
EPHB3:NM_004443,5
CHRD:NM_001304474,6
THPO:NM_001289998,10
POLR2H:NM_001278700,13
CLCN2:NM_004366,10
FAM131A:NM_001171093,9
EIF4G1:NM_198242,40
PSMD2:NM_002808,21
ECE2:NM_001037324,5
CAMK2N2:NM_033259,2
EEF1AKMT4:NM_032331,5
EEF1AKMT4-ECE2:NM_014693,10
ALG3:NM_001006941,12
VWA5B2:NM_001390846,9
ABCF3:NM_001351298,20
AP2M1:NM_001025205,25
DVL3:NM_004423,24
EIF2B5:NM_003907,9
HTR3E:NM_198313,1
HTR3C:NM_130770,2
HTR3D:NM_182537,2
ABCC5:NM_001320032,79
PARL:NM_018622,38
MAP6D1:NM_024871,5
YEATS2:NM_018023,71
KLHL24:NM_001349426,13
KLHL6:NM_130446,19
B3GNT5:NM_032047,11
MCF2L2:NM_015078,71
LAMP3:NM_014398,11
MCCC1:NM_001363880,39
DCUN1D1:NM_001308101,15
ATP11B:NM_014616,43
SOX2:NM_003106,1
DNAJC19:NM_001190233,3
FXR1:NM_001013438,28
CCDC39:NM_181426,11
TTC14:NM_001288582,5
PEX5L:NM_001349389,39
USP13:NM_003940,40
NDUFB5:NM_001199957,11
MRPL47:NM_020409,8
ACTL6A:NM_177989,9
GNB4:NM_021629,19
MFN1:NM_033540,30
ZNF639:NM_001375806,11
KCNMB3:NM_001163677,18
PIK3CA:NM_006218,28
ZMAT3:NM_001375828,16
KCNMB2:NM_181361,47
TBL1XR1:NM_001321194,80
NAALADL2:NM_207015.3_2,81
NLGN1:NM_001365929,98
SPATA16:NM_031955,34
ECT2:NM_001349103,36
NCEH1:NM_001146276,27
TNFSF10:NM_003810,2
GHSR:NM_198407,4
FNDC3B:NM_022763,199
TMEM212:NM_001164436,2
PLD1:NM_002662,76
TNIK:NM_015028,175
SLC2A2:NM_000340,11
EIF5A2:NM_020390,2
RPL22L1:NM_001099645,7
SLC7A14:NM_020949,27
CLDN11:NM_005602,10
SKIL:NM_001145098,14
PRKCI:NM_002740,32
PHC3:NM_001308116,35
GPR160:NM_014373,13
SEC62:NM_003262,17
SAMD7:NM_001304366,3
LRRC31:NM_024727,6
LRRIQ4:NM_001080460,4
LRRC34:NM_001172780,5
MYNN:NM_018657,13
ACTRT3:NM_032487,0
MECOM:NM_004991,107
GOLIM4:NM_014498,29
SERPINI1:NM_001122752,11
PDCD10:NM_007217,15
WDR49:NM_001348951,11
SERPINI2:NM_001394327,4
ZBBX:NM_001377489,5
BCHE:NM_000055,6
SLITRK3:NM_001318811,2
SI:NM_001041,4
OTOL1:NM_001080440,1
SPTSSB:NM_001320679,1
NMD3:NM_001320227,10
B3GALNT1:NM_001349145,3
PPM1L:NM_139245,36
ARL14:NM_025047,1
KPNA4:NM_002268,26
TRIM59:NM_173084,7
SMC4:NM_001288753,15
IFT80:NM_001190241,20
TRIM59-IFT80:NR_148403,45
C3orf80:NM_001168214,1
IL12A:NM_001354583,1
SCHIP1:NM_001197108,50
IQCJ:NM_001197100,15
IQCJ-SCHIP1:NM_001197114,65
MFSD1:NM_001289407,8
RARRES1:NM_206963,11
LXN:NM_020169,10
GFM1:NM_024996,28
MLF1:NM_001369782,5
RSRC1:NM_001271834,62
SHOX2:NM_001163678,3
PTX3:NM_002852,2
VEPH1:NM_001167912,29
CCNL1:NM_001308185,10
LEKR1:NM_001004316,22
TIPARP:NM_015508,13
SSR3:NM_001308197,12
KCNAB1:NM_001308217,49
GMPS:NM_003875,25
SLC33A1:NM_004733,10
C3orf33:NM_173657,11
PLCH1:NM_001349252,30
STRIT1:NM_001352129,2
MME:NM_001354642,18
GPR149:NM_001038705,11
DHX36:NM_020865.3_2,20
ARHGEF26:NM_001251962.2_2,13
RAP2B:NM_002886,1
P2RY1:NM_002563,1
MBNL1:NM_001387821,73
SUCNR1:NM_033050,1
AADAC:NM_001086,2
AADACL2:NM_207365.4_2,0
IGSF10:NM_001385063,6
P2RY12:NM_022788,2
P2RY13:NM_176894,1
GPR87:NM_023915,1
P2RY14:NM_014879,4
GPR171:NM_013308,3
MED12L:NM_053002,25
CLRN1:NM_001195794,5
MINDY4B:NM_001351281,10
SIAH2:NM_005067,8
ERICH6:NM_152394,4
SELENOT:NM_016275,6
EIF2A:NM_001319043,14
SERP1:NM_014445,1
TSC22D2:NM_001303264,16
PFN2:NM_053024,2
RNF13:NM_183383,12
ANKUB1:NM_001144960,0
COMMD2:NM_016094,6
WWTR1:NM_001348362,21
TM4SF4:NM_004617,5
TM4SF1:NM_014220,1
TM4SF18:NM_138786,2
CP:NR_046371,6
HPS3:NM_001308258,7
HLTF:NM_001318935,20
GYG1:NM_001184721,20
CPA3:NM_001870,3
CPB1:NM_001871,5
AGTR1:NM_009585,3
ZIC1:NM_003412,2
ZIC4:NM_032153,7
PLSCR5:NM_001321245,2
PLSCR1:NM_021105,11
PLSCR4:NM_001128304,5
PLOD2:NM_182943,15
DIPK2A:NM_001363944,4
SLC9A9:NM_173653,68
CHST2:NM_004267,1
U2SURP:NM_001320219,24
PAQR9:NM_001375300,3
PCOLCE2:NM_013363,16
TRPC1:NM_003304,4
PLS1:NM_001145319,21
ATR:NM_001184,32
XRN1:NM_001282857,32
GK5:NM_001039547,15
TFDP2:NM_001178138,42
ATP1B3:NM_001679,28
GRK7:NM_139209,11
RNF7:NM_183237,6
RASA2:NM_006506,51
ZBTB38:NM_001080412,38
PXYLP1:NM_001037172,16
SPSB4:NM_080862,11
SLC25A36:NM_001104647,3
TRIM42:NM_152616,3
CLSTN2:NM_022131,79
NMNAT3:NM_001363968,8
RBP1:NM_002899,5
RBP2:NM_004164,3
COPB2:NM_004766,17
MRPS22:NM_001363893,8
PRR23C:NM_001134657,0
PRR23B:NM_001013650,0
PRR23A:NM_001134659,0
FOXL2NB:NM_001040061,2
FOXL2:NM_023067,3
PIK3CB:NM_006219,81
FAIM:NM_001033032,2
CEP70:NM_001320598,15
ESYT3:NM_001322834,11
MRAS:NM_001252091,15
NME9:NM_001349021,32
ARMC8:NM_001267041,59
DBR1:NM_016216,6
A4GNT:NM_016161,2
DZIP1L:NM_173543,14
CLDN18:NM_001002026,6
SOX14:NM_004189,0
IL20RB:NM_144717,11
NCK1:NM_006153,20
SLC35G2:NM_001097600,8
STAG1:NM_005862,59
PCCB:NM_000532,46
MSL2:NM_018133,10
PPP2R3A:NM_001190447,20
EPHB1:NM_004441,64
KY:NM_178554,10
CEP63:NM_001042384,18
ANAPC13:NM_001242374,3
AMOTL2:NM_001278683,3
RYK:NM_001005861,20
SLCO2A1:NM_005630,16
RAB6B:NM_016577,27
SRPRB:NM_021203,14
TF:NM_001354703,18
TOPBP1:NM_007027,25
CDV3:NM_001282762,10
BFSP2:NM_003571,13
TMEM108:NM_001136469,50
NPHP3:NM_153240,11
UBA5:NM_198329,7
ACKR4:NM_016557,1
ACAD11:NM_032169,9
NPHP3-ACAD11:NR_037804,25
DNAJC13:NM_015268,29
ACP3:NM_001134194,7
CPNE4:NM_153429,46
MRPL3:NM_007208,12
NUDT16:NM_001171905,4
NEK11:NM_001321224,29
ASTE1:NM_014065,8
ATP2C1:NM_001199182,38
PIK3R4:NM_014602,32
COL6A6:NM_001102608,17
COL6A5:NM_153264,44
ALG1L2:NM_001136152,0
TRH:NM_007117,2
TMCC1:NM_001349276,32
PLXND1:NM_015103,34
H1-8:NM_153833,2
RHO:NM_000539,3
IFT122:NM_052990,35
MBD4:NM_003925,6
EFCAB12:NM_207307,9
H1-10:NM_006026,3
HMCES:NM_001370345,12
COPG1:NM_016128,26
CNBP:NM_001127192,12
ISY1:NM_001199469,13
ISY1-RAB43:NM_001204890,28
RAB43:NM_001204883,15
GP9:NM_000174,0
EFCC1:NM_024768,5
CFAP92:NM_001348521,16
ACAD9:NM_014049,25
RAB7A:NM_004637,56
RPN1:NM_002950,36
GATA2:NM_032638,20
DNAJB8:NM_153330,0
EEFSEC:NM_021937.5_2,97
RUVBL1:NM_001319086.1_2,47
SEC61A1:NM_001400328,23
KBTBD12:NM_001370224,10
MGLL:NM_001388315,18
ABTB1:NM_172027,1
PODXL2:NM_015720,15
MCM2:NM_004526,32
TPRA1:NM_001353004,16
PRR20G:NM_001362810,2
C3orf56:NM_001007534,1
PLXNA1:NM_032242,40
CHCHD6:NM_032343,87
TXNRD3:NM_052883,11
C3orf22:NR_130715,5
CHST13:NM_152889,1
UROC1:NM_001165974,7
ZXDC:NM_025112,33
CFAP100:NM_182628,12
KLF15:NM_014079,9
ALDH1L1:NM_001270364,20
SLC41A3:NM_001164475,26
ROPN1B:NM_001012337,1
OSBPL11:NM_022776,19
SNX4:NM_003794,20
ZNF148:NM_001348427,27
SLC12A8:NM_024628,13
HEG1:NM_020733,11
MUC13:NM_033049,4
ITGB5:NM_001354764,40
UMPS:NM_000373,7
KALRN:NM_001388419,98
ROPN1:NM_001394219,4
CCDC14:NM_001366335,17
MYLK:NM_053025,44
HACD2:NM_001329783,24
ADCY5:NM_001378259,29
SEC22A:NM_012430,25
PDIA5:NM_006810,78
SEMA5B:NR_046079,24
SLC49A4:NM_032839,14
HSPBAP1:NM_024610,9
PARP14:NM_017554,20
PARP15:NM_001308320,9
DTX3L:NM_138287,2
PARP9:NM_031458,5
KPNA1:NM_002264,25
WDR5B:NM_019069,2
FAM162A:NM_014367,9
MIX23:NM_001308326,6
CSTA:NM_005213,1
CASR:NM_000388,11
CD86:NM_001206925,11
ILDR1:NM_001199799,11
SLC15A2:NM_001145998,7
EAF2:NM_001320041,4
IQCB1:NM_001023570,24
GOLGB1:NM_001256487,27
HCLS1:NM_005335,10
FBXO40:NM_016298,8
ARGFX:NM_001012659,1
POLQ:NM_199420,46
STXBP5L:NM_001308330,30
GTF2E1:NM_005513,11
RABL3:NM_173825,12
HGD:NM_000187,9
NDUFB4:NM_004547,6
FSTL1:NM_007085,10
LRRC58:NM_001099678,12
GPR156:NM_153002,13
GSK3B:NM_002093,48
NR1I2:NM_033013,8
CFAP91:NM_001320318,7
POPDC2:NM_001369919,7
PLA1A:NM_001206961,16
ADPRH:NM_001291950,1
CD80:NM_005191,13
TIMMDC1:NM_016589,21
POGLUT1:NM_152305,13
TMEM39A:NM_018266,18
ARHGAP31:NM_020754,31
B4GALT4:NM_212543,16
UPK1B:NM_006952,7
TEX55:NM_152539,1
IGSF11:NM_152538,22
LSAMP:NM_001318915,88
GAP43:NM_002045,12
ZBTB20:NM_001348802,69
TIGIT:NM_173799,4
ZNF80:NM_007136,0
DRD3:NM_001282563,6
QTRT2:NM_001256836,17
CCDC191:NM_001353767,3
ZDHHC23:NM_001363952,0
GRAMD1C:NM_017577,9
ATP6V1A:NM_001690,18
NAA50:NM_025146,7
USF3:NM_001009899,12
SIDT1:NM_001322297,20
SPICE1:NM_001387939,11
CFAP44:NM_001164496,26
BOC:NM_001387924,19
NEPRO:NM_015412,8
GTPBP8:NM_138485,6
CD200R1:NM_138806,7
CD200R1L:NM_001370552,6
CCDC80:NM_199511,4
SLC35A5:NM_001348906,7
ATG3:NM_001278712,8
BTLA:NM_181780,3
CD200:NM_001365855,1
SLC9C1:NM_183061.3_2,10
GCSAM:NM_001190259.2_2,1
C3orf52:NM_001171747.2_2,2
TMPRSS7:NM_001395507,3
TAGLN3:NM_001008272,3
ABHD10:NM_018394,1
PHLDB2:NM_001134437,26
PLCXD2:NM_153268,16
ZBED2:NM_024508,1
CD96:NR_134917,8
NECTIN3:NM_001243288,8
DPPA4:NM_018189,1
DPPA2:NM_138815,2
C3orf85:NM_001351622,0
MORC1:NM_014429,13
GUCA1C:NM_005459,2
TRAT1:NM_001317747,3
RETNLB:NM_032579,2
DZIP3:NM_014648,15
CIP2A:NM_020890,17
MYH15:NM_014981,12
HHLA2:NM_001370244,8
IFT57:NM_018010,10
CD47:NM_001777,13
BBX:NM_001276286,53
CCDC54:NM_032600,0
NMTRQ-TTG4-1:NMTRQ-TTG4-1,0
CBLB:NM_001321790,21
ALCAM:NM_001243280,14
ZPLD1:NM_175056,8
NFKBIZ:NM_001005474,15
NXPE3:NM_001348997,7
CEP97:NM_001303401,11
RPL24:NM_000986,6
ZBTB11:NM_014415,15
PCNP:NM_001320397,8
TRMT10C:NM_017819,6
SENP7:NM_020654,40
IMPG2:NM_016247,9
ABI3BP:NM_001375547,33
TFG:NM_001007565,13
ADGRG7:NM_032787,8
TMEM45A:NM_018004,9
LNP1:NM_001085451,13
TOMM70:NM_014820,22
NIT2:NM_020202,8
TBC1D23:NM_018309,25
FILIP1L:NM_001387850,64
CMSS1:NM_032359,96
COL8A1:NM_020351,12
DCBLD2:NM_080927,26
ST3GAL6:NM_001271148,11
CPOX:NM_000097,12
GPR15:NM_005290,0
CLDND1:NM_001040199,7
OR5K2:NM_001004737,0
OR5K1:NM_001004736,0
OR5K3:NM_001005516,0
OR5K4:NM_001005517,1
OR5H2:NM_001005482,1
OR5H6:NM_001005479,2
OR5H15:NM_001005515,2
OR5H14:NM_001005514,0
OR5H1:NM_001005338,2
OR5AC2:NM_054106,0
GABRR3:NM_001105580,10
RIOX2:NM_001042533,21
CRYBG3:NM_153605,17
ARL6:NM_177976,2
EPHA6:NM_001080448,59
NSUN3:NM_022072,11
DHFR2:NM_176815,1
STX19:NM_001001850,3
ARL13B:NM_144996,8
PROS1:NM_001314077,11
EPHA3:NM_005233,30
CSNKA2IP:NM_001368165,7
C3orf38:NM_173824,1
ZNF654:NM_001366096,18
CGGBP1:NM_001195308,22
HTR1F:NM_001322209,44
POU1F1:NM_001122757,1
CHMP2B:NM_001244644,5
VGLL3:NM_016206,3
CADM2:NM_001381964.1_2,67
GBE1:NM_000158,36
ROBO1:NM_002941,74
ROBO2:NM_001128929,131
ZNF717:NM_001324026,5
FRG2C:NM_001124759,0
CNTN3:NM_001393376,34
PDZRN3:NM_015009,30
EBLN2:NM_018029,5
PPP4R2:NM_001318026,34
GXYLT2:NM_001080393,18
SHQ1:NM_018130,46
RYBP:NM_012234.6_2,24
PROK2:NM_001126128,2
GPR27:NM_018971,2
EIF4E3:NM_173359,13
FOXP1:NM_032682,155
MDFIC2:NM_001364676,12
MITF:NM_001354606,52
FRMD4B:NM_015123,23
LMOD3:NM_198271,3
ARL6IP5:NM_006407,4
UBA3:NM_001363861,6
TMF1:NM_001363879,15
EOGT:NM_001278689,19
TAFA4:NM_182522,25
TAFA1:NM_001252216,59
SUCLG2:NM_001177599,73
KBTBD8:NM_032505,4
LRIG1:NM_001377345.1_2,17
SLC25A26:NM_173471.4_2,42
MAGI1:NM_001365903.2_2,89
ADAMTS9:NM_182920,40
PRICKLE2:NM_001370528,26
PSMD6:NM_001271780,9
ATXN7:NM_001377405,60
THOC7:NM_001285404,3
C3orf49:NM_001355236,7
SNTN:NM_001080537,2
SYNPR:NM_001130003,43
CADPS:NM_183394,62
FEZF2:NM_018008,1
C3orf14:NM_001291942,2
PTPRG:NM_001375471,68
FHIT:NM_001320900,93
CFAP20DC:NM_001394063,29
FAM3D:NM_138805,4
FAM107A:NM_001282714,9
ACOX2:NM_003500,6
KCTD6:NM_001128214,2
PDHB:NM_000925,2
PXK:NM_001349532,38
HTD2:NM_001348715,7
RPP14:NM_007042,7
ABHD6:NM_020676,15
DNASE1L3:NM_004944,2
FLNB:NM_001164319,82
SLMAP:NM_001377925,38
DENND6A:NM_152678,17
ARF4-AS1:NR_132370,1
ARF4:NM_001660,14
PDE12:NM_001322176,24
DNAH12:NM_001366028,15
ASB14:NM_001142733,3
APPL1:NM_012096,6
HESX1:NM_001376061,5
IL17RD:NM_001318864,13
SPATA12:NM_181727,2
ARHGEF3:NM_001377408,49
TASOR:NM_001112736,27
CCDC66:NM_001012506,20
ERC2:NM_015576,128
WNT5A:NM_003392,1
LRTM1:NM_001304389,5
CACNA2D3:NM_018398,125
SELENOK:NM_021237,5
ACTR8:NM_022899,6
IL17RB:NM_018725,13
CHDH:NM_018397,8
CACNA1D:NM_000720,61
DCP1A:NM_001290205,26
TKT:NM_001258028,37
PRKCD:NM_212539,9
RFT1:NM_052859,28
SFMBT1:NM_016329,21
STIMATE:NM_198563,25
MUSTN1:NM_205853,2
STIMATE-MUSTN1:NM_001198974,27
ITIH4:NM_002218,7
ITIH3:NM_001392023,3
ITIH1:NM_002215,3
NEK4:NM_003157,21
SPCS1:NM_014041,2
GLT8D1:NM_001010983,11
GNL3:NM_206826,12
PBRM1:NM_001350078,51
SMIM4:NM_001124767,5
NT5DC2:NM_022908,19
STAB1:NM_015136,11
NISCH:NM_007184,39
TNNC1:NM_003280,2
SEMA3G:NM_020163,3
PHF7:NM_001321126,8
BAP1:NM_004656,9
DNAH1:NM_015512,28
GLYCTK:NM_001144951,4
WDR82:NM_025222,25
PPM1M:NM_144641,5
TWF2:NM_007284,5
TLR9:NM_017442,3
ALAS1:NM_001304443,9
POC1A:NM_001161581,59
DUSP7:NM_001947,14
RPL29:NM_000992,7
ACY1:NM_001198895,4
ABHD14A:NM_015407,5
ABHD14A-ACY1:NM_001316331,9
ABHD14B:NM_001254753,3
PCBP4:NM_001363885,0
GPR62:NM_080865,0
PARP3:NM_001003931,2
RRP9:NM_004704,11
IQCF1:NM_152397,0
IQCF5:NM_001145059,2
IQCF2:NM_203424,0
IQCF3:NM_001207023,0
IQCF6:NM_001368369,2
GRM2:NM_001349116,1
TEX264:NM_001243727,25
RAD54L2:NM_001387869,34
DCAF1:NM_001387581,45
RBM15B:NM_013286,10
MANF:NM_006010,5
DOCK3:NM_004947,52
MAPKAPK3:NM_001243926,25
CISH:NM_013324,11
HEMK1:NM_001317851,10
C3orf18:NM_001171741,2
CACNA2D2:NM_001291101,29
TMEM115:NM_007024,13
CYB561D2:NR_111912,19
NPRL2:NM_006545,4
ZMYND10:NM_015896,4
RASSF1:NM_170714,12
TUSC2:NM_007275,3
HYAL2:NM_033158,6
HYAL1:NM_153281,3
NAA80:NM_001200016,6
HYAL3:NM_003549,9
IFRD2:NM_006764,13
LSMEM2:NM_001304385,12
SEMA3B:NM_001005914,5
GNAI2:NM_001282620,14
SLC38A3:NM_006841,3
GNAT1:NM_000172,1
SEMA3F:NM_001318798,13
RBM5:NM_005778,29
RBM6:NM_001167582,59
MON1A:NM_032355,11
MST1R:NM_002447,7
CAMKV:NM_024046,3
TRAIP:NM_005879,24
UBA7:NM_003335,3
INKA1:NM_001366281,0
CDHR4:NM_001007540,3
IP6K1:NM_153273,25
GMPPB:NM_021971,7
AMIGO3:NM_198722,8
RNF123:NM_022064,23
MST1:NM_020998,3
APEH:NM_001640,15
BSN:NM_003458,41
DAG1:NM_001177643,28
NICN1:NM_032316,6
AMT:NM_000481,5
TCTA:NM_022171,5
RHOA:NM_001313941,32
GPX1:NM_201397,1
USP4:NM_003363,47
C3orf62:NM_198562,6
IHO1:NM_178173,4
C3orf84:NM_001080528,3
KLHDC8B:NM_173546,5
CCDC71:NM_022903,7
LAMB2:NM_002292,11
USP19:NM_001400292,21
QARS1:NM_005051,18
QRICH1:NM_001320585,32
IMPDH2:NM_000884,7
NDUFAF3:NM_199074,3
DALRD3:NM_018114,5
WDR6:NM_018031,10
P4HTM:NM_177938,4
ARIH2:NM_001317334,26
SLC25A20:NM_000387,14
PRKAR2A:NM_004157,30
IP6K2:NM_016291,30
NCKIPSD:NM_016453,11
CELSR3:NM_001407,1
SLC26A6:NM_134426,5
TMEM89:NM_001008269,1
UQCRC1:NM_003365,8
COL7A1:NM_000094,4
UCN2:NM_033199,2
PFKFB4:NM_001317136,40
SHISA5:NM_001272067,11
TREX1:NM_007248,5
ATRIP-TREX1:NR_153405,13
ATRIP:NM_001271022,13
TMA7:NM_001329417,2
CCDC51:NM_001256964,10
PLXNB1:NM_001130082,11
FBXW12:NM_001159929,3
SPINK8:NM_001080525,4
NME6:NM_001308427,6
ZNF589:NM_016089,16
CAMP:NM_004345,1
CDC25A:NM_001789,27
MAP4:NM_001384729,133
DHX30:NM_138615,72
SMARCC1:NM_003074,177
CSPG5:NM_001206945,10
ELP6:NM_001031703,33
SCAP:NM_012235,71
PTPN23:NM_001304482,36
KLHL18:NM_025010,67
KIF9:NM_001134878,23
SETD2:NM_014159,100
NBEAL2:NM_015175,39
CCDC12:NM_144716,89
PTH1R:NM_000316,15
MYL3:NM_000258,5
PRSS50:NM_013270,2
TMIE:NM_001370525,7
ALS2CL:NM_001190707,12
FAM240A:NM_001195442,11
TDGF1:NM_001174136,6
LRRC2:NM_024512,20
RTP3:NM_031440,3
LTF:NM_001321122,18
CCRL2:NM_003965,1
CCR5:NM_001100168,3
CCR2:NM_001123041,0
CCR3:NM_178328,4
CCR1:NM_001295,2
XCR1:NM_001381860,25
CXCR6:NM_001386437,10
FYCO1:NM_001386421,91
CCR9:NM_001386448,5
LZTFL1:NM_001276378,27
SLC6A20:NM_001385683,11
SACM1L:NM_001319072,53
LIMD1:NM_014240,82
LARS2:NM_001368263,171
TMEM158:NM_015444,4
CDCP1:NM_022842,57
CLEC3B:NM_003278,6
EXOSC7:NR_023353,61
ZDHHC3:NM_001349380.2_2,57
TGM4:NM_003241.4_2,9
TMEM42:NM_144638.3_2,7
KIF15:NM_020242.3_2,60
KIAA1143:NM_001320334.2_2,20
ZNF501:NM_145044.4_2,2
ZNF502:NM_001134442.3_2,7
ZNF35:NM_003420.4_2,20
ZNF197:NM_001323296.2_2,21
ZNF660:NM_173658.4_2,6
ZNF660-ZNF197:NM_001351734.2_2,31
ZKSCAN7:NM_001288592.2_2,13
ZNF852:NM_001287349.3_2,21
ZNF445:NM_181489,54
TCAIM:NM_001282915,32
TOPAZ1:NM_001145030,18
ABHD5:NM_001355186,48
ANO10:NM_001346468,136
SNRK:NM_001330750,38
POMGNT2:NM_032806,18
GASK1A:NM_001129908,23
KRBOX1:NM_001205272,3
ZNF662:NM_207404,3
CYP8B1:NM_004391,5
ACKR2:NM_001296,14
HIGD1A:NM_001099668,12
CCDC13:NM_144719,17
HHATL:NM_020707,6
KLHL40:NM_152393,3
ZBTB47:NM_145166,9
NKTR:NM_005385,47
SS18L2:NM_016305,15
SEC22C:NM_001201572,54
VIPR1:NM_001251882,20
LYZL4:NM_144634,4
CCK:NM_000729,4
TRAK1:NM_001349245,84
ULK4:NM_017886,135
CTNNB1:NM_001098210,27
ZNF621:NM_001098414,14
ZNF620:NM_001256167,8
ZNF619:NM_001145083,8
RPL14:NM_003973,9
ENTPD3:NM_001248,15
EIF1B:NM_005875,8
MYRIP:NM_001284423,109
MOBP:NR_003090,24
RPSA:NM_002295,9
SLC25A38:NM_001354798,19
CCR8:NM_005201,3
CX3CR1:NM_001171174,10
XIRP1:NM_194293,2
CSRNP1:NM_001320560,22
TTC21A:NM_001105513,17
GORASP1:NM_031899,23
WDR48:NM_001303402,39
SCN11A:NM_001349253,48
SCN10A:NM_006514,34
SCN5A:NM_001099404,32
EXOG:NM_001145464,11
ACVR2B:NM_001106,24
XYLB:NM_001349178,80
SLC22A14:NM_001320033,4
SLC22A13:NM_004256,10
OXSR1:NM_005109,68
MYD88:NM_001172566,10
ACAA1:NM_001607,32
DLEC1:NM_007337,35
PLCD1:NM_006225,24
VILL:NM_001385039,27
CTDSPL:NM_005808.3_2,30
ITGA9:NM_002207.3_2,129
GOLGA4:NM_002078,109
LRRFIP2:NM_001348300,69
MLH1:NM_001258273,71
EPM2AIP1:NM_014805,13
TRANK1:NM_001329998,65
DCLK3:NM_001394672,25
STAC:NM_001292049,38
ARPP21:NM_001385488,32
PDCD6IP:NM_013374,40
CLASP2:NM_001365628,105
UBP1:NM_014517,41
FBXL2:NR_146132,55
SUSD5:NM_015551,19
CRTAP:NM_006371,21
TMPPE:NM_001039770,5
GLB1:NM_001393580,89
CCR4:NM_005508,4
TRIM71:NM_001039111.3_2,25
CNOT10:NM_001393369.1_2,60
DYNC1LI1:NM_016141,25
CMTM6:NM_017801,12
CMTM7:NM_181472,19
CMTM8:NM_001320308,35
GPD1L:NM_015141,20
ZNF860:NM_001137674,6
OSBPL10:NM_017784,101
STT3B:NM_178862,38
GADL1:NM_207359,32
TGFBR2:NM_001024847,20
RBMS3:NM_001003792,119
LINC00693:NR_038840,32
ZCWPW2:NM_001324170,11
AZI2:NM_001271650,19
CMC1:NM_001331190,29
EOMES:NM_001278183,2
SLC4A7:NM_001321103,17
NEK10:NM_152534,47
LRRC3B:NM_052953,24
OXSM:NM_001145391,7
NGLY1:NM_001145294,41
TOP2B:NM_001330700,38
RARB:NM_001290216,165
THRB:NM_001354708,139
NR1D2:NM_005126,18
RPL15:NM_001253384,6
NKIRAS1:NM_001377380,26
UBE2E1:NM_182666,41
UBE2E2:NM_001370225,78
ZNF385D:NM_024697,88
SGO1:NM_001199252,27
KAT2B:NM_003884,57
PP2D1:NR_027694,15
RAB5A:NM_001292048,19
EFHB:NM_001330688,13
KCNH8:NM_144633,65
SATB1:NM_001322872,12
TBC1D5:NM_001349076,139
PLCL2:NM_001144382.2_2,44
DAZL:NM_001351,2
RFTN1:NM_015150,82
OXNAD1:NM_001352982,91
DPH3:NM_206831,10
GALNT15:NM_001319051,23
ANKRD28:NM_001349279,114
BTD:NM_001370752,64
HACL1:NM_012260,14
COLQ:NM_005677,33
EAF1:NM_033083,21
METTL6:NM_001301792,17
SH3BP5:NM_001018009,72
CAPN7:NM_001376093,35
RBSN:NM_022340,37
MRPS25:NR_135246,42
NR2C2:NM_001291694,100
FGD5:NM_001320276,38
C3orf20:NM_001184957,30
CCDC174:NM_016474,32
GRIP2:NM_001080423,28
SLC6A6:NM_001134367,148
LSM3:NM_014463,26
XPC:NM_004628,63
TMEM43:NM_024334,33
CHCHD4:NM_144636,23
WNT7A:NM_004625,26
FBLN2:NM_001998,26
HDAC11:NM_001330636,12
NUP210:NM_024923,207
IQSEC1:NM_001376938,220
RPL32:NM_000994,30
CAND2:NM_012298,42
TMEM40:NM_001284406,12
RAF1:NM_001354691,56
MKRN2:NM_001271707,31
MKRN2OS:NM_001378007,11
TSEN2:NM_001321278,60
PPARG:NM_001354666,19
TIMP4:NM_003256,3
SYN2:NM_133625,58
TAMM41:NM_001321295.2_2,58
VGLL4:NM_001284390,120
ATG7:NM_001349238,160
HRH1:NM_001098213,26
SLC6A1:NM_001348253,19
SLC6A11:NM_014229,40
ATP2B2:NM_001353564,97
SEC13:NM_001136026,48
GHRL:NM_016362,11
TATDN2:NM_014760,47
IRAK2:NM_001570,29
VHL:NM_198156,14
BRK1:NM_018462,14
FANCD2OS:NM_173472,36
FANCD2:NM_001374253,67
EMC3:NM_018447,38
PRRT3:NM_207351,10
CRELD1:NM_001374316,17
IL17RC:NM_001367279,15
IL17RE:NM_153483,13
JAGN1:NM_032492,10
CIDEC:NM_001321142,3
RPUSD3:NM_001351736,11
TTLL3:NM_001387467,40
ARPC4-TTLL3:NM_001198793,67
ARPC4:NM_001024960,28
TADA3:NM_001278270,18
CAMK1:NM_003656,9
OGG1:NM_016827,18
BRPF1:NM_001319050,27
CPNE9:NM_153635,14
MTMR14:NM_001400543,82
LHFPL4:NM_198560,11
SETD5:NM_001080517,99
THUMPD3:NM_001114092,30
SRGAP3:NM_014850,83
RAD18:NM_020165,59
OXTR:NM_000916,9
CAV3:NM_001234,6
SSUH2:NM_015931,10
LMCD1:NM_001278233,19
GRM7:NM_000844,162
EDEM1:NM_014674,53
ARL8B:NM_018184,33
BHLHE40:NM_003670,14
ITPR1:NM_002222,225
SETMAR:NM_001320678,15
SUMF1:NM_182760,39
LRRN1:NM_020873,15
CRBN:NM_001173482,15
TRNT1:NM_001367321,31
IL5RA:NM_000564,12
CNTN4:NM_175607,190
CNTN6:NM_001349359,66
CHL1:NM_001253387,24
FAM240C:NM_001382369.1_2,4
RTP5:NM_173821.3_2,0
PDCD1:NM_005018.3_2,3
NEU4:NM_001167600.3_2,3
GAL3ST2:NM_022134.3_2,5
D2HGDH:NM_001287249,19
ING5:NM_001330161,19
DTYMK:NM_001320904,14
ATG4B:NM_013325,32
THAP4:NM_015963,38
BOK:NM_032515,3
STK25:NM_001271977,19
FARP2:NM_014808,51
SEPTIN2:NM_001349306,27
HDLBP:NM_005336,63
ANO7:NM_001370694,12
PPP1R7:NM_001282413,25
PASK:NM_001252120,17
SNED1:NM_001080437,21
CROCC2:NM_001351305,11
MAB21L4:NM_001085437,1
AGXT:NM_000030,2
KIF1A:NM_001379653,16
AQP12A:NM_198998,1
AQP12B:NM_001102467,1
GPR35:NM_001195382,4
CAPN10:NM_023085,7
RNPEPL1:NM_018226,9
DUSP28:NM_001370465,4
ANKMY1:NM_001393464,31
GPC1:NM_002081,4
OTOS:NM_148961,1
COPS9:NM_138336,9
OR6B3:NM_173351,1
OR6B2:NM_001005853,0
HDAC4:NM_001378415,145
TWIST2:NM_001271893.4_2,13
ASB1:NM_001330196,23
TRAF3IP1:NM_015650,30
PER2:NM_022817,23
HES6:NM_018645,2
ILKAP:NM_030768,23
ERFE:NM_001291832,12
KLHL30:NM_198582,1
ESPNL:NM_194312,11
SCLY:NM_016510,22
UBE2F:NM_001278306,54
UBE2F-SCLY:NR_037904,78
RAMP1:NM_005855,11
RBM44:NM_001080504,3
LRRFIP1:NM_001137550,35
RAB17:NM_022449,5
PRLH:NM_015893,1
MLPH:NM_001281474,5
COL6A3:NM_004369,9
COPS8:NM_006710,4
ACKR3:NM_020311,1
IQCA1:NM_024726,29
ASB18:NM_212556,13
GBX2:NM_001301687,4
AGAP1:NM_014914,213
SH3BP4:NM_014521,12
ARL4C:NM_001282431,3
SPP2:NM_006944,9
TRPM8:NM_024080,15
MSL3P1:NR_024322,4
HJURP:NM_018410,24
MROH2A:NM_001367507,10
UGT1A1:NM_000463,2
UGT1A3:NM_019093,6
UGT1A4:NM_007120,6
UGT1A5:NM_019078,7
UGT1A6:NM_205862,11
UGT1A7:NM_019077,13
UGT1A9:NM_021027,14
UGT1A10:NM_019075,16
UGT1A8:NM_019076,16
USP40:NM_001382298,22
DGKD:NM_152879.3_2,42
SAG:NM_000541.5_2,8
ATG16L1:NM_001190266.2_2,36
INPP5D:NM_005541.5_2,28
NEU2:NM_005383,2
NGEF:NM_019850,24
SNORC:NM_001394207,1
KCNJ13:NM_002242,6
GIGYF2:NM_001103146,56
EFHD1:NM_001243252,9
EIF4E2:NM_001276337,17
TIGD1:NM_145702,3
CHRNG:NM_005199,3
CHRND:NM_001256657,1
PRSS56:NM_001195129,3
ECEL1:NM_004826,0
ALPI:NM_001631,3
ALPG:NM_031313,0
ALPP:NM_001632,0
DIS3L2:NM_001257281,113
NPPC:NM_024409,1
COPS7B:NM_001369483,25
PDE6D:NM_002601,8
PTMA:NM_002823,10
TEX44:NM_152614,2
NMUR1:NM_006056,0
NCL:NM_005381,11
B3GNT7:NM_145236,2
ARMC9:NM_001352754,28
HTR2B:NM_000867,5
PSMD1:NM_001191037,48
C2orf72:NM_001144994,5
SPATA3:NM_139073,3
GPR55:NM_005683,5
ITM2C:NM_001287240,7
CAB39:NM_016289,58
SP100:NM_001080391,25
SP140L:NM_001352894,19
SP140:NM_001278453,7
SP110:NM_001378444,6
SLC16A14:NM_152527,5
FBXO36:NM_174899,9
TRIP12:NM_001348322,52
DNER:NM_139072,38
PID1:NM_017933,26
SPHKAP:NM_001142644,23
DAW1:NM_178821,2
CCL20:NM_001130046,1
SCYGR8:NM_001395409,1
SCYGR7:NM_001395408,0
SCYGR6:NM_001395407,0
SLC19A3:NM_001371413,6
SCYGR5:NM_001395406,2
SCYGR4:NM_001395405,0
SCYGR3:NM_001395404,0
SCYGR10:NR_173327,0
SCYGR2:NM_001395403,0
AGFG1:NM_001135189,12
SCYGR1:NM_001395402,1
TM4SF20:NM_024795,2
MFF:NM_001277066,7
COL4A3:NM_000091,10
COL4A4:NM_000092,20
RHBDD1:NM_001349069,52
IRS1:NM_005544,4
NYAP2:NM_001371273,25
DOCK10:NM_014689,27
CCDC195:NM_001395236,0
CUL3:NM_003590,31
FAM124B:NM_024785,6
SERPINE2:NM_006216,19
MRPL44:NM_022915,7
WDFY1:NM_020830,20
AP1S3:NM_001039569,9
SCG2:NM_003469,0
KCNE4:NM_080671,0
ACSL3:NM_001354159,47
MOGAT1:NM_058165,5
FARSB:NM_005687,42
SGPP2:NM_001320834,14
PAX3:NM_181458,11
EPHA4:NM_001304536,13
SLC4A3:NM_201574,2
STK11IP:NM_052902,12
INHA:NM_002191,1
OBSL1:NM_015311,6
TMEM198:NM_001303098,4
CHPF:NM_024536,7
ASIC4:NM_182847,20
GMPPA:NM_001374294,13
SPEGNB:NM_001286811,6
SPEG:NM_005876,17
DES:NM_001382713,0
DNPEP:NM_001319116,18
RESP18:NM_001007089,2
PTPRN:NM_002846,7
DNAJB2:NM_001039550,4
TUBA4B:NM_001355221,2
TUBA4A:NM_001278552,11
STK16:NM_001330215,11
GLB1L:NM_001286423,11
ANKZF1:NM_001282792,12
ATG9A:NM_001077198,14
ABCB6:NM_005689,13
ZFAND2B:NM_001270998,5
RETREG2:NM_001321109,7
CNPPD1:NM_001321390,7
SLC23A3:NM_001144890,8
NHEJ1:NM_001377499,40
IHH:NM_002181,0
CFAP65:NM_194302,4
CRYBA2:NM_057093,2
FEV:NM_017521,1
CDK5R2:NM_003936,1
WNT10A:NM_025216,2
WNT6:NM_006522,5
PRKAG3:NM_017431,2
CYP27A1:NM_000784,8
TTLL4:NM_014640,20
STK36:NM_001243313,10
RNF25:NM_022453,9
BCS1L:NM_001371452,7
ZNF142:NM_001366290,21
PLCD4:NM_032726,8
CNOT9:NM_005444,16
USP37:NM_020935,49
VIL1:NM_007127,11
CTDSP1:NR_174457,13
SLC11A1:NM_000578,3
CATIP:NM_198559,4
TMBIM1:NM_001321436,20
PNKD:NM_015488,40
AAMP:NM_001302545,11
GPBAR1:NM_001321950,3
ARPC2:NM_152862,21
CXCR1:NM_000634,2
CXCR2:NM_001168298,2
RUFY4:NR_034176,7
TNS1:NM_001387777,40
TNP1:NM_003284,0
IGFBP5:NM_000599,4
IGFBP2:NM_001313993,6
RPL37A:NM_000998,12
SMARCAL1:NM_014140,39
MARCHF4:NM_020814,12
XRCC5:NM_021141,67
TMEM169:NM_001142312,4
PECR:NM_018441,9
MREG:NM_001372189,22
FN1:NM_212482,25
ATIC:NM_004044,26
ABCA12:NM_173076,17
BARD1:NM_000465,21
VWC2L:NM_001345929,13
SPAG16:NM_024532,99
IKZF2:NM_001371274,15
ERBB4:NM_005235,66
CPS1:NM_001122633,23
LANCL1:NM_006055,11
MYL1:NM_079420,3
ACADL:NM_001608,1
KANSL1L:NM_152519,13
RPE:NM_001318930,10
UNC80:NM_182587,23
MAP2:NM_001375502,27
PTH2R:NM_001371907,21
PIKFYVE:NM_015040,45
IDH1:NM_005896,8
C2orf80:NM_001099334,1
CRYGA:NM_014617,0
CRYGB:NM_005210,2
CRYGC:NM_020989.4_2,0
CRYGD:NM_006891.4_2,0
PLEKHM3:NM_001080475,40
FZD5:NM_003468,9
CCNYL1:NM_152523,8
METTL21A:NM_001330133,15
CREB1:NM_001371427,21
KLF7:NM_001270943,22
CPO:NM_173077,4
FASTKD2:NM_014929,16
MDH1B:NM_001039845,5
DYTN:NM_001093730,9
FAM237A:NM_001102659,2
ADAM23:NM_003812,9
ZDBF2:NM_020923.3_2,1
CMKLR2:NM_001261453.2_2,2
EEF1B2:NM_021121.4_2,1
NDUFS1:NM_005006.7_2,12
INO80D:NM_017759.5_2,28
NRP2:NM_201279,17
PARD3B:NM_152526,118
ICOS:NM_012092,4
CTLA4:NM_001037631,3
CD28:NM_001243078,4
RAPH1:NM_213589,8
ABI2:NM_001375752,14
CYP20A1:NM_001371700,19
NBEAL1:NM_001114132,38
CARF:NM_001282912,6
WDR12:NM_018256,14
ICA1L:NM_138468,8
FAM117B:NM_173511,26
BMPR2:NM_001204,26
NOP58:NM_015934,23
SUMO1:NM_001371394,10
KIAA2012:NM_001367720,32
FZD7:NM_003507,1
CDK15:NM_139158,13
ALS2:NM_020919,28
MPP4:NM_033066,6
TMEM237:NM_001044385,5
C2CD6:NM_001168221,15
STRADB:NM_018571,5
TRAK2:NM_015049,27
FLACC1:NM_139163,12
CASP8:NM_033355,19
CASP10:NM_001206542,14
CFLAR:NM_001202517,31
NDUFB3:NM_002491,4
FAM126B:NM_001321622,36
ORC2:NM_006190,18
NIF3L1:NM_001142355,8
PPIL3:NM_032472,8
CLK1:NM_004071,10
BZW1:NM_001321688,15
AOX1:NM_001159,10
SGO2:NM_001160033,14
KCTD18:NM_152387,4
SPATS2L:NM_015535,41
MAIP1:NM_001369399,9
TYW5:NM_001039693,11
C2orf69:NM_153689,6
FTCDNL1:NM_001350855,9
SATB2:NM_015265,88
PLCL1:NM_006226,99
BOLL:NM_197970,3
MARS2:NM_138395,2
RFTN2:NM_144629,13
MOB4:NM_199482,9
HSPE1:NM_002157,1
HSPE1-MOB4:NM_001202485,11
HSPD1:NM_199440,9
COQ10B:NM_001320818,14
SF3B1:NM_012433,23
ANKRD44:NM_001367495,37
PGAP1:NM_001321099,13
C2orf66:NM_213608,0
GTF3C3:NM_012086,24
CCDC150:NM_001353339,18
HECW2:NM_001348768,57
STK17B:NM_004226,10
DNAH7:NM_018897,29
SLC39A10:NM_001127257,23
TMEFF2:NM_001305134,32
CAVIN2:NM_004657,9
NABP1:NM_001254736,3
MYO1B:NM_001161819,25
STAT4:NM_001243835,9
STAT1:NM_001384881,39
GLS:NM_014905,29
NAB1:NM_001321313,15
NEMP2:NM_001142645,8
MFSD6:NM_001375989,25
INPP1:NM_002194,3
HIBCH:NM_014362,31
MSTN:NM_005259,4
C2orf88:NM_001042521,23
PMS1:NM_001321048,35
ORMDL1:NM_001371386,7
OSGEPL1:NR_148883,7
ANKAR:NM_001378068,12
ASDURF:NM_001353494,5
ASNSD1:NM_001353497,6
SLC40A1:NM_014585,15
WDR75:NM_032168,20
COL5A2:NM_000393,15
COL3A1:NM_000090.4_2,3
GULP1:NM_001375952,48
TFPI:NM_001329239,45
CALCRL:NM_001369435,16
ZSWIM2:NM_182521,5
FAM171B:NM_177454,13
ITGAV:NM_001145000,38
ZC3H15:NM_018471,24
FSIP2:NM_173651,23
ZNF804A:NM_194250,45
NUP35:NM_001287584,31
DUSP19:NM_001142314,8
NCKAP1:NM_205842,79
FRZB:NM_001463,2
DNAJC10:NM_001271581,40
PDE1A:NM_001395258,50
PPP1R1C:NR_048567,23
ITPRID2:NM_001287504,31
NEUROD1:NR_146176,4
CERKL:NM_001030311,21
ITGA4:NM_000885,10
UBE2E3:NM_001278555,23
CWC22:NM_020943,25
ZNF385B:NM_001352808,64
SESTD1:NM_178123,33
CCDC141:NM_173648,35
TTN:NM_001267550,108
PLEKHA3:NM_019091,26
FKBP7:NM_181342,4
PJVK:NM_001042702,1
PRKRA:NM_001316362,28
OSBPL6:NM_001201481,79
RBM45:NM_152945,13
PDE11A:NM_001077197,95
TTC30A:NM_152275,1
TTC30B:NM_152517,4
AGPS:NM_003659,62
NFE2L2:NM_006164,40
HNRNPA3:NM_001395170,10
MTX2:NM_001319097,23
HOXD1:NM_024501,1
HOXD3:NM_006898,7
HOXD4:NM_014621,2
HOXD8:NM_001199747,0
HOXD9:NM_014213,2
HOXD10:NM_002148,2
HOXD11:NM_021192,1
HOXD12:NM_021193,2
HOXD13:NM_000523,2
EVX2:NM_001080458,4
LNPK:NR_130941,30
ATP5MC3:NM_001002258,11
ATF2:NM_001256090,52
CHN1:NM_001822,41
CHRNA1:NM_001039523,4
WIPF1:NM_001375835,44
GPR155:NM_001033045,16
SCRN3:NM_001193528,11
CIR1:NM_004882,17
SP9:NM_001145250,3
OLA1:NM_013341,89
SP3:NM_003111,39
CDCA7:NM_145810,17
MAP3K20:NM_016653,123
RAPGEF4:NM_001375867,70
ITGA6:NM_001316306,15
DLX2:NM_004405,3
DLX1:NM_001038493.2_2,6
METAP1D:NM_199227.3_2,37
HAT1:NM_003642.4_2,33
SLC25A12:NM_003705.5_2,57
DYNC1I2:NM_001271790.2_2,30
CYBRD1:NM_001256909,20
DCAF17:NM_001164821,33
METTL8:NM_001321157,44
TLK1:NM_001136554,102
GORASP2:NM_001201428,43
GAD1:NM_000817,22
ERICH2:NM_001388467,11
SP5:NM_001003845,6
MYO3B:NM_001083615,130
UBR3:NM_172070,112
METTL5:NM_014168,12
SSB:NM_003142,9
KLHL23:NM_144711,21
PHOSPHO2:NM_001199285,5
PHOSPHO2-KLHL23:NM_001199290,34
CFAP210:NM_001085447,14
PPIG:NM_004792,28
FASTKD1:NM_001322046,20
KLHL41:NM_006063,6
BBS5:NM_152384,17
LRP2:NM_004525,55
DHRS9:NM_001289763,10
ABCB11:NM_003742.4_2,33
G6PC2:NM_001081686.2_2,1
SPC25:NM_020675.4_2,10
NOSTRIN:NM_001171631.2_2,79
CERS6:NM_203463,157
STK39:NM_013233,81
B3GALT1:NM_020981,91
XIRP2:NM_001079810,42
SCN7A:NM_002976,10
SCN9A:NM_002977,15
SCN1A:NM_001202435,21
TTC21B:NM_024753,34
GALNT3:NM_004482,5
CSRNP3:NM_001172173,34
SCN2A:NM_001040142,23
SCN3A:NM_001081677,13
SLC38A11:NM_001351538,4
COBLL1:NM_001365671,40
GRB14:NM_004490,16
FIGN:NM_018086,19
KCNH7:NM_033272,44
GCA:NM_001330265,7
IFIH1:NM_022168,11
FAP:NM_004460,9
GCG:NM_002054,3
DPP4:NM_001935,16
SLC4A10:NM_001354453,38
TBR1:NM_006593,3
PSMD14:NM_005805,39
TANK:NM_004180,33
RBMS1:NM_016836,26
ITGB6:NM_000888,13
PLA2R1:NM_007366,21
LY75:NM_002349,10
CD302:NM_014880,6
LY75-CD302:NM_001198759,16
MARCHF7:NM_022826,39
BAZ2B:NM_001289975,75
WDSUB1:NM_001128213,22
TANC1:NM_001350063,61
DAPL1:NM_001017920,8
PKP4:NM_001377225,103
CCDC148:NM_138803,28
UPP2:NM_001135098,27
ACVR1:NM_001111067,77
ACVR1C:NM_145259,13
CYTIP:NM_004288,2
ERMN:NM_001009959,6
GALNT5:NM_014568,26
GPD2:NM_001083112,52
NR4A2:NM_006186,6
KCNJ3:NM_001260508,19
GALNT13:NM_001376392,64
RPRM:NM_019845,2
ARL6IP6:NR_146422,25
PRPF40A:NM_001395488,40
FMNL2:NM_052905,53
STAM2:NM_005843,14
CACNB4:NM_001145798,51
ARL5A:NM_012097,17
NEB:NM_001271208,72
RIF1:NM_001177664,51
TNFAIP6:NM_007115,2
NMI:NM_004688,4
RBM43:NM_198557,10
RND3:NM_001254738,4
MMADHC:NM_015702,13
LYPD6:NM_001195685,24
LYPD6B:NM_001317006,26
KIF5C:NM_004522.3_2,33
EPC2:NM_015630,32
MBD5:NM_018328,66
ORC4:NM_181742,28
ACVR2A:NM_001278580,11
ZEB2:NM_014795,132
GTDC1:NM_001376307,94
ARHGAP15:NM_018460,83
KYNU:NM_003937,22
LRP1B:NM_018557,196
NXPH2:NM_007226,18
SPOPL:NM_001001664,14
HNMT:NM_006895,13
THSD7B:NM_001316349,118
CXCR4:NM_001348056,5
DARS1:NM_001293312,46
MCM6:NM_005915,31
LCT:NM_002299,19
UBXN4:NM_014607,25
R3HDM1:NM_001282799,74
ZRANB3:NM_032143,77
RAB3GAP1:NM_012233,46
MAP3K19:NM_001400438,16
CCNT2:NM_001241,21
ACMSD:NM_138326,7
TMEM163:NM_030923,48
MGAT5:NM_001371457,126
NCKAP5:NM_207363,154
LYPD1:NM_001077427,4
GPR39:NM_001508,34
ANKRD30BL:NR_152415,0
CCDC74A:NM_001349046,1
TUBA3D:NM_080386,2
MZT2A:NM_001085365,7
NMTRQ-TTG9-1:NMTRQ-TTG9-1,0
NMTRS-TGA2-1:NMTRS-TGA2-1,0
RAB6D:NM_001077637,1
POTEE:NM_001083538,0
PLEKHB2:NM_001309451,31
FAM168B:NM_001321743,40
SMIM39:NM_001395417,7
ARHGEF4:NM_001375900,51
AMER3:NM_152698,1
GPR148:NM_207364,0
POTEJ:NM_001277083,0
CFC1:NM_032545,0
CFC1B:NM_001079530,0
POTEI:NM_001371926,0
PTPN18:NM_001142370,12
IMP4:NM_001371734,15
CCDC115:NM_001321118,10
NMTRQ-TTG7-1:NMTRQ-TTG7-1_2,0
TUBA3E:NM_207312.3_2,0
MZT2B:NM_001330284.2_2,1
SMPD4:NM_017751.4_2,21
CCDC74B:NM_207310.4_2,0
POTEF:NM_001099771.2_2,0
RAB6C:NM_032144.3_2,0
HS6ST1:NM_004807,16
UGGT1:NM_020120,88
SAP130:NM_001330301,72
AMMECR1L:NM_001199140,27
POLR2D:NM_004805,13
SFT2D3:NM_032740,5
WDR33:NM_018383,58
GPR17:NM_001161417,2
LIMS2:NM_001161404,10
MYO7B:NM_001080527,19
IWS1:NM_017969,59
PROC:NM_001375609,8
MAP3K2:NM_001371911,39
ERCC3:NM_001303418,32
CYP27C1:NM_001367502,9
BIN1:NM_139343,13
TEX51:NM_001322244,3
GYPC:NM_016815,57
CNTNAP5:NM_130773,119
TSN:NM_001261401,12
NIFK:NM_032390,10
CLASP1:NM_001378005,166
TFCP2L1:NM_014553,16
GLI2:NM_001374354,75
INHBB:NM_002193,2
RALB:NM_002881,21
TMEM185B:NM_024121,5
EPB41L5:NM_001184937,33
PTPN4:NM_002830,55
CFAP221:NM_001271049,21
SCTR:NM_002980,16
TMEM37:NM_183240,1
DBI:NM_001079862,7
C2orf76:NM_001017927,14
STEAP3:NM_001008410,24
C1QL2:NM_182528,2
MARCO:NM_006770,14
EN1:NM_001426,2
INSIG2:NM_001321330,10
CCDC93:NM_019044,76
DDX18:NM_006773,19
NMTRL-TAA2-1:NMTRL-TAA2-1,0
DPP10:NM_001321913,196
ACTR3:NM_005721,27
SLC35F5:NM_001330314,18
RABL2A:NM_001354426,0
FOXD4L1:NM_012184,0
CBWD2:NM_001330337,1
PAX8:NM_003466,34
PSD4:NM_012455,24
IL1RN:NM_000577,2
IL1F10:NM_173161,3
IL36RN:NM_173170,3
IL36B:NM_014438,9
IL36A:NM_014440,4
IL36G:NM_001278568,7
IL37:NM_173203,3
IL1B:NM_000576,0
IL1A:NM_000575,6
CKAP2L:NM_152515,27
NT5DC4:NM_001350494,11
SLC20A1:NM_005415,22
CHCHD5:NM_001304353,6
POLR1B:NM_001282772,32
TTL:NM_001371712,30
RGPD8:NM_001164463,0
ZC3H6:NM_198581,8
ZC3H8:NM_032494,17
FBLN7:NM_001128165,10
TMEM87B:NM_001329914,26
MERTK:NM_006343,25
ANAPC1:NM_022662,8
BCL2L11:NM_001204107,51
ACOXL:NM_001142807,83
BUB1:NM_004336,41
RGPD6:NM_001384362,0
LIMS4:NR_038099,0
MTLN:NM_001384134,5
NPHP1:NM_000272,14
MALL:NM_001371559,8
LIMS3:NM_001394901,0
LIMS3-LOC440895:NR_027145,0
RGPD5:NM_005054,0
SOWAHC:NM_023016,1
SEPTIN10:NM_001321501,11
SH3RF3:NM_001099289,94
EDAR:NM_022336,32
CCDC138:NM_001351557,42
RANBP2:NM_006267,16
LIMS1:NM_001371496,47
GCC2:NM_181453,18
SULT1C4:NM_001321770,2
SULT1C2:NM_001056,7
SULT1C3:NM_001008743,5
SLC5A7:NM_001305006,3
RGPD4:NM_182588,0
ST6GAL2:NM_032528,24
CD8B2:NM_001368307,6
RGPD3:NM_001144013,0
UXS1:NM_001253875,51
ECRG4:NM_032411,2
NCK2:NM_001004722,65
FHL2:NM_001318897,33
C2orf49:NM_001286537,6
TGFBRAP1:NM_001328646,65
GPR45:NM_007227,0
MRPS9:NM_182640,25
POU3F3:NM_006236,1
TMEM182:NM_001321346,32
MFSD9:NM_001322080,15
SLC9A2:NM_003048,30
SLC9A4:NM_001011552,17
IL18RAP:NM_001393489,14
IL18R1:NM_003855,12
IL1RL1:NM_016232,6
IL1RL2:NM_001351448,12
IL1R1:NM_001288706,34
IL1R2:NM_004633,11
MAP4K4:NM_001384548,84
RFX8:NM_001367509,17
CREG2:NM_153836,8
RNF149:NM_173647,16
CNOT11:NM_017546,16
TBC1D8:NM_001330348,41
RPL31:NM_001098577,22
NPAS2:NM_002518,39
PDCL3:NM_024065,3
NMS:NM_001011717,2
CHST10:NM_004854,20
LONRF2:NM_001371783,28
AFF3:NM_001386135,101
REV1:NM_001321455,63
EIF5B:NM_015904,38
TXNDC9:NM_005783,9
LYG1:NM_001371380,8
LYG2:NM_175735,2
MRPL30:NM_145212,10
MITD1:NM_001320417,6
LIPT1:NM_145199,4
C2orf15:NM_144706,2
TSGA10:NM_025244,14
CRACDL:NM_207362,36
MGAT4A:NM_012214,21
UNC50:NM_014044,13
COA5:NM_001008215,11
INPP4A:NM_001134225,97
CNGA3:NM_001079878,11
VWA3B:NM_144992,49
TMEM131:NM_015348.2_2,98
ZAP70:NM_001079.4_2,6
C2orf92:NM_001351368.2_2,1
ACTR1B:NM_005735.4_2,9
COX5B:NM_001862.3_2,7
ANKRD36B:NM_001393939.1_2,1
ANKRD36:NM_001354587.1_2,5
FAHD2B:NM_001320848.2_2,1
FAM178B:NM_001122646,77
SEMA4C:NM_017789,25
ANKRD39:NM_016466,15
ANKRD23:NM_144994,7
CNNM3:NM_199078,20
CNNM4:NM_020184,15
LMAN2L:NM_001322354,22
FER1L5:NM_001293083,25
KANSL3:NM_001349259,41
ARID5A:NM_001319093,14
NEURL3:NR_104346,2
NCAPH:NM_001281712,52
ITPRIPL1:NM_178495,6
SNRNP200:NM_014014,64
CIAO1:NM_004804,9
TMEM127:NM_017849,26
STARD7:NM_020151,27
DUSP2:NM_004418,1
ASTL:NM_001002036,6
ADRA2B:NM_000682,6
GPAT2:NM_001389639.1_2,0
ANKRD36C:NM_001310154,6
TRIM43:NM_138800.3_2,0
TRIM43B:NM_001164464.2_2,0
FAHD2A:NM_016044.3_2,2
KCNIP3:NM_013434.5_2,21
PROM2:NM_001165977.3_2,7
ZNF2:NM_001291604,10
ZNF514:NM_032788,8
MRPS5:NM_001321995,32
MAL:NM_022440,6
TEKT4:NM_144705,2
AQP7B:NM_001382497,0
RPIA:NM_144563,40
EIF2AK3:NM_004836,43
TEX37:NM_152670,3
FOXI3:NM_001135649,2
THNSL2:NM_001244678,4
FABP1:NM_001443,1
SMYD1:NM_001330364,13
KRCC1:NM_016618,6
RGPD2:NM_001078170,0
PLGLB2:NM_002665,0
PLGLB1:NM_001032392,0
RGPD1:NM_001024457,0
CD8B:NM_172101,7
CD8A:NM_001145873,8
RMND5A:NM_022780,25
RNF103:NM_001198951,10
CHMP3:NM_016079,22
RNF103-CHMP3:NM_001198954,39
KDM3A:NM_018433,53
REEP1:NM_001164730,34
MRPL35:NM_001363782,11
IMMT:NM_001400129,31
PTCD3:NM_017952,48
POLR1A:NM_015425,103
ST3GAL5:NM_001354229,11
ATOH8:NM_032827,7
GNLY:NM_006433,3
SFTPB:NM_198843,4
C2orf68:NM_001013649,6
USP39:NR_046347,59
TMEM150A:NM_001031738,8
RNF181:NM_016494,8
VAMP5:NM_006634,6
VAMP8:NM_003761,3
GGCX:NM_000821,26
MAT2A:NM_005911,11
SH2D6:NM_001394463,10
CAPG:NM_001256139,14
ELMOD3:NM_001329793.2_2,16
RETSAT:NM_017750.4_2,8
TGOLN2:NM_001368095.1_2,13
TCF7L1:NM_031283.3_2,45
KCMF1:NM_020122,36
TMSB10:NM_021103,0
TRABD2A:NM_001277053,9
DNAH6:NM_001370,47
SUCLG1:NM_003849,29
LRRTM1:NM_178839,3
CTNNA2:NM_001399737,250
REG3A:NM_138938,2
REG1A:NM_002909,0
REG1B:NM_006507,1
REG3G:NM_198448,1
LRRTM4:NM_001134745,75
GCFC2:NM_001201334,27
MRPL19:NM_014763,8
EVA1A:NM_032181,16
TACR1:NM_001058,27
POLE4:NM_019896,9
HK2:NM_000189,70
SEMA4F:NM_001271661,8
M1AP:NM_001321739,18
DOK1:NM_001197260,8
LOXL3:NM_032603,14
HTRA2:NM_145074,11
AUP1:NM_181575,5
DQX1:NM_133637,7
TLX2:NM_016170,0
PCGF1:NM_032673,5
LBX2:NM_001009812,7
TTC31:NM_001376144,10
CCDC142:NM_001365575,9
MRPL53:NM_053050,1
MOGS:NM_006302,10
WBP1:NM_012477,9
INO80B:NM_031288,4
INO80B-WBP1:NR_037849,11
RTKN:NM_001015055,7
WDR54:NM_001320823,3
C2orf81:NM_001316766,1
DCTN1:NM_001378991,31
SLC4A5:NM_133478,40
MTHFD2:NM_006636,17
MOB1A:NM_018221,17
BOLA3:NM_212552,25
TET3:NM_001287491,89
DGUOK:NM_001318863,30
ACTG2:NM_001199893,5
STAMBP:NR_148669,35
C2orf78:NM_001080474.3_2,4
DUSP11:NM_003584.3_2,11
TPRKB:NM_001330390.2_2,4
NAT8:NM_003960.4_2,0
ALMS1:NM_015120.4_2,51
EGR4:NM_001965,0
FBXO41:NM_001080410,31
CCT7:NM_001009570,29
PRADC1:NR_144358,7
SMYD5:NM_006062,12
NOTO:NM_001134462,2
RAB11FIP5:NM_001371272,39
SFXN5:NM_001371737,66
EMX1:NM_004097,8
SPR:NM_003124,4
EXOC6B:NM_001321731,90
CYP26B1:NM_019885,4
DYSF:NM_001130976,72
ZNF638:NM_001014972,56
PAIP2B:NM_020459,11
MPHOSPH10:NM_005791,19
MCEE:NM_032601,15
NAGK:NM_001330426,14
TEX261:NM_144582,17
ANKRD53:NM_001369683,8
ATP6V1B1:NM_001692,6
VAX2:NM_012476,12
CD207:NM_015717,6
CLEC4F:NM_173535,2
FIGLA:NM_001004311,2
ADD2:NM_017488,61
TGFA:NM_003236,28
FAM136A:NM_001329752,8
SNRPG:NM_001317165,13
PCYOX1:NM_016297,9
TIA1:NM_001351512,17
C2orf42:NM_001348758,22
PCBP1:NM_006196,5
MXD1:NM_001202514,28
SNRNP27:NM_006857,8
GMCL1:NM_178439,22
ANXA4:NM_001320698,32
AAK1:NM_014911,58
NFU1:NM_001374284,17
GFPT1:NM_001244710,40
ANTXR1:NM_032208,46
GKN1:NM_019617,3
GKN2:NM_182536,4
BMP10:NM_014482,5
ARHGAP25:NM_001166277,31
PROKR1:NM_138964,2
APLF:NM_173545,15
FBXO48:NM_001024680,3
PLEK:NM_002664,11
CNRIP1:NM_001111101,9
PPP3R1:NM_000945,31
PNO1:NM_001329916,19
DNAAF10:NM_138458,12
C1D:NM_001190265,9
ETAA1:NM_019002,5
MEIS1:NM_002398,58
SPRED2:NM_181784,67
ACTR2:NM_005722,13
RAB1A:NM_004161,19
CEP68:NM_001319100,17
SLC1A4:NM_001348407,31
SERTAD2:NM_014755,15
AFTPH:NM_001394996,28
LGALSL:NM_014181,4
PELI1:NM_020651,16
VPS54:NM_016516,40
UGP2:NM_001377527,33
MDH1:NM_001316374,13
WDPCP:NM_001354044,57
OTX1:NM_001199770,17
EHBP1:NM_001142615,92
TMEM17:NM_198276,2
B3GNT2:NM_006577,22
COMMD1:NM_001371765,55
CCT4:NM_006430,17
FAM161A:NM_001201543,8
XPO1:NM_003400,50
USP34:NM_014709,114
C2orf74:NM_001316317,4
SANBR:NM_001330435,15
PEX13:NM_002618,11
PUS10:NM_144709,24
REL:NM_001291746,21
PAPOLG:NM_022894,20
BCL11A:NM_018014,20
FANCL:NM_001114636,32
VRK2:NM_001288838,54
CCDC85A:NM_001080433,37
EFEMP1:NM_001039348,8
PNPT1:NM_033109,28
PPP4R3B:NM_001122964,27
CFAP36:NM_080667,18
CCDC88A:NM_001365480,56
MTIF2:NM_002453,22
RPS27A:NM_001135592,10
CLHC1:NM_001135598,20
RTN4:NM_001321904,61
EML6:NM_001039753,57
SPTBN1:NM_003128,109
C2orf73:NM_001369403,5
TSPYL6:NM_001003937,5
ACYP2:NM_001320587,85
PSME4:NM_014614,59
GPR75:NM_006794,7
ERLEC1:NM_001127398,16
CHAC2:NM_001346127,4
GPR75-ASB3:NM_001164165,70
ASB3:NM_001201965,43
NRXN1:NM_001135659,135
FSHR:NM_000145,31
LHCGR:NM_000233,12
GTF2A1L:NM_001193487,6
STON1:NM_006873,15
STON1-GTF2A1L:NM_001198593,36
PPP1R21:NM_001193475,39
FOXN2:NM_001375443,23
FBXO11:NM_001190274,32
MSH6:NM_001281492,21
NME2P2:NME2P2,0
KCNK12:NM_022055,16
MSH2:NM_001258281,44
EPCAM:NM_002354,1
CALM2:NM_001305625,9
STPG4:NM_001163561,10
TTC7A:NM_001288953,97
MCFD2:NM_001171508,29
SOCS5:NM_014011,19
CRIPT:NM_014171,7
PIGF:NM_173074,12
RHOQ:NM_012249,18
ATP6V1E2:NM_001371281,8
TMEM247:NM_001145051,4
EPAS1:NM_001430,65
PRKCE:NM_005400,118
SRBD1:NM_018079,83
SIX2:NM_016932,2
SIX3:NM_005413,2
CAMKMT:NM_024766,62
PREPL:NM_001171603,31
SLC3A1:NM_000341,20
PPM1B:NM_177968,18
LRPPRC:NM_133259,84
ABCG8:NM_001357321,5
ABCG5:NM_022436,4
DYNC2LI1:NM_001348912,10
C1GALT1C1L:NM_001101330,1
PLEKHH2:NM_172069,22
THADA:NM_001083953,175
ZFP36L2:NM_006887,4
HAAO:NM_012205,4
OXER1:NM_148962,0
MTA3:NM_001282755,50
KCNG3:NM_133329,9
COX7A2L:NM_001319038,14
EML4:NM_001145076,49
PKDCC:NM_138370,2
SLC8A1:NM_001394103,50
THUMPD2:NM_001321478,34
TMEM178A:NM_001167959,10
MAP4K3:NM_003618,64
CDKL4:NR_144521,16
SOS1:NM_001382394,51
ARHGEF33:NM_001145451,27
MORN2:NM_001145450,3
DHX57:NM_198963,33
GEMIN6:NM_024775,2
SRSF7:NM_001363802,9
GALM:NM_138801,34
HNRNPLL:NM_138394,20
ATL2:NM_001330462,49
CYP1B1:NM_000104,2
RMDN2:NM_001322212,25
CDC42EP3:NM_001371569,9
QPCT:NM_012413,6
PRKD3:NM_005813,36
NDUFAF7:NR_146405,21
CEBPZ:NM_005760,12
SULT6B1:NM_001032377,5
EIF2AK2:NM_002759,22
GPATCH11:NM_001278505,5
HEATR5B:NM_019024,34
STRN:NM_003162,34
VIT:NM_001391969,19
FEZ2:NM_001042548,31
CRIM1:NM_016441.3_2,44
FAM98A:NM_015475,7
RASGRP3-AS1:NR_146505,0
RASGRP3:NM_001349978,17
LTBP1:NM_001394905,173
TTC27:NM_001193509,78
BIRC6:NM_016252,120
YIPF4:NM_032312,4
NLRC4:NM_021209,12
SLC30A6:NM_001330476,36
SPAST:NM_001363875,36
DPY30:NM_001321210,9
MEMO1:NM_001371912,38
SRD5A2:NM_000348,13
XDH:NM_000379,16
EHD3:NM_014600,13
CAPN14:NM_001321270,14
GALNT14:NM_001329096,57
CAPN13:NM_144575,16
LCLAT1:NM_001002257,70
LBH:NM_030915,23
YPEL5:NM_016061,7
ALK:NM_004304,159
CLIP4:NM_001287528,15
PCARE:NM_001029883,4
TOGARAM2:NM_001321539,24
WDR43:NM_015131,51
TRMT61B:NM_017910,8
SPDYA:NM_001142634,7
PPP1CB:NM_206876,26
PLB1:NM_153021,38
FOSL2:NM_005253,16
BABAM2:NM_001329112,115
RBKS:NM_001287580,21
MRPL33:NM_145330,6
SLC4A1AP:NM_018158,21
SUPT7L:NM_001282729,15
GPN1:NM_001145049,25
CCDC121:NM_001142683,3
ZNF512:NM_001271289,40
C2orf16:NM_032266,12
GCKR:NM_001486,5
FNDC4:NM_022823,1
IFT172:NM_015662,30
KRTCAP3:NM_001168364,11
NRBP1:NM_001321357,21
PPM1G:NM_177983,19
ZNF513:NM_144631,14
SNX17:NM_001267061,27
EIF2B4:NM_001318966,9
GTF3C2:NM_001394510,33
MPV17:NM_002437,12
UCN:NM_003353,4
TRIM54:NM_187841,9
DNAJC5G:NM_001303128,1
SLC30A3:NM_001318950,2
CAD:NM_001306079,44
ATRAID:NM_001170795,4
SLC5A6:NM_021095,21
TCF23:NM_175769,3
PRR30:NM_178553,1
PREB:NM_013388,10
ABHD1:NM_032604,10
CGREF1:NM_001166240,2
KHK:NM_006488,7
EMILIN1:NM_007046,5
OST4:NM_001134693,7
AGBL5:NR_138023,27
TMEM214:NM_001083590,16
MAPRE3:NM_012326,43
DPYSL5:NM_001253723,16
CENPA:NM_001042426,10
SLC35F6:NM_017877,34
KCNK3:NM_002246,11
CIB4:NM_001029881,12
FAM166C:NM_001105519,7
OTOF:NM_194248,29
DRC1:NM_145038,9
SELENOI:NM_033505,30
ADGRF3:NM_001321971,10
HADHB:NM_001281512,27
HADHA:NM_000182,56
GAREM2:NM_001168241,11
RAB10:NM_016131,61
KIF3C:NM_002254,26
ASXL2:NM_018263,67
DTNB:NM_001351395,55
DNMT3A:NR_135490,35
POMC:NM_001319204,2
EFR3B:NM_014971,24
DNAJC27:NM_001198559,13
ADCY3:NM_001377128,76
CENPO:NM_001199803,20
PTRHD1:NM_001013663,2
NCOA1:NM_147223,66
ITSN2:NM_001348181,52
FAM228A:NM_001040710,3
PFN4:NM_199346,4
TP53I3:NM_004881,4
FAM228B:NM_001291328,17
SF3B6:NM_016047,14
FKBP1B:NM_001322964,4
WDCP:NM_025203,6
MFSD2B:NM_001346880,9
UBXN2A:NM_181713,14
ATAD2B:NM_001354107,48
KLHL29:NM_052920,81
TDRD15:NM_001306137.2_2,3
APOB:NM_000384.3_2,7
LDAH:NM_001282719,48
GDF7:NM_182828,2
HS1BP3:NM_022460,21
RHOB:NM_004040,0
PUM2:NM_001352920,57
SDC1:NM_001006946,13
LAPTM4A:NM_014713,7
MATN3:NM_002381,2
WDR35:NM_001006657,14
TTC32:NM_001008237,5
OSR1:NM_145260,2
NT5C1B:NM_001199087,2
RDH14:NM_020905,4
NT5C1B-RDH14:NM_001199104,6
KCNS3:NM_001282428,6
MSGN1:NM_001105569,1
GEN1:NM_182625,13
SMC6:NM_001142286,36
VSNL1:NM_001366803,25
RAD51AP2:NM_001321233,2
CYRIA:NM_030797,27
MYCN:NM_001293231,2
DDX1:NM_004939,41
NBAS:NM_015909,218
TRIB2:NM_021643,38
LPIN1:NM_001349207,109
NTSR2:NM_012344,5
GREB1:NM_014668,21
E2F6:NM_001278277,27
ROCK2:NM_001321643,49
SLC66A3:NM_001282711,7
C2orf50:NM_182500,4
KCNF1:NM_002236,2
PDIA6:NM_001282705,31
ATP6V1C2:NM_144583,15
NOL10:NM_024894,91
ODC1:NM_002539,12
HPCAL1:NM_002149,72
RRM2:NR_164157,68
CYS1:NM_001037160,10
KLF11:NM_003597,17
GRHL1:NM_198182,28
TAF1B:NM_001318977,44
YWHAQ:NM_006826,19
ADAM17:NM_001382778,45
IAH1:NM_001320860,17
CPSF3:NM_001321835,43
ITGB1BP1:NM_001369749,9
ASAP2:NM_001135191,92
MBOAT2:NM_001321267,63
KIDINS220:NM_001348739,63
ID2:NM_002166,0
RNF144A:NM_001349181,96
RSAD2:NM_080657,8
CMPK2:NM_001256478,15
SOX11:NM_003108,1
DCDC2C:NM_001287444,22
ALLC:NM_018436,9
COLEC11:NM_001255984,15
RPS7:NM_001011,12
RNASEH1:NR_148534,26
ADI1:NM_018269.4_2,19
TRAPPC12:NM_001321102.2_2,74
EIPR1:NM_001330530,94
MYT1L:NM_001329844,121
PXDN:NM_012293,30
TPO:NM_001206745.2_2,20
SNTG2:NM_018968.4_3,72
TMEM18:NM_001352680,13
ALKAL2:NM_001002919,3
ACP1:NM_007099,6
SH3YL1:NM_001282682,10
FAM110C:NM_001077710,3
PGBD2:NM_001017434,20
ZNF692:NM_001136036,22
ZNF672:NM_024836,17
SH3BP5L:NM_001322464,17
LYPD8:NM_001085474,11
OR14I1:NM_001004734.2_2,1
OR2T27:NM_001386060.1_2,0
OR2T35:NM_001001827.2_2,0
OR2T11:NM_001001964.2_2,1
OR2T10:NM_001004693.2_2,1
OR2T34:NM_001001821.1_2,0
OR2T29:NM_001004694.3_2,0
OR2G6:NM_001013355.2_4,2
OR2T5:NM_001004697.2_4,0
OR2T3:NM_001005495.1_4,0
OR2T2:NM_001004136.2_4,0
OR2T1:NM_030904.2_4,3
OR2T6:NM_001005471.2_4,5
OR2T4:NM_001004696.2_4,1
OR14C36:NM_001001918,1
OR2M7:NM_001004691,0
OR2T12:NM_001004692,1
OR2T33:NM_001004695,1
OR2M4:NM_017504,5
OR2M3:NM_001004689,2
OR2M2:NM_001004688,1
OR2M5:NM_001004690,2
OR2L3:NM_001004687,5
OR2L2:NM_001004686,5
OR2L5:NM_001258284,2
OR2AK2:NM_001004491,1
OR2L8:NM_001001963,0
OR2L13:NM_001304535,25
OR2AJ1:NM_001355235,2
OR2T8:NM_001005522,3
OR2W3:NM_001001957,2
TRIM58:NM_015431,16
OR11L1:NM_001001959,3
OR14A16:NM_001001966,4
OR9H1P:NR_172917,4
OR1C1:NM_012353,3
OR14K1:NM_001004732,1
OR14A2:NM_001355292,5
OR6F1:NM_001005286,0
OR13G1:NM_001005487,3
OR14L1P:NM_001396106,1
OR2G3:NM_001001914,2
OR2G2:NM_001001915,1
GCSAML-AS1:NR_027309,4
OR2C3:NM_198074,5
GCSAML:NM_001281853,17
OR2B11:NM_001004492,2
NLRP3:NM_001079821.3_2,17
ZNF496:NM_032752.3_2,57
VN1R5:NR_160309,1
ZNF124:NM_001243740,26
ZNF669:NM_024804,7
ZNF670:NM_033213,32
ZNF695:NM_001204221,31
ZNF670-ZNF695:NR_037894,65
AHCTF1:NM_001323342,86
SCCPDH:NM_016002,46
CNST:NM_152609,105
TFB2M:NM_022366,24
SMYD3:NM_001167740,467
KIF26B:NM_018012,148
EFCAB2:NM_001143943,57
HNRNPU:NM_031844,11
COX20:NM_001312871,6
DESI2:NM_001297746,45
CATSPERE:NM_001242340,34
ADSS2:NM_001365073,41
C1orf100:NM_001276349,14
ZBTB18:NM_001278196,7
AKT3:NM_181690.2_2,81
SDCCAG8:NM_006642.5_2,90
CEP170:NM_014812.3_2,31
PLD5:NM_001372062,69
MAP1LC3C:NM_001004343,1
BECN2:NM_001290693,1
EXO1:NM_001319224,41
WDR64:NM_001367482,34
CHML:NM_001381853,8
OPN3:NM_014322,20
KMO:NM_003679,11
FH:NM_000143,20
RGS7:NM_001374808,99
GREM2:NM_022469,20
FMN2:NM_001348094,70
CHRM3:NM_001375980,102
NMTRL-TAA3-1:NMTRL-TAA3-1,0
NMTRP-TGG1-1:NMTRP-TGG1-1,0
ZP4:NM_021186,2
RYR2:NM_001035,144
MT1HL1:NM_001276687,1
MTR:NM_001291939,114
ACTN2:NM_001103,18
HEATR1:NM_018072,58
LGALS8:NM_201545,35
EDARADD:NM_145861,43
ERO1B:NM_019891,17
GPR137B:NM_003272,32
NID1:NM_002508,25
LYST:NM_001301365,35
GNG4:NM_001098721.2_2,28
B3GALNT2:NM_152490.5_2,41
TBCE:NM_001287802.2_2,61
GGPS1:NM_001371477,8
ARID4B:NM_016374,73
RBM34:NM_015014,39
TOMM20:NM_014765,28
IRF2BP2:NM_182972,7
TARBP1:NM_005646,52
COA6:NM_001206641,15
SLC35F3:NM_173508,105
KCNK1:NM_002245,45
MAP3K21:NM_032435,14
PCNX2:NM_014801,69
NTPCR:NM_001329453,25
MAP10:NM_019090,1
SIPA1L2:NM_001377488,53
DISC1:NM_001164540,97
TSNAX:NM_005999,34
TSNAX-DISC1:NR_028393,148
EGLN1:NM_022051,38
SPRTN:NM_001261462,11
EXOC8:NM_175876,1
GNPAT:NM_001316350,44
C1orf131:NM_152379,27
TRIM67:NM_001300889,17
FAM89A:NM_198552,26
ARV1:NM_022786,27
TTC13:NM_024525,30
C1orf198:NM_001136494,14
CAPN9:NM_001319676,17
AGT:NM_001382817,11
COG2:NM_001145036,57
PGBD5:NM_001258311,42
GALNT2:NM_001291866,195
URB2:NM_014777,59
TAF5L:NM_014409,32
ABCB10:NM_012089,47
NUP133:NM_018230,61
ACTA1:NM_001100,1
CCSAP:NM_145257,20
RAB4A:NM_001271998,28
RNF187:NM_001010858.3_2,19
H2BU1:NM_175055.3_2,0
H2AW:NM_033445.3_2,0
H3-4:NM_003493.3_2,2
TRIM17:NM_016102.4_2,9
TRIM11:NM_145214,28
OBSCN:NM_001271223,79
IBA57:NM_001010867,8
GJC2:NM_020435,12
GUK1:NM_001242839,20
MRPL55:NM_181462,5
C1orf35:NM_024319,11
ARF1:NM_001658,26
WNT3A:NM_033131,19
WNT9A:NM_003395,9
PRSS38:NM_001374657,6
JMJD4:NM_023007,11
SNAP47:NM_001323933,62
ZNF678:NR_102302,28
CDC42BPA:NM_001366011,168
COQ8A:NM_020247,36
PSEN2:NM_012486,37
ITPKB:NM_002221,39
STUM:NM_001003665,20
PARP1:NM_001618,107
LIN9:NM_001270410,48
MIXL1:NM_031944,4
ACBD3:NM_022735,43
H3-3A:NM_001379043,6
SDE2:NM_152608,16
LEFTY2:NM_003240,1
PYCR2:NM_013328,15
LEFTY1:NM_020997,1
TMEM63A:NM_014698,64
EPHX1:NM_001378432,26
SRP9:NM_003133,12
ENAH:NM_001377481,32
LBR:NM_194442,26
DNAH14:NM_001367479,97
WDR26:NM_001379403,40
CNIH4:NM_001277199,12
NVL:NM_002533,75
DEGS1:NM_003676,10
FBXO28:NM_001136115,24
TP53BP2:NM_005426,55
CAPN2:NM_001146068,80
CAPN8:NM_001143962,28
CCDC185:NM_152610,2
SUSD4:NM_017982,60
TLR5:NM_003268,18
DISP1:NM_001377229,34
FAM177B:NM_001394345,2
BROX:NM_001288579,18
AIDA:NM_022831,26
MIA3:NM_001324063,45
TAF1A:NM_001201536,22
HHIPL2:NM_024746,8
DUSP10:NM_007207,26
HLX:NM_021958,3
MTARC1:NM_022746,13
MTARC2:NM_001331042,10
C1orf115:NM_024709,1
MARK1:NM_001286128,19
RAB3GAP2:NM_012414,69
IARS2:NM_018060,25
BPNT1:NM_001286151,13
EPRS1:NM_004446,76
SLC30A10:NM_001376929,27
ZC3H11B:NM_001355457,0
LYPLAL1:NM_001300769,16
TGFB2:NM_003238,27
RRP15:NM_016052,31
SPATA17:NM_138796,28
GPATCH2:NM_018040,27
ESRRG:NM_001134285,121
USH2A:NM_206933,130
KCTD3:NM_001319294,30
KCNK2:NM_001017424,41
CENPF:NM_016343,64
PTPN14:NM_005401,45
SMYD2:NM_020197,37
PROX1:NM_001270616,12
RPS6KC1:NM_001349665,83
ANGEL2:NM_001300757,16
VASH2:NM_001136475,16
FLVCR1:NM_014053,25
SPATA45:NM_001024601,5
TATDN3:NM_001146170,12
NSL1:NM_001042549,25
BATF3:NM_018664,2
GARIN4:NM_153606,4
ATF3:NM_001030287,22
NENF:NM_013349,16
PACC1:NM_001198862,54
PPP2R5A:NM_006243,52
DTL:NM_001286229,61
INTS7:NM_015434,59
LPGAT1:NM_001375844,27
NEK2:NM_001204182,15
SLC30A1:NM_021194,6
RD3:NM_183059,7
TRAF5:NM_004619,19
RCOR3:NM_001136224,38
KCNH1:NM_172362,89
HHAT:NM_001170564.3_2,57
SERTAD4:NM_001354173.2_2,4
SYT14:NR_027459,34
UTP25:NM_014388,37
IRF6:NM_006147,11
C1orf74:NM_152485,3
TRAF3IP3:NM_001320144,10
HSD11B1:NM_181755,9
G0S2:NM_015714,1
LAMB3:NM_000228,8
CAMK1G:NM_020439,11
PLXNA2:NM_025179,69
CD34:NM_001025109,16
CD46:NM_002389,39
CR1L:NM_175710,30
CR1:NM_000651,32
CR2:NM_001877,10
CD55:NM_000574,30
C4BPA:NM_000715,14
C4BPB:NM_001017366,2
YOD1:NM_001276320,10
PFKFB2:NM_001018053,28
C1orf116:NM_023938,8
FCAMR:NM_001170631,4
PIGR:NM_002644,6
FCMR:NM_005449,14
IL24:NM_001185158,8
IL20:NM_001385166,2
IL19:NM_001393490,31
IL10:NM_000572,4
MAPKAPK2:NM_032960,62
DYRK3:NM_003582,20
EIF2D:NM_006893,34
RASSF5:NM_182664,73
IKBKE:NM_001193321,9
SRGAP2:NM_001170637,42
FAM72A:NM_001385240,0
AVPR1B:NM_000707,2
RHEX:NM_001007544,11
CTSE:NM_001910,7
RAB7B:NM_001164522,12
SLC26A9:NM_052934,14
PM20D1:NM_152491,10
SLC41A1:NM_173854,21
RAB29:NM_001135663,9
NUCKS1:NM_022731,24
SLC45A3:NM_033102,9
ELK4:NM_001973,12
MFSD4A:NM_181644,25
CDK18:NM_212502,11
BLACAT1:NM_001397426,13
LEMD1:NM_001199050,10
KLHDC8A:NM_001271863,18
NUAK2:NM_030952,9
TMCC2:NM_014858,33
DSTYK:NM_015375,62
RBBP5:NM_005057,36
TMEM81:NM_203376,3
CNTN2:NM_001346083,13
NFASC:NM_001365986,63
LRRN2:NM_006338,28
MDM4:NM_001204172,46
PIK3C2B:NM_002646,33
PPP1R15B:NM_032833,13
PLEKHA6:NM_014935,44
GOLT1A:NM_198447,2
KISS1:NM_002256,4
REN:NM_000537,6
ETNK2:NM_001297760,4
SOX13:NM_005686,18
SNRPE:NM_003094,17
ZBED6:NM_001395895,49
ZC3H11A:NM_001376365,49
LAX1:NM_001136190,6
ATP2B4:NM_001684,95
OPTC:NM_014359,6
PRELP:NM_201348,5
FMOD:NM_002023,8
BTG2:NM_006763,7
CHIT1:NM_003465,9
CHI3L1:NM_001276,6
MYBPH:NM_004997,4
ADORA1:NM_001048230,13
MYOG:NM_002479,3
PPFIA4:NM_001393957,23
TMEM183A:NM_001322959,22
CYB5R1:NM_016243,13
ADIPOR1:NM_001290629,25
KLHL12:NM_001303051,29
RABIF:NM_002871,9
KDM5B:NM_001314042,63
SYT2:NM_177402,39
PPP1R12B:NM_002481,63
UBE2T:NM_001310326,9
LGR6:NM_001017403,56
PTPN7:NR_037663,25
ARL8A:NM_138795,17
GPR37L1:NM_004767,9
ELF3:NM_004433,2
RNPEP:NM_001319184,35
TIMM17A:NM_006335,16
LMOD1:NM_012134,15
SHISA4:NR_030775,3
IPO9:NM_018085,55
NAV1:NM_001389616,151
CSRP1:NM_004078,15
PHLDA3:NM_012396,4
TNNI1:NM_003281,17
LAD1:NM_005558,9
TNNT2:NM_001276347,8
PKP1:NM_001005337,21
IGFN1:NM_001367841,17
TMEM9:NM_001288564,35
ASCL5:NM_001270601,4
CACNA1S:NM_000069,36
KIF21B:NM_001252100,41
INAVA:NM_018265,7
GPR25:NM_005298,1
CAMSAP2:NM_001297708,31
DDX59:NM_001320181,17
KIF14:NM_014875,45
ZNF281:NM_001281293,8
NR5A2:NM_003822,30
PTPRC:NM_080921.4_2,31
ATP6V1G3:NM_133326.2_2,8
NEK7:NM_133494,49
LHX9:NM_001014434,9
C1orf53:NM_001024594,2
DENND1B:NM_001195215,56
CRB1:NM_001257965,49
ZBTB41:NM_194314,19
ASPM:NM_018136,42
F13B:NM_001994.3_2,5
CFHR5:NM_030787.4_2,5
CFHR2:NM_005666.4_2,1
CFHR4:NM_001201551.2_2,2
CFHR1:NM_001379312,0
CFHR3:NM_001166624,0
CFH:NM_000186.4_2,19
KCNT2:NM_198503.5_2,62
B3GALT2:NM_003783,5
CDC73:NM_024529,78
GLRX2:NM_016066,10
RO60:NM_001042369,15
UCHL5:NM_001350848,27
RGS2:NM_002923,1
RGS13:NM_144766,3
RGS1:NM_002922,1
RGS21:NM_001039152,4
RGS18:NM_130782,8
BRINP3:NM_199051,43
PLA2G4A:NM_001311193,39
PTGS2:NM_000963,3
PDC:NM_002597,6
ODR4:NM_001164246,41
TPR:NM_003292,52
PRG4:NM_001127710,7
HMCN1:NM_031935,81
IVNS1ABP:NM_006469,25
SWT1:NM_001105518,28
TRMT1L:NM_001202423,22
RNF2:NM_007212,43
NIBAN1:NM_052966,91
EDEM3:NM_001319960,46
C1orf21:NM_030806,42
TSEN15:NM_001363643,30
COLGALT2:NM_001303420,77
APOBEC4:NM_203454,5
RGL1:NM_001297670,60
ARPC5:NM_001270439,8
NCF2:NM_001127651,12
SMG7:NM_001394147,56
NMNAT2:NM_015039,41
LAMC2:NM_005562,27
LAMC1:NM_002293,26
SHCBP1L:NM_001345928,5
DHX9:NM_001357,63
NPL:NM_001200050,34
RGS8:NM_001387847,33
RGS16:NM_002928,8
RNASEL:NM_021133,12
RGSL1:NM_001137669,27
TEDDM1:NM_172000,3
GLUL:NM_002065,23
ZNF648:NM_001009992,4
CACNA1E:NM_001205294,107
IER5:NM_016545,8
MR1:NM_001194999,10
STX6:NM_005819,41
KIAA1614:NM_020950,22
XPR1:NM_001135669,110
LHX4-AS1:NR_037642,11
ACBD6:NM_032360,80
LHX4:NM_033343,35
QSOX1:NM_002826,41
CEP350:NM_014810,90
TOR1AIP1:NM_015602,18
TOR1AIP2:NM_001349935,24
FAM163A:NM_001329713,29
TDRD5:NM_001199091,18
NPHS2:NM_014625,3
AXDND1:NM_144696,29
SOAT1:NM_001252512,27
ABL2:NM_007314,70
TOR3A:NM_022371,30
FAM20B:NM_001324310,28
ANGPTL1:NM_004673,6
RALGPS2:NM_001286247,40
TEX35:NM_001170724,2
CLEC20A:NM_001395331,5
RASAL2:NM_170692,56
SEC16B:NM_001390835,12
CRYZL2P-SEC16B:NM_001356505,24
BRINP2:NM_021165,29
ASTN1:NM_001286164,82
PAPPA2:NM_020318,81
COP1:NM_022457,84
TNR:NM_003285,117
KIAA0040:NM_001162893,13
TNN:NM_022093,25
MRPS14:NM_022100,12
CACYBP:NM_001007214,14
GPR52:NM_005684,1
RABGAP1L:NM_001366448,248
RC3H1:NM_172071,59
SERPINC1:NM_001365052,7
ZBTB37:NM_001346115,22
DARS2:NM_001365212,22
CENPL:NM_001387285,13
KLHL20:NM_014458,48
TEX50:NM_001195190,3
ANKRD45:NM_198493,16
SLC9C2:NM_178527,19
PRDX6:NM_004905,24
TNFSF4:NM_003326,5
TNFSF18:NM_005092,2
FASLG:NM_001302746,5
SUCO:NM_016227,30
PIGC:NM_002642,2
C1orf105:NM_139240,12
DNM3:NM_001350206,95
METTL13:NM_014955,31
VAMP4:NM_003762,28
MYOC:NM_000261,4
MYOCOS:NM_001368164,4
PRRC2C:NM_015172,65
FMO4:NM_002022,8
FMO1:NM_002021,8
FMO2:NM_001365900,3
FMO3:NM_006894,3
MROH9:NM_001163629,26
PRRX1:NM_022716,16
GORAB:NM_152281,17
NTMT2:NM_001136107,3
KIFAP3:NM_001204514,32
SCYL3:NM_181093,34
METTL18:NM_033418,5
C1orf112:NM_001320047,43
SELE:NM_000450,5
SELL:NM_000655,2
SELP:NM_003005,12
F5:NM_000130,16
SLC19A2:NM_001319667,14
CCDC181:NM_001300968,16
BLZF1:NM_003666,25
NME7:NM_013330,48
ATP1B1:NM_001677,7
DPT:NM_001937,19
XCL1:NM_002995,2
XCL2:NM_003175,0
TBX19:NM_005149,13
SFT2D2:NM_199344,25
TIPRL:NM_152902,17
GPR161:NM_001349632,24
MPC2:NM_001143674,11
DCAF6:NM_001349778,79
ADCY10:NM_001297772,35
MPZL1:NM_001146191,55
RCSD1:NM_001322924,75
CREG1:NM_003851,18
CD247:NM_001378515,33
POU2F1:NM_001365849,72
STYXL2:NM_001080426,15
GPA33:NM_005814,8
MAEL:NM_001286378,18
ILDR2:NM_199351,14
TADA1:NM_053053,13
POGK:NM_001314014,36
FAM78B:NM_001320302,38
UCK2:NM_012474,84
TMCO1:NM_001256165,33
ALDH9A1:NM_001365774,26
MGST3:NM_004528,18
LRRC52:NM_001005214,8
RXRG:NM_001256570,14
LMX1A:NM_177398,44
PBX1:NM_001353131,74
NMNAT1P2:NMNAT1P2,0
NUF2:NM_031423,17
RGS5:NM_001254748,43
RGS4:NM_001102445,2
CCDC190:NM_178550,6
HSD17B7:NM_016371,0
DDR2:NM_001354983,49
UAP1:NM_001324116,48
UHMK1:NM_001184763,31
SH2D1B:NM_053282,7
C1orf226:NM_001135240,9
SPATA46:NM_182581,2
NOS1AP:NM_001164757,80
OLFML2B:NM_001347700,13
ATF6:NM_007348,90
DUSP12:NM_007240,5
FCRLB:NM_001002901,1
FCRLA:NM_001184871,4
FCGR2B:NM_001386002,3
FCGR3B:NM_000570,1
FCGR2C:NR_047648,0
FCGR3A:NM_001329120,1
HSPA6:NM_002155,0
FCGR2A:NM_001375297,10
CFAP126:NM_001013625,3
SDHC:NM_001035513,28
MPZ:NM_001315491,1
PCP4L1:NM_001102566,7
NR1I3:NM_001077482,6
TOMM40L:NM_001286374,6
APOA2:NM_001643,3
FCER1G:NM_004106,3
NDUFS2:NM_001377298,10
ADAMTS4:NM_005099,3
B4GALT3:NM_001199873,15
PPOX:NM_001365401,9
USP21:NM_001319848,11
UFC1:NM_016406,7
DEDD:NM_001330765,15
NIT1:NM_001185092,12
PFDN2:NM_012394,24
KLHDC9:NM_152366,12
NECTIN4:NM_030916,8
ARHGAP30:NM_001025598,4
USF1:NM_007122,10
TSTD1:NM_001113205,7
F11R:NM_001382727,16
ITLN2:NM_080878,5
ITLN1:NM_017625,1
CD244:NM_001166663,9
LY9:NM_001261457,8
SLAMF7:NM_001282595,2
CD48:NM_001778,6
SLAMF1:NM_001330754,19
CD84:NM_001184879,22
SLAMF6:NM_001184714,12
VANGL2:NM_020335,19
NHLH1:NM_005598,3
NCSTN:NM_001290186,28
COPA:NM_001098398,74
PEX19:NM_001193644,12
DCAF8:NM_015726,37
PEA15:NM_001297578,12
CASQ1:NM_001231,2
ATP1A4:NM_144699,9
ATP1A2:NM_000702,5
IGSF8:NM_001206665,7
KCNJ9:NM_004983,5
KCNJ10:NM_002241,9
PIGM:NM_145167,2
SLAMF9:NM_033438,1
IGSF9:NM_001135050,4
TAGLN2:NM_003564,8
CFAP45:NM_012337,11
VSIG8:NM_001013661,2
SLAMF8:NM_001330741,5
FCRL6:NM_001284217,6
DUSP23:NM_017823,0
CRP:NM_000567,2
APCS:NM_001639,1
OR10J5:NM_001004469,0
OR10J4:NR_145510,0
OR10J1:NM_001363558.2_2,2
FCER1A:NM_002001.4_2,4
ACKR1:NM_002036,2
CADM3:NM_001346510,10
AIM2:NM_004833,6
IFI16:NM_001376591,7
PYDC5:NM_001320010,1
PYHIN1:NM_198930,5
MNDA:NM_002432,3
OR6N2:NM_001005278,2
OR6N1:NM_001005185,1
OR6K6:NM_001005184,1
OR6K3:NM_001005327,0
OR6K2:NM_001005279,0
SPTA1:NM_003126,64
OR10Z1:NM_001004478,8
OR10X1:NM_001004477,2
OR6P1:NM_001160325,0
OR6Y1:NM_001005189,3
OR10R2:NM_001395749,1
OR10K1:NM_001004473,0
OR10K2:NM_001004476,2
OR10T2:NM_001004475,0
CD1E:NM_001185110,1
CD1C:NM_001765,1
CD1B:NM_001764,2
CD1A:NM_001320652,2
CD1D:NM_001371763,1
SMIM42:NM_001395415,2
KIRREL1:NM_001286349,25
CD5L:NM_001347698,2
FCRL1:NM_052938,7
FCRL2:NM_030764,9
FCRL3:NM_052939,5
FCRL4:NM_031282,6
FCRL5:NM_031281,5
ETV3:NM_001145312,20
ETV3L:NM_001004341,2
ARHGEF11:NM_001377418,77
LRRC71:NM_144702,5
PEAR1:NM_001080471,12
INSRR:NM_014215,9
NTRK1:NM_001007792,35
SH2D2A:NM_001161441,14
PRCC:NM_005973,30
HDGF:NM_001319186,8
MRPL24:NM_145729,4
METTL25B:NM_001142560,8
ISG20L2:NM_001370151,8
CRABP2:NM_001199723,3
NES:NM_006617,7
BCAN:NM_021948.5_2,39
HAPLN2:NM_021817.3_2,4
GPATCH4:NM_182679,10
NAXE:NM_144772.3_2,5
TTC24:NM_001105669.4_2,4
IQGAP3:NM_178229.5_2,53
MEF2D:NM_005920.4_2,36
RHBG:NM_020407,4
TSACC:NM_144627,2
CCT3:NM_005998,35
VHLL:NM_001004319,0
GLMP:NM_001256609,0
TMEM79:NR_026678,7
SMG5:NM_001323617,65
PAQR6:NM_024897,5
BGLAP:NM_199173,4
PMF1:NM_001393915,16
PMF1-BGLAP:NM_001199664,18
SLC25A44:NM_001377389,12
SEMA4A:NM_001370568,13
LMNA:NM_001282625,38
MEX3A:NM_001093725,8
RAB25:NM_020387,1
LAMTOR2:NM_001145264,3
UBQLN4:NM_020131,11
SSR2:NM_003145,17
ARHGEF2:NM_001350112,52
RXFP4:NM_181885,3
KHDC4:NM_014949,26
RIT1:NM_006912,11
SYT11:NM_152280,15
GON4L:NM_001282856,80
DAP3:NM_001199851,25
YY1AP1:NM_001198906,24
MSTO1:NM_001256533,2
ASH1L:NM_001366177,101
RUSC1:NM_001105204,9
FDPS:NM_001242825,16
PKLR:NM_000298.6_2,14
HCN3:NM_020897.3_2,16
CLK2:NM_001294338.2_2,20
SCAMP3:NM_005698.4_2,8
FAM189B:NM_006589.3_2,9
GBA:NM_001005741.3_2,3
MTX1:NM_198883.3_2,0
THBS3:NM_007112,6
MUC1:NM_001204286,4
TRIM46:NM_001282378,6
KRTCAP2:NM_173852,6
DPM3:NM_153741,4
SLC50A1:NM_001287592,10
EFNA1:NM_182685,6
EFNA3:NM_004952,5
EFNA4:NM_182689,5
ADAM15:NM_207191,10
DCST1:NM_001143687,4
DCST2:NM_144622,6
ZBTB7B:NM_001377455,15
LENEP:NM_018655,4
FLAD1:NM_201398,15
CKS1B:NM_001826,4
SHC1:NM_003029,24
PYGO2:NM_138300,12
PBXIP1:NM_020524,6
PMVK:NM_001323012,6
KCNN3:NM_001204087,49
ADAR:NM_001365045,33
CHRNB2:NM_000748,4
UBE2Q1:NM_017582,17
TDRD10:NM_182499,16
SHE:NM_001010846,7
IL6R:NM_001382774,14
ATP8B2:NM_001370596,42
AQP10:NM_080429,5
HAX1:NM_001018837,9
UBAP2L:NM_001287816,56
C1orf43:NM_001098616,14
CFAP141:NM_001010979,5
TPM3:NM_001364680,35
NUP210L:NM_207308,23
RPS27:NM_001030,1
RAB13:NM_002870,4
JTB:NM_006694,9
CREB3L4:NM_001255980,7
SLC39A1:NM_001271960,9
CRTC2:NM_181715,14
DENND4B:NM_014856,27
GATAD2B:NM_020699.4_2,57
SLC27A3:NM_001317929.4_2,3
INTS3:NM_001324475.2_2,35
NPR1:NM_000906,3
ILF2:NM_001267809,12
SNAPIN:NR_052020,7
CHTOP:NM_001244664,10
S100A1:NM_006271,1
S100A13:NM_001024210,8
S100A14:NM_020672,1
S100A16:NM_080388,2
S100A2:NM_005978,3
S100A3:NM_002960,0
S100A4:NM_019554,3
S100A5:NM_001394234,5
S100A6:NM_014624,2
S100A7:NM_002963,1
S100A7A:NM_176823,4
S100A8:NM_001319198,11
S100A12:NM_005621,2
S100A9:NM_002965,2
PGLYRP4:NM_020393,4
PGLYRP3:NM_052891,5
LORICRIN:NM_000427,1
PRR9:NM_001195571,2
LELP1:NM_001010857,0
SPRR2G:NM_001014291,0
SPRR2F:NM_001382255,1
SPRR2E:NM_001024209,0
SPRR2B:NM_001388198,0
SPRR2A:NM_005988,1
SPRR2D:NM_001382248,0
SPRR1B:NM_003125,0
SPRR3:NM_001097589,0
SPRR1A:NM_005987,2
SPRR4:NM_173080,1
SPRR5:NM_001395435,0
IVL:NM_005547,2
SMCP:NM_030663,2
LCE7A:NM_001395990,1
LCE6A:NM_001128600,1
LCE1A:NM_178348,0
LCE1B:NM_178349,0
LCE1C:NM_178351,1
LCE1D:NM_178352,0
LCE1E:NM_178353,0
LCE1F:NM_178354,1
KPRP:NM_001025231,1
C1orf68:NM_001024679,0
LCE4A:NM_001387222,0
LCE2A:NM_178428,2
LCE2B:NM_014357,1
LCE2C:NM_178429,0
LCE2D:NM_178430,1
LCE3A:NM_178431,2
LCE3B:NM_178433,0
LCE3C:NM_178434,2
LCE3D:NM_032563,2
LCE3E:NM_178435,1
CRCT1:NM_019060,1
LCE5A:NM_178438,2
CRNN:NM_016190,2
FLG2:NM_001014342,6
FLG:NM_002016,3
HRNR:NM_001009931,1
RPTN:NM_001122965,0
TCHH:NM_007113,2
TCHHL1:NM_001008536,0
S100A11:NM_005620,5
S100A10:NM_002966,4
THEM4:NM_053055,14
THEM5:NM_182578,2
C2CD4D:NM_001136003,1
RORC:NM_005060,9
LINGO4:NM_001004432,9
TDRKH:NM_006862,10
OAZ3:NM_001134939,1
MRPL9:NM_031420,7
RIIAD1:NM_001144956,0
CELF3:NM_001172648,9
SNX27:NM_001330723,31
TUFT1:NM_001126337,9
CGN:NM_020770,6
POGZ:NM_015100,40
PSMB4:NM_002796,6
SELENBP1:NM_001258289,9
RFX5:NM_001379415,13
PI4KB:NM_001369628,48
ZNF687:NM_001304764,18
PSMD4:NM_002810,12
PIP5K1A:NM_001135637,10
VPS72:NM_001271087,16
TMOD4:NM_013353,8
SCNM1:NM_024041,3
TNFAIP8L2:NM_024575,7
TNFAIP8L2-SCNM1:NM_001204848,11
LYSMD1:NM_212551,9
SEMA6C:NM_001178061,6
GABPB2:NM_001323913,15
MLLT11:NM_006818,7
CDC42SE1:NM_001038707,18
C1orf56:NM_017860,9
BNIPL:NM_138278,9
PRUNE1:NM_001303229,23
MINDY1:NM_018379,5
ANXA9:NM_003568,6
CERS2:NM_181746,15
SETDB1:NM_001393960,46
CTXND2:NM_001384189,6
ARNT:NM_001350224,15
CTSK:NM_000396,10
CTSS:NM_004079,4
HORMAD1:NM_032132,5
GOLPH3L:NM_018178,19
ENSA:NM_207042,8
MCL1:NM_021960,10
ADAMTSL4-AS1:NR_104133,16
ADAMTSL4:NM_001288608,19
ECM1:NM_001202858,13
TARS2:NM_001271896,27
RPRD2:NM_001387114,46
PRPF3:NM_001350529,21
MRPS21:NM_031901,12
CIART:NM_001300840,2
C1orf54:NM_001301040,2
APH1A:NM_016022,6
CA14:NM_012113,7
ANP32E:NM_030920,7
PLEKHO1:NM_001304724,13
VPS45:NM_001279353,27
OTUD7B:NM_020205,29
MTMR11:NM_001145862,7
SF3B4:NM_005850,6
SV2A:NM_014849,5
BOLA1:NM_016074,0
H2AC21:NM_175065,1
H2AC20:NM_003517,1
H2BC21:NM_003528,1
H3C15:NM_001005464,0
H2AC19:NM_001040874,0
H4C15:NR_168447,0
H2AC18:NM_003516,0
H3C14:NM_021059,0
H4C14:NM_003548,0
H3C13:NM_001123375,0
FCGR1A:NR_166123,0
H2BC18:NM_001161334,0
PPIAL4C:NM_001135789,0
NBPF19:NM_001351365,0
NOTCH2NLC:NM_001364013,0
NBPF9:NM_001388368,0
PDE4DIP:NM_001395302,11
NUDT4B:NM_001355407,0
NOTCH2NLB:NM_001395234,0
NBPF14:NM_001395631,0
PPIAL4G:NM_001123068,0
NBPF11:NM_001385473,1
GPR89B:NM_001350180,3
GJA8:NM_005267,1
GJA5:NM_005266,5
ACP6:NM_016361,10
BCL9:NM_004326,22
FMO5:NM_001144829,6
CHD1L:NM_001348451,68
PRKAB2:NM_005399,7
NBPF12:NM_001278141,1
PPIAL4H:NM_001368128,0
NOTCH2NLA:NM_001395232,0
NBPF10:NM_001039703,0
HJV:NM_001379352,4
TXNIP:NM_006472,12
ANKRD34A:NM_001039888,3
LIX1L:NM_153713,7
POLR3GL:NM_001330685,12
RBM8A:NM_005105,9
PEX11B:NM_003846,7
ITGA10:NM_003637,12
ANKRD35:NM_144698,5
PIAS3:NM_006099,12
NUDT17:NM_001012758,6
POLR3C:NM_006468,20
RNF115:NM_014455,32
CD160:NM_007053,8
PDZK1:NM_002614,2
GPR89A:NM_001097612,0
NBPF20:NM_001397211,0
PPIAL4D:NM_001164261,0
SRGAP2B:NM_001385228,1
PPIAL4F:NM_001164262.3_2,0
NBPF15:NM_001385426,0
PPIAL4E:NM_001144032,0
FAM72C:NM_001346067,0
H3-7:NM_001355409,0
SRGAP2C:NM_001271872,1
FAM72B:NM_001100910,0
PPIAL4A:NM_001143883.4_2,0
NOTCH2NLR:NM_001396072.1_2,0
NBPF26:NM_001395637.1_2,1
SEC22B:NM_004892,2
NOTCH2:NM_024408,20
ADAM30:NM_021794,2
REG4:NM_001159352,8
HMGCS2:NM_001166107,6
PHGDH:NM_006623,43
ZNF697:NM_001080470,11
HSD3B1:NM_001328615,1
HSD3B2:NM_001166120,5
HAO2:NM_016527,6
WARS2:NM_201263,30
TBX15:NM_152380,36
SPAG17:NM_206996,61
WDR3:NM_006784,37
GDAP2:NM_017686,48
TENT5C:NM_017709,18
MAN1A2:NM_006699,53
VTCN1:NM_024626,20
TRIM45:NM_025188,4
TTF2:NM_003594,59
CD101:NM_001256111,19
PTGFRN:NM_020440,86
CD2:NM_001767,5
IGSF3:NM_001542,33
CD58:NM_001779,49
ATP1A1:NM_000701,49
MAB21L3:NM_152367,8
SLC22A15:NM_018420,18
NHLH2:NM_005599,4
CASQ2:NM_001232,25
VANGL1:NM_001172411,46
NGF:NM_002506,15
TSPAN2:NM_005725,13
TSHB:NM_000549,2
SYCP1:NM_003176,18
SIKE1:NM_001102396,9
CSDE1:NM_001242891,43
NRAS:NM_002524,10
AMPD1:NM_000036,8
DENND2C:NM_001256404,20
BCAS2:NM_005872,16
TRIM33:NM_015906,76
SYT6:NM_001253772,31
OLFML3:NM_020190,3
HIPK1:NM_198268,50
DCLRE1B:NM_001319947,13
AP4B1:NM_006594,14
BCL2L15:NM_001010922,2
PTPN22:NM_001193431,9
RSBN1:NM_018364,31
PHTF1:NM_001323042,29
MAGI3:NM_001142782,55
LRIG2:NM_014813,36
SLC16A1:NM_001166496.2_2,41
TAFA3:NM_182759,4
PPM1J:NM_005167,3
RHOC:NM_001042678,10
MOV10:NM_001130079,40
CAPZA1:NM_006135,39
ST7L:NM_001308264,49
WNT2B:NM_001291880,19
CTTNBP2NL:NM_018704,15
KCND3:NM_001378969,71
DDX20:NM_007204,15
INKA2:NM_198926,21
RAP1A:NM_001370216,84
ADORA3:NM_001302678,2
TMIGD3:NM_001081976,22
C1orf162:NM_001300835,6
ATP5PB:NM_001688,19
WDR77:NM_001317062,29
OVGP1:NM_002557,7
PIFO:NM_001300831,4
CHIA:NM_001258002,10
CHI3L2:NM_001025197,9
DENND2D:NM_001271833,26
CEPT1:NM_001007794,42
DRAM2:NM_001349881,24
LRIF1:NM_018372,14
CD53:NM_001040033,30
KCNA3:NR_109845,5
KCNA2:NM_001204269,12
KCNA10:NM_005549,2
PROK1:NM_032414,2
LAMTOR5:NM_006402,11
SLC16A4:NM_004696,13
RBM15:NM_001201545,11
KCNC4:NM_001377331,13
SLC6A17:NM_001010898,28
UBL4B:NM_203412,1
ALX3:NM_006492,6
STRIP1:NM_001270768,41
AHCYL1:NM_006621,39
CSF1:NM_172211,23
EPS8L3:NM_139053,7
GSTM3:NM_000849,7
GSTM5:NM_000851,1
GSTM1:NM_146421,0
GSTM2:NM_001142368,4
GSTM4:NM_147148,6
AMPD2:NM_139156,19
GNAT2:NM_001377295,11
GNAI3:NM_006496,32
GPR61:NM_031936,1
AMIGO1:NM_020703,6
CYB561D1:NM_001134402,6
ATXN7L2:NM_153340,11
SYPL2:NM_001040709,7
PSMA5:NM_002790,29
SORT1:NM_002959,80
MYBPHL:NM_001010985,9
PSRC1:NM_001350237,9
CELSR2:NM_001408,36
SARS1:NM_001330669,31
ELAPOR1:NM_001284352,30
CFAP276:NM_001366200,9
TMEM167B:NM_020141,7
TAF13:NM_005645,3
WDR47:NM_001142550,34
CLCC1:NM_001377459,31
GPSM2:NM_001321038,23
AKNAD1:NR_049760,11
STXBP3:NM_007269,32
FNDC7:NM_001144937,15
PRPF38B:NM_018061,8
HENMT1:NM_144584,11
FAM102B:NM_001010883,38
NBPF6:NM_001143988.2_2,1
NBPF4:NM_001143989.3_2,0
SLC25A24:NM_013386.5_2,42
VAV3:NM_006113,75
NTNG1:NM_014917,54
PRMT6:NM_018137,4
AMY1C:NM_001346780,0
AMY1B:NM_001386925,0
AMY1A:NM_001008221,0
AMY2A:NM_000699,0
AMY2B:NM_020978,2
RNPC3:NM_017619,9
COL11A1:NM_001854,17
OLFM3:NM_001288823,18
DPH5:NM_001077394,38
SLC30A7:NM_001144884,32
EXTL2:NR_048570,10
VCAM1:NM_001199834,2
GPR88:NM_022049,1
CDC14A:NM_003672,101
RTCA:NM_003729,24
DBT:NM_001399969,28
LRRC39:NM_001256385,9
TRMT13:NM_001393410,9
SASS6:NM_194292,19
MFSD14A:NM_033055,27
SLC35A3:NM_001271684,17
AGL:NM_000642,24
FRRS1:NM_001361041,30
PALMD:NM_017734,12
PLPPR4:NM_001166252,6
PLPPR5:NM_001037317,24
SNX7:NM_152238,9
DPYD:NM_000110,91
PTBP2:NM_001300990,33
RWDD3:NR_103484,9
TLCD4-RWDD3:NM_001199691,48
TLCD4:NM_001199679,36
ALG14:NM_001305242,26
CNN3:NM_001839,1
SLC44A3:NM_001258343,15
F3:NM_001993,4
ABCD3:NM_002858,24
ARHGAP29:NM_001328664,7
ABCA4:NM_000350,38
GCLM:NM_002061,15
DNTTIP2:NM_014597,12
BCAR3:NM_001261408,79
FNBP1L:NM_017737,34
DR1:NM_001938,14
CCDC18:NM_001306076,38
TMED5:NM_001167830,14
MTF2:NM_001164393,32
DIPK1A:NM_001252273,37
RPL5:NR_146333,19
EVI5:NM_001308248,59
GFI1:NM_005263,5
RPAP2:NM_024813,40
GLMN:NM_053274,19
C1orf146:NM_001012425,2
BTBD8:NM_001376131,15
SETSIP:NM_001287737,0
EPHX4:NM_173567,4
BRDT:NM_001242807,13
TGFBR3:NM_001195684,89
CDC7:NM_001134419,16
HFM1:NM_001017975,22
ZNF644:NM_201269,41
BARHL2:NM_020063,1
ZNF326:NM_001320185,20
LRRC8D:NM_001134479,84
LRRC8C:NM_032270,26
LRRC8B:NM_001369817,49
GBP6:NM_001320257,1
GBP5:NM_052942,5
GBP4:NM_052941,4
GBP7:NM_207398,1
GBP2:NM_004120,3
GBP1:NM_002053,1
GBP3:NM_001319179,8
RBMXL1:NM_001162536,7
KYAT3:NR_146183,35
GTF2B:NM_001514,18
PKN2:NM_001320708,55
LMO4:NM_006769,12
HS2ST1:NM_012262,59
SH3GLB1:NM_001206653,16
CLCA4:NM_012128,6
CLCA1:NM_001285,6
CLCA2:NM_006536,6
ODF2L:NM_001184765,7
COL24A1:NR_146340,38
ZNHIT6:NM_017953,24
CCN1:NM_001554,2
DDAH1:NM_001134445,32
BCL10:NM_003921,2
C1orf52:NM_198077,6
SYDE2:NM_032184,15
DNAI3:NM_001288563,16
MCOLN3:NM_018298,8
MCOLN2:NM_001330647,20
LPAR3:NM_012152,17
SSX2IP:NM_001166417,37
CTBS:NM_004388,10
SPATA1:NM_001397487,14
GNG5:NM_005274,3
RPF1:NM_025065,14
DNASE2B:NM_021233,4
SAMD13:NM_001010971,10
PRKACB:NM_002731,19
TTLL7:NM_001350214,14
ADGRL2:NM_001393349,81
ADGRL4:NM_022159,12
IFI44:NR_135640,4
IFI44L:NM_001375648,2
PTGFR:NM_000959,5
GIPC2:NM_001304725,9
DNAJB4:NM_001317102,9
FUBP1:NM_001303433,30
NEXN:NM_001172309,12
MIGA1:NM_001394572,28
USP33:NM_001377439,18
ZZZ3:NM_001376146,33
AK5:NM_174858,46
PIGK:NM_005482,32
ST6GALNAC5:NM_001320274,29
ST6GALNAC3:NM_001349109,92
ASB17:NM_080868,3
MSH4:NM_002440,13
RABGGTB:NR_073562,6
ACADM:NM_001286044,25
SLC44A5:NM_001320283,53
LHX8:NM_001001933,7
TYW3:NM_001162916,23
CRYZ:NM_001130042,19
ERICH3:NM_001002912,11
LRRC53:NM_001382280,9
TNNI3K:NM_015978,38
FPGT:NM_001199329,1
FPGT-TNNI3K:NM_001112808,43
LRRIQ3:NM_001105659,11
NEGR1:NM_173808,99
ZRANB2:NM_005455,13
PTGER3:NM_198714,45
CTH:NM_001190463,10
ANKRD13C:NM_030816,29
SRSF11:NM_001190987,32
LRRC40:NM_017768,14
LRRC7:NM_001366838,89
DEPDC1:NM_001114120,11
RPE65:NM_000329,3
WLS:NM_001002292,31
DIRAS3:NM_004675,1
GNG12:NM_018841,39
GADD45A:NM_001199741,9
SERBP1:NM_001018067,13
IL12RB2:NM_001559,46
IL23R:NM_144701,38
C1orf141:NM_001276352,5
SLC35D1:NM_015139,31
MIER1:NM_001146113,32
DNAI4:NM_024763,17
INSL5:NM_005478,0
DYNLT5:NM_152665,3
SGIP1:NM_001376549,37
PDE4B:NM_001297440,81
LEPROT:NM_017526,15
LEPR:NM_002303,87
DNAJC6:NM_014787,107
AK4:NM_203464,33
JAK1:NM_001321853,100
RAVER2:NM_018211,20
CACHD1:NM_020925,40
UBE2U:NM_001366233,8
ROR1:NM_005012,72
PGM1:NM_002633,14
EFCAB7:NM_032437,8
ITGB3BP:NM_001206739,21
ALG6:NM_013339,21
FOXD3:NM_012183,0
ATG4C:NM_178221,20
ANGPTL3:NM_014495,4
DOCK7:NM_001367561,53
USP1:NM_001017416,6
KANK4:NM_181712,18
L1TD1:NM_019079,5
PATJ:NM_176877,57
TM2D1:NM_032027,19
NFIA:NM_001145511,168
C1orf87:NM_152377,6
CYP2J2:NM_000775,14
HOOK1:NM_015888,7
FGGY:NM_001350796,94
JUN:NM_002228,1
MYSM1:NM_001085487,25
TACSTD2:NM_002353,2
OMA1:NM_145243,27
DAB1:NM_001379461,263
C8B:NM_001278543,10
C8A:NM_000562,11
FYB2:NM_001004303,18
PRKAA2:NM_006252,8
PLPP3:NM_003713,25
USP24:NM_015306,87
PCSK9:NM_174936,40
BSND:NM_057176,5
TMEM61:NM_182532,6
DHCR24:NM_014762,53
LEXM:NM_001110533,4
TTC22:NM_001114108,14
PARS2:NM_152268,8
TTC4:NM_001291333,39
MROH7:NM_001291332,26
MROH7-TTC4:NR_037640,65
FAM151A:NM_176782,4
ACOT11:NM_015547,26
SSBP3:NM_001394367,211
MRPL37:NM_001330602,48
CYB5RL:NM_001031672,26
CDCP2:NM_001353655,7
TCEANC2:NR_130900,29
TMEM59:NM_001305049,12
LDLRAD1:NM_001010978,5
LRRC42:NM_052940,16
HSPB11:NM_001382261,18
DIO1:NM_213593,12
YIPF1:NM_018982,27
NDC1:NM_018087,54
GLIS1:NM_001390836,93
DMRTB1:NM_033067,8
LRP8:NM_004631,135
MAGOH:NM_002370,20
CZIB:NM_017887,13
CPT2:NM_001330589,18
SLC1A7:NM_001287595,17
PODN:NM_153703,10
SCP2:NM_001193617,42
ECHDC2:NM_001198962,20
ZYG11A:NM_001307931,46
ZYG11B:NM_024646,53
COA7:NM_023077,19
SHISAL2A:NR_135156,9
GPX7:NM_015696,2
TUT4:NM_001009881,59
PRPF38A:NM_032864,21
ORC1:NM_004153,57
CC2D1B:NM_032449,29
ZFYVE9:NM_007324,70
BTF3L4:NM_001136497,34
KTI12:NM_138417,1
TXNDC12:NM_015913,21
RAB3B:NM_002867,30
NRDC:NM_002525,71
OSBPL9:NM_148906,96
EPS15:NM_001981,94
TTC39A:NM_001144832,19
RNF11:NM_014372,16
C1orf185:NM_001136508,11
CDKN2C:NM_001262,3
FAF1:NM_007051,264
DMRTA2:NM_032110,3
ELAVL4:NM_001144777,43
BEND5:NM_001349795,12
AGBL4:NM_001323574,268
SPATA6:NM_019073,27
SLC5A9:NM_001011547,6
TRABD2B:NM_001194986,77
FOXD2:NM_004474,1
FOXE3:NM_012186,0
CMPK1:NM_001136140,29
STIL:NM_001377417,50
TAL1:NM_003189,29
PDZK1IP1:NM_005764,5
CYP4A22:NM_001010969,2
CYP4Z1:NM_178134,4
CYP4X1:NM_001320289,20
CYP4A11:NM_000778,1
CYP4B1:NM_001319163,9
EFCAB14:NM_014774,46
TEX38:NM_001300864,8
ATPAF1:NM_022745,27
MOB3C:NM_201403,5
MKNK1:NM_001377375,54
KNCN:NM_001322255,5
TMEM275:NM_001396071,1
DMBX1:NM_001387775,18
FAAH:NM_001441,8
NSUN4:NM_001387270,36
UQCRH:NM_001297566,17
LRRC41:NM_006369,29
RAD54L:NM_001370766,67
LURAP1:NM_001013615,6
POMGNT1:NM_001243766,19
P3R3URF:NM_001328655,1
TSPAN1:NM_005727,3
PIK3R3:NM_001328648,49
P3R3URF-PIK3R3:NM_001303427,49
MAST2:NM_001319245,127
IPP:NM_001145349,23
TMEM69:NM_016486,6
GPBP1L1:NM_021639,58
CCDC17:NM_001114938,15
NASP:NM_001195193,52
AKR1A1:NM_001202413,30
PRDX1:NM_001202431,17
MMACHC:NM_015506,18
CCDC163:NM_001358406,6
TESK2:NM_007170,47
TOE1:NM_025077,14
MUTYH:NM_001128425,19
HPDL:NM_032756,4
ZSWIM5:NM_020883,36
UROD:NM_000374,8
HECTD3:NM_024602,18
EIF2B3:NM_020365,113
PTCH2:NM_001166292,12
BTBD19:NM_001394563,8
DYNLT4:NM_001013632,10
PLK3:NM_004073,12
BEST4:NM_153274,1
RPS8:NM_001012,11
KIF2C:NM_001297655,69
ARMH1:NM_001145636,12
TMEM53:NM_024587,5
RNF220:NM_001319956,105
ERI3:NM_001301700,145
DMAP1:NM_001034024,17
KLF18:NM_001358438,1
KLF17:NM_173484,2
SLC6A9:NM_001024845,23
CCDC24:NM_001349127,3
B4GALT2:NM_003780,22
ATP6V0B:NM_001039457,12
DPH2:NM_001319168,9
IPO13:NM_014652,25
ARTN:NM_001136215,4
ST3GAL3:NM_001270462,117
KDM4A:NM_014663,88
PTPRF:NM_001329137,72
HYI:NM_001190880,3
SZT2:NM_015284,73
MED8:NM_001001653,15
ELOVL1:NM_022821,15
CDC20:NM_001255,12
MPL:NM_005373,7
TIE1:NM_001253357,15
C1orf210:NM_182517,1
TMEM125:NM_144626,6
CFAP57:NM_001378189,29
EBNA1BP2:NM_001159936,18
FAM183A:NM_001101376,5
SLC2A1:NM_006516,101
ZNF691:NM_015911,6
ERMAP:NM_001017922,24
SVBP:NM_199342,6
TMEM269:NM_001354602,14
C1orf50:NM_024097,9
P3H1:NM_001243246,19
CLDN19:NM_001123395,4
YBX1:NM_004559,30
PPIH:NM_006347,22
PPCS:NM_001287511,5
CCDC30:NM_001355226,30
ZMYND12:NM_032257,10
RIMKLA:NM_173642,12
FOXJ3:NM_001198850,97
GUCA2A:NM_033553,2
GUCA2B:NM_007102,1
HIVEP3:NM_024503,136
EDN2:NM_001956,4
FOXO6:NM_001291281.3_2,10
SCMH1:NM_001394302,66
SLFNL1:NM_001377532,15
CTPS1:NM_001905,70
CITED4:NM_133467,0
KCNQ4:NM_172163,47
NFYC:NM_001142589,72
RIMS3:NM_014747,13
ZNF684:NM_152373,15
EXO5:NM_001346948,2
ZFP69:NM_198494,12
ZFP69B:NM_001369565,8
SMAP2:NM_022733,68
COL9A2:NM_001852,6
ZMPSTE24:NM_005857,46
TMCO2:NM_001008740,0
RLF:NM_012421,59
PPT1:NM_001363695,32
CAP1:NM_001350480,38
MFSD2A:NM_001349821,5
MYCL:NM_001033081,7
TRIT1:NM_017646,46
OXCT2:NM_022120,0
BMP8B:NM_001720,12
PPIE:NM_001319293,36
HPCAL4:NM_001282396,11
NT5C1A:NM_032526,7
HEYL:NM_014571,6
PABPC4:NM_001135653,33
BMP8A:NM_181809,11
MACF1:NM_012090,279
NDUFS5:NM_001184979,5
AKIRIN1:NM_001136275,16
RHBDL2:NM_017821,19
GJA9:NM_030772,1
MYCBP:NR_037632,6
GJA9-MYCBP:NR_037633,6
RRAGC:NM_022157,15
POU3F1:NM_002699,2
UTP11:NM_016037,20
FHL3:NM_004468,21
SF3A3:NM_006802,44
INPP5B:NM_001365824,68
MTF1:NM_005955,46
C1orf122:NM_001142726,10
YRDC:NM_024640,14
MANEAL:NM_001031740,9
EPHA10:NM_001099439,14
CDCA8:NM_018101,30
C1orf109:NM_001350758,16
RSPO1:NM_001038633,9
GNL2:NM_001323623,41
DNALI1:NM_003462,18
SNIP1:NM_024700,19
MEAF6:NM_022756,20
ZC3H12A:NM_001323550,18
GRIK3:NM_000831,79
CSF3R:NM_156039,7
MRPS15:NM_031280,14
OSCP1:NM_001330493,12
LSM10:NM_032881,7
STK40:NM_032017,63
EVA1B:NM_018166,3
SH3D21:NM_001162530,8
THRAP3:NM_001321473,65
MAP7D1:NM_001286365,24
TRAPPC3:NM_001270895,15
COL8A2:NM_005202,16
ADPRS:NM_017825,11
TEKT2:NM_014466,0
AGO3:NM_177422,58
AGO1:NM_001317123,73
AGO4:NR_146062,26
CLSPN:NM_001330490,42
C1orf216:NM_152374,13
PSMB2:NM_002794,48
TFAP2E:NM_178548,11
NCDN:NM_001014841,11
KIAA0319L:NM_024874,75
ZMYM4:NM_005095,100
SFPQ:NR_136703,20
ZMYM1:NM_001289088,23
ZMYM6:NM_007167,28
TMEM35B:NM_001195156,5
DLGAP3:NM_001080418,27
SMIM12:NM_001164825,14
GJA4:NM_002060,8
GJB3:NM_024009,2
GJB4:NM_153212,1
GJB5:NM_005268,3
C1orf94:NM_032884,17
HMGB4:NM_145205,2
CSMD2:NM_052896,180
ZSCAN20:NM_145238,19
PHC2:NM_001385119,49
A3GALT2:NM_001080438,5
TRIM62:NM_018207,14
ZNF362:NM_152493,17
AZIN2:NM_001376727,12
AK2:NM_013411,47
RNF19B:NM_153341,22
TMEM54:NM_001329722,10
HPCA:NM_002143,8
FNDC5:NM_001171941,12
S100PBP:NM_001256121,33
YARS1:NM_003680,56
KIAA1522:NM_020888,29
SYNC:NM_030786,13
RBBP4:NM_001135255,40
ZBTB8OS:NM_001366255,17
ZBTB8A:NM_001291496,5
ZBTB8B:NM_001145720,10
BSDC1:NM_001300958,48
TSSK3:NM_052841,10
FAM229A:NM_001167676,8
MARCKSL1:NM_023009,9
HDAC1:NM_004964,53
LCK:NM_001330468,6
FAM167B:NM_032648,4
EIF3I:NM_001394168,22
TMEM234:NR_133636,19
DCDC2B:NM_001099434,14
IQCC:NM_018134,6
CCDC28B:NM_024296,6
TXLNA:NM_001376859,32
KPNA6:NM_012316,54
TMEM39B:NM_001319677,35
KHDRBS1:NR_073499,67
PTP4A2:NM_080391,39
SPOCD1:NM_144569,10
ADGRB2:NM_001364857,16
COL16A1:NM_001856,17
PEF1:NM_012392,27
HCRTR1:NM_001525,9
TINAGL1:NM_001204414,9
SERINC2:NM_001199038,5
FABP3:NM_001320996,9
ZCCHC17:NM_001282570,48
SNRNP40:NM_004814,43
NKAIN1:NM_024522,21
PUM1:NM_001020658,143
SDC3:NM_014654,23
LAPTM5:NM_006762,42
MATN1:NM_002379,29
PTPRU:NM_001195001,33
MECR:NM_001349711,66
SRSF4:NM_005626,48
TMEM200B:NM_001003682,5
EPB41:NM_001166007,166
OPRD1:NM_000911,20
YTHDF2:NM_001173128,40
GMEB1:NM_024482,22
TAF12:NM_001135218,26
RAB42:NM_001385188,2
TRNAU1AP:NM_017846,34
RCC1:NM_001381866,48
PHACTR4:NM_001048183,74
MED18:NM_001127350.2_2,9
SESN2:NM_031459.5_2,35
ATP5IF1:NM_016311.5_2,2
DNAJC8:NM_014280.3_2,32
PTAFR:NM_001164721,14
EYA3:NM_001990,78
XKR8:NM_018053,3
SMPDL3B:NM_014474,9
RPA2:NM_001297558,26
THEMIS2:NM_001039477,17
PPP1R8:NM_014110,29
STX12:NM_177424,26
FAM76A:NM_001143915,14
IFI6:NM_022873,6
FGR:NM_005248,9
AHDC1:NM_001371928,81
WASF2:NM_006990,81
GPR3:NM_005281,5
CD164L2:NM_207397,1
FCN3:NM_003665,5
MAP3K6:NM_004672,13
SYTL1:NM_032872,12
TMEM222:NM_032125,20
WDTC1:NM_015023,40
SLC9A1:NM_003047,41
TENT5B:NM_052943,5
TRNP1:NM_001013642,8
KDF1:NM_152365,9
NR0B2:NM_021969,3
NUDC:NM_006600,43
GPATCH3:NM_022078,23
GPN2:NM_018066,27
SFN:NM_006142,0
ZDHHC18:NM_032283,34
PIGV:NM_001374478,15
ARID1A:NM_139135,116
RPS6KA1:NM_002953.4_2,54
HMGN2:NM_005517,8
DHDDS:NM_001243565,48
LIN28A:NM_024674,6
ZNF683:NM_001307925,4
CRYBG2:NM_001039775,21
CD52:NM_001803,7
UBXN11:NM_145345,31
SH3BGRL3:NM_031286,14
CEP85:NM_001281517,76
CATSPER4:NM_198137,11
CNKSR1:NM_001297648,12
ZNF593:NM_015871,0
ZNF593OS:NM_001395468,0
C1orf232:NM_001364669,0
FAM110D:NM_024869,0
PDIK1L:NM_001243532,15
TRIM63:NM_032588,9
SLC30A2:NM_001004434,6
EXTL1:NM_004455,11
PAFAH2:NM_000437,30
STMN1:NM_001145454,24
PAQR7:NM_178422,12
AUNIP:NM_001287490,33
MTFR1L:NM_001099627,33
SELENON:NM_206926,19
MAN1C1:NM_001385184,43
LDLRAP1:NM_015627,29
MACO1:NM_001282564,56
RHCE:NM_001330430,13
TMEM50A:NM_014313,15
RHD:NM_001282867,5
RSRP1:NM_001321772,18
SYF2:NM_015484,15
RUNX3:NM_001031680,18
CLIC4:NM_013943,34
SRRM1:NM_001366592,43
NCMAP:NM_001010980,19
RCAN3:NM_001251984,10
NIPAL3:NM_001322854,53
STPG1:NM_001199012,22
GRHL3:NM_198174,13
IFNLR1:NM_170743,12
IL22RA1:NM_021258,13
MYOM3:NM_152372,23
SRSF10:NM_054016,19
PNRC2:NM_017761,3
CNR2:NM_001841,12
FUCA1:NM_000147,18
HMGCL:NM_000191,19
GALE:NM_001008216,13
LYPLA2:NM_007260,9
PITHD1:NM_020362,8
ELOA:NM_003198,38
RPL11:NM_000975,23
ID3:NM_002167.5_2,3
E2F2:NM_004091.4_2,39
ASAP3:NM_017707.4_2,32
TCEA3:NM_003196.3_2,20
ZNF436:NM_001077195.2_2,12
HNRNPR:NM_001102398.3_2,30
HTR1D:NM_000864,8
LUZP1:NM_001142546,64
KDM1A:NM_015013,61
TEX46:NM_001242521,3
LACTBL1:NM_001289974,10
EPHB2:NM_004442,72
C1QB:NM_001378156,6
C1QC:NM_001347620,1
C1QA:NM_001347466,2
EPHA8:NM_020526,15
ZBTB40:NM_001330398,71
WNT4:NM_030761,12
CDC42:NM_001791,46
CELA3A:NM_005747,0
CELA3B:NM_007352,2
HSPG2:NM_001291860,172
LDLRAD2:NM_001013693,15
USP48:NM_032236,95
RAP1GAP:NM_001388208,53
ALPL:NM_001369804,27
NBPF3:NM_001256417,9
ECE1:NM_001113348,73
EIF4G3:NM_001198802,144
HP1BP3:NM_001372052,51
SH2D5:NM_001103161,7
KIF17:NM_001287212,13
DDOST:NM_005216,29
PINK1:NM_032409,27
CDA:NM_001785,14
FAM43B:NM_207334,2
MUL1:NM_024544,9
CAMK2N1:NM_018584,4
VWA5B1:NM_001377531,23
UBXN10:NM_152376,11
PLA2G2C:NM_001367969,13
PLA2G2F:NM_001360869,9
PLA2G2D:NM_012400,9
PLA2G5:NM_000929,6
PLA2G2A:NM_000300,3
PLA2G2E:NM_014589,0
OTUD3:NM_015207,40
RNF186:NM_019062,4
TMCO4:NM_001349114,36
HTR6:NM_000871,3
NBL1:NM_001278164,6
MICOS10:NM_001204082,34
MICOS10-NBL1:NM_001204089,41
CAPZB:NM_001206541,136
SLC66A1:NR_109848,21
AKR7A2:NM_001320979,13
AKR7A3:NM_012067,4
AKR7L:NR_040288,5
MRTO4:NM_016183,18
EMC1:NM_001375820,63
UBR4:NM_020765,274
IFFO2:NM_001136265,27
ALDH4A1:NM_003748,33
TAS1R2:NM_152232,9
PAX7:NM_001135254,37
KLHDC7A:NM_152375,6
IGSF21:NM_032880,90
ACTL8:NM_030812,16
ARHGEF10L:NM_018125,36
RCC2:NM_018715.4_2,47
PADI6:NM_207421.4_2,11
PADI4:NM_012387.3_2,21
PADI3:NM_016233.2_2,8
PADI1:NM_013358.3_2,9
PADI2:NM_007365.3_2,41
SDHB:NM_003000.3_2,50
ATP13A2:NM_022089.4_2,30
MFAP2:NM_017459.3_2,11
CROCC:NM_014675.5_2,15
NBPF1:NM_017940.6_2,12
NECAP2:NM_001145278.2_2,30
SZRD1:NM_001271869.2_2,23
FBXO42:NM_018994.3_2,73
CPLANE2:NM_030907.4_2,5
ARHGEF19:NM_153213.5_2,9
EPHA2:NM_004431,19
FAM131C:NM_182623,5
CLCNKB:NM_000085,5
CLCNKA:NM_001257139,4
HSPB7:NM_001349682,3
SRARP:NM_178840,2
ZBTB17:NM_001287603,42
SPEN:NM_015001,96
UQCRHL:NM_001089591,0
FBLIM1:NM_001350151,3
TMEM82:NM_001013641,1
SLC25A34:NM_207348,1
PLEKHM2:NM_015164,50
RSC1A1:NM_006511,5
DDI2:NM_032341,60
AGMAT:NM_024758,4
DNAJC16:NM_001287811,44
CASP9:NM_032996,45
CELA2B:NM_015849,14
CELA2A:NM_033440,1
CTRC:NM_007272,8
EFHD2:NM_024329,17
FHAD1:NM_001391957,78
TMEM51:NM_001136217,20
KAZN:NM_201628,287
PRDM2:NM_001135610,47
PDPN:NM_198389,13
LRRC38:NM_001010847,8
PRAMEF20:NM_001099852,8
PRAMEF17:NM_001099851,0
PRAMEF19:NM_001099790,0
PRAMEF14:NM_001024661,0
PRAMEF15:NM_001098376,0
PRAMEF33:NM_001291381.1_4,0
PRAMEF8:NM_001012276.3_4,0
PRAMEF5:NM_001013407.5_4,0
PRAMEF18:NM_001099850.2_4,0
PRAMEF13:NM_001291380.1_3,0
PRAMEF9:NM_001010890.3_4,0
HNRNPCL4:NM_001302551.2_4,0
PRAMEF26:NM_001306072.3_4,0
HNRNPCL2:NM_001136561.3_4,0
PRAMEF25:NM_001310134.3_3,0
HNRNPCL3:NM_001382358.1_3,0
PRAMEF27:NM_001300891.2_3,0
PRAMEF6:NM_001010889.2_2,0
PRAMEF7:NM_001012277.5_2,0
PRAMEF10:NM_001039361.4_2,0
PRAMEF4:NM_001009611.4_2,0
PRAMEF2:NM_023014.1_2,0
HNRNPCL1:NM_001013631.3_2,0
PRAMEF11:NM_001146344.3_2,1
PRAMEF1:NM_023013,1
PRAMEF12:NM_001080830,2
CFAP107:NM_001330361,6
AADACL3:NM_001103170,8
AADACL4:NM_001013630,21
DHRS3:NM_004753,79
VPS13D:NM_018156,318
TNFRSF1B:NM_001066,44
TNFRSF8:NM_001281430,69
MIIP:NM_021933,19
MFN2:NM_001127660,60
PLOD1:NM_000302,61
KIAA2013:NM_138346,16
NPPB:NM_002521,2
NPPA:NM_006172,9
NPPA-AS1:NR_037806,24
CLCN6:NM_001256959,63
MTHFR:NM_005957,37
C1orf167:NM_001010881,18
AGTRAP:NM_001040195,24
DRAXIN:NM_198545,16
MAD2L2:NM_001127325,15
FBXO6:NM_018438,24
FBXO44:NM_183412,5
FBXO2:NM_012168,5
DISP3:NM_020780,22
UBIAD1:NM_001330350,25
ANGPTL7:NM_021146,15
MTOR:NM_001386500,185
EXOSC10:NM_001001998,51
SRM:NM_003132,12
MASP2:NM_006610,15
TARDBP:NM_007375,16
C1orf127:NM_001170754,10
CASZ1:NM_001079843,45
PEX14:NM_004565,119
DFFA:NM_004401,22
CORT:NM_001302,0
CENPS:NM_199294,12
CENPS-CORT:NM_199006,12
PGD:NM_001304451,42
KIF1B:NM_001365951,63
UBE4B:NM_006048,114
RBP7:NM_052960,2
NMNAT1:NM_001297778,26
LZIC:NM_001316975,17
CTNNBIP1:NM_020248,38
CLSTN1:NM_001302883,48
PIK3CD:NM_005026,46
TMEM201:NM_001130924,20
SLC25A33:NM_032315,37
SPSB1:NM_025106,25
H6PD:NM_004285,20
GPR157:NM_024980,10
SLC2A5:NM_001328619,18
SLC2A7:NM_207420,9
CA6:NM_001270502,7
ENO1:NM_001201483,58
RERE:NM_012102,224
SLC45A1:NM_001379618,7
ERRFI1:NM_018948,8
PARK7:NM_001123377,33
TNFRSF9:NM_001561,7
UTS2:NM_021995,1
PER3:NM_001377276,30
VAMP3:NM_004781,9
CAMTA1:NM_001349612,324
DNAJC11:NM_018198,87
THAP3:NM_001394498,26
PHF13:NM_153812,12
KLHL21:NM_001324309,27
ZBTB48:NM_001278647,9
TAS1R1:NM_177540,17
NOL9:NM_024654,53
PLEKHG5:NM_198681,19
TNFRSF25:NM_148965,2
ESPN:NM_001367473,6
HES2:NM_019089,2
ACOT7:NM_007274,77
GPR153:NM_207370,8
HES3:NM_001024598,2
ICMT:NM_012405,28
RNF207:NM_207396,19
RPL22:NM_000983,23
CHD5:NM_015557,23
KCNAB2:NM_001199861,39
NPHP4:NM_015102,96
AJAP1:NM_018836,39
C1orf174:NM_207356,14
DFFB:NM_004402,27
CEP104:NM_014704,47
LRRC47:NM_020710,19
SMIM1:NM_001379691,7
CCDC27:NM_152492,11
TP73:NM_001204186,38
WRAP73:NM_017818,19
TPRG1L:NM_182752,6
MEGF6:NM_001409,47
ARHGEF16:NM_014448,9
PRDM16:NM_199454,116
ACTRT2:NM_080431,1
TTC34:NM_001242672.3_2,9
MMEL1:NM_033467.4_2,11
TNFRSF14:NM_001297605.2_2,2
HES5:NM_001010926.4_2,2
PANK4:NM_018216.4_2,23
PLCH2:NM_001303012.2_2,13
PEX10:NM_001374426,29
RER1:NM_007033,35
MORN1:NM_024848,25
SKI:NM_003036,59
FAAP20:NM_001146310,21
PRKCZ:NM_002744,33
GABRD:NM_000815,0
CFAP74:NM_001304360,26
TMEM52:NM_178545,5
CALML6:NM_001330313,4
GNB1:NM_002074,103
NADK:NM_001198994,50
CDK11A:NM_024011,3
SLC35E2B:NM_001290264,20
CDK11B:NM_033489,10
MMP23B:NM_006983,1
MIB2:NM_001170687,8
FNDC10:NM_001242659,4
SSU72:NM_014188,38
TMEM240:NM_001114748,6
ATAD3A:NM_001170535,18
ATAD3B:NM_031921,11
ATAD3C:NM_001039211,2
VWA1:NM_199121,6
TMEM88B:NM_001146685,2
ANKRD65:NM_001375659,2
MRPL20:NM_001318485,10
CCNL2:NM_001350499,33
AURKAIP1:NM_001127229,3
MXRA8:NM_001282582,7
DVL1:NM_001330311,17
TAS1R3:NM_152228,4
CPTP:NM_001029885,7
INTS11:NM_001256456,27
PUSL1:NM_153339,7
ACAP3:NM_030649,9
SCNN1D:NM_001130413,2
UBE2J2:NM_194458,34
C1QTNF12:NM_001014980,2
B3GALT6:NM_080605,8
SDF4:NM_016547,40
TNFRSF4:NM_003327,3
TNFRSF18:NM_004195,0
TTLL10:NM_001130045,11
C1orf159:NM_001330306,19
RNF223:NM_001205252,0
AGRN:NM_198576,33
ISG15:NM_005101,1
HES4:NM_001142467,0
PERM1:NM_001369897,3
PLEKHN1:NM_032129,8
KLHL17:NM_198317,10
NOC2L:NM_015658,30
SAMD11:NM_001385641,10
OR4F16:NM_001005277,0
OR4F29:NM_001005221,0
OR4F5:NM_001005484,0
